// Copyright 2025 QMK -- generated source code only, image retains original copyright
// SPDX-License-Identifier: GPL-2.0-or-later

// This file was auto-generated by `qmk painter-convert-graphics -i rightcut.png -f rgb565`

#include <qp.h>

const uint32_t gfx_rightcut_length = 145366;

// clang-format off
const uint8_t gfx_rightcut[145366] = {
    0x00, 0xFF, 0x12, 0x00, 0x00, 0x51, 0x47, 0x46, 0x01, 0xD6, 0x37, 0x02, 0x00, 0x29, 0xC8, 0xFD,
    0xFF, 0x40, 0x01, 0xF0, 0x00, 0x01, 0x00, 0x01, 0xFE, 0x04, 0x00, 0x00, 0x20, 0x00, 0x00, 0x00,
    0x02, 0xFD, 0x06, 0x00, 0x00, 0x08, 0x00, 0x01, 0xFF, 0xE8, 0x03, 0x05, 0xFA, 0xA6, 0x37, 0x02,
    0xFF, 0xAE, 0x1B, 0xAE, 0x1B, 0xAE, 0x1B, 0xAE, 0x1B, 0xAE, 0x1B, 0xAE, 0x1B, 0xAE, 0x1B, 0xAE,
    0x1B, 0xAE, 0x1B, 0xA6, 0x1B, 0xA6, 0x1B, 0xA6, 0x1B, 0xAE, 0x3B, 0xAE, 0x3B, 0xAE, 0x3B, 0xA6,
    0x3B, 0xA6, 0x3C, 0xA6, 0x3C, 0xA6, 0x3C, 0xA6, 0x3C, 0xA6, 0x3C, 0xA6, 0x3C, 0xA6, 0x3C, 0xA6,
    0x5C, 0xA6, 0x5C, 0xA6, 0x5C, 0xA6, 0x5C, 0xA6, 0x5C, 0xA6, 0x5C, 0x9E, 0x5C, 0x9E, 0x5C, 0x9E,
    0x5C, 0x9E, 0x5C, 0x9E, 0x5C, 0x9E, 0x5C, 0x9E, 0x5C, 0x9E, 0x5D, 0x9E, 0x5D, 0x9E, 0x5D, 0x9E,
    0x5D, 0x9E, 0x5D, 0x9E, 0x5D, 0x9E, 0x5D, 0x9E, 0x5D, 0x9E, 0x5D, 0x9E, 0x5D, 0x9E, 0x5D, 0x9E,
    0x5D, 0x9E, 0x5D, 0x9E, 0x7D, 0x9E, 0x7D, 0x9E, 0x7D, 0x9E, 0x7D, 0x9E, 0x7D, 0x9E, 0x7D, 0x9E,
    0x7D, 0x9E, 0x7E, 0x9E, 0x7E, 0x9E, 0x7D, 0x9E, 0x7D, 0x9E, 0x9C, 0xAE, 0xFD, 0xAE, 0xFD, 0xC7,
    0x3D, 0x8A, 0xCF, 0x5E, 0xDF, 0x9F, 0xEF, 0xFF, 0xF7, 0xFF, 0xF7, 0xFF, 0xF7, 0x03, 0xFF, 0xFF,
    0xF7, 0xFF, 0xEF, 0xBF, 0xE7, 0x5E, 0xCF, 0x1E, 0xCE, 0xFE, 0xC6, 0xDF, 0xB6, 0xDF, 0xA6, 0x7D,
    0xA6, 0x9D, 0xAE, 0xBE, 0xAE, 0x9D, 0xA6, 0x7C, 0x9E, 0x5D, 0x9E, 0x5E, 0x9E, 0x9F, 0x96, 0x5E,
    0x96, 0x5E, 0x96, 0x5E, 0x96, 0x5E, 0x96, 0x5E, 0x9E, 0x7E, 0x96, 0x7E, 0x96, 0x7E, 0x96, 0x5E,
    0x96, 0x5F, 0x96, 0x5F, 0x8E, 0x5F, 0x8E, 0x7F, 0x8E, 0x7F, 0x8E, 0x7F, 0x96, 0x7E, 0x96, 0x7E,
    0x96, 0x7E, 0x8E, 0x7E, 0x8E, 0x9E, 0x8E, 0x9E, 0x8E, 0x9E, 0x8E, 0x9E, 0x8E, 0x9E, 0x8E, 0x9E,
    0x86, 0x9E, 0x86, 0x9E, 0x86, 0x9E, 0x86, 0x9E, 0x86, 0x9E, 0x86, 0x9E, 0x86, 0x9E, 0x86, 0x9E,
    0x86, 0x9E, 0x86, 0x9E, 0x86, 0x9E, 0x86, 0x9E, 0x86, 0x9E, 0x86, 0x9E, 0x86, 0x9E, 0x86, 0x9E,
    0x86, 0x9E, 0x86, 0x9E, 0x86, 0x9E, 0x86, 0x9E, 0x86, 0x9E, 0x86, 0x9E, 0x86, 0x9E, 0x86, 0x9E,
    0xC5, 0x86, 0x9E, 0x86, 0x9E, 0x86, 0x9E, 0x86, 0x9E, 0x86, 0x9E, 0x86, 0x9E, 0x86, 0x9E, 0x86,
    0x9D, 0x86, 0x9D, 0x86, 0x9D, 0x86, 0x9E, 0x86, 0x9E, 0x86, 0x9E, 0x86, 0x9E, 0x86, 0x9E, 0x86,
    0x9E, 0x8E, 0x9D, 0x96, 0x9D, 0x96, 0x9D, 0x96, 0x9D, 0x96, 0x9D, 0x96, 0x9D, 0x9E, 0xDE, 0x9E,
    0xDE, 0x9E, 0xBE, 0xA6, 0xDE, 0xAE, 0xDE, 0xAE, 0xBE, 0xB6, 0xBF, 0xBE, 0xDF, 0xB6, 0xDE, 0xBF,
    0x1E, 0xCF, 0x3E, 0xCE, 0xFC, 0xE7, 0x7D, 0x02, 0xFF, 0x81, 0xF7, 0xBD, 0x2B, 0xFF, 0x80, 0xDF,
    0x04, 0xFF, 0x88, 0xF7, 0xFF, 0xEF, 0xFF, 0xD7, 0x5F, 0xE7, 0xFF, 0xE7, 0x03, 0xDF, 0x87, 0xB6,
    0xDD, 0xB6, 0x9C, 0xB6, 0x7B, 0xEF, 0xBF, 0x0B, 0xFF, 0xFF, 0xDF, 0xF7, 0xBE, 0xF7, 0x9E, 0xF7,
    0x9E, 0xF7, 0x9E, 0xF7, 0x9E, 0xF7, 0xBE, 0xFF, 0xDF, 0xF7, 0x9E, 0xEF, 0x5D, 0xE7, 0x3C, 0xE7,
    0x1C, 0xDE, 0xDB, 0xDE, 0xFB, 0xE7, 0x3C, 0xEF, 0x9D, 0xF7, 0xDE, 0xF7, 0xDE, 0xF7, 0xDE, 0xF7,
    0xDD, 0xF7, 0xDD, 0xF7, 0xBD, 0xF7, 0xBE, 0xF7, 0xBF, 0xDE, 0xFD, 0xB5, 0xB8, 0xBE, 0x19, 0xBD,
    0xF8, 0xB5, 0xB8, 0xAD, 0x7A, 0xB5, 0xBB, 0xB5, 0xBB, 0xB5, 0x9B, 0xB5, 0x7B, 0xB5, 0x7B, 0xAD,
    0x7B, 0xAD, 0x7B, 0xAD, 0x7A, 0xAD, 0x7A, 0xAD, 0x7A, 0xA5, 0x5A, 0xA5, 0x5A, 0xA5, 0x5A, 0xA5,
    0x5A, 0xA5, 0x5A, 0xA5, 0x5A, 0xA5, 0x5A, 0xA5, 0x5B, 0xAD, 0x7B, 0xAD, 0x7C, 0xAD, 0x5C, 0xAD,
    0x5B, 0xA5, 0x3A, 0xAD, 0x7A, 0xAD, 0x7A, 0xAD, 0x79, 0xAD, 0x7A, 0xA5, 0x7A, 0xA5, 0x7A, 0xA5,
    0x5A, 0xAD, 0xBB, 0xB5, 0xDC, 0xBE, 0x1C, 0xC5, 0xFB, 0xC5, 0xFF, 0xDA, 0xC6, 0x1C, 0xD6, 0x9E,
    0xBD, 0xFC, 0x9D, 0x19, 0xA5, 0x7B, 0x8C, 0xFB, 0x8C, 0xFB, 0x8C, 0xFB, 0x84, 0xDB, 0x84, 0xBA,
    0x84, 0xBA, 0x84, 0xBA, 0x74, 0x78, 0x7C, 0x98, 0x7C, 0x99, 0x84, 0xB9, 0x84, 0xB9, 0x84, 0xB9,
    0x84, 0xDA, 0x84, 0xBB, 0x84, 0x9A, 0x7C, 0x7A, 0x84, 0x9A, 0x74, 0x59, 0x7C, 0x7A, 0x84, 0x9B,
    0x8C, 0x9B, 0x8C, 0x9B, 0x8C, 0x9B, 0x84, 0x5A, 0x84, 0x5A, 0x84, 0x5A, 0x84, 0x5A, 0x84, 0x7A,
    0x84, 0x7A, 0x84, 0x7A, 0x84, 0x7A, 0x84, 0x7A, 0x84, 0x7A, 0x84, 0x9B, 0x84, 0x7B, 0x7C, 0x5B,
    0x7C, 0x3A, 0x7C, 0x5B, 0xAE, 0x1B, 0xAE, 0x1B, 0xAE, 0x1B, 0xAE, 0x1B, 0xAE, 0x1B, 0xAE, 0x1B,
    0xAE, 0x1B, 0xAE, 0x1B, 0xAE, 0x1B, 0xAE, 0x3B, 0xAE, 0x3B, 0xAE, 0x3B, 0xAE, 0x3B, 0xAE, 0x3B,
    0xAE, 0x3B, 0xA6, 0x3B, 0xA6, 0x3C, 0xA6, 0x3C, 0xA6, 0x3C, 0xA6, 0xE3, 0x3C, 0xA6, 0x3C, 0xA6,
    0x3C, 0xA6, 0x3C, 0xA6, 0x5C, 0xA6, 0x5C, 0xA6, 0x5C, 0xA6, 0x5C, 0xA6, 0x5C, 0xA6, 0x5C, 0x9E,
    0x5C, 0x9E, 0x5C, 0x9E, 0x5C, 0x9E, 0x5C, 0x9E, 0x5C, 0x9E, 0x5C, 0x9E, 0x5C, 0x9E, 0x5D, 0x9E,
    0x5D, 0x9E, 0x5D, 0x9E, 0x5D, 0x9E, 0x5D, 0x9E, 0x5D, 0x9E, 0x5D, 0x9E, 0x5D, 0x9E, 0x5D, 0x9E,
    0x5D, 0x9E, 0x5D, 0x9E, 0x5D, 0x9E, 0x5D, 0x9E, 0x7D, 0x9E, 0x7D, 0x9E, 0x7D, 0x9E, 0x7D, 0x9E,
    0x7D, 0x9E, 0x7D, 0x9E, 0x7D, 0x9E, 0x7E, 0x9E, 0x7E, 0x9E, 0x7D, 0x9E, 0x7D, 0xAF, 0x1F, 0xBF,
    0x7F, 0xBF, 0x7F, 0xC7, 0x5E, 0xCF, 0x7E, 0xD7, 0xBF, 0xE7, 0xFF, 0xEF, 0xFF, 0xF7, 0xFF, 0xF7,
    0x05, 0xFF, 0xFF, 0xF7, 0xFF, 0xEF, 0xFF, 0xE7, 0xBF, 0xD7, 0x5F, 0xCF, 0x1E, 0xB6, 0xDD, 0xB6,
    0xBD, 0xB6, 0xDD, 0xCF, 0x9F, 0xCF, 0x9F, 0xC7, 0x5F, 0xB6, 0xDD, 0xAE, 0x9D, 0xAE, 0xDE, 0x9E,
    0x5D, 0xA6, 0x7D, 0x9E, 0x7E, 0x96, 0x5E, 0x96, 0x7E, 0x96, 0x7E, 0x96, 0x7E, 0x96, 0x7E, 0x96,
    0x7E, 0x96, 0x5F, 0x96, 0x5F, 0x96, 0x7E, 0x8E, 0x7E, 0x8E, 0x7E, 0x8E, 0x7E, 0x8E, 0x7E, 0x8E,
    0x7E, 0x96, 0x7E, 0x8E, 0x7E, 0x8E, 0x9E, 0x8E, 0x9E, 0x8E, 0x9E, 0x8E, 0x9E, 0x8E, 0x9E, 0x8E,
    0x9E, 0x86, 0x9E, 0x86, 0x9E, 0x86, 0x9E, 0x86, 0x9E, 0x86, 0x9E, 0x86, 0x9E, 0x86, 0x9E, 0x86,
    0x9E, 0x86, 0x9E, 0x86, 0x9E, 0x86, 0x9E, 0x86, 0x9E, 0x86, 0x9E, 0x86, 0x9E, 0x86, 0x9E, 0x86,
    0x9E, 0x86, 0x9E, 0x86, 0x9E, 0x86, 0x9E, 0x86, 0x9E, 0x86, 0x9E, 0x86, 0x9E, 0x86, 0x9E, 0x86,
    0x9E, 0x86, 0x9E, 0xC3, 0x86, 0x9E, 0x86, 0x9E, 0x86, 0x9E, 0x86, 0x9E, 0x86, 0x9E, 0x86, 0x9E,
    0x86, 0x9D, 0x86, 0x9D, 0x86, 0x9D, 0x86, 0x9E, 0x86, 0x9E, 0x86, 0x9E, 0x86, 0x9E, 0x86, 0x9E,
    0x86, 0x9E, 0x8E, 0x9D, 0x96, 0x9D, 0x96, 0x9D, 0x96, 0x9D, 0x96, 0x9D, 0x96, 0x9D, 0x9E, 0xDE,
    0x9E, 0xDE, 0x9E, 0xBE, 0xA6, 0xDE, 0xAE, 0xDE, 0xAE, 0xBE, 0xB6, 0xBF, 0xBE, 0xDF, 0xBE, 0xDF,
    0xBE, 0xDD, 0xC6, 0xDC, 0xC6, 0xBB, 0xF7, 0xDF, 0x2F, 0xFF, 0x80, 0xDF, 0x02, 0xFF, 0x8F, 0xF7,
    0xFF, 0xEF, 0xDF, 0xCF, 0x7F, 0xAE, 0xBC, 0xBF, 0x5E, 0xD7, 0xDF, 0xCF, 0x9F, 0xBF, 0x1E, 0x02,
    0xDF, 0x81, 0xE7, 0xBF, 0x0D, 0xFF, 0x8A, 0xDF, 0xF7, 0xBE, 0xF7, 0x9E, 0xF7, 0x9E, 0xF7, 0x9E,
    0xF7, 0xBE, 0x04, 0xFF, 0x8D, 0xF7, 0xBE, 0xEF, 0x7D, 0xEF, 0x5D, 0xE7, 0x1C, 0xE7, 0x3C, 0xEF,
    0x7D, 0xFF, 0xDF, 0x07, 0xFF, 0x86, 0xFE, 0xFF, 0xFE, 0xFF, 0xFE, 0xFF, 0xFE, 0x02, 0xFF, 0xFF,
    0xF7, 0xDF, 0xE7, 0x5D, 0xDF, 0x1C, 0xF7, 0xBF, 0xF7, 0xBF, 0xEF, 0x9E, 0xD6, 0x9D, 0xCE, 0x9D,
    0xC6, 0x1C, 0xAD, 0x79, 0xAD, 0x7A, 0xAD, 0x5A, 0xAD, 0x7B, 0xAD, 0x7A, 0xAD, 0x7A, 0xAD, 0x7A,
    0xAD, 0x7A, 0xA5, 0x5A, 0xA5, 0x5A, 0xA5, 0x5A, 0xA5, 0x5A, 0xA5, 0x5A, 0xA5, 0x5A, 0xA5, 0x5A,
    0xA5, 0x5B, 0xAD, 0x7B, 0xAD, 0x7C, 0xB5, 0x7C, 0xAD, 0x7B, 0xAD, 0x7A, 0xA5, 0x39, 0xAD, 0x79,
    0xBD, 0xDB, 0xBD, 0xDB, 0xB5, 0xBB, 0xAD, 0x7A, 0xA5, 0x59, 0xAD, 0x9A, 0xB5, 0xDB, 0xC6, 0x3D,
    0xD6, 0x9D, 0xD6, 0x7D, 0xD6, 0x9D, 0xCE, 0x9E, 0xB5, 0xDB, 0x94, 0xF8, 0x94, 0xF9, 0x8C, 0xFA,
    0x8C, 0xFB, 0x8C, 0xFB, 0x84, 0xDA, 0x84, 0xBA, 0x84, 0xBA, 0x84, 0xBA, 0x7C, 0x79, 0x7C, 0x99,
    0x84, 0xBA, 0x84, 0xBA, 0x84, 0xBA, 0x84, 0xBA, 0x84, 0xBA, 0x84, 0xBB, 0x84, 0x9A, 0x7C, 0x5A,
    0xFF, 0x7C, 0x7A, 0x74, 0x39, 0x7C, 0x39, 0x84, 0x7A, 0x84, 0x5A, 0x84, 0x5A, 0x84, 0x5A, 0x84,
    0x5A, 0x84, 0x5A, 0x84, 0x5A, 0x84, 0x5A, 0x7C, 0x5A, 0x7C, 0x5A, 0x7C, 0x5A, 0x7C, 0x5A, 0x7C,
    0x5A, 0x7C, 0x5A, 0x84, 0x7B, 0x84, 0x5B, 0x7C, 0x3A, 0x7C, 0x3A, 0x7C, 0x3A, 0xAE, 0x1B, 0xAE,
    0x1B, 0xAE, 0x1B, 0xAE, 0x1B, 0xAE, 0x1B, 0xAE, 0x1B, 0xAE, 0x1B, 0xAE, 0x1B, 0xAE, 0x1B, 0xAE,
    0x3B, 0xAE, 0x3B, 0xAE, 0x3B, 0xAE, 0x3B, 0xAE, 0x3B, 0xAE, 0x3B, 0xA6, 0x3B, 0xA6, 0x3C, 0xA6,
    0x3C, 0xA6, 0x3C, 0xA6, 0x3C, 0xA6, 0x3C, 0xA6, 0x3C, 0xA6, 0x3C, 0xA6, 0x5C, 0xA6, 0x5C, 0xA6,
    0x5C, 0xA6, 0x5C, 0xA6, 0x5C, 0xA6, 0x5C, 0x9E, 0x5C, 0x9E, 0x5C, 0x9E, 0x5C, 0x9E, 0x5C, 0x9E,
    0x5C, 0x9E, 0x5C, 0x9E, 0x5C, 0x9E, 0x5D, 0x9E, 0x5D, 0x9E, 0x5D, 0x9E, 0x5D, 0x9E, 0x5D, 0x9E,
    0x5D, 0xFF, 0x9E, 0x5D, 0x9E, 0x5D, 0x9E, 0x5D, 0x9E, 0x5D, 0x9E, 0x5D, 0x9E, 0x5D, 0x9E, 0x5D,
    0x9E, 0x7D, 0x9E, 0x7D, 0x9E, 0x7D, 0x9E, 0x7D, 0x9E, 0x7D, 0x9E, 0x7D, 0x9E, 0x7D, 0x9E, 0x7E,
    0x9E, 0x7E, 0x9E, 0x7D, 0x9E, 0x7D, 0xB7, 0x7F, 0xC7, 0xBF, 0xC7, 0xDF, 0xCF, 0x9F, 0xD7, 0x9F,
    0xD7, 0xBF, 0xE7, 0xDF, 0xE7, 0xFF, 0xEF, 0xDF, 0xEF, 0xDF, 0xF7, 0xFF, 0xF7, 0xFF, 0xF7, 0xFF,
    0xEF, 0xFF, 0xE7, 0xFF, 0xDF, 0xBF, 0xD7, 0x9F, 0xD7, 0x7F, 0xD7, 0x7F, 0xC7, 0x1D, 0xD7, 0x7F,
    0xE7, 0xFF, 0xE7, 0xFF, 0xEF, 0xFF, 0xEF, 0xFF, 0xE7, 0xDF, 0xBE, 0xFE, 0xAE, 0xBD, 0xA6, 0xBE,
    0x96, 0x5D, 0x96, 0x7E, 0x96, 0x9E, 0x96, 0x9E, 0x96, 0x9E, 0x96, 0x7D, 0x96, 0x5D, 0x96, 0x5D,
    0x96, 0x7D, 0x96, 0x7D, 0x96, 0x7D, 0x96, 0x7E, 0x8E, 0x7E, 0x8E, 0x7E, 0x8E, 0x7E, 0x8E, 0x7E,
    0x8E, 0x9E, 0xFF, 0x8E, 0x9E, 0x8E, 0x9E, 0x8E, 0x9E, 0x8E, 0x9E, 0x8E, 0x9E, 0x86, 0x9E, 0x86,
    0x9E, 0x86, 0x9E, 0x86, 0x9E, 0x86, 0x9E, 0x86, 0x9E, 0x86, 0x9E, 0x86, 0x9E, 0x86, 0x9E, 0x86,
    0x9E, 0x86, 0x9E, 0x86, 0x9E, 0x86, 0x9E, 0x86, 0x9E, 0x86, 0x9E, 0x86, 0x9E, 0x86, 0x9E, 0x86,
    0x9E, 0x86, 0x9E, 0x86, 0x9E, 0x86, 0x9E, 0x86, 0x9E, 0x86, 0x9E, 0x86, 0x9E, 0x86, 0x9E, 0x86,
    0x9E, 0x86, 0x9E, 0x86, 0x9E, 0x86, 0x9E, 0x86, 0x9E, 0x86, 0x9E, 0x86, 0x9D, 0x86, 0x9D, 0x86,
    0x9D, 0x86, 0x9E, 0x86, 0x9E, 0x86, 0x9E, 0x86, 0x9E, 0x86, 0x9E, 0x86, 0x9E, 0x8E, 0x9D, 0x96,
    0x9D, 0x96, 0x9D, 0x96, 0x9D, 0x96, 0x9D, 0x96, 0x9D, 0x9E, 0xDE, 0x9E, 0xDE, 0x9E, 0xBE, 0xA6,
    0xDE, 0xAE, 0xDE, 0xAE, 0xBE, 0xB6, 0xBF, 0xBE, 0xDF, 0xBE, 0xFF, 0xB6, 0xDD, 0xC6, 0xFD, 0xD7,
    0x3D, 0xF7, 0xFF, 0x2F, 0xFF, 0x80, 0xDF, 0x02, 0xFF, 0x92, 0xF7, 0xFF, 0xD7, 0x7F, 0xA6, 0xBE,
    0x8E, 0x5D, 0x96, 0x7D, 0xA6, 0xDE, 0x9E, 0x5B, 0xA6, 0x5C, 0xEF, 0xFF, 0xF7, 0x0E, 0xFF, 0x8A,
    0xDF, 0xF7, 0xBE, 0xF7, 0x9E, 0xF7, 0x9E, 0xF7, 0x9E, 0xF7, 0xBE, 0x03, 0xFF, 0x8A, 0xDF, 0xEF,
    0x7D, 0xEF, 0x7D, 0xEF, 0x7D, 0xF7, 0x9E, 0xFF, 0xDF, 0x14, 0xFF, 0x80, 0xF7, 0x05, 0xFF, 0x84,
    0xF7, 0xDF, 0xF7, 0xDF, 0xF7, 0x03, 0xFF, 0xC4, 0xF7, 0xBF, 0xDE, 0xFD, 0xC6, 0x1A, 0xC6, 0x1B,
    0xBD, 0xDB, 0xAD, 0x7A, 0xAD, 0x7A, 0xAD, 0x7A, 0xAD, 0x7A, 0xAD, 0x7A, 0xA5, 0x5A, 0xA5, 0x5A,
    0xA5, 0x5A, 0xA5, 0x5A, 0xA5, 0x5A, 0xA5, 0x5A, 0xA5, 0x5A, 0xA5, 0x5B, 0xAD, 0x7B, 0xAD, 0x9B,
    0xB5, 0x9B, 0xB5, 0x9B, 0xB5, 0xBB, 0xAD, 0x59, 0xB5, 0x9A, 0xC6, 0x1B, 0xC6, 0x3C, 0xC6, 0x3C,
    0xC6, 0x3C, 0xC6, 0x3C, 0xC6, 0x3C, 0xCE, 0x5C, 0xCE, 0x7D, 0xE6, 0xDE, 0xE6, 0x03, 0xDE, 0xFF,
    0xCE, 0x7D, 0xBE, 0x1C, 0x9D, 0x39, 0x8C, 0xF8, 0x8C, 0xDA, 0x8C, 0xDA, 0x8C, 0xDA, 0x8C, 0xDA,
    0x84, 0xB9, 0x84, 0xB9, 0x84, 0xBA, 0x84, 0x7A, 0x84, 0x9B, 0x8C, 0xBB, 0x84, 0x9B, 0x84, 0x9B,
    0x84, 0x9B, 0x8C, 0xBB, 0x8C, 0xBA, 0x84, 0x9A, 0x84, 0x59, 0x7C, 0x38, 0x73, 0xF7, 0x74, 0x18,
    0x7C, 0x39, 0x84, 0x3A, 0x84, 0x3A, 0x84, 0x3A, 0x7C, 0x39, 0x7C, 0x39, 0x7C, 0x39, 0x7C, 0x39,
    0x7C, 0x39, 0x7C, 0x39, 0x7C, 0x39, 0x7C, 0x39, 0x7C, 0x39, 0x7C, 0x3A, 0x7C, 0x5B, 0x7C, 0x3A,
    0x7C, 0x1A, 0x74, 0x19, 0x73, 0xF9, 0xB6, 0x3B, 0xB6, 0x3B, 0xB6, 0x5C, 0xB6, 0x5C, 0xB6, 0x5C,
    0xB6, 0x5C, 0xB6, 0x5C, 0xB6, 0x5C, 0xB6, 0x5C, 0xAE, 0x5C, 0xAE, 0x5C, 0xAE, 0x5C, 0xAE, 0x5B,
    0xAE, 0x5B, 0xAE, 0x5B, 0xAE, 0x5C, 0xA6, 0x5C, 0xA6, 0x5C, 0xA6, 0x5C, 0xA6, 0x5C, 0xA6, 0x5C,
    0xBF, 0xA6, 0x5C, 0xA6, 0x5C, 0xA6, 0x5C, 0xA6, 0x5C, 0xA6, 0x5C, 0xA6, 0x5C, 0xA6, 0x5C, 0xA6,
    0x5C, 0xA6, 0x7C, 0x9E, 0x7C, 0x9E, 0x7C, 0x9E, 0x7C, 0x9E, 0x7C, 0x9E, 0x7C, 0x9E, 0x7C, 0x9E,
    0x7D, 0x9E, 0x7D, 0x9E, 0x7D, 0x9E, 0x7D, 0x9E, 0x7D, 0x9E, 0x7D, 0x9E, 0x7D, 0x9E, 0x7D, 0x9E,
    0x7D, 0x9E, 0x7D, 0x9E, 0x7D, 0x9E, 0x7D, 0x9E, 0x7D, 0x9E, 0x7D, 0x9E, 0x7D, 0x9E, 0x7D, 0x9E,
    0x7D, 0x04, 0x9E, 0x80, 0xA6, 0x04, 0x9E, 0x90, 0x7E, 0x9E, 0x7D, 0x9E, 0x7D, 0xA6, 0xBD, 0xAF,
    0x3E, 0xC7, 0xBF, 0xCF, 0xBF, 0xCF, 0xBF, 0xCF, 0xBF, 0x02, 0xDF, 0x8A, 0xE7, 0xFF, 0xE7, 0xDF,
    0xE7, 0xBF, 0xE7, 0xDF, 0xE7, 0xDF, 0xE7, 0x09, 0xDF, 0xFF, 0xE7, 0xFF, 0xDF, 0x9F, 0xD7, 0x5D,
    0xCF, 0x1C, 0xD7, 0x7D, 0xE7, 0xFF, 0xEF, 0xDF, 0xEF, 0xFE, 0xEF, 0xFF, 0xE7, 0xFF, 0xD7, 0xBF,
    0xAE, 0xFE, 0x9E, 0xBD, 0x9E, 0xDF, 0x96, 0xBF, 0x96, 0xBF, 0x96, 0x9E, 0x96, 0x5C, 0x9E, 0x9C,
    0xA6, 0x9C, 0xA6, 0xBD, 0x9E, 0x7C, 0x9E, 0x7C, 0x96, 0xBD, 0x8E, 0x9E, 0x8E, 0x9E, 0x8E, 0xBE,
    0x8E, 0x9E, 0x8E, 0x9E, 0x8E, 0x9E, 0x8E, 0x9E, 0x8E, 0x9E, 0x8E, 0x9E, 0x8E, 0x9E, 0x8E, 0xBE,
    0x8E, 0xBE, 0x8E, 0xBE, 0x8E, 0xBE, 0x8E, 0xBE, 0x8E, 0xBE, 0x8E, 0xBE, 0x86, 0xBE, 0x86, 0xBE,
    0x86, 0xBE, 0x86, 0xBE, 0x86, 0xBE, 0x86, 0xBE, 0x86, 0xBE, 0x86, 0xBE, 0x86, 0xBE, 0x86, 0xBE,
    0x86, 0xBE, 0x86, 0xBE, 0x86, 0xBE, 0x86, 0x9E, 0x86, 0x9E, 0x86, 0x9E, 0x86, 0x9E, 0x86, 0x9E,
    0x86, 0x9E, 0x86, 0x9E, 0x86, 0x9E, 0x86, 0x9E, 0x86, 0x9E, 0xB6, 0x86, 0x9E, 0x86, 0x9E, 0x86,
    0x9E, 0x86, 0x9E, 0x86, 0x9E, 0x86, 0x9E, 0x86, 0x9E, 0x86, 0x9E, 0x86, 0x9E, 0x86, 0x9E, 0x8E,
    0x9D, 0x96, 0x9D, 0x96, 0x9D, 0x96, 0x9D, 0x96, 0xBE, 0x96, 0xBE, 0x96, 0xBE, 0x9E, 0xBE, 0x9E,
    0xBE, 0xA6, 0xDE, 0xAE, 0xDE, 0xAE, 0xBE, 0xB6, 0xBF, 0xBE, 0xDF, 0xBE, 0xDF, 0xBF, 0x1E, 0xD7,
    0x9F, 0xEF, 0x32, 0xFF, 0x98, 0xDF, 0xF7, 0xBF, 0xCE, 0xDD, 0x9E, 0x1A, 0x9E, 0xDF, 0x8E, 0xDF,
    0x8E, 0x9F, 0x8E, 0x7D, 0x96, 0x5C, 0xA6, 0x5B, 0xDF, 0x7E, 0xFF, 0xDF, 0xFF, 0xDE, 0x0F, 0xFF,
    0x90, 0xDF, 0xFF, 0xDF, 0xFF, 0xDF, 0xFF, 0xDF, 0xF7, 0x9E, 0xEF, 0x5D, 0xEF, 0x7D, 0xEF, 0x7D,
    0xF7, 0xBE, 0x15, 0xFF, 0x82, 0xDF, 0xF7, 0xBF, 0x0C, 0xFF, 0x81, 0xF7, 0xDF, 0x02, 0xFF, 0xFF,
    0xF7, 0xDF, 0xEF, 0x7E, 0xD6, 0xDC, 0xAD, 0x98, 0xA5, 0x37, 0x9C, 0xF8, 0x9C, 0xF8, 0xAD, 0xBB,
    0xA5, 0x39, 0xAD, 0x7A, 0xAD, 0x7A, 0xAD, 0x7A, 0xA5, 0x5A, 0xA5, 0x5A, 0xA5, 0x5A, 0xAD, 0x7B,
    0xAD, 0x7B, 0xAD, 0x7B, 0xAD, 0x9B, 0xBD, 0xDB, 0xBD, 0xFC, 0xC6, 0x3C, 0xC6, 0x3C, 0xC6, 0x3B,
    0xC6, 0x3B, 0xCE, 0x5B, 0xD6, 0x9C, 0xE6, 0xFE, 0xE7, 0x1E, 0xE6, 0xFE, 0xE6, 0xFE, 0xE6, 0xFE,
    0xE6, 0xDD, 0xE6, 0xFD, 0xDE, 0xDD, 0xC6, 0x1A, 0xBE, 0x3B, 0xB6, 0x1B, 0xA5, 0x7A, 0xB5, 0xDD,
    0xA5, 0x3B, 0x8C, 0xD9, 0x8C, 0xD9, 0x8C, 0xB9, 0x8C, 0xB9, 0x8C, 0x99, 0x8C, 0x9A, 0x8C, 0x9B,
    0x8C, 0x9B, 0x84, 0x5A, 0x94, 0xBB, 0x94, 0xDC, 0x8C, 0xBA, 0x94, 0xDB, 0x8C, 0x99, 0x7C, 0x38,
    0x73, 0xD6, 0x6B, 0x95, 0x7C, 0x17, 0x84, 0x59, 0x7B, 0xF9, 0x73, 0xD8, 0x7C, 0x19, 0x73, 0xF8,
    0xFF, 0x7B, 0xF9, 0x7C, 0x19, 0x7C, 0x19, 0x7C, 0x39, 0x7C, 0x39, 0x7C, 0x39, 0x7C, 0x39, 0x7C,
    0x39, 0x7C, 0x39, 0x7C, 0x1A, 0x7C, 0x1A, 0x7C, 0x1A, 0x74, 0x1A, 0x74, 0x1A, 0xB6, 0x3B, 0xB6,
    0x3B, 0xB6, 0x5C, 0xB6, 0x5C, 0xB6, 0x5C, 0xB6, 0x5C, 0xB6, 0x5C, 0xB6, 0x5C, 0xB6, 0x5C, 0xAE,
    0x5C, 0xAE, 0x5C, 0xAE, 0x5C, 0xAE, 0x5B, 0xAE, 0x5B, 0xAE, 0x5B, 0xAE, 0x5C, 0xA6, 0x5C, 0xA6,
    0x5C, 0xA6, 0x5C, 0xA6, 0x5C, 0xA6, 0x5C, 0xA6, 0x5C, 0xA6, 0x5C, 0xA6, 0x5C, 0xA6, 0x5C, 0xA6,
    0x5C, 0xA6, 0x5C, 0xA6, 0x5C, 0xA6, 0x5C, 0xA6, 0x7C, 0x9E, 0x7C, 0x9E, 0x7C, 0x9E, 0x7C, 0x9E,
    0x7C, 0x9E, 0x7C, 0x9E, 0x7C, 0x9E, 0x7D, 0x9E, 0x7D, 0x9E, 0x7D, 0x9E, 0x7D, 0x9E, 0x7D, 0x9E,
    0x7D, 0x9E, 0x7D, 0x9E, 0x7D, 0x9E, 0x7D, 0x9E, 0x7D, 0x9E, 0x7D, 0x9E, 0x7D, 0x9E, 0x7D, 0x9E,
    0x7D, 0xA1, 0x9E, 0x7D, 0x9E, 0x7D, 0x9E, 0x7D, 0x9E, 0x7D, 0x9E, 0x5D, 0x9E, 0x5D, 0x9E, 0x5D,
    0x9E, 0x7E, 0x9E, 0x7D, 0x9E, 0x7D, 0x9E, 0x7C, 0xA6, 0xDD, 0xB7, 0x3E, 0xBF, 0x7F, 0xC7, 0x7F,
    0xC7, 0x9F, 0xCF, 0x9F, 0x06, 0xDF, 0x84, 0xE7, 0xDF, 0xE7, 0xDF, 0xE7, 0x03, 0xDF, 0x84, 0xD7,
    0xDF, 0xD7, 0xDF, 0xD7, 0x02, 0xDF, 0xFF, 0xBF, 0xDF, 0xBF, 0xD7, 0x9E, 0xE7, 0xFF, 0xDF, 0xFF,
    0xDF, 0xFF, 0xE7, 0xFF, 0xE7, 0xFF, 0xE7, 0xFF, 0xDF, 0xFF, 0xCF, 0xDF, 0xB7, 0x7F, 0x9E, 0xBC,
    0x8E, 0x7D, 0x86, 0x7E, 0x8E, 0x9E, 0x96, 0xBE, 0xAF, 0x1E, 0xCF, 0xBF, 0xCF, 0xDF, 0xC7, 0x7E,
    0xA6, 0xBC, 0x96, 0x7B, 0x96, 0xBD, 0x8E, 0xBD, 0x8E, 0xBE, 0x86, 0xBF, 0x8E, 0xBE, 0x8E, 0x9E,
    0x8E, 0x9E, 0x8E, 0x9E, 0x8E, 0x9E, 0x8E, 0x9E, 0x8E, 0x9E, 0x8E, 0xBE, 0x8E, 0xBE, 0x8E, 0xBE,
    0x8E, 0xBE, 0x8E, 0xBE, 0x8E, 0xBE, 0x8E, 0xBE, 0x86, 0xBE, 0x86, 0xBE, 0x86, 0xBE, 0x86, 0xBE,
    0x86, 0xBE, 0x86, 0xBE, 0x86, 0xBE, 0x86, 0xBE, 0x86, 0xBE, 0x86, 0xBE, 0x86, 0xBE, 0x86, 0xBE,
    0x86, 0xBE, 0x86, 0x9E, 0x86, 0x9E, 0x86, 0x9E, 0x86, 0x9E, 0x86, 0x9E, 0x86, 0x9E, 0x86, 0x9E,
    0x86, 0x9E, 0x86, 0x9E, 0x86, 0x9E, 0x86, 0xB5, 0x9E, 0x86, 0x9E, 0x86, 0x9E, 0x86, 0x9E, 0x86,
    0x9E, 0x86, 0x9E, 0x86, 0x9E, 0x86, 0x9E, 0x86, 0x9E, 0x86, 0x9E, 0x8E, 0x9D, 0x96, 0x9D, 0x96,
    0x9D, 0x96, 0x9D, 0x96, 0xBE, 0x96, 0xBE, 0x96, 0xBE, 0x9E, 0xBE, 0x9E, 0xBE, 0xA6, 0xDE, 0xAE,
    0xDE, 0xAE, 0xBE, 0xB6, 0xBF, 0xBE, 0xDF, 0xBE, 0xDF, 0xBF, 0x1E, 0xD7, 0x9F, 0xEF, 0x30, 0xFF,
    0x83, 0xDF, 0xFF, 0xBF, 0xFF, 0x02, 0xDF, 0x90, 0x5E, 0xBE, 0xDD, 0x9E, 0x7C, 0x8E, 0x5D, 0x8E,
    0x9E, 0x8E, 0x7E, 0x96, 0x5C, 0xB6, 0xDC, 0xEF, 0xBF, 0x03, 0xFF, 0x80, 0xDE, 0x0F, 0xFF, 0x84,
    0xDF, 0xFF, 0xDF, 0xFF, 0xDF, 0x02, 0xFF, 0x89, 0xF7, 0x9E, 0xEF, 0x7D, 0xF7, 0x9E, 0xF7, 0xBE,
    0xFF, 0xDF, 0x15, 0xFF, 0xFF, 0xDF, 0xE7, 0x3E, 0xCE, 0x7B, 0xCE, 0x9C, 0xDE, 0xFD, 0xEF, 0x9F,
    0xE7, 0x5E, 0xD6, 0xDC, 0xC6, 0x3A, 0xD6, 0xBC, 0xE7, 0x3E, 0xF7, 0xBF, 0xF7, 0xDF, 0xEF, 0x7F,
    0xDE, 0xFD, 0xC6, 0x5D, 0xA5, 0x5A, 0xAD, 0x7A, 0xA5, 0x7A, 0xAD, 0x7A, 0xAD, 0x7A, 0xAD, 0x7A,
    0xA5, 0x5B, 0xA5, 0x5B, 0xA5, 0x5B, 0xAD, 0x7B, 0xAD, 0x7B, 0xAD, 0x7B, 0xAD, 0x9B, 0xBD, 0xDB,
    0xBD, 0xFB, 0xC6, 0x3C, 0xD6, 0xBD, 0xD6, 0xBD, 0xD6, 0xBC, 0xD6, 0xBC, 0xDE, 0xBC, 0xE6, 0xFD,
    0xEF, 0x1D, 0xE6, 0xFD, 0xE6, 0xFD, 0xE6, 0xFD, 0xE6, 0xFC, 0xEF, 0x1D, 0xDE, 0xFD, 0xC6, 0x3B,
    0xC6, 0x5B, 0xBE, 0x3B, 0xAD, 0xDA, 0xAD, 0xBC, 0xA5, 0x3B, 0x94, 0xD9, 0x9C, 0xF9, 0x9D, 0x1A,
    0xA5, 0x1A, 0xA5, 0x1A, 0x94, 0x99, 0x94, 0x9A, 0x94, 0x9A, 0x8C, 0x79, 0x94, 0x9A, 0x8C, 0x9A,
    0x84, 0x58, 0x84, 0x17, 0x7B, 0xFF, 0xF6, 0x73, 0x95, 0x84, 0x37, 0x7B, 0xF6, 0x7B, 0xD6, 0x73,
    0xD7, 0x6B, 0x77, 0x6B, 0xB7, 0x7C, 0x19, 0x73, 0xF8, 0x7B, 0xF9, 0x7C, 0x19, 0x7C, 0x19, 0x74,
    0x19, 0x74, 0x19, 0x74, 0x19, 0x74, 0x19, 0x74, 0x19, 0x74, 0x19, 0x74, 0x1A, 0x74, 0x1A, 0x74,
    0x1A, 0x74, 0x1A, 0x73, 0xF9, 0xB6, 0x5C, 0xB6, 0x5C, 0xB6, 0x5C, 0xB6, 0x5C, 0xB6, 0x5C, 0xB6,
    0x5C, 0xB6, 0x5C, 0xB6, 0x5C, 0xB6, 0x5C, 0xAE, 0x5C, 0xAE, 0x5C, 0xAE, 0x5C, 0xAE, 0x5B, 0xAE,
    0x5B, 0xAE, 0x5B, 0xAE, 0x5C, 0xA6, 0x5C, 0xA6, 0x5C, 0xA6, 0x5C, 0xA6, 0x5C, 0xA6, 0x5C, 0xA6,
    0x5C, 0xA6, 0x5C, 0xA6, 0x5C, 0xA6, 0x5C, 0xA6, 0x5C, 0xA6, 0x5C, 0xA6, 0x5C, 0xA6, 0x5C, 0xA6,
    0x7C, 0x9E, 0x7C, 0x9E, 0x7C, 0x9E, 0x7C, 0x9E, 0x7C, 0x9E, 0x7C, 0x9E, 0x7C, 0x9E, 0x7D, 0x9E,
    0x7D, 0x9E, 0x7D, 0x9E, 0x7D, 0x9E, 0x98, 0x7D, 0x9E, 0x7D, 0x9E, 0x7D, 0x9E, 0x7D, 0x9E, 0x7D,
    0x9E, 0x7D, 0x9E, 0x7D, 0x9E, 0x7D, 0x9E, 0x7D, 0x9E, 0x7D, 0x9E, 0x7D, 0x9E, 0x7D, 0x9E, 0x7D,
    0x03, 0x9E, 0xA0, 0x5D, 0x96, 0x5D, 0x96, 0x5D, 0x9E, 0x7E, 0x9E, 0x7D, 0x9E, 0x7D, 0x96, 0x5C,
    0x9E, 0x9C, 0xA6, 0xBC, 0xAF, 0x1D, 0xB7, 0x1E, 0xB7, 0x1E, 0xC7, 0x5E, 0xCF, 0x9F, 0xD7, 0xBF,
    0xDF, 0xBF, 0xDF, 0xBF, 0x03, 0xDF, 0x9D, 0xBF, 0xD7, 0xBF, 0xD7, 0xBF, 0xCF, 0xBF, 0xCF, 0xDF,
    0xCF, 0x9F, 0xCF, 0x9F, 0xD7, 0xBF, 0xCF, 0xBE, 0xD7, 0xFF, 0xDF, 0xFF, 0xDF, 0xFF, 0xD7, 0xFF,
    0xCF, 0xDF, 0xC7, 0xBF, 0xC7, 0x02, 0xBF, 0xFF, 0x9F, 0x9E, 0xBD, 0x8E, 0x9D, 0x86, 0x9E, 0x86,
    0x9D, 0x96, 0xBE, 0xBF, 0x7F, 0xD7, 0xFF, 0xDF, 0xFF, 0xD7, 0xFF, 0xC7, 0x9F, 0xAF, 0x1D, 0x96,
    0xBD, 0x8E, 0xBD, 0x86, 0xBE, 0x86, 0xBF, 0x8E, 0xBE, 0x8E, 0x9E, 0x8E, 0x9E, 0x8E, 0x9E, 0x8E,
    0x9E, 0x8E, 0x9E, 0x8E, 0x9E, 0x8E, 0xBE, 0x8E, 0xBE, 0x8E, 0xBE, 0x8E, 0xBE, 0x8E, 0xBE, 0x8E,
    0xBE, 0x8E, 0xBE, 0x86, 0xBE, 0x86, 0xBE, 0x86, 0xBE, 0x86, 0xBE, 0x86, 0xBE, 0x86, 0xBE, 0x86,
    0xBE, 0x86, 0xBE, 0x86, 0xBE, 0x86, 0xBE, 0x86, 0xBE, 0x86, 0xBE, 0x86, 0xBE, 0x86, 0x9E, 0x86,
    0x9E, 0x86, 0x9E, 0x86, 0x9E, 0x86, 0x9E, 0x86, 0x9E, 0x86, 0x9E, 0x86, 0x9E, 0x86, 0x9E, 0x86,
    0x9E, 0x86, 0x9E, 0x86, 0x9E, 0x86, 0x9E, 0x86, 0x9E, 0x86, 0x9E, 0x86, 0x9E, 0x86, 0x9E, 0x86,
    0x9E, 0x86, 0x9E, 0x86, 0x9E, 0x8E, 0x9D, 0x96, 0x9F, 0x9D, 0x96, 0x9D, 0x96, 0x9D, 0x96, 0xBE,
    0x96, 0xBE, 0x96, 0xBE, 0x9E, 0xBE, 0x9E, 0xBE, 0xA6, 0xDE, 0xAE, 0xDE, 0xAE, 0xBE, 0xB6, 0xBF,
    0xBE, 0xDF, 0xBE, 0xDF, 0xBF, 0x1E, 0xD7, 0x9F, 0xEF, 0x30, 0xFF, 0x82, 0xDF, 0xFF, 0xDF, 0x02,
    0xFF, 0x82, 0xF7, 0xFF, 0xE7, 0x02, 0xBF, 0x8A, 0x1E, 0xA6, 0x7C, 0x96, 0x7D, 0x9E, 0xBE, 0x9E,
    0x7C, 0xCF, 0x7E, 0x05, 0xFF, 0x80, 0xBE, 0x16, 0xFF, 0x85, 0xF7, 0xBE, 0xF7, 0x9E, 0xFF, 0xDF,
    0x05, 0xFF, 0x80, 0xDF, 0x0D, 0xFF, 0xA0, 0xBF, 0xF7, 0x9F, 0xF7, 0x7F, 0xF7, 0xBF, 0xDE, 0xDD,
    0xBD, 0xFA, 0xBD, 0xDA, 0xC6, 0x3B, 0xBE, 0x1A, 0xCE, 0x5C, 0xC6, 0x3B, 0xBE, 0x1B, 0xBD, 0xFB,
    0xBE, 0x1B, 0xC6, 0x3A, 0xCE, 0x9C, 0xEF, 0x7F, 0x02, 0xFF, 0xFF, 0xE7, 0x3F, 0xAD, 0x9B, 0xAD,
    0x7A, 0xAD, 0x9B, 0xAD, 0xBB, 0xAD, 0x9B, 0xAD, 0x7A, 0xAD, 0x7B, 0xAD, 0x7B, 0xAD, 0x7B, 0xAD,
    0x9B, 0xAD, 0x9B, 0xAD, 0x9B, 0xB5, 0xBB, 0xBD, 0xFB, 0xC6, 0x1B, 0xCE, 0x5C, 0xE7, 0x1F, 0xE7,
    0x3E, 0xE7, 0x3E, 0xE7, 0x1D, 0xE6, 0xDC, 0xEF, 0x1D, 0xEF, 0x1D, 0xEF, 0x1D, 0xEF, 0x1D, 0xEF,
    0x1D, 0xE6, 0xFC, 0xEF, 0x3D, 0xE7, 0x1D, 0xCE, 0x7B, 0xCE, 0x9C, 0xBE, 0x7B, 0xBE, 0x7C, 0xB5,
    0xBC, 0xB5, 0x9C, 0xA5, 0x3A, 0x9C, 0xF9, 0x9C, 0xD9, 0xA5, 0x1A, 0xA5, 0x1A, 0xAD, 0x5B, 0xAD,
    0x5B, 0xAD, 0x5B, 0xA5, 0x1A, 0x9C, 0xFA, 0x9C, 0xD9, 0x94, 0x99, 0x84, 0x57, 0x84, 0x37, 0x7B,
    0xF6, 0x6B, 0x94, 0x73, 0xD5, 0x84, 0x37, 0x8C, 0x99, 0x8C, 0xBB, 0x73, 0xF8, 0x73, 0xD8, 0x73,
    0xF8, 0x7B, 0xF9, 0x7C, 0x19, 0x7C, 0x19, 0x74, 0x19, 0x74, 0x19, 0xFF, 0x74, 0x19, 0x74, 0x19,
    0x74, 0x19, 0x74, 0x19, 0x73, 0xF9, 0x73, 0xF9, 0x73, 0xF9, 0x73, 0xF9, 0x73, 0xF9, 0xBE, 0x5C,
    0xBE, 0x5C, 0xB6, 0x3C, 0xB6, 0x5C, 0xB6, 0x5C, 0xB6, 0x5C, 0xB6, 0x3C, 0xB6, 0x3C, 0xB6, 0x3C,
    0xB6, 0x5C, 0xB6, 0x5C, 0xB6, 0x5C, 0xAE, 0x3B, 0xAE, 0x3B, 0xAE, 0x5B, 0xAE, 0x5C, 0xAE, 0x5C,
    0xAE, 0x5C, 0xAE, 0x5C, 0xAE, 0x5C, 0xAE, 0x5C, 0xAE, 0x5C, 0xA6, 0x5C, 0xA6, 0x5C, 0xA6, 0x5C,
    0xA6, 0x5C, 0xA6, 0x5C, 0xA6, 0x5C, 0xA6, 0x5C, 0xA6, 0x5C, 0xA6, 0x7C, 0xA6, 0x7C, 0xA6, 0x7C,
    0xA6, 0x7C, 0xA6, 0x7C, 0xA6, 0x7C, 0x9E, 0x7D, 0x9E, 0x7D, 0x9E, 0x7D, 0x9E, 0x7D, 0x9E, 0x7D,
    0x9E, 0x7D, 0x9E, 0x7D, 0x9E, 0x7D, 0x9E, 0x7D, 0x9E, 0x7D, 0x9E, 0x7D, 0x9E, 0x7D, 0x9E, 0x7D,
    0x9E, 0x7D, 0x9E, 0x7D, 0x9E, 0x7D, 0x9E, 0x7D, 0xB7, 0x3F, 0xAE, 0xDF, 0xFF, 0xA6, 0xBE, 0x9E,
    0x7E, 0x9E, 0x7D, 0x9E, 0x7D, 0x9E, 0x7D, 0xA6, 0xBD, 0xA6, 0xDD, 0xA6, 0xBC, 0x9E, 0x9C, 0xA6,
    0x9D, 0xA6, 0xBD, 0xB6, 0xDD, 0xC7, 0x5E, 0xCF, 0x7F, 0xD7, 0xDF, 0xD7, 0xBF, 0xD7, 0xBF, 0xD7,
    0xBF, 0xD7, 0xBF, 0xCF, 0xBF, 0xCF, 0xBF, 0xCF, 0xBF, 0xCF, 0xBF, 0xC7, 0x9F, 0xC7, 0x9F, 0xCF,
    0xDF, 0xC7, 0xBF, 0xC7, 0x9F, 0xBF, 0x7F, 0xB7, 0x7F, 0xAF, 0x5F, 0xA7, 0x1E, 0xBF, 0xDF, 0xA7,
    0x1E, 0xAF, 0x1E, 0xB7, 0xDF, 0x97, 0x3F, 0x86, 0x9D, 0x96, 0xBE, 0x9E, 0x9D, 0x9E, 0x7B, 0xAE,
    0xDC, 0xCF, 0xFF, 0xCF, 0xFF, 0xC7, 0xFF, 0x96, 0xBC, 0x8E, 0xBD, 0x86, 0xBE, 0x86, 0xDF, 0x8E,
    0xBE, 0x8E, 0xBE, 0x8E, 0xBE, 0x8E, 0xBE, 0x8E, 0xBE, 0x8E, 0xBE, 0x8E, 0xBE, 0x8E, 0xBE, 0x8E,
    0xBE, 0x8E, 0xBE, 0x8E, 0xBE, 0x8E, 0xBE, 0x8E, 0xBE, 0x86, 0xBE, 0x86, 0xBE, 0xE4, 0x86, 0xBE,
    0x86, 0xBE, 0x86, 0xBE, 0x86, 0xBE, 0x86, 0xBE, 0x86, 0xBE, 0x86, 0xBE, 0x86, 0xBE, 0x86, 0xBE,
    0x86, 0xBE, 0x86, 0xBE, 0x86, 0xBE, 0x86, 0x9E, 0x86, 0x9E, 0x86, 0x9E, 0x86, 0xBE, 0x86, 0xBE,
    0x86, 0xBE, 0x86, 0x9E, 0x86, 0x9E, 0x86, 0xBE, 0x86, 0xBE, 0x86, 0xBE, 0x86, 0xBE, 0x86, 0xBE,
    0x86, 0xBE, 0x86, 0x9E, 0x86, 0x9E, 0x86, 0x9E, 0x86, 0x9E, 0x86, 0x9E, 0x86, 0x9E, 0x8E, 0x9E,
    0x96, 0x9D, 0x96, 0x9D, 0x96, 0x9D, 0x96, 0xBE, 0x96, 0xBE, 0x96, 0xBE, 0x96, 0xBE, 0x9E, 0xDE,
    0xA6, 0xDE, 0xA6, 0xDE, 0xAE, 0xDE, 0xB6, 0xDF, 0xB6, 0xFF, 0xB6, 0xFF, 0xBF, 0x1F, 0xD7, 0x9F,
    0xEF, 0xFF, 0xF7, 0x0E, 0xFF, 0x84, 0xDF, 0xFF, 0xDF, 0xFF, 0xDF, 0x22, 0xFF, 0x8D, 0xF7, 0xFF,
    0xF7, 0xFF, 0xD7, 0x5D, 0xAE, 0x5B, 0xB6, 0xFE, 0xAE, 0x5A, 0xE7, 0x9E, 0x1C, 0xFF, 0x83, 0xF7,
    0xBE, 0xFF, 0xDE, 0x12, 0xFF, 0xFF, 0xF7, 0xDF, 0xCE, 0x7B, 0xC5, 0xF9, 0xBD, 0xFA, 0xCE, 0x5C,
    0xC6, 0x1C, 0xBD, 0xFC, 0xBD, 0xDC, 0xBD, 0xFC, 0xC6, 0x1D, 0xC6, 0x1D, 0xB5, 0xDB, 0xC6, 0x3E,
    0xBD, 0xDC, 0xBD, 0xDC, 0xCE, 0x7D, 0xCE, 0x7C, 0xBD, 0xF9, 0xD6, 0xDC, 0xBE, 0x1C, 0xA5, 0x59,
    0xB5, 0xDB, 0xB5, 0xDC, 0xB5, 0xDC, 0xAD, 0x9B, 0xAD, 0x5B, 0xAD, 0x9B, 0xAD, 0x9B, 0xAD, 0x9B,
    0xB5, 0x9B, 0xB5, 0x9B, 0xB5, 0xBB, 0xB5, 0xDB, 0xC6, 0x1A, 0xC6, 0x3B, 0xCE, 0x7B, 0xE7, 0x3E,
    0xE7, 0x3E, 0xE7, 0x3D, 0xEF, 0x3D, 0xEF, 0x3D, 0xEF, 0x1C, 0xEF, 0x1C, 0xEF, 0x3D, 0xEF, 0x3D,
    0xEF, 0x3D, 0xEF, 0x1C, 0xEF, 0x3D, 0xE7, 0x1D, 0xD6, 0x9B, 0xD6, 0xDC, 0xCE, 0x9B, 0xD7, 0x1E,
    0xCE, 0x5D, 0xCE, 0x7E, 0xC6, 0x3D, 0xBD, 0xDB, 0xBD, 0xFC, 0xCE, 0x5D, 0xD6, 0x7E, 0xDE, 0xDF,
    0xDE, 0xDF, 0xDE, 0xDF, 0xD6, 0xBF, 0xFF, 0xCE, 0x3D, 0xC5, 0xFC, 0xC6, 0x3D, 0xCE, 0x3E, 0xC6,
    0x3E, 0xC6, 0x1E, 0xC6, 0x1E, 0xC6, 0x1E, 0xA5, 0x3B, 0x84, 0x38, 0x63, 0x56, 0x6B, 0x76, 0x73,
    0xD8, 0x7B, 0xF8, 0x7B, 0xF9, 0x7C, 0x19, 0x7C, 0x19, 0x73, 0xF8, 0x73, 0xF8, 0x73, 0xF8, 0x73,
    0xF9, 0x73, 0xF9, 0x73, 0xF9, 0x73, 0xF9, 0x73, 0xF9, 0x73, 0xF9, 0x73, 0xD9, 0x6B, 0xD9, 0xBE,
    0x5C, 0xBE, 0x5C, 0xBE, 0x5C, 0xBE, 0x5C, 0xBE, 0x5C, 0xBE, 0x5C, 0xBE, 0x5C, 0xBE, 0x5C, 0xBE,
    0x5C, 0xB6, 0x7C, 0xB6, 0x7C, 0xB6, 0x7C, 0xB6, 0x7C, 0xB6, 0x7C, 0xB6, 0x7C, 0xB6, 0x5C, 0xAE,
    0x5C, 0xAE, 0x5C, 0xAE, 0x5C, 0xAE, 0x5C, 0xAE, 0x5C, 0xAE, 0x5C, 0xAE, 0x5C, 0xAE, 0x7C, 0xAE,
    0x7C, 0xAE, 0x7C, 0xA6, 0x5C, 0xA6, 0x5C, 0xA6, 0x5C, 0xA6, 0x5C, 0xA6, 0x5C, 0xA6, 0x5C, 0xA6,
    0x5C, 0xA6, 0x5C, 0xA6, 0x5C, 0xA6, 0x5C, 0xD6, 0xA6, 0x7C, 0x9E, 0x7C, 0x9E, 0x7C, 0x9E, 0x7C,
    0x9E, 0x7C, 0x9E, 0x7C, 0x9E, 0x7C, 0x9E, 0x7C, 0x9E, 0x7C, 0x9E, 0x7C, 0x9E, 0x7C, 0x9E, 0x7C,
    0x9E, 0x7C, 0x9E, 0x9D, 0x9E, 0x9D, 0x9E, 0x9D, 0x9E, 0x9D, 0xA6, 0xDE, 0xBF, 0x9F, 0xB7, 0x5F,
    0xAF, 0x1F, 0xA6, 0xDE, 0xA6, 0xBD, 0xAE, 0xFE, 0x9E, 0x9D, 0x9E, 0x9D, 0x9E, 0x9D, 0xA6, 0x9E,
    0xAE, 0x9E, 0xAE, 0x9D, 0xAE, 0x9E, 0xB6, 0xBE, 0xBF, 0x1F, 0xCF, 0x9F, 0xD7, 0x9F, 0xD7, 0x9F,
    0xD7, 0x9F, 0xD7, 0x9F, 0xD7, 0xBF, 0xD7, 0xBF, 0xD7, 0xBF, 0xCF, 0x7F, 0xCF, 0x9F, 0xCF, 0x02,
    0xBF, 0xFF, 0x7F, 0xBF, 0x9F, 0xB7, 0x9F, 0xBF, 0x9F, 0xB7, 0x7F, 0xB7, 0x5F, 0xAF, 0x3F, 0xA6,
    0xDE, 0x9E, 0xBE, 0xA6, 0xFF, 0xA7, 0x5F, 0x96, 0xDF, 0x8E, 0x9E, 0x8E, 0xBE, 0x8E, 0xDE, 0x8E,
    0xDE, 0x8E, 0xDE, 0x8E, 0xDE, 0x86, 0xDE, 0x86, 0xDE, 0x86, 0xDE, 0x86, 0xDE, 0x8E, 0xDE, 0x86,
    0xDE, 0x86, 0xDE, 0x86, 0xDE, 0x86, 0xDE, 0x86, 0xDE, 0x86, 0xDE, 0x86, 0xDE, 0x86, 0xDE, 0x86,
    0xDE, 0x86, 0xDE, 0x86, 0xDE, 0x86, 0xDE, 0x86, 0xDE, 0x86, 0xDE, 0x86, 0xDE, 0x86, 0xDE, 0x86,
    0xDE, 0x86, 0xDE, 0x86, 0xDE, 0x86, 0xDE, 0x86, 0xDE, 0x86, 0xDE, 0x86, 0xDE, 0x86, 0xDE, 0x86,
    0xDE, 0x86, 0xDE, 0x86, 0xDE, 0x86, 0xDE, 0x86, 0xDE, 0x86, 0xDE, 0x86, 0xDE, 0x86, 0xDE, 0x86,
    0xDE, 0x86, 0xDE, 0x86, 0xDE, 0x86, 0xDE, 0x86, 0xDE, 0x86, 0xDE, 0x86, 0xDE, 0x86, 0xDE, 0x86,
    0xDE, 0x86, 0xB5, 0xDE, 0x86, 0xDE, 0x86, 0xDE, 0x86, 0xDE, 0x86, 0xDE, 0x86, 0xDE, 0x86, 0xDE,
    0x86, 0xBE, 0x8E, 0xBD, 0x8E, 0xBD, 0x8E, 0xBD, 0x8E, 0xDE, 0x8E, 0xDE, 0x8E, 0xDE, 0x8E, 0xDE,
    0x97, 0x1E, 0x96, 0xFE, 0x9E, 0xFE, 0x9E, 0xFE, 0xA6, 0xFF, 0xAF, 0x1F, 0xAF, 0x1F, 0xB7, 0x1F,
    0xD7, 0x9F, 0xEF, 0xFF, 0xEF, 0xDF, 0xEF, 0xDF, 0xF7, 0x04, 0xFF, 0x8A, 0xDF, 0xFF, 0xDF, 0xFF,
    0xDF, 0xFF, 0xDF, 0xFF, 0xDF, 0xFF, 0xDF, 0x08, 0xFF, 0x89, 0xF7, 0xDF, 0xF7, 0xDF, 0xF7, 0xDF,
    0xFF, 0xFE, 0xFF, 0xFE, 0x08, 0xFF, 0x91, 0xF7, 0xFF, 0xF7, 0xFF, 0xF7, 0xFF, 0xF7, 0xFF, 0xF7,
    0xFF, 0xF7, 0xFF, 0xE7, 0x9D, 0xE7, 0x5D, 0xFF, 0xDF, 0x19, 0xFF, 0x92, 0xFE, 0xFF, 0xFE, 0xFF,
    0xFE, 0xFF, 0xFE, 0xFF, 0xFE, 0xFF, 0xFE, 0xFF, 0xFE, 0xFF, 0xDE, 0xFF, 0xDE, 0xFF, 0xDF, 0x03,
    0xFF, 0xFF, 0xDF, 0xF7, 0xDF, 0xF7, 0xDF, 0xF7, 0xFF, 0xF7, 0xDF, 0xBE, 0x3B, 0xBE, 0x3C, 0xBE,
    0x1C, 0xBE, 0x1D, 0xBE, 0x1D, 0xBD, 0xFD, 0xBD, 0xFD, 0xBD, 0xFD, 0xBD, 0xFD, 0xBD, 0xFD, 0xBD,
    0xFD, 0xBD, 0xFB, 0xBD, 0xFB, 0xBD, 0xFB, 0xBE, 0x1B, 0xC6, 0x1C, 0xC6, 0x1C, 0xC6, 0x1C, 0xD6,
    0x9D, 0xEF, 0x5F, 0xD6, 0xBF, 0xBD, 0xDC, 0xB5, 0x7C, 0xB5, 0x7C, 0xB5, 0x7C, 0xB5, 0x7B, 0xB5,
    0x7B, 0xB5, 0x7A, 0xBD, 0xFC, 0xC6, 0x1C, 0xCE, 0x5C, 0xCE, 0x7C, 0xD6, 0x7A, 0xD6, 0x9B, 0xD6,
    0xBB, 0xE7, 0x1D, 0xE7, 0x1D, 0xE7, 0x1D, 0xE7, 0x1D, 0xEF, 0x1D, 0xEF, 0x1D, 0xEF, 0x1D, 0xEF,
    0x3D, 0xEF, 0x3D, 0xEF, 0x3D, 0xEF, 0x1D, 0xEF, 0x1D, 0xEF, 0x1D, 0xE6, 0xFC, 0xDE, 0xBB, 0xDE,
    0x9B, 0xD6, 0x9B, 0xD6, 0x7B, 0xD6, 0x9B, 0xD6, 0x9B, 0xDE, 0xBC, 0xDE, 0xDC, 0xDE, 0xBC, 0xD6,
    0xBC, 0xE6, 0x93, 0xDF, 0xD6, 0x5D, 0xCD, 0xFC, 0xC5, 0xDB, 0xC5, 0xDB, 0xC5, 0xDB, 0xC5, 0xDC,
    0xC5, 0xDC, 0xC5, 0xDC, 0xC5, 0xDD, 0xB5, 0x02, 0xBD, 0xFF, 0xFE, 0x94, 0xDA, 0x7C, 0x17, 0x84,
    0x18, 0x83, 0xF8, 0x83, 0xF7, 0x83, 0xF8, 0x7B, 0xF7, 0x7B, 0xB7, 0x73, 0xB6, 0x73, 0xD7, 0x73,
    0xB7, 0x73, 0xD8, 0x73, 0xD9, 0x73, 0xB9, 0x73, 0xB9, 0x6B, 0x98, 0x6B, 0xB8, 0x6B, 0xB8, 0x6B,
    0xD8, 0x6B, 0xB8, 0xBE, 0x5C, 0xBE, 0x5C, 0xBE, 0x5C, 0xBE, 0x5C, 0xBE, 0x5C, 0xBE, 0x5C, 0xBE,
    0x5C, 0xBE, 0x5C, 0xBE, 0x5C, 0xB6, 0x7C, 0xB6, 0x7C, 0xB6, 0x7C, 0xB6, 0x7C, 0xB6, 0x7C, 0xB6,
    0x7C, 0xB6, 0x5C, 0xAE, 0x5C, 0xAE, 0x5C, 0xAE, 0x5C, 0xAE, 0x5C, 0xAE, 0x5C, 0xAE, 0x5C, 0xAE,
    0x5C, 0xAE, 0x7C, 0xAE, 0x7C, 0xAE, 0x7C, 0xA6, 0x5C, 0xA6, 0x5C, 0xA6, 0x5C, 0xA6, 0x5C, 0xA6,
    0x5C, 0xA6, 0x5C, 0xA6, 0x5C, 0xA6, 0x5C, 0xA6, 0x5C, 0xA6, 0x5C, 0xA6, 0x7C, 0x9E, 0x7C, 0x9E,
    0x7C, 0x9E, 0x7C, 0x9E, 0x7C, 0x9E, 0x7C, 0x9E, 0x7C, 0x9E, 0xFF, 0x7C, 0x9E, 0x7C, 0x9E, 0x7C,
    0x9E, 0x7C, 0x9E, 0x7C, 0x9E, 0x7C, 0x9E, 0x9D, 0x9E, 0x9D, 0x9E, 0x9D, 0x9E, 0x9D, 0xA6, 0xBD,
    0xBF, 0x7F, 0xBF, 0x9F, 0xBF, 0x9F, 0xBF, 0x7F, 0xB7, 0x5F, 0xB7, 0x5F, 0x9E, 0x9D, 0x9E, 0x9D,
    0x9E, 0x9D, 0xA6, 0x9E, 0xA6, 0x9E, 0xAE, 0x9D, 0xA6, 0x9D, 0xAE, 0xBE, 0xAE, 0xDE, 0xB6, 0xFE,
    0xCF, 0x7F, 0xCF, 0x7F, 0xCF, 0x7F, 0xCF, 0x9F, 0xCF, 0x9F, 0xCF, 0x9F, 0xCF, 0x9F, 0xC7, 0x7F,
    0xC7, 0x7F, 0xBF, 0x7F, 0xB7, 0x5F, 0xB7, 0x5F, 0xAF, 0x5F, 0xAF, 0x5F, 0xAF, 0x3F, 0xA7, 0x1F,
    0xA6, 0xFE, 0x96, 0x9D, 0x96, 0x9D, 0x96, 0x9D, 0x96, 0xBE, 0x8E, 0xBE, 0x8E, 0xDE, 0x96, 0xDF,
    0x8E, 0xDE, 0x8E, 0xDE, 0x8E, 0xDE, 0x8E, 0xDE, 0x86, 0xDE, 0x86, 0xDE, 0x86, 0xDE, 0x86, 0xDE,
    0x86, 0xDE, 0x86, 0xDE, 0x86, 0xDE, 0x86, 0xDE, 0x86, 0xDE, 0x86, 0xF5, 0xDE, 0x86, 0xDE, 0x86,
    0xDE, 0x86, 0xDE, 0x86, 0xDE, 0x86, 0xDE, 0x86, 0xDE, 0x86, 0xDE, 0x86, 0xDE, 0x86, 0xDE, 0x86,
    0xDE, 0x86, 0xDE, 0x86, 0xDE, 0x86, 0xDE, 0x86, 0xDE, 0x86, 0xDE, 0x86, 0xDE, 0x86, 0xDE, 0x86,
    0xDE, 0x86, 0xDE, 0x86, 0xDE, 0x86, 0xDE, 0x86, 0xDE, 0x86, 0xDE, 0x86, 0xDE, 0x86, 0xDE, 0x86,
    0xDE, 0x86, 0xDE, 0x86, 0xDE, 0x86, 0xDE, 0x86, 0xDE, 0x86, 0xDE, 0x86, 0xDE, 0x86, 0xDE, 0x86,
    0xDE, 0x86, 0xDE, 0x86, 0xDE, 0x86, 0xDE, 0x86, 0xDE, 0x86, 0xDE, 0x86, 0xDE, 0x86, 0xDE, 0x86,
    0xDE, 0x86, 0xDE, 0x86, 0xBE, 0x8E, 0xBD, 0x8E, 0xBD, 0x8E, 0xBD, 0x8E, 0xDE, 0x8E, 0xDE, 0x8E,
    0xDE, 0x8E, 0xDE, 0x97, 0x1E, 0x96, 0xFE, 0x9E, 0xFE, 0x9E, 0xFE, 0xA6, 0xFF, 0xAF, 0x1F, 0xAF,
    0x1F, 0xAE, 0x02, 0xBE, 0x87, 0xFD, 0xD7, 0x3D, 0xDF, 0x3C, 0xDF, 0x5D, 0xF7, 0x04, 0xFF, 0x8A,
    0xDF, 0xFF, 0xDF, 0xFF, 0xDF, 0xFF, 0xDF, 0xFF, 0xDF, 0xFF, 0xDF, 0x08, 0xFF, 0x87, 0xF7, 0xDF,
    0xF7, 0xDF, 0xF7, 0xDF, 0xFF, 0xFE, 0x05, 0xFF, 0x94, 0xDF, 0xFF, 0xDF, 0xF7, 0xDF, 0xF7, 0xDF,
    0xEF, 0xBF, 0xEF, 0xDF, 0xEF, 0xDF, 0xEF, 0xDF, 0xF7, 0xFF, 0xF7, 0xFF, 0xF7, 0xDF, 0x1B, 0xFF,
    0x90, 0xFE, 0xFF, 0xFE, 0xFF, 0xFE, 0xFF, 0xFE, 0xFF, 0xFE, 0xFF, 0xFE, 0xFF, 0xFE, 0xFF, 0xDE,
    0xFF, 0xDF, 0x04, 0xFF, 0xC6, 0xEF, 0x9F, 0xE7, 0x3E, 0xDF, 0x1E, 0xE7, 0x5F, 0xE7, 0x5F, 0xBE,
    0x3B, 0xBE, 0x3C, 0xBE, 0x1C, 0xBE, 0x1D, 0xBE, 0x1C, 0xBD, 0xFC, 0xBD, 0xFC, 0xBD, 0xFC, 0xBD,
    0xFC, 0xBD, 0xFC, 0xBD, 0xFC, 0xBD, 0xFB, 0xBD, 0xFB, 0xBD, 0xFB, 0xBE, 0x1B, 0xC6, 0x1C, 0xC6,
    0x1C, 0xC6, 0x1C, 0xBD, 0xDA, 0xE7, 0x1F, 0xCE, 0x5D, 0xAD, 0x5A, 0xB5, 0x9B, 0xB5, 0x9C, 0xB5,
    0x9C, 0xB5, 0x9B, 0xB5, 0x9B, 0xB5, 0x9B, 0xB5, 0xDA, 0xC6, 0x5C, 0xD6, 0x02, 0xDE, 0xFF, 0xFD,
    0xDE, 0xFC, 0xE7, 0x1C, 0xE7, 0x3D, 0xE7, 0x3D, 0xE7, 0x3D, 0xE7, 0x3D, 0xEF, 0x3D, 0xEF, 0x3D,
    0xEF, 0x3D, 0xEF, 0x3D, 0xEF, 0x3D, 0xEF, 0x3D, 0xEF, 0x3D, 0xEF, 0x3D, 0xEF, 0x3D, 0xEF, 0x3D,
    0xEF, 0x1D, 0xE6, 0xFC, 0xE6, 0xDC, 0xDE, 0xBB, 0xDE, 0xDC, 0xDE, 0xBC, 0xD6, 0xBC, 0xDE, 0xBC,
    0xDE, 0xDC, 0xD6, 0x9C, 0xD6, 0x9B, 0xDE, 0x7E, 0xD6, 0x3D, 0xCD, 0xFC, 0xC5, 0xDB, 0xC5, 0xDB,
    0xC5, 0xDB, 0xC5, 0xDC, 0xC5, 0xDC, 0xC5, 0xDC, 0xC5, 0xDD, 0xBE, 0x1E, 0xB5, 0xDE, 0xA5, 0x9D,
    0xA5, 0x7D, 0xAD, 0x7D, 0xAD, 0x7D, 0xAD, 0x7D, 0xAD, 0x7D, 0xB5, 0x9E, 0x94, 0x9A, 0x7B, 0xF7,
    0x73, 0xF7, 0x6B, 0xB6, 0x63, 0x76, 0x6B, 0x98, 0x6B, 0xB8, 0x73, 0xDA, 0x73, 0xD9, 0x6B, 0xD8,
    0x6B, 0xB8, 0x6B, 0x98, 0x6B, 0xB8, 0xBE, 0x5C, 0xBE, 0x5C, 0xBE, 0x5C, 0xBE, 0x5C, 0xBE, 0xFF,
    0x5C, 0xBE, 0x5C, 0xBE, 0x5C, 0xBE, 0x5C, 0xBE, 0x5C, 0xB6, 0x7C, 0xB6, 0x7C, 0xB6, 0x7C, 0xB6,
    0x7C, 0xB6, 0x7C, 0xB6, 0x7C, 0xB6, 0x5C, 0xAE, 0x5C, 0xAE, 0x5C, 0xAE, 0x5C, 0xAE, 0x5C, 0xAE,
    0x5C, 0xAE, 0x5C, 0xAE, 0x5C, 0xAE, 0x7C, 0xAE, 0x7C, 0xAE, 0x7C, 0xA6, 0x5C, 0xA6, 0x5C, 0xA6,
    0x5C, 0xA6, 0x5C, 0xA6, 0x5C, 0xA6, 0x5C, 0xA6, 0x5C, 0xA6, 0x5C, 0xA6, 0x5C, 0xA6, 0x5C, 0xA6,
    0x7C, 0x9E, 0x7C, 0x9E, 0x7C, 0x9E, 0x7C, 0x9E, 0x7C, 0x9E, 0x7C, 0x9E, 0x7C, 0x9E, 0x7C, 0x9E,
    0x7C, 0x9E, 0x7C, 0x9E, 0x7C, 0x9E, 0x7C, 0x9E, 0x7C, 0x9E, 0x9D, 0x9E, 0x9D, 0x9E, 0x9D, 0x9E,
    0x9D, 0x9E, 0x9D, 0xA6, 0xBD, 0xA6, 0xDE, 0xAE, 0xFE, 0xB7, 0x3F, 0xB7, 0x3F, 0xA6, 0xDE, 0x9E,
    0x9D, 0x9E, 0x9D, 0x9E, 0x9D, 0xA6, 0x9E, 0xA6, 0x9E, 0xA6, 0x9D, 0xA6, 0x9E, 0xA6, 0xBD, 0xAE,
    0xFF, 0xDE, 0xB7, 0x1F, 0xBF, 0x5F, 0xBF, 0x5F, 0xBF, 0x5F, 0xC7, 0x5F, 0xC7, 0x7F, 0xC7, 0x7F,
    0xC7, 0x7F, 0xBF, 0x7F, 0xB7, 0x3F, 0xAF, 0x1E, 0xAF, 0x1E, 0x9E, 0xFE, 0x96, 0xDD, 0x96, 0x9D,
    0x96, 0xBD, 0x96, 0xBD, 0x96, 0xBD, 0x96, 0xDE, 0x9E, 0xFF, 0x96, 0xBE, 0x8E, 0x7D, 0x8E, 0xDF,
    0x8E, 0xDF, 0x86, 0x9E, 0x8E, 0xDE, 0x8E, 0xDE, 0x8E, 0xDE, 0x8E, 0xDE, 0x86, 0xDE, 0x86, 0xDE,
    0x86, 0xDE, 0x86, 0xDE, 0x86, 0xDE, 0x86, 0xDE, 0x86, 0xDE, 0x86, 0xDE, 0x86, 0xDE, 0x86, 0xDE,
    0x86, 0xDE, 0x86, 0xDE, 0x86, 0xDE, 0x86, 0xDE, 0x86, 0xDE, 0x86, 0xDE, 0x86, 0xDE, 0x86, 0xDE,
    0x86, 0xDE, 0x86, 0xDE, 0x86, 0xDE, 0x86, 0xDE, 0x86, 0xDE, 0x86, 0xDE, 0x86, 0xDE, 0x86, 0xDE,
    0x86, 0xDE, 0x86, 0xDE, 0x86, 0xDE, 0x86, 0xDE, 0x86, 0xDE, 0x86, 0xDE, 0x86, 0xDE, 0x86, 0xDE,
    0x86, 0xCD, 0xDE, 0x86, 0xDE, 0x86, 0xDE, 0x86, 0xDE, 0x86, 0xDE, 0x86, 0xDE, 0x86, 0xDE, 0x86,
    0xDE, 0x86, 0xDE, 0x86, 0xDE, 0x86, 0xDE, 0x86, 0xDE, 0x86, 0xDE, 0x86, 0xDE, 0x86, 0xDE, 0x86,
    0xDE, 0x86, 0xDE, 0x86, 0xDE, 0x86, 0xDE, 0x86, 0xBE, 0x8E, 0xBD, 0x8E, 0xBD, 0x8E, 0xBD, 0x8E,
    0xDE, 0x8E, 0xDE, 0x8E, 0xDE, 0x8E, 0xDE, 0x97, 0x1E, 0x96, 0xFE, 0x9E, 0xFE, 0x9E, 0xFE, 0xA6,
    0xFF, 0xAF, 0x1F, 0xAF, 0x3F, 0xBF, 0x3F, 0xDF, 0xBF, 0xF7, 0xFF, 0xF7, 0xBE, 0xF7, 0xBE, 0xF7,
    0x17, 0xFF, 0x85, 0xF7, 0xDF, 0xF7, 0xDF, 0xF7, 0xDF, 0x06, 0xFF, 0x92, 0xF7, 0xBE, 0xEF, 0xBF,
    0xEF, 0xBF, 0xEF, 0x9F, 0xE7, 0x9F, 0xEF, 0x9F, 0xEF, 0xBF, 0xEF, 0x9E, 0xEF, 0xDF, 0xF7, 0x2C,
    0xFF, 0xCA, 0xDF, 0xF7, 0x9F, 0xEF, 0x7E, 0xDF, 0x1D, 0xCE, 0x9B, 0xC6, 0x5B, 0xC6, 0x5B, 0xC6,
    0x5C, 0xC6, 0x7C, 0xBE, 0x3B, 0xBE, 0x3C, 0xBE, 0x3C, 0xBE, 0x1C, 0xBE, 0x1C, 0xBE, 0x1C, 0xBE,
    0x1C, 0xBE, 0x1C, 0xBE, 0x1C, 0xBE, 0x1C, 0xBE, 0x1C, 0xBD, 0xFB, 0xBD, 0xFB, 0xBD, 0xFB, 0xBE,
    0x1B, 0xC6, 0x1C, 0xC6, 0x1C, 0xC6, 0x1C, 0xC6, 0x1C, 0xC6, 0x3C, 0xBD, 0xDB, 0xB5, 0x9A, 0xB5,
    0xBB, 0xB5, 0xBB, 0xB5, 0xBB, 0xB5, 0xBB, 0xB5, 0xBB, 0xB5, 0xBA, 0xC6, 0x1B, 0x02, 0xDE, 0xD2,
    0xE7, 0x5F, 0xDF, 0x1D, 0xE7, 0x1D, 0xE7, 0x3D, 0xEF, 0x5D, 0xEF, 0x5E, 0xEF, 0x7E, 0xEF, 0x5E,
    0xEF, 0x5E, 0xF7, 0x5E, 0xF7, 0x5E, 0xF7, 0x5E, 0xF7, 0x5E, 0xF7, 0x5E, 0xF7, 0x5E, 0xF7, 0x5E,
    0xF7, 0x5E, 0xF7, 0x5E, 0xF7, 0x5E, 0xEF, 0x5E, 0xEF, 0x3D, 0xEF, 0x1D, 0xE7, 0x3E, 0xE7, 0x1E,
    0xDE, 0xBD, 0xDE, 0xBD, 0xDE, 0xDD, 0xCE, 0x5B, 0xC6, 0x3A, 0xC5, 0xFB, 0xC5, 0xFC, 0xCD, 0xFC,
    0xC5, 0xDB, 0xC5, 0xDB, 0xC5, 0xDB, 0xC5, 0xDC, 0xC5, 0xDC, 0xC5, 0xDC, 0xC5, 0xDD, 0xBD, 0xDD,
    0xB5, 0xDE, 0xAD, 0x02, 0x9D, 0xFF, 0x5C, 0x9D, 0x1C, 0xA5, 0x5D, 0xAD, 0x7D, 0x9D, 0x1C, 0x94,
    0xFB, 0x8C, 0x9A, 0x7C, 0x38, 0x73, 0xD6, 0x73, 0xD6, 0x6B, 0xB7, 0x73, 0xD8, 0x7C, 0x1A, 0x8C,
    0xBC, 0x8C, 0xBC, 0x84, 0x7B, 0x6B, 0xD9, 0x6B, 0x98, 0x63, 0x98, 0xBE, 0x5C, 0xBE, 0x5C, 0xBE,
    0x7C, 0xBE, 0x7C, 0xBE, 0x7C, 0xBE, 0x7C, 0xBE, 0x7C, 0xBE, 0x7C, 0xBE, 0x7C, 0xBE, 0x7C, 0xBE,
    0x7C, 0xBE, 0x7C, 0xB6, 0x7C, 0xB6, 0x7C, 0xB6, 0x7C, 0xB6, 0x7C, 0xB6, 0x7C, 0xB6, 0x7C, 0xB6,
    0x7C, 0xB6, 0x7C, 0xB6, 0x7C, 0xB6, 0x7C, 0xAE, 0x7C, 0xAE, 0x7C, 0xAE, 0x7C, 0xAE, 0x7C, 0xAE,
    0x7C, 0xAE, 0x7C, 0xAE, 0x7C, 0xAE, 0x7C, 0xA6, 0x7C, 0xA6, 0x7C, 0xA6, 0x7C, 0xA6, 0x7C, 0xA6,
    0x7C, 0xA6, 0x7C, 0xA6, 0x9C, 0xA6, 0x9C, 0xA6, 0x9C, 0xA6, 0x9C, 0xA6, 0x9C, 0xA6, 0x9C, 0xA6,
    0x9C, 0x9E, 0x9D, 0x9E, 0x9D, 0x9E, 0xFF, 0x9D, 0x9E, 0x9D, 0x9E, 0x9D, 0x9E, 0x9D, 0x9E, 0x9D,
    0x9E, 0x9D, 0x9E, 0x9D, 0x9E, 0x9D, 0x9E, 0x9D, 0x9E, 0x9D, 0x9E, 0x9D, 0x9E, 0x9D, 0xA6, 0xBD,
    0xA6, 0xBD, 0xA6, 0xBD, 0x9E, 0x9D, 0x9E, 0x9D, 0x9E, 0x9D, 0x9E, 0x9D, 0x9E, 0x9D, 0x9E, 0x9D,
    0xA6, 0xDE, 0xAF, 0x3F, 0xB7, 0x5F, 0xBF, 0x9F, 0xBF, 0x7F, 0xBF, 0x3F, 0xB6, 0xFE, 0xB6, 0xFE,
    0xB6, 0xFE, 0xB7, 0x1E, 0xB7, 0x1E, 0xAE, 0xDD, 0xA6, 0xDE, 0xA6, 0xDE, 0x96, 0xBD, 0x96, 0xBD,
    0x96, 0xBD, 0x96, 0xDE, 0x96, 0xDE, 0x96, 0xDE, 0x96, 0xBE, 0x96, 0xBE, 0x96, 0xBE, 0x96, 0xBE,
    0x8E, 0xBE, 0x8E, 0xDE, 0x8E, 0xDE, 0x8E, 0xDE, 0x8E, 0xDE, 0x8E, 0xDE, 0x8E, 0xDE, 0x8E, 0xDE,
    0x86, 0xDE, 0x86, 0xDE, 0x86, 0xDE, 0x86, 0xDE, 0x86, 0xDE, 0x86, 0xDE, 0x86, 0xDE, 0x86, 0xDE,
    0x86, 0xDE, 0x86, 0xDE, 0x86, 0xDE, 0x86, 0xF5, 0xDE, 0x86, 0xDE, 0x86, 0xDE, 0x86, 0xDE, 0x86,
    0xDE, 0x86, 0xDE, 0x86, 0xDE, 0x86, 0xDE, 0x86, 0xDE, 0x86, 0xDE, 0x86, 0xDE, 0x86, 0xDE, 0x86,
    0xDE, 0x86, 0xDE, 0x86, 0xDE, 0x86, 0xDE, 0x86, 0xDE, 0x86, 0xDE, 0x86, 0xDE, 0x86, 0xDE, 0x86,
    0xDE, 0x86, 0xDE, 0x86, 0xDE, 0x86, 0xDE, 0x86, 0xDE, 0x86, 0xDE, 0x86, 0xDE, 0x86, 0xDE, 0x86,
    0xDE, 0x86, 0xDE, 0x86, 0xDE, 0x86, 0xDE, 0x86, 0xDE, 0x86, 0xDE, 0x86, 0xDE, 0x86, 0xDE, 0x86,
    0xDE, 0x86, 0xDE, 0x86, 0xDE, 0x86, 0xDE, 0x86, 0xDE, 0x86, 0xDE, 0x8E, 0xDE, 0x8E, 0xDE, 0x8E,
    0xDE, 0x8E, 0xDE, 0x96, 0xFE, 0x96, 0xFE, 0x96, 0xFE, 0x96, 0xFE, 0x97, 0x1E, 0x96, 0xFE, 0x9E,
    0xFE, 0x9E, 0xDE, 0xA6, 0xFE, 0xA6, 0xFF, 0xAF, 0x1F, 0xCF, 0xBF, 0xE7, 0xFF, 0xF7, 0x10, 0xFF,
    0x84, 0xDF, 0xFF, 0xDF, 0xFF, 0xDF, 0x08, 0xFF, 0x9E, 0xF7, 0xDF, 0xF7, 0xDF, 0xF7, 0xDF, 0xFF,
    0xBE, 0xF7, 0xBE, 0xF7, 0xBF, 0xE7, 0x7E, 0xE7, 0x7F, 0xE7, 0x9F, 0xE7, 0x7F, 0xE7, 0x5F, 0xE7,
    0x7E, 0xE7, 0x7E, 0xEF, 0xBF, 0xF7, 0xFF, 0xF7, 0x0A, 0xFF, 0x82, 0xDF, 0xFF, 0xDF, 0x10, 0xFF,
    0x81, 0xF7, 0xBE, 0x0C, 0xFF, 0xFF, 0xF7, 0x9F, 0xE7, 0x1D, 0xDE, 0xFD, 0xC6, 0x7B, 0xC6, 0x5B,
    0xBE, 0x3B, 0xBE, 0x3B, 0xC6, 0x3C, 0xC6, 0x3C, 0xC6, 0x3C, 0xBE, 0x3B, 0xBE, 0x1B, 0xBE, 0x1B,
    0xBE, 0x1B, 0xBE, 0x1B, 0xBE, 0x1B, 0xBE, 0x1B, 0xBE, 0x3C, 0xBE, 0x1B, 0xBD, 0xFB, 0xBE, 0x1C,
    0xC6, 0x1C, 0xC6, 0x1C, 0xC6, 0x1C, 0xC6, 0x3C, 0xC6, 0x3C, 0xC6, 0x3C, 0xC6, 0x3C, 0xC6, 0x3C,
    0xC6, 0x1C, 0xBD, 0xFB, 0xBD, 0xFB, 0xBD, 0xDA, 0xB5, 0xBA, 0xB5, 0xBA, 0xBD, 0xFB, 0xC6, 0x5C,
    0xDF, 0x1E, 0xDF, 0x1E, 0xE7, 0x3E, 0xE7, 0x3E, 0xEF, 0x5E, 0xEF, 0x5D, 0xEF, 0x5D, 0xE7, 0x3D,
    0xEF, 0x5D, 0xEF, 0x5E, 0xEF, 0x7E, 0xF7, 0x7E, 0xF7, 0x5E, 0xEF, 0x5E, 0xF7, 0x7E, 0xF7, 0x7E,
    0xF7, 0x7E, 0xEF, 0x3D, 0xEF, 0x3D, 0xEF, 0x3D, 0xEF, 0x3D, 0xF7, 0x5E, 0xF7, 0x7E, 0xE6, 0xFD,
    0xDE, 0xBD, 0xDE, 0xBD, 0xD6, 0xBD, 0xFF, 0xD6, 0x7C, 0xCE, 0x5B, 0xCE, 0x3C, 0xCE, 0x5B, 0xCE,
    0x3C, 0xCE, 0x1C, 0xCD, 0xFC, 0xCD, 0xFC, 0xCD, 0xFC, 0xCD, 0xFC, 0xC5, 0xFC, 0xC5, 0xDC, 0xC5,
    0xDC, 0xBD, 0xDD, 0xB5, 0xBD, 0xA5, 0x3B, 0x94, 0xDA, 0x8C, 0xDA, 0x8C, 0xBA, 0x8C, 0xBA, 0x8C,
    0xBA, 0x94, 0xDB, 0x7C, 0x38, 0x7C, 0x18, 0x7C, 0x17, 0x73, 0xF6, 0x73, 0xF7, 0x73, 0xD7, 0x73,
    0xD7, 0x7B, 0xF9, 0x6B, 0x98, 0x7C, 0x3A, 0x7C, 0x1A, 0x73, 0xD9, 0x73, 0xD9, 0x6B, 0xB8, 0xBE,
    0x5C, 0xBE, 0x5C, 0xBE, 0x7C, 0xBE, 0x7C, 0xBE, 0x7C, 0xBE, 0x7C, 0xBE, 0x7C, 0xBE, 0x7C, 0xBE,
    0x7C, 0xBE, 0x7C, 0xBE, 0x7C, 0xBE, 0x7C, 0xB6, 0x7C, 0xB6, 0x7C, 0xB6, 0x7C, 0xB6, 0x7C, 0xB6,
    0x7C, 0xB6, 0x7C, 0xB6, 0x7C, 0xB6, 0x7C, 0xB6, 0x7C, 0xB6, 0x7C, 0xAE, 0x7C, 0xAE, 0x7C, 0xAE,
    0x7C, 0xAE, 0x7C, 0xAE, 0x7C, 0xAE, 0x7C, 0xFF, 0xAE, 0x7C, 0xAE, 0x7C, 0xA6, 0x7C, 0xA6, 0x7C,
    0xA6, 0x7C, 0xA6, 0x7C, 0xA6, 0x7C, 0xA6, 0x7C, 0xA6, 0x9C, 0xA6, 0x9C, 0xA6, 0x9C, 0xA6, 0x9C,
    0xA6, 0x9C, 0xA6, 0x9C, 0xA6, 0x9C, 0x9E, 0x9D, 0x9E, 0x9D, 0x9E, 0x9D, 0x9E, 0x9D, 0x9E, 0x9D,
    0x9E, 0x9D, 0x9E, 0x9D, 0x9E, 0x9D, 0x9E, 0x9D, 0x9E, 0x9D, 0x9E, 0x9D, 0x9E, 0x9D, 0x9E, 0x9D,
    0x9E, 0x9D, 0xA6, 0xBD, 0xA6, 0xBD, 0xA6, 0xBD, 0x9E, 0x9D, 0x9E, 0x9D, 0x9E, 0x9D, 0x9E, 0x9D,
    0x9E, 0xBD, 0x9E, 0xBD, 0x9E, 0xBD, 0x9E, 0xBD, 0x9E, 0xDD, 0xA6, 0xFE, 0xAF, 0x1F, 0xAE, 0xFF,
    0xA6, 0xFE, 0xA6, 0xBE, 0xA6, 0x9D, 0x9E, 0x9D, 0x9E, 0x9D, 0x9E, 0xBE, 0x9E, 0xBE, 0x9E, 0xDE,
    0x96, 0xBE, 0x8E, 0xDE, 0x8E, 0xDE, 0x8E, 0xDE, 0x8E, 0xDE, 0x8E, 0xDE, 0x8E, 0xDE, 0x8E, 0xDE,
    0x8E, 0xDE, 0x8E, 0xDE, 0x8E, 0xDE, 0x8E, 0xDE, 0xFF, 0x8E, 0xDE, 0x8E, 0xDE, 0x8E, 0xDE, 0x8E,
    0xDE, 0x8E, 0xDE, 0x8E, 0xDE, 0x86, 0xDE, 0x86, 0xDE, 0x86, 0xDE, 0x86, 0xDE, 0x86, 0xDE, 0x86,
    0xDE, 0x86, 0xDE, 0x86, 0xDE, 0x86, 0xDE, 0x86, 0xDE, 0x86, 0xDE, 0x86, 0xDE, 0x86, 0xDE, 0x86,
    0xDE, 0x86, 0xDE, 0x86, 0xDE, 0x86, 0xDE, 0x86, 0xDE, 0x86, 0xDE, 0x86, 0xDE, 0x86, 0xDE, 0x86,
    0xDE, 0x86, 0xDE, 0x86, 0xDE, 0x86, 0xDE, 0x86, 0xDE, 0x86, 0xDE, 0x86, 0xDE, 0x86, 0xDE, 0x86,
    0xDE, 0x86, 0xDE, 0x86, 0xDE, 0x86, 0xDE, 0x86, 0xDE, 0x86, 0xDE, 0x86, 0xDE, 0x86, 0xDE, 0x86,
    0xDE, 0x86, 0xDE, 0x86, 0xDE, 0x86, 0xDE, 0x86, 0xDE, 0x86, 0xDE, 0x86, 0xDE, 0x86, 0xDE, 0x86,
    0xDE, 0x86, 0xDE, 0x86, 0xDE, 0x86, 0xDE, 0x86, 0xDE, 0x86, 0xDE, 0x86, 0xDE, 0x86, 0xDE, 0x8E,
    0xDE, 0x8E, 0xDE, 0x8E, 0xDE, 0x8E, 0xDE, 0x96, 0xFE, 0x96, 0x96, 0xFE, 0x96, 0xFE, 0x96, 0xFE,
    0x97, 0x1E, 0x96, 0xFE, 0x9E, 0xFE, 0x9E, 0xDE, 0xA6, 0xFE, 0xA6, 0xFF, 0xAE, 0xDD, 0xCF, 0x5E,
    0xEF, 0x12, 0xFF, 0x84, 0xDF, 0xFF, 0xDF, 0xFF, 0xDF, 0x0F, 0xFF, 0x97, 0xDF, 0xF7, 0xBF, 0xEF,
    0x9F, 0xE7, 0x7E, 0xDF, 0x7F, 0xDF, 0x9F, 0xDF, 0x7F, 0xE7, 0x5F, 0xE7, 0x5F, 0xE7, 0x7E, 0xEF,
    0xBF, 0xEF, 0xDF, 0xF7, 0x0F, 0xFF, 0x99, 0xF7, 0xBF, 0xF7, 0x7F, 0xEF, 0x3E, 0xE7, 0x1D, 0xE7,
    0x3E, 0xE7, 0x3E, 0xE7, 0x3E, 0xEF, 0x7E, 0xF7, 0xBF, 0xFF, 0xBF, 0xFF, 0xBF, 0xFF, 0xDF, 0xFF,
    0xDF, 0x02, 0xFF, 0xFF, 0xE7, 0x5E, 0xDE, 0xDD, 0xD6, 0xDD, 0xC6, 0x7B, 0xBE, 0x7C, 0xBE, 0x5C,
    0xBE, 0x3C, 0xC6, 0x3D, 0xC6, 0x3D, 0xC6, 0x3C, 0xBE, 0x3B, 0xBE, 0x3B, 0xC6, 0x5B, 0xC6, 0x7B,
    0xC6, 0x7C, 0xC6, 0x7C, 0xC6, 0x7C, 0xC6, 0x7C, 0xC6, 0x7B, 0xC6, 0x5B, 0xBE, 0x1B, 0xBE, 0x1B,
    0xBE, 0x1B, 0xC6, 0x1C, 0xC6, 0x3C, 0xC6, 0x3C, 0xC6, 0x3C, 0xC6, 0x3D, 0xC6, 0x3C, 0xC6, 0x5C,
    0xCE, 0x7C, 0xD6, 0x9C, 0xD6, 0x9C, 0xCE, 0x9C, 0xCE, 0x9D, 0xD6, 0xBD, 0xDE, 0xFE, 0xE7, 0x1E,
    0xE7, 0x3E, 0xE7, 0x5E, 0xEF, 0x5D, 0xEF, 0x5E, 0xEF, 0x5D, 0xEF, 0x5D, 0xEF, 0x5E, 0xEF, 0x5E,
    0xEF, 0x5D, 0xEF, 0x3D, 0xEF, 0x3D, 0xEF, 0x5E, 0xF7, 0x5E, 0xF7, 0x7E, 0xF7, 0x7E, 0xF7, 0x7E,
    0xF7, 0x7E, 0xF7, 0x7E, 0xF7, 0x7E, 0xF7, 0x7E, 0xF7, 0x7E, 0xF7, 0x5E, 0xD6, 0x7B, 0xD6, 0x9D,
    0xD6, 0x9D, 0xD6, 0x7D, 0xFF, 0xCE, 0x5C, 0xCE, 0x3C, 0xCE, 0x3C, 0xCE, 0x3C, 0xCE, 0x3C, 0xCE,
    0x1C, 0xCD, 0xFC, 0xCD, 0xFC, 0xCD, 0xFC, 0xCD, 0xFC, 0xC5, 0xFC, 0xC5, 0xDC, 0xC5, 0xDC, 0xC5,
    0xDD, 0xAD, 0x5B, 0x9C, 0xFA, 0x84, 0x99, 0x8C, 0xB9, 0x8C, 0xDA, 0x8C, 0xDA, 0x8C, 0xDA, 0x8C,
    0xDA, 0x8C, 0xDA, 0x95, 0x1B, 0x9D, 0x3B, 0x9D, 0x3B, 0x9D, 0x3B, 0x9D, 0x3C, 0x9D, 0x3C, 0x94,
    0xFC, 0x73, 0xF9, 0x8C, 0x9C, 0x84, 0x7B, 0x7C, 0x3A, 0x7C, 0x3A, 0x74, 0x1A, 0xBE, 0x5C, 0xBE,
    0x5C, 0xBE, 0x7C, 0xBE, 0x7C, 0xBE, 0x7C, 0xBE, 0x7C, 0xBE, 0x7C, 0xBE, 0x7C, 0xBE, 0x7C, 0xBE,
    0x7C, 0xBE, 0x7C, 0xBE, 0x7C, 0xB6, 0x7C, 0xB6, 0x7C, 0xB6, 0x7C, 0xB6, 0x7C, 0xB6, 0x7C, 0xB6,
    0x7C, 0xB6, 0x7C, 0xB6, 0x7C, 0xB6, 0x7C, 0xB6, 0x7C, 0xAE, 0x7C, 0xAE, 0x7C, 0xAE, 0x7C, 0xAE,
    0x7C, 0xAE, 0x7C, 0xAE, 0x7C, 0xFF, 0xAE, 0x7C, 0xAE, 0x7C, 0xA6, 0x7C, 0xA6, 0x7C, 0xA6, 0x7C,
    0xA6, 0x7C, 0xA6, 0x7C, 0xA6, 0x7C, 0xA6, 0x9C, 0xA6, 0x9C, 0xA6, 0x9C, 0xA6, 0x9C, 0xA6, 0x9C,
    0xA6, 0x9C, 0xA6, 0x9C, 0x9E, 0x9D, 0x9E, 0x9D, 0x9E, 0x9D, 0x9E, 0x9D, 0x9E, 0x9D, 0x9E, 0x9D,
    0x9E, 0x9D, 0x9E, 0x9D, 0x9E, 0x9D, 0x9E, 0x9D, 0x9E, 0x9D, 0x9E, 0x9D, 0x9E, 0x9D, 0x9E, 0x9D,
    0xA6, 0xBD, 0xA6, 0xBD, 0xA6, 0xBD, 0x9E, 0x9D, 0x9E, 0x9D, 0x9E, 0x9D, 0x96, 0xBD, 0x96, 0xBD,
    0x96, 0xBD, 0x96, 0xBD, 0x96, 0xBD, 0x96, 0xBD, 0x96, 0xBD, 0xA6, 0xDE, 0xA6, 0xBE, 0xA6, 0xBE,
    0x9E, 0xBE, 0x9E, 0x9D, 0x9E, 0x9D, 0x9E, 0x9D, 0x9E, 0xBE, 0x9E, 0xBE, 0x96, 0xBE, 0x96, 0xBE,
    0x8E, 0xDE, 0x8E, 0xDE, 0x8E, 0xDE, 0x8E, 0xDE, 0x8E, 0xDE, 0x8E, 0xDE, 0x8E, 0xDE, 0x8E, 0xDE,
    0x8E, 0xDE, 0x8E, 0xDE, 0x8E, 0xDE, 0xFF, 0x8E, 0xDE, 0x8E, 0xDE, 0x8E, 0xDE, 0x8E, 0xDE, 0x8E,
    0xDE, 0x8E, 0xDE, 0x86, 0xDE, 0x86, 0xDE, 0x86, 0xDE, 0x86, 0xDE, 0x86, 0xDE, 0x86, 0xDE, 0x86,
    0xDE, 0x86, 0xDE, 0x86, 0xDE, 0x86, 0xDE, 0x86, 0xDE, 0x86, 0xDE, 0x86, 0xDE, 0x86, 0xDE, 0x86,
    0xDE, 0x86, 0xDE, 0x86, 0xDE, 0x86, 0xDE, 0x86, 0xDE, 0x86, 0xDE, 0x86, 0xDE, 0x86, 0xDE, 0x86,
    0xDE, 0x86, 0xDE, 0x86, 0xDE, 0x86, 0xDE, 0x86, 0xDE, 0x86, 0xDE, 0x86, 0xDE, 0x86, 0xDE, 0x86,
    0xDE, 0x86, 0xDE, 0x86, 0xDE, 0x86, 0xDE, 0x86, 0xDE, 0x86, 0xDE, 0x86, 0xDE, 0x86, 0xDE, 0x86,
    0xDE, 0x86, 0xDE, 0x86, 0xDE, 0x86, 0xDE, 0x86, 0xDE, 0x86, 0xDE, 0x86, 0xDE, 0x86, 0xDE, 0x86,
    0xDE, 0x86, 0xDE, 0x86, 0xDE, 0x86, 0xDE, 0x86, 0xDE, 0x86, 0xDE, 0x86, 0xDE, 0x8E, 0xDE, 0x8E,
    0xDE, 0x8E, 0xDE, 0x8E, 0xDE, 0x96, 0xFE, 0x96, 0x96, 0xFE, 0x96, 0xFE, 0x96, 0xFE, 0x97, 0x1E,
    0x96, 0xFE, 0x9E, 0xFE, 0x9E, 0xDE, 0xA6, 0xFE, 0xA6, 0xFF, 0xAE, 0xFE, 0xD7, 0x9F, 0xEF, 0x04,
    0xFF, 0x82, 0xFE, 0xFF, 0xDF, 0x20, 0xFF, 0x96, 0xF7, 0xBF, 0xEF, 0xBF, 0xDF, 0x5F, 0xDF, 0x7F,
    0xD7, 0x7F, 0xDF, 0x7F, 0xE7, 0x5F, 0xE7, 0x5F, 0xE7, 0x7E, 0xE7, 0x9E, 0xEF, 0xBE, 0xF7, 0x0A,
    0xFF, 0xE4, 0xDF, 0xF7, 0xBE, 0xF7, 0x9E, 0xEF, 0x3E, 0xE7, 0x1E, 0xE6, 0xFD, 0xDE, 0xDD, 0xDE,
    0xFD, 0xDE, 0xFD, 0xDE, 0xFD, 0xEF, 0x3E, 0xEF, 0x3E, 0xEF, 0x5E, 0xEF, 0x3E, 0xEF, 0x3E, 0xEF,
    0x5E, 0xEF, 0x5E, 0xDE, 0xFD, 0xCE, 0xBC, 0xCE, 0xBC, 0xC6, 0x7C, 0xBE, 0x7C, 0xBE, 0x5C, 0xBE,
    0x3D, 0xC6, 0x3D, 0xC6, 0x3D, 0xC6, 0x3C, 0xBE, 0x3B, 0xC6, 0x5B, 0xC6, 0x9B, 0xCE, 0xBC, 0xD6,
    0xDD, 0xD6, 0xDD, 0xD6, 0xDD, 0xD6, 0xDD, 0xCE, 0xBC, 0xCE, 0x9C, 0xCE, 0x7D, 0xCE, 0x7D, 0xCE,
    0x7D, 0xCE, 0x5D, 0xC6, 0x3C, 0xC6, 0x3C, 0xC6, 0x3C, 0xC6, 0x1C, 0xC6, 0x3D, 0xCE, 0x7D, 0xD6,
    0xBD, 0xD6, 0xDD, 0xDE, 0xFC, 0xDE, 0xFD, 0x03, 0xDE, 0xFF, 0xFE, 0xDF, 0x1E, 0xE7, 0x3E, 0xE7,
    0x5E, 0xE7, 0x7E, 0xEF, 0x7E, 0xEF, 0x5D, 0xEF, 0x5D, 0xEF, 0x5D, 0xF7, 0x7E, 0xEF, 0x7E, 0xE7,
    0x3D, 0xE7, 0x1D, 0xEF, 0x1D, 0xEF, 0x5E, 0xF7, 0x5E, 0xF7, 0x7E, 0xF7, 0x7E, 0xF7, 0x7E, 0xEF,
    0x5E, 0xEF, 0x5E, 0xEF, 0x5E, 0xEF, 0x5E, 0xEF, 0x5E, 0xEF, 0x3D, 0xD6, 0x9B, 0xD6, 0x7C, 0xCE,
    0x5C, 0xCE, 0x3C, 0xCE, 0x3C, 0xCE, 0x3C, 0xCE, 0x3C, 0xCE, 0x3C, 0xCE, 0x3D, 0xCE, 0x1C, 0xCD,
    0xFC, 0xCD, 0xFC, 0xCD, 0xFC, 0xCD, 0xFC, 0xC5, 0xFC, 0xC5, 0xDC, 0xC5, 0xDC, 0xC5, 0xDD, 0xB5,
    0x9C, 0x9D, 0x1B, 0x8C, 0xBA, 0x8C, 0xDA, 0x8C, 0xDA, 0x8C, 0xDA, 0x8C, 0xDA, 0x95, 0x1B, 0x9D,
    0x7D, 0x9D, 0x7D, 0xA5, 0x9C, 0xAD, 0xBC, 0xAD, 0xBD, 0xAD, 0xBD, 0xAD, 0x9E, 0xA5, 0x5D, 0x84,
    0x5A, 0x84, 0x9B, 0x84, 0x7B, 0x7C, 0x1A, 0x73, 0xF9, 0x74, 0xFF, 0x1A, 0xBE, 0x5B, 0xBE, 0x5B,
    0xBE, 0x7C, 0xBE, 0x7C, 0xBE, 0x7C, 0xBE, 0x7C, 0xBE, 0x7C, 0xBE, 0x7C, 0xBE, 0x7C, 0xBE, 0x7C,
    0xBE, 0x7C, 0xBE, 0x7C, 0xBE, 0x5C, 0xBE, 0x5C, 0xBE, 0x5C, 0xB6, 0x7C, 0xB6, 0x7C, 0xB6, 0x7C,
    0xB6, 0x7C, 0xB6, 0x7C, 0xB6, 0x7C, 0xB6, 0x7C, 0xAE, 0x7C, 0xAE, 0x7C, 0xAE, 0x7C, 0xAE, 0x7C,
    0xAE, 0x7C, 0xAE, 0x7C, 0xAE, 0x7C, 0xAE, 0x7C, 0xA6, 0x7C, 0xA6, 0x7C, 0xA6, 0x7C, 0xA6, 0x7C,
    0xA6, 0x7C, 0xA6, 0x7C, 0xA6, 0x9C, 0xA6, 0x9C, 0xA6, 0x9C, 0xA6, 0x9C, 0xA6, 0x9C, 0xA6, 0x9C,
    0xA6, 0x9C, 0x9E, 0x9D, 0x9E, 0x9D, 0x9E, 0x9D, 0x9E, 0x9D, 0x9E, 0x9D, 0x9E, 0x9D, 0x9E, 0x9D,
    0x9E, 0x9D, 0x9E, 0x9D, 0x9E, 0x9D, 0x9E, 0x9D, 0x9E, 0x9D, 0x9E, 0x9D, 0x9E, 0x9D, 0x9E, 0xBD,
    0x9E, 0xBD, 0x9E, 0xBD, 0x9E, 0x9D, 0x9E, 0x9D, 0x9E, 0x9D, 0x96, 0xFF, 0xBD, 0x96, 0xBD, 0x96,
    0xBD, 0x96, 0xDD, 0x9E, 0xDD, 0x9E, 0xDD, 0x96, 0xBD, 0x96, 0x9D, 0x9E, 0xBE, 0x9E, 0xBE, 0x9E,
    0xDE, 0xA6, 0xFF, 0xA6, 0xFF, 0xA6, 0xFF, 0x96, 0x9E, 0x96, 0x9E, 0x96, 0xBE, 0x96, 0xBE, 0x8E,
    0xDE, 0x8E, 0xDE, 0x8E, 0xDE, 0x8E, 0xDE, 0x8E, 0xDE, 0x8E, 0xDE, 0x8E, 0xDE, 0x8E, 0xDE, 0x8E,
    0xDE, 0x8E, 0xDE, 0x8E, 0xDE, 0x8E, 0xDE, 0x8E, 0xDE, 0x8E, 0xDE, 0x8E, 0xDE, 0x8E, 0xDE, 0x86,
    0xDE, 0x86, 0xDE, 0x86, 0xDE, 0x86, 0xDE, 0x86, 0xDE, 0x86, 0xDE, 0x86, 0xDE, 0x86, 0xFE, 0x86,
    0xFE, 0x86, 0xFE, 0x86, 0xFE, 0x86, 0xFE, 0x86, 0xFE, 0x86, 0xFE, 0x8E, 0xDE, 0x8E, 0xDE, 0x8E,
    0xDE, 0x8E, 0xDE, 0x8E, 0xDE, 0x8E, 0xDE, 0x8E, 0xDE, 0x86, 0xFE, 0x86, 0xFE, 0x86, 0xFE, 0x86,
    0xFE, 0x86, 0xFE, 0x86, 0xFE, 0x86, 0xDE, 0x8E, 0xDF, 0x8E, 0xDE, 0x8E, 0xCF, 0xDE, 0x8E, 0xDE,
    0x8E, 0xDE, 0x8E, 0xDE, 0x86, 0xDE, 0x86, 0xDE, 0x86, 0xDE, 0x86, 0xDE, 0x86, 0xDE, 0x86, 0xDE,
    0x86, 0xDE, 0x86, 0xDE, 0x86, 0xDE, 0x86, 0xDE, 0x86, 0xDE, 0x86, 0xDE, 0x86, 0xDE, 0x86, 0xDE,
    0x86, 0xDE, 0x86, 0xDE, 0x86, 0xDE, 0x86, 0xDE, 0x86, 0xDE, 0x86, 0xDE, 0x8E, 0xDE, 0x8E, 0xDE,
    0x8E, 0xDE, 0x8E, 0xDE, 0x8E, 0xFE, 0x8E, 0xFE, 0x8E, 0xFE, 0x96, 0xFE, 0x97, 0x1E, 0x97, 0x1E,
    0x96, 0xFE, 0x9E, 0xFE, 0xA6, 0xFE, 0xA6, 0xFF, 0xB7, 0x5E, 0xDF, 0xFF, 0xEF, 0x27, 0xFF, 0x97,
    0xF7, 0xDF, 0xE7, 0x9F, 0xDF, 0x5E, 0xDF, 0x5F, 0xD7, 0x7F, 0xDF, 0x5F, 0xE7, 0x5F, 0xE7, 0x5F,
    0xE7, 0x7E, 0xE7, 0x7E, 0xEF, 0xBE, 0xF7, 0xDF, 0x08, 0xFF, 0xC9, 0xF7, 0xBF, 0xEF, 0x7E, 0xE7,
    0x3D, 0xE6, 0xFE, 0xE7, 0x1E, 0xE7, 0x1F, 0xE7, 0x1F, 0xE6, 0xFE, 0xE6, 0xFE, 0xE6, 0xFE, 0xE7,
    0x1E, 0xE6, 0xFD, 0xDE, 0xFD, 0xDE, 0xDD, 0xD6, 0xDD, 0xDE, 0xFD, 0xDE, 0xFD, 0xD6, 0xDD, 0xCE,
    0x7C, 0xC6, 0x9C, 0xC6, 0x7C, 0xBE, 0x7C, 0xBE, 0x5C, 0xBE, 0x3C, 0xC6, 0x3D, 0xC6, 0x3D, 0xC6,
    0x3C, 0xBE, 0x1B, 0xC6, 0x7B, 0xCE, 0x9C, 0xD6, 0xDD, 0xDF, 0x1E, 0xDF, 0x1E, 0xDF, 0x1E, 0xD6,
    0xFD, 0xD6, 0xDD, 0xD6, 0xBC, 0x06, 0xDE, 0xFF, 0xD6, 0x9D, 0xC6, 0x3C, 0xC6, 0x3C, 0xC6, 0x3C,
    0xC6, 0x1C, 0xCE, 0x3C, 0xD6, 0x9D, 0xD6, 0xBD, 0xD6, 0xBC, 0xDE, 0xDC, 0xDE, 0xFD, 0xDE, 0xFE,
    0xDE, 0xFD, 0xDE, 0xFD, 0xE7, 0x5E, 0xEF, 0x5E, 0xEF, 0x7E, 0xEF, 0x7E, 0xEF, 0x5E, 0xEF, 0x5E,
    0xEF, 0x5E, 0xF7, 0x9F, 0xEF, 0x7E, 0xE7, 0x1D, 0xE6, 0xFC, 0xE6, 0xFC, 0xEF, 0x3E, 0xF7, 0x5E,
    0xF7, 0x7E, 0xF7, 0x7E, 0xF7, 0x7E, 0xE6, 0xFD, 0xE6, 0xFD, 0xE6, 0xFD, 0xE6, 0xFD, 0xEF, 0x1D,
    0xEF, 0x1D, 0xDE, 0xBC, 0xCE, 0x5C, 0xCE, 0x3C, 0xC6, 0x1C, 0xCE, 0x3C, 0xCE, 0x3C, 0xCE, 0x3C,
    0xCE, 0x3D, 0xCE, 0x3D, 0xCE, 0x1C, 0xCD, 0xFC, 0xCD, 0xFC, 0xCD, 0xFC, 0xCD, 0xFC, 0xC5, 0xFC,
    0xC5, 0xDC, 0xC5, 0xDC, 0xBD, 0xDD, 0xBD, 0xDD, 0xAD, 0x5C, 0x9C, 0xFA, 0x94, 0xFA, 0x8C, 0xDA,
    0x8C, 0xDA, 0x8C, 0xDA, 0x9D, 0x7D, 0xAD, 0xDE, 0xFF, 0xA5, 0x9D, 0xA5, 0x7C, 0xAD, 0x9C, 0xAD,
    0x9C, 0xA5, 0x7D, 0xA5, 0x7D, 0xA5, 0x5D, 0x8C, 0x9B, 0x7C, 0x3A, 0x7C, 0x1A, 0x73, 0xD9, 0x6B,
    0xB8, 0x73, 0xF9, 0xC6, 0x7B, 0xC6, 0x7B, 0xC6, 0x9B, 0xC6, 0x9B, 0xC6, 0x9B, 0xC6, 0x9B, 0xC6,
    0x9B, 0xC6, 0x9B, 0xC6, 0x9C, 0xC6, 0x9C, 0xC6, 0x9C, 0xC6, 0x9C, 0xC6, 0x9C, 0xC6, 0x9C, 0xC6,
    0x9C, 0xBE, 0x9C, 0xB6, 0x9C, 0xB6, 0x9C, 0xB6, 0x9C, 0xB6, 0x9C, 0xB6, 0x9C, 0xB6, 0x9C, 0xB6,
    0x9C, 0xAE, 0x9C, 0xAE, 0x9C, 0xAE, 0x9C, 0xAE, 0x9C, 0xAE, 0x9C, 0xAE, 0x9C, 0xAE, 0x9D, 0xAE,
    0x9D, 0xAE, 0x9D, 0xAE, 0x9D, 0xA6, 0x7C, 0xA6, 0x7C, 0xA6, 0x7C, 0xA6, 0x9D, 0xA6, 0x9D, 0xA6,
    0x9D, 0xA6, 0x9D, 0xA6, 0x9D, 0xA6, 0x9D, 0xA6, 0x9D, 0xA6, 0xBD, 0xA6, 0xBD, 0xA6, 0xBD, 0xA6,
    0xBD, 0xA6, 0xBD, 0xA6, 0xBD, 0xA6, 0xBD, 0xA6, 0xBD, 0xFF, 0xA6, 0xBD, 0xA6, 0xBD, 0xA6, 0xBD,
    0xA6, 0xBD, 0xA6, 0xBD, 0x9E, 0xBD, 0x9E, 0xBE, 0x9E, 0xBE, 0x9E, 0xBE, 0x9E, 0xBE, 0x9E, 0xBE,
    0x9E, 0xBE, 0x9E, 0xDE, 0x9E, 0xDE, 0x9E, 0xDE, 0x9E, 0xDE, 0x9E, 0xDE, 0x9E, 0xDE, 0x9E, 0xDE,
    0x9E, 0xDE, 0x9E, 0xDE, 0x9E, 0xDE, 0x9E, 0xDE, 0x9E, 0xDE, 0x9E, 0xDE, 0x9E, 0xDE, 0x96, 0xDE,
    0x96, 0xDE, 0x96, 0xDE, 0x96, 0xDE, 0x96, 0xDE, 0x96, 0xDE, 0x96, 0xDE, 0x8E, 0xFF, 0x8E, 0xFF,
    0x8E, 0xFF, 0x8E, 0xFF, 0x8E, 0xFF, 0x8E, 0xFF, 0x8E, 0xFF, 0x8E, 0xFF, 0x8E, 0xFF, 0x8E, 0xFF,
    0x8E, 0xFF, 0x8E, 0xFF, 0x8E, 0xFF, 0x8E, 0xFF, 0x87, 0x1F, 0x87, 0x1F, 0x87, 0x1F, 0x87, 0x1F,
    0x87, 0x1F, 0x87, 0x1F, 0x87, 0x1F, 0x87, 0x1F, 0x87, 0x1F, 0x87, 0x1F, 0x87, 0x1F, 0x87, 0x1F,
    0x87, 0x1F, 0x8E, 0xFF, 0x8E, 0xFF, 0x8E, 0xFF, 0x8E, 0xFF, 0xEF, 0x8E, 0xFF, 0x8E, 0xFF, 0x8E,
    0xFF, 0x8F, 0x1E, 0x8F, 0x1E, 0x8F, 0x1E, 0x8F, 0x1E, 0x8F, 0x1E, 0x8F, 0x1E, 0x8E, 0xFE, 0x8E,
    0xDF, 0x8E, 0xDF, 0x8E, 0xFF, 0x8E, 0xFF, 0x8E, 0xFF, 0x8E, 0xFF, 0x8E, 0xFF, 0x8E, 0xFF, 0x8E,
    0xFF, 0x86, 0xFF, 0x86, 0xFE, 0x86, 0xFE, 0x86, 0xFE, 0x86, 0xFE, 0x86, 0xFE, 0x86, 0xFE, 0x86,
    0xFE, 0x86, 0xFE, 0x86, 0xFE, 0x86, 0xFE, 0x86, 0xFE, 0x86, 0xFE, 0x86, 0xFE, 0x86, 0xFE, 0x86,
    0xFE, 0x86, 0xFE, 0x86, 0xFE, 0x86, 0xDE, 0x86, 0xDE, 0x86, 0xDE, 0x86, 0xDE, 0x86, 0xDE, 0x8E,
    0xDE, 0x8E, 0xFE, 0x8E, 0xFE, 0x97, 0x1E, 0x97, 0x1E, 0x97, 0x1E, 0x9F, 0x1F, 0xA7, 0x3F, 0xAE,
    0xFE, 0xB7, 0x1D, 0xBF, 0x1D, 0xC6, 0xFC, 0xE7, 0xBE, 0xF7, 0xDF, 0x1E, 0xFF, 0x97, 0xEF, 0xFF,
    0xE7, 0xDF, 0xE7, 0x9F, 0xDF, 0x7E, 0xDF, 0x5F, 0xDF, 0x5F, 0xDF, 0x7F, 0xE7, 0x7F, 0xE7, 0x7E,
    0xE7, 0x7E, 0xF7, 0x9F, 0xFF, 0xDF, 0x04, 0xFF, 0xFF, 0xF7, 0xFF, 0xF7, 0xDF, 0xE7, 0x7F, 0xDF,
    0x3E, 0xDF, 0x3E, 0xDF, 0x3E, 0xDF, 0x1E, 0xDF, 0x1E, 0xDF, 0x1E, 0xDF, 0x1E, 0xDE, 0xFD, 0xDE,
    0xFD, 0xDE, 0xFD, 0xDE, 0xFD, 0xDE, 0xDD, 0xD6, 0xDD, 0xCE, 0xBD, 0xC6, 0xBE, 0xC6, 0xBD, 0xC6,
    0x9D, 0xC6, 0x9D, 0xC6, 0x7D, 0xBE, 0x7D, 0xBE, 0x5C, 0xBE, 0x5C, 0xBE, 0x5C, 0xBE, 0x3B, 0xC6,
    0x3A, 0xCE, 0x7B, 0xD6, 0xDD, 0xD6, 0xDD, 0xD6, 0xDD, 0xD6, 0xDD, 0xDE, 0xFD, 0xE6, 0xFD, 0xDE,
    0xFD, 0xDE, 0xDC, 0xDE, 0xBC, 0xDE, 0xDC, 0xDE, 0xFD, 0xDE, 0xDC, 0xDE, 0xDC, 0xDE, 0xDC, 0xD6,
    0xBC, 0xD6, 0x9B, 0xCE, 0x7B, 0xCE, 0x5A, 0xCE, 0x5B, 0xCE, 0x7B, 0xD6, 0x9C, 0xDE, 0xBD, 0xDE,
    0xBD, 0xDE, 0xBD, 0xDE, 0xBC, 0xDE, 0xDC, 0xDE, 0xFD, 0xE7, 0x1D, 0xEF, 0x5E, 0xEF, 0x5E, 0xEF,
    0x5E, 0xEF, 0x5E, 0xEF, 0x5F, 0xEF, 0x5F, 0xEF, 0x5F, 0xFF, 0xEF, 0x7F, 0xEF, 0x5E, 0xE7, 0x1D,
    0xE6, 0xFD, 0xE6, 0xFD, 0xEF, 0x1E, 0xEF, 0x3E, 0xEF, 0x1E, 0xEF, 0x3E, 0xF7, 0x5E, 0xE6, 0xDD,
    0xE6, 0xBC, 0xDE, 0x9C, 0xD6, 0x5B, 0xCE, 0x3A, 0xD6, 0x5B, 0xD6, 0x7B, 0xD6, 0x5B, 0xCE, 0x3A,
    0xBD, 0xBA, 0xBD, 0xBA, 0xC5, 0xFC, 0xCE, 0x3D, 0xCE, 0x1D, 0xD6, 0x3D, 0xCE, 0x1C, 0xCE, 0x1C,
    0xCE, 0x1C, 0xCD, 0xFC, 0xCD, 0xFC, 0xC5, 0xDC, 0xBD, 0xFD, 0xBD, 0xFD, 0xBD, 0xFD, 0xBD, 0xFD,
    0xBD, 0xBC, 0xAD, 0x3A, 0x9D, 0x1A, 0x94, 0xFB, 0x8C, 0xBA, 0x9D, 0x1B, 0x9D, 0x1C, 0xA5, 0x7D,
    0x9D, 0x3C, 0x94, 0xFB, 0x94, 0xFC, 0x9D, 0x3C, 0x9D, 0x3D, 0x94, 0xFB, 0x8C, 0xBA, 0x84, 0x59,
    0x7C, 0x39, 0x7C, 0x19, 0x73, 0xF8, 0x73, 0xD8, 0x73, 0xF8, 0xC6, 0x7B, 0xC6, 0x7B, 0xC6, 0x9B,
    0xC6, 0x9B, 0xC6, 0x9B, 0xC6, 0x9B, 0xC6, 0x9B, 0xC6, 0x9B, 0xFF, 0xC6, 0x9C, 0xC6, 0x9C, 0xC6,
    0x9C, 0xC6, 0x9C, 0xC6, 0x9C, 0xC6, 0x9C, 0xC6, 0x9C, 0xBE, 0x9C, 0xB6, 0x9C, 0xB6, 0x9C, 0xB6,
    0x9C, 0xB6, 0x9C, 0xB6, 0x9C, 0xB6, 0x9C, 0xB6, 0x9C, 0xAE, 0x9C, 0xAE, 0x9C, 0xAE, 0x9C, 0xAE,
    0x9C, 0xAE, 0x9C, 0xAE, 0x9C, 0xAE, 0x9D, 0xAE, 0x9D, 0xAE, 0x9D, 0xAE, 0x9D, 0xA6, 0x7C, 0xA6,
    0x7C, 0xA6, 0x7C, 0xA6, 0x9D, 0xA6, 0x9D, 0xA6, 0x9D, 0xA6, 0x9D, 0xA6, 0x9D, 0xA6, 0x9D, 0xA6,
    0x9D, 0xA6, 0xBD, 0xA6, 0xBD, 0xA6, 0xBD, 0xA6, 0xBD, 0xA6, 0xBD, 0xA6, 0xBD, 0xA6, 0xBD, 0xA6,
    0xBD, 0xA6, 0xBD, 0xA6, 0xBD, 0xA6, 0xBD, 0xA6, 0xBD, 0xA6, 0xBD, 0x9E, 0xBD, 0x9E, 0xBE, 0x9E,
    0xBE, 0x9E, 0xBE, 0x9E, 0xBE, 0x9E, 0xBE, 0x9E, 0xBE, 0x9E, 0xDE, 0x9E, 0xDE, 0x9E, 0xDE, 0x9E,
    0xDE, 0x9E, 0xDE, 0x9E, 0xDE, 0x9E, 0xDE, 0x9E, 0xDE, 0x9E, 0xDE, 0xFF, 0x9E, 0xDE, 0x9E, 0xDE,
    0x9E, 0xDE, 0x9E, 0xDE, 0x9E, 0xDE, 0x96, 0xDE, 0x96, 0xDE, 0x96, 0xDE, 0x96, 0xDE, 0x96, 0xDE,
    0x96, 0xDE, 0x96, 0xDE, 0x8E, 0xFF, 0x8E, 0xFF, 0x8E, 0xFF, 0x8E, 0xFF, 0x8E, 0xFF, 0x8E, 0xFF,
    0x8E, 0xFF, 0x8E, 0xFF, 0x8E, 0xFF, 0x8E, 0xFF, 0x8E, 0xFF, 0x8E, 0xFF, 0x8E, 0xFF, 0x8E, 0xFF,
    0x87, 0x1F, 0x87, 0x1F, 0x87, 0x1F, 0x87, 0x1F, 0x87, 0x1F, 0x87, 0x1F, 0x8E, 0xFF, 0x8E, 0xFF,
    0x8E, 0xFF, 0x8E, 0xFF, 0x8E, 0xFF, 0x8E, 0xFF, 0x8E, 0xFF, 0x87, 0x1F, 0x8E, 0xFF, 0x8E, 0xFF,
    0x8E, 0xFF, 0x8E, 0xFF, 0x8E, 0xFF, 0x8E, 0xFF, 0x8E, 0xFE, 0x8E, 0xFE, 0x8E, 0xFE, 0x8E, 0xFE,
    0x8E, 0xFE, 0x8E, 0xFE, 0x8E, 0xFF, 0x87, 0x1F, 0x87, 0x1F, 0x86, 0xFF, 0x8E, 0xFF, 0x8E, 0xFF,
    0x8E, 0xFF, 0x8E, 0xFF, 0x8E, 0xFF, 0x8E, 0xFF, 0x86, 0xFF, 0x86, 0xFE, 0xC4, 0x86, 0xFE, 0x86,
    0xFE, 0x86, 0xFE, 0x86, 0xFE, 0x86, 0xFE, 0x86, 0xFE, 0x86, 0xFE, 0x86, 0xFE, 0x86, 0xFE, 0x86,
    0xFE, 0x86, 0xFE, 0x86, 0xFE, 0x86, 0xFE, 0x86, 0xFE, 0x86, 0xFE, 0x86, 0xFE, 0x86, 0xDE, 0x86,
    0xDE, 0x86, 0xDE, 0x86, 0xDE, 0x86, 0xDE, 0x86, 0xDE, 0x8E, 0xFE, 0x8F, 0x1E, 0x97, 0x1E, 0x97,
    0x1E, 0x9F, 0x1E, 0xA7, 0x1F, 0xA7, 0x1F, 0xAF, 0x1F, 0xBF, 0x3E, 0xC7, 0x5E, 0xD7, 0x7E, 0xEF,
    0xFF, 0xF7, 0x17, 0xFF, 0x9D, 0xF7, 0xFF, 0xF7, 0xDF, 0xF7, 0xDF, 0xF7, 0xDF, 0xEF, 0xDF, 0xE7,
    0x9F, 0xDF, 0x5E, 0xDF, 0x5F, 0xDF, 0x5F, 0xDF, 0x5F, 0xDF, 0x5F, 0xE7, 0x7F, 0xE7, 0x9F, 0xEF,
    0x9F, 0xF7, 0xDF, 0x06, 0xFF, 0xFF, 0xF7, 0xFF, 0xEF, 0xBF, 0xDF, 0x5E, 0xDF, 0x3E, 0xDF, 0x3E,
    0xDF, 0x3E, 0xDF, 0x1E, 0xDF, 0x1E, 0xDF, 0x1E, 0xDF, 0x1E, 0xDE, 0xFD, 0xDE, 0xFD, 0xDE, 0xFD,
    0xDE, 0xFD, 0xDE, 0xDD, 0xD6, 0xDD, 0xCE, 0xBD, 0xCE, 0xBE, 0xC6, 0xBD, 0xC6, 0x9D, 0xC6, 0x9D,
    0xC6, 0x7D, 0xBE, 0x7D, 0xBE, 0x5C, 0xBE, 0x5C, 0xBE, 0x5C, 0xBE, 0x3B, 0xC6, 0x3A, 0xCE, 0x9C,
    0xDE, 0xFE, 0xDE, 0xFD, 0xDE, 0xFD, 0xDE, 0xFD, 0xDE, 0xFD, 0xE6, 0xFD, 0xDE, 0xFD, 0xDE, 0xDC,
    0xDE, 0xBC, 0xDE, 0xDC, 0xDE, 0xFD, 0xDE, 0xDD, 0xDE, 0xDD, 0xDE, 0xDD, 0xDE, 0xDC, 0xDE, 0xBC,
    0xD6, 0x9C, 0xD6, 0x7B, 0xD6, 0x7C, 0xD6, 0x7C, 0xD6, 0x9C, 0xD6, 0xBC, 0xDE, 0xBD, 0xDE, 0xBD,
    0xDE, 0xBC, 0xDE, 0xDC, 0xDE, 0xFD, 0xE7, 0x1D, 0xEF, 0x5E, 0xEF, 0x5E, 0xEF, 0x5E, 0xEF, 0x5E,
    0xEF, 0x5F, 0xEF, 0x5F, 0xEF, 0x5F, 0xA6, 0xEF, 0x7F, 0xEF, 0x5E, 0xE7, 0x1D, 0xE6, 0xFD, 0xE6,
    0xFD, 0xEF, 0x1E, 0xEF, 0x3E, 0xE6, 0xFD, 0xE6, 0xFD, 0xE6, 0xFD, 0xE6, 0xDC, 0xDE, 0xBC, 0xDE,
    0xBC, 0xE6, 0xDD, 0xEF, 0x1E, 0xF7, 0x5E, 0xFF, 0x9F, 0xF7, 0x7F, 0xF7, 0x5F, 0xE6, 0x02, 0xDE,
    0xFF, 0x9D, 0xCE, 0x3C, 0xCE, 0x3D, 0xD6, 0x3D, 0xD6, 0x5D, 0xD6, 0x3D, 0xCE, 0x1C, 0xCE, 0x1C,
    0xCD, 0xFC, 0xCD, 0xFC, 0xC5, 0xDC, 0xBD, 0xFD, 0xBD, 0xFD, 0xBD, 0xFD, 0xBD, 0xDD, 0xBD, 0xBC,
    0xB5, 0x9C, 0xAD, 0x7C, 0x9D, 0x1C, 0x94, 0xDA, 0x94, 0xFB, 0x94, 0xDB, 0x9D, 0x3C, 0x94, 0xFB,
    0x8C, 0xBA, 0x8C, 0x9A, 0x8C, 0xBA, 0x8C, 0xBA, 0x8C, 0x9A, 0x84, 0x59, 0x7C, 0x18, 0x7C, 0x19,
    0x7B, 0xF9, 0x73, 0xD8, 0x73, 0xB8, 0x6B, 0xB7, 0xC6, 0x7B, 0xC6, 0x7B, 0xC6, 0x9B, 0xC6, 0x9B,
    0xC6, 0x9B, 0xC6, 0x9B, 0xC6, 0x9B, 0xC6, 0x9B, 0xC6, 0x9C, 0xC6, 0x9C, 0xC6, 0x9C, 0xC6, 0x9C,
    0xC6, 0x9C, 0xC6, 0x9C, 0xC6, 0x9C, 0xBE, 0x9C, 0xB6, 0x9C, 0xB6, 0x9C, 0xB6, 0x9C, 0xB6, 0x9C,
    0xB6, 0x9C, 0xB6, 0x9C, 0xB6, 0x9C, 0xAE, 0x9C, 0xAE, 0x9C, 0xAE, 0x9C, 0xAE, 0x9C, 0xAE, 0x9C,
    0xAE, 0xFF, 0x9C, 0xAE, 0x9D, 0xAE, 0x9D, 0xAE, 0x9D, 0xAE, 0x9D, 0xA6, 0x7C, 0xA6, 0x7C, 0xA6,
    0x7C, 0xA6, 0x9D, 0xA6, 0x9D, 0xA6, 0x9D, 0xA6, 0x9D, 0xA6, 0x9D, 0xA6, 0x9D, 0xA6, 0x9D, 0xA6,
    0xBD, 0xA6, 0xBD, 0xA6, 0xBD, 0xA6, 0xBD, 0xA6, 0xBD, 0xA6, 0xBD, 0xA6, 0xBD, 0xA6, 0xBD, 0xA6,
    0xBD, 0xA6, 0xBD, 0xA6, 0xBD, 0xA6, 0xBD, 0xA6, 0xBD, 0x9E, 0xBD, 0x9E, 0xBE, 0x9E, 0xBE, 0x9E,
    0xBE, 0x9E, 0xBE, 0x9E, 0xBE, 0x9E, 0xBE, 0x9E, 0xDE, 0x9E, 0xDE, 0x9E, 0xDE, 0x9E, 0xDE, 0x9E,
    0xDE, 0x9E, 0xDE, 0x9E, 0xDE, 0x9E, 0xDE, 0x9E, 0xDE, 0x9E, 0xDE, 0x9E, 0xDE, 0x9E, 0xDE, 0x9E,
    0xDE, 0x9E, 0xDE, 0x96, 0xDE, 0x96, 0xDE, 0x96, 0xDE, 0x96, 0xDE, 0x96, 0xDE, 0x96, 0xDE, 0x96,
    0xDE, 0x8E, 0xFF, 0x8E, 0xFF, 0x8E, 0xFF, 0x8E, 0xFF, 0x8E, 0xFF, 0x8E, 0xFF, 0x8E, 0xFF, 0x8E,
    0xFF, 0x8E, 0xFF, 0xFF, 0x8E, 0xFF, 0x8E, 0xFF, 0x8E, 0xFF, 0x8E, 0xFF, 0x8E, 0xFF, 0x87, 0x1F,
    0x87, 0x1F, 0x87, 0x1F, 0x87, 0x1F, 0x87, 0x1F, 0x87, 0x1F, 0x8E, 0xFF, 0x8E, 0xFF, 0x8E, 0xFF,
    0x8E, 0xFF, 0x8E, 0xFF, 0x8E, 0xFF, 0x8E, 0xFF, 0x87, 0x1F, 0x87, 0x1F, 0x87, 0x1F, 0x87, 0x1F,
    0x87, 0x1F, 0x87, 0x1F, 0x87, 0x1F, 0x87, 0x1F, 0x87, 0x1F, 0x87, 0x1F, 0x87, 0x1F, 0x87, 0x1F,
    0x87, 0x1F, 0x87, 0x1F, 0x87, 0x1F, 0x87, 0x1F, 0x87, 0x1F, 0x87, 0x1F, 0x87, 0x1F, 0x87, 0x1F,
    0x8E, 0xFF, 0x87, 0x1F, 0x8E, 0xFF, 0x86, 0xFF, 0x86, 0xFE, 0x86, 0xFE, 0x86, 0xFE, 0x86, 0xFE,
    0x86, 0xFE, 0x86, 0xFE, 0x86, 0xFE, 0x86, 0xFE, 0x86, 0xFE, 0x86, 0xFE, 0x86, 0xFE, 0x86, 0xFE,
    0x86, 0xFE, 0x86, 0xFE, 0x86, 0xFE, 0x86, 0xFE, 0x86, 0xFE, 0x86, 0xDE, 0x86, 0xDE, 0x86, 0xDE,
    0x86, 0xDE, 0x86, 0x96, 0xDE, 0x86, 0xDE, 0x8E, 0xDE, 0x8E, 0xFD, 0x97, 0x1E, 0x9F, 0x1E, 0x9E,
    0xFE, 0xA6, 0xFF, 0xAF, 0x1F, 0xB7, 0x3F, 0xBF, 0x3E, 0xCF, 0x7F, 0x02, 0xDF, 0x82, 0xF7, 0xFF,
    0xF7, 0x17, 0xFF, 0x9B, 0xF7, 0xDF, 0xF7, 0xDF, 0xF7, 0xDF, 0xF7, 0xDF, 0xE7, 0xBF, 0xDF, 0x7E,
    0xD7, 0x3E, 0xDF, 0x5F, 0xDF, 0x5F, 0xDF, 0x5F, 0xDF, 0x5F, 0xDF, 0x7E, 0xEF, 0xBF, 0xF7, 0xBF,
    0x08, 0xFF, 0xFF, 0xF7, 0xFF, 0xEF, 0x9F, 0xDF, 0x1E, 0xDF, 0x3E, 0xDF, 0x3E, 0xDF, 0x3E, 0xDF,
    0x1E, 0xDF, 0x1E, 0xDF, 0x1E, 0xDF, 0x1E, 0xDE, 0xFD, 0xDE, 0xFD, 0xDE, 0xFD, 0xDE, 0xFD, 0xDE,
    0xDD, 0xD6, 0xDD, 0xCE, 0xBD, 0xCE, 0xBE, 0xC6, 0xBD, 0xC6, 0x9D, 0xC6, 0x9D, 0xC6, 0x7D, 0xBE,
    0x7D, 0xBE, 0x5C, 0xBE, 0x5C, 0xBE, 0x5C, 0xC6, 0x5C, 0xCE, 0x7C, 0xCE, 0x9C, 0xD6, 0xBC, 0xDE,
    0xFE, 0xDF, 0x1E, 0xDE, 0xFE, 0xDF, 0x1D, 0xE6, 0xFD, 0xDE, 0xFD, 0xDE, 0xDC, 0xDE, 0xBC, 0xDE,
    0xDC, 0xDE, 0xFD, 0xE6, 0xFD, 0xE6, 0xFD, 0xE6, 0xFD, 0xDE, 0xFD, 0xDE, 0xDD, 0xDE, 0xBC, 0xD6,
    0xBC, 0xD6, 0xBC, 0xDE, 0xBD, 0xD6, 0x9C, 0xD6, 0x9C, 0xDE, 0xBD, 0xDE, 0xBD, 0xDE, 0xBC, 0xDE,
    0xDC, 0xDE, 0xFD, 0xE7, 0x1D, 0xEF, 0x5E, 0xEF, 0x5E, 0xEF, 0x5E, 0xEF, 0x5E, 0xEF, 0x5F, 0xEF,
    0x5F, 0xEF, 0x5F, 0xA1, 0xEF, 0x7F, 0xEF, 0x5E, 0xE7, 0x1D, 0xE6, 0xFD, 0xE6, 0xFD, 0xEF, 0x1E,
    0xEF, 0x3E, 0xEF, 0x3E, 0xE6, 0xFD, 0xE6, 0xFD, 0xDE, 0xBC, 0xE6, 0xFD, 0xF7, 0x5E, 0xFF, 0xBF,
    0xFF, 0xBF, 0xFF, 0xDF, 0xFF, 0xDF, 0x03, 0xFF, 0xFF, 0xDF, 0xFF, 0xBF, 0xFF, 0x9F, 0xEF, 0x1F,
    0xD6, 0x7D, 0xD6, 0x5D, 0xD6, 0x5D, 0xD6, 0x3D, 0xCE, 0x1C, 0xCE, 0x1C, 0xCD, 0xFC, 0xCD, 0xFC,
    0xC5, 0xDC, 0xBD, 0xFD, 0xBD, 0xFD, 0xBD, 0xFD, 0xBD, 0xDC, 0xBD, 0xDC, 0xBD, 0xFD, 0xB5, 0xDD,
    0xA5, 0x5C, 0x94, 0xDB, 0x94, 0xFB, 0x8C, 0x9A, 0x94, 0xFB, 0x94, 0xDA, 0x84, 0x79, 0x84, 0x59,
    0x84, 0x59, 0x7C, 0x38, 0x7C, 0x38, 0x7C, 0x18, 0x73, 0xD7, 0x6B, 0xB7, 0x6B, 0x97, 0x6B, 0x77,
    0x63, 0x76, 0x63, 0x76, 0xC6, 0x9B, 0xC6, 0x9B, 0xC6, 0xBC, 0xC6, 0xBC, 0xC6, 0xBC, 0xC6, 0xBC,
    0xC6, 0xBC, 0xC6, 0xBC, 0xC6, 0xBC, 0xC6, 0x9C, 0xC6, 0x9C, 0xC6, 0x9C, 0xC6, 0x9C, 0xC6, 0x9C,
    0xC6, 0x9C, 0xBE, 0x9C, 0xBE, 0xBC, 0xBE, 0xBC, 0xBE, 0xBC, 0xBE, 0xBC, 0xBE, 0xBC, 0xBE, 0xBC,
    0xB6, 0xBD, 0xB6, 0x9C, 0xB6, 0x9C, 0xB6, 0x9C, 0xB6, 0xFF, 0x9C, 0xB6, 0x9C, 0xB6, 0x9C, 0xAE,
    0x9D, 0xAE, 0x9D, 0xAE, 0x9D, 0xAE, 0x9D, 0xAE, 0x9D, 0xAE, 0x9D, 0xAE, 0x9D, 0xA6, 0x9D, 0xA6,
    0x9D, 0xA6, 0x9D, 0xA6, 0x9D, 0xA6, 0x9D, 0xA6, 0x9D, 0xA6, 0x9D, 0xA6, 0xBD, 0xA6, 0xBD, 0xA6,
    0xBD, 0xA6, 0xBD, 0xA6, 0xBD, 0xA6, 0xBD, 0xA6, 0xBD, 0xA6, 0xBD, 0xA6, 0xBD, 0xA6, 0xBD, 0xA6,
    0xBD, 0xA6, 0xBD, 0xA6, 0xBD, 0x9E, 0xBD, 0x9E, 0xBE, 0x9E, 0xBE, 0x9E, 0xBE, 0x9E, 0xBE, 0x9E,
    0xBE, 0x9E, 0xBE, 0x9E, 0xDE, 0x9E, 0xDE, 0x9E, 0xDE, 0x9E, 0xDE, 0x9E, 0xDE, 0x9E, 0xDE, 0x9E,
    0xDE, 0x9E, 0xDE, 0x9E, 0xDE, 0x9E, 0xDE, 0x9E, 0xDE, 0x9E, 0xDE, 0x9E, 0xDE, 0x9E, 0xDE, 0x96,
    0xDE, 0x96, 0xDE, 0x96, 0xDE, 0x96, 0xDE, 0x96, 0xDE, 0x96, 0xDE, 0x96, 0xDE, 0x8E, 0xFF, 0x8E,
    0xFF, 0x8E, 0xFF, 0x8E, 0xFF, 0x8E, 0xFF, 0x8E, 0xFF, 0x8E, 0xFF, 0xFF, 0x8E, 0xFF, 0x8E, 0xFF,
    0x8E, 0xFF, 0x8E, 0xFF, 0x8E, 0xFF, 0x8E, 0xFF, 0x8E, 0xFF, 0x87, 0x1F, 0x87, 0x1F, 0x87, 0x1F,
    0x87, 0x1F, 0x8F, 0x1F, 0x8F, 0x3F, 0x86, 0xFE, 0x86, 0xFE, 0x86, 0xFE, 0x86, 0xFF, 0x87, 0x1F,
    0x87, 0x1F, 0x87, 0x1F, 0x8F, 0x1E, 0x8F, 0x1E, 0x8F, 0x1E, 0x8F, 0x1E, 0x8F, 0x1E, 0x8F, 0x1E,
    0x8F, 0x1E, 0x87, 0x1E, 0x87, 0x3E, 0x87, 0x1E, 0x87, 0x3E, 0x87, 0x1E, 0x7E, 0xFE, 0x86, 0xFE,
    0x8F, 0x1E, 0x86, 0xFD, 0x86, 0xDD, 0x86, 0xFE, 0x8F, 0x1E, 0x87, 0x1F, 0x86, 0xFF, 0x8E, 0xFF,
    0x8E, 0xFF, 0x8E, 0xFF, 0x8E, 0xFF, 0x8E, 0xFF, 0x8E, 0xFF, 0x87, 0x1F, 0x87, 0x1F, 0x87, 0x1F,
    0x87, 0x1F, 0x87, 0x1F, 0x87, 0x1F, 0x87, 0x1F, 0x87, 0x1F, 0x87, 0x1F, 0x87, 0x1F, 0x87, 0x1F,
    0x87, 0x1F, 0x87, 0x1F, 0x86, 0xFF, 0x86, 0xDE, 0x86, 0xDE, 0x86, 0x9F, 0xDE, 0x86, 0xDE, 0x86,
    0xDE, 0x86, 0xDE, 0x8E, 0xFE, 0x96, 0xDD, 0x9E, 0xFE, 0x9E, 0xFE, 0xA6, 0xDE, 0xAE, 0xFE, 0xB7,
    0x1F, 0xBF, 0x3F, 0xBF, 0x1D, 0xC7, 0x5E, 0xE7, 0xFF, 0xF7, 0xFF, 0xF7, 0x19, 0xFF, 0x98, 0xF7,
    0xDF, 0xF7, 0xDF, 0xF7, 0xBF, 0xDF, 0x9F, 0xDF, 0x7F, 0xDF, 0x5F, 0xDF, 0x5F, 0xDF, 0x5F, 0xDF,
    0x7F, 0xE7, 0x9F, 0xEF, 0xBF, 0xF7, 0xFF, 0xF7, 0x07, 0xFF, 0xFF, 0xF7, 0xDF, 0xE7, 0x9F, 0xDF,
    0x3E, 0xD6, 0xFE, 0xDF, 0x1E, 0xDF, 0x1E, 0xDF, 0x3D, 0xDF, 0x1E, 0xDF, 0x1E, 0xDF, 0x1E, 0xDF,
    0x1E, 0xDE, 0xFD, 0xDE, 0xFD, 0xDE, 0xFE, 0xE7, 0x3E, 0xDF, 0x1E, 0xDE, 0xFE, 0xD6, 0xFD, 0xCE,
    0xBE, 0xC6, 0x9D, 0xBE, 0x7D, 0xC6, 0x7D, 0xC6, 0x7D, 0xC6, 0x7D, 0xBE, 0x5C, 0xC6, 0xBD, 0xCE,
    0xDE, 0xCE, 0xBD, 0xDE, 0xDD, 0xDE, 0xDD, 0xDE, 0xDD, 0xD6, 0xBD, 0xDE, 0xDD, 0xDE, 0xFD, 0xDE,
    0xFD, 0xDE, 0xFD, 0xDE, 0xFD, 0xDE, 0xFD, 0xDE, 0xFD, 0xDE, 0xFD, 0xDE, 0xFD, 0xE7, 0x1D, 0xE7,
    0x1D, 0xE7, 0x1D, 0xE7, 0x1D, 0xE7, 0x1D, 0xE6, 0xFD, 0xDE, 0xDD, 0xD6, 0x9C, 0xD6, 0x9C, 0xD6,
    0x9C, 0xD6, 0xBC, 0xDE, 0xBD, 0xDE, 0xBD, 0xDE, 0xBC, 0xDE, 0xDC, 0xE7, 0x1D, 0xEF, 0x5E, 0xEF,
    0x5E, 0xEF, 0x5F, 0xF7, 0x7F, 0xF7, 0x7F, 0xEF, 0x5E, 0xEF, 0x5E, 0x99, 0xEF, 0x5E, 0xE7, 0x1D,
    0xE7, 0x1D, 0xE7, 0x1D, 0xE7, 0x1D, 0xEF, 0x1E, 0xE6, 0xFD, 0xE6, 0xDD, 0xEF, 0x1E, 0xEF, 0x1E,
    0xEF, 0x1E, 0xEF, 0x5D, 0xFF, 0xBF, 0x03, 0xFF, 0x80, 0xDF, 0x07, 0xFF, 0x89, 0xDF, 0xFF, 0xDF,
    0xFF, 0xDF, 0xFF, 0xDF, 0xF7, 0x7F, 0xE6, 0x02, 0xDE, 0xFF, 0x9D, 0xDE, 0x9E, 0xD6, 0x5D, 0xCE,
    0x3C, 0xC5, 0xDB, 0xC5, 0xDB, 0xC5, 0xDB, 0xBD, 0xBB, 0xBD, 0xDC, 0xBD, 0xDD, 0xBD, 0xDD, 0xBD,
    0xBC, 0xBD, 0xDD, 0xBD, 0xFD, 0xBD, 0xFE, 0xAD, 0x9D, 0x94, 0xDB, 0x94, 0xDA, 0x94, 0xFB, 0x94,
    0xDA, 0x8C, 0xBA, 0x8C, 0x9A, 0x84, 0x59, 0x7C, 0x38, 0x7C, 0x18, 0x7C, 0x18, 0x73, 0xD7, 0x63,
    0x55, 0x6B, 0x76, 0x63, 0x76, 0x63, 0x56, 0x63, 0x56, 0x63, 0x56, 0xC6, 0x9B, 0xC6, 0x9B, 0xC6,
    0xBC, 0xC6, 0xBC, 0xC6, 0xBC, 0xC6, 0xBC, 0xC6, 0xBC, 0xC6, 0xBC, 0xC6, 0xBC, 0xC6, 0x9C, 0xC6,
    0x9C, 0xC6, 0x9C, 0xC6, 0x9C, 0xC6, 0x9C, 0xC6, 0x9C, 0xBE, 0x9C, 0xBE, 0xBC, 0xBE, 0xBC, 0xBE,
    0xBC, 0xBE, 0xBC, 0xBE, 0xBC, 0xBE, 0xBC, 0xB6, 0xBD, 0xB6, 0x9C, 0xB6, 0x9C, 0xB6, 0x9C, 0xB6,
    0x9C, 0xB6, 0x9C, 0xB6, 0x9C, 0xAE, 0x9D, 0xAE, 0x9D, 0xAE, 0xFF, 0x9D, 0xAE, 0x9D, 0xAE, 0x9D,
    0xAE, 0x9D, 0xAE, 0x9D, 0xA6, 0x9D, 0xA6, 0x9D, 0xA6, 0x9D, 0xA6, 0x9D, 0xA6, 0x9D, 0xA6, 0x9D,
    0xA6, 0x9D, 0xA6, 0xBD, 0xA6, 0xBD, 0xA6, 0xBD, 0xA6, 0xBD, 0xA6, 0xBD, 0xA6, 0xBD, 0xA6, 0xBD,
    0xA6, 0xBD, 0xA6, 0xBD, 0xA6, 0xBD, 0xA6, 0xBD, 0xA6, 0xBD, 0xA6, 0xBD, 0x9E, 0xBD, 0x9E, 0xBE,
    0x9E, 0xBE, 0x9E, 0xBE, 0x9E, 0xBE, 0x9E, 0xBE, 0x9E, 0xBE, 0x9E, 0xDE, 0x9E, 0xDE, 0x9E, 0xDE,
    0x9E, 0xDE, 0x9E, 0xDE, 0x9E, 0xDE, 0x9E, 0xDE, 0x9E, 0xDE, 0x9E, 0xDE, 0x9E, 0xDE, 0x9E, 0xDE,
    0x9E, 0xDE, 0x9E, 0xDE, 0x9E, 0xDE, 0x96, 0xDE, 0x96, 0xDE, 0x96, 0xDE, 0x96, 0xDE, 0x96, 0xDE,
    0x96, 0xDE, 0x96, 0xFE, 0x8E, 0xFF, 0x8E, 0xFF, 0x8E, 0xFF, 0x8E, 0xFF, 0x8E, 0xFF, 0x8E, 0xFF,
    0x8E, 0xFF, 0x8E, 0xFF, 0x8E, 0xFF, 0x8E, 0xFF, 0x8E, 0xFF, 0x8E, 0xFF, 0xFF, 0x8E, 0xFF, 0x8E,
    0xFF, 0x87, 0x1F, 0x87, 0x1F, 0x87, 0x1F, 0x87, 0x1F, 0x8F, 0x1F, 0x8F, 0x3F, 0x9F, 0x3F, 0x97,
    0x3E, 0x97, 0x1E, 0x8E, 0xFD, 0x8E, 0xFD, 0x8E, 0xDD, 0x8E, 0xDD, 0x96, 0xFD, 0x96, 0xFD, 0x96,
    0xFD, 0x96, 0xFD, 0x96, 0xFD, 0x96, 0xFD, 0x96, 0xDD, 0x96, 0xDD, 0x96, 0xDD, 0x96, 0xDC, 0x9F,
    0x1E, 0xA7, 0x3E, 0xAF, 0x9F, 0xAF, 0x5F, 0xA7, 0x1E, 0x9E, 0xFD, 0x96, 0xDD, 0x97, 0x1E, 0x8F,
    0x1E, 0x8F, 0x1E, 0x8F, 0x1F, 0x8E, 0xFF, 0x8E, 0xFF, 0x8E, 0xFF, 0x8E, 0xFF, 0x8E, 0xFF, 0x8E,
    0xFF, 0x87, 0x1F, 0x87, 0x1F, 0x87, 0x1F, 0x87, 0x1F, 0x87, 0x1F, 0x87, 0x1F, 0x87, 0x1F, 0x87,
    0x1F, 0x87, 0x1F, 0x87, 0x1F, 0x87, 0x1F, 0x87, 0x1F, 0x87, 0x1F, 0x86, 0xFF, 0x86, 0xDE, 0x86,
    0xDE, 0x86, 0xDE, 0x86, 0xDE, 0x86, 0xDE, 0x86, 0xDE, 0x8E, 0xDE, 0x96, 0x90, 0xDD, 0x9E, 0xFE,
    0x9E, 0xBD, 0xAE, 0xFE, 0xB7, 0x1F, 0xB7, 0x1F, 0xBF, 0x3F, 0xBF, 0x3E, 0xCF, 0x7F, 0x02, 0xDF,
    0x82, 0xEF, 0xDF, 0xF7, 0x19, 0xFF, 0x98, 0xF7, 0xDF, 0xF7, 0xBF, 0xEF, 0xBF, 0xE7, 0x9F, 0xDF,
    0x7F, 0xDF, 0x5F, 0xDF, 0x5F, 0xDF, 0x5F, 0xDF, 0x7F, 0xE7, 0x9F, 0xEF, 0xBF, 0xF7, 0xFF, 0xF7,
    0x06, 0xFF, 0xB7, 0xDE, 0xF7, 0xBF, 0xE7, 0x7F, 0xDF, 0x3E, 0xDF, 0x1E, 0xDF, 0x1E, 0xDF, 0x1E,
    0xDF, 0x3D, 0xDF, 0x1E, 0xDF, 0x1E, 0xDF, 0x1E, 0xDF, 0x1E, 0xDF, 0x1E, 0xDF, 0x1E, 0xDF, 0x1E,
    0xE7, 0x3E, 0xE7, 0x1E, 0xDF, 0x1E, 0xD6, 0xFE, 0xCE, 0xDE, 0xC6, 0xBD, 0xC6, 0x9D, 0xC6, 0x7D,
    0xC6, 0x7D, 0xC6, 0x7D, 0xBE, 0x5C, 0xCE, 0xBE, 0xCE, 0xFF, 0xD6, 0x02, 0xDE, 0xDE, 0xDD, 0xDE,
    0xDD, 0xDE, 0xDD, 0xD6, 0xBD, 0xDE, 0xDD, 0xDE, 0xFD, 0xDE, 0xFD, 0xDE, 0xFD, 0xDE, 0xFD, 0xDE,
    0xFD, 0xDE, 0xFD, 0xDE, 0xFD, 0xDE, 0xFD, 0xE6, 0xFD, 0xE6, 0xFD, 0xE6, 0xFD, 0xE6, 0xFD, 0xE6,
    0xFD, 0xDE, 0xDD, 0xDE, 0xBC, 0xD6, 0x9C, 0xD6, 0x9C, 0xD6, 0x9C, 0xD6, 0x9C, 0xD6, 0xBC, 0xD6,
    0xBC, 0xD6, 0xBC, 0xDE, 0xDC, 0xDE, 0xFD, 0xE7, 0x3E, 0xE7, 0x1D, 0xE7, 0x3E, 0xEF, 0x3E, 0xEF,
    0x3E, 0xE7, 0x3E, 0xE7, 0x3E, 0xE7, 0x3E, 0xE7, 0x1D, 0xE7, 0x1D, 0xE7, 0x1D, 0xE7, 0x1D, 0xE6,
    0xFD, 0xE6, 0xDD, 0xE6, 0xDC, 0xDE, 0xBC, 0xE6, 0xFD, 0xEF, 0x3E, 0xFF, 0xDF, 0x05, 0xFF, 0x80,
    0xDF, 0x0B, 0xFF, 0xFF, 0xDF, 0xFF, 0xDF, 0xFF, 0x9F, 0xE6, 0xFE, 0xDE, 0x9D, 0xD6, 0x7D, 0xCD,
    0xFC, 0xCD, 0xFC, 0xCD, 0xFB, 0xC5, 0xDB, 0xBD, 0x9A, 0xB5, 0x7B, 0xB5, 0xBC, 0xB5, 0x9C, 0xB5,
    0x9C, 0xB5, 0x7B, 0xB5, 0x7B, 0xB5, 0x9C, 0xAD, 0xBD, 0xA5, 0x5C, 0x8C, 0xBA, 0x94, 0xDA, 0x94,
    0xDB, 0x8C, 0xBA, 0x8C, 0x9A, 0x84, 0x79, 0x7C, 0x39, 0x7C, 0x18, 0x7C, 0x18, 0x73, 0xF7, 0x6B,
    0xB6, 0x63, 0x75, 0x6B, 0x76, 0x63, 0x76, 0x63, 0x56, 0x63, 0x56, 0x63, 0x56, 0xC6, 0x9B, 0xC6,
    0x9B, 0xC6, 0xBC, 0xC6, 0xBC, 0xC6, 0xBC, 0xC6, 0xBC, 0xC6, 0xBC, 0xC6, 0xBC, 0xC6, 0xBC, 0xC6,
    0x9C, 0xC6, 0x9C, 0xC6, 0x9C, 0xC6, 0x9C, 0xC6, 0x9C, 0xC6, 0x9C, 0xBE, 0x9C, 0xB6, 0xBC, 0xBE,
    0xBC, 0xBE, 0xBC, 0xBE, 0xBC, 0xBE, 0xBC, 0xBE, 0xBC, 0xB6, 0xBD, 0xB6, 0x9C, 0xB6, 0x9C, 0xB6,
    0x9C, 0xB6, 0x9C, 0xAE, 0xFF, 0xBC, 0xAE, 0xBC, 0xAE, 0x9D, 0xAE, 0x9D, 0xAE, 0x9D, 0xAE, 0x9D,
    0xAE, 0x9D, 0xAE, 0x9D, 0xAE, 0x9D, 0xA6, 0x9D, 0xA6, 0x9D, 0xA6, 0x9D, 0xA6, 0x9D, 0xA6, 0x9D,
    0xA6, 0x9D, 0xA6, 0x9D, 0xA6, 0xBD, 0xA6, 0xBD, 0xA6, 0xBD, 0xA6, 0xBD, 0xA6, 0xBD, 0xA6, 0xBD,
    0xA6, 0xBD, 0xA6, 0xBD, 0xA6, 0xBD, 0xA6, 0xBD, 0xA6, 0xBD, 0xA6, 0xBD, 0xA6, 0xBD, 0x9E, 0xBD,
    0x9E, 0xBE, 0x9E, 0xBE, 0x9E, 0xBE, 0x9E, 0xBE, 0x9E, 0xBE, 0x9E, 0xBE, 0x9E, 0xDE, 0x9E, 0xDE,
    0x9E, 0xDE, 0x9E, 0xDE, 0x9E, 0xDE, 0x9E, 0xDE, 0x9E, 0xDE, 0x9E, 0xDE, 0x9E, 0xDE, 0x9E, 0xDE,
    0x9E, 0xDE, 0x9E, 0xDE, 0x9E, 0xDE, 0x9E, 0xDE, 0x96, 0xDE, 0x96, 0xDE, 0x96, 0xDE, 0x96, 0xDE,
    0x96, 0xDE, 0x96, 0xDE, 0x96, 0xDE, 0x8E, 0xFF, 0x8E, 0xFF, 0x8E, 0xFF, 0x8E, 0xFF, 0x8E, 0xFF,
    0x8E, 0xFF, 0x8E, 0xFF, 0x8E, 0x98, 0xFF, 0x8E, 0xFF, 0x8E, 0xFF, 0x8E, 0xFF, 0x8E, 0xFF, 0x8E,
    0xFF, 0x8E, 0xFF, 0x87, 0x1F, 0x87, 0x1F, 0x87, 0x1F, 0x87, 0x1F, 0x8F, 0x1F, 0x8F, 0x3F, 0x02,
    0xBF, 0xFF, 0xC7, 0xBF, 0xC7, 0xDF, 0xC7, 0xBF, 0xB7, 0x5F, 0xB7, 0x3E, 0xAF, 0x1D, 0x9E, 0xFD,
    0x9E, 0xFD, 0xA6, 0xFD, 0xAF, 0x1E, 0xAF, 0x1E, 0xAF, 0x1E, 0xBF, 0x1E, 0xCF, 0x1E, 0xCF, 0x1E,
    0xCF, 0x1E, 0xCF, 0x3F, 0xD7, 0x5F, 0xDF, 0xBF, 0xDF, 0xBF, 0xD7, 0x7F, 0xBF, 0x3F, 0xB7, 0x3E,
    0xA7, 0x3E, 0x97, 0x3E, 0x8F, 0x1D, 0x8E, 0xFF, 0x8E, 0xFF, 0x8E, 0xFF, 0x8E, 0xFF, 0x8E, 0xFF,
    0x8E, 0xFF, 0x8E, 0xFF, 0x87, 0x1F, 0x87, 0x1F, 0x87, 0x1F, 0x87, 0x1F, 0x87, 0x1F, 0x87, 0x1F,
    0x87, 0x1F, 0x87, 0x1F, 0x87, 0x1F, 0x87, 0x1F, 0x87, 0x1F, 0x87, 0x1F, 0x87, 0x1F, 0x86, 0xFF,
    0x86, 0xDE, 0x86, 0xDE, 0x86, 0xDE, 0x86, 0xDE, 0x86, 0xDE, 0x86, 0xDE, 0x8E, 0xDE, 0x9E, 0xFE,
    0xB7, 0x7F, 0xAF, 0x3F, 0xB7, 0x1F, 0xB7, 0x1F, 0xBF, 0x1F, 0xBF, 0x1F, 0xC7, 0x7F, 0xCF, 0x9F,
    0xDF, 0xBF, 0x83, 0xDF, 0x9E, 0xEF, 0xDF, 0x18, 0xFF, 0x98, 0xF7, 0xBF, 0xEF, 0x9E, 0xEF, 0x9F,
    0xE7, 0x9F, 0xDF, 0x7F, 0xDF, 0x5F, 0xDF, 0x5F, 0xDF, 0x5F, 0xDF, 0x7F, 0xE7, 0x9F, 0xEF, 0xBF,
    0xF7, 0xFF, 0xF7, 0x04, 0xFF, 0xB9, 0xDE, 0xF7, 0xBD, 0xEF, 0x9E, 0xDF, 0x5E, 0xDF, 0x3E, 0xDF,
    0x1E, 0xDF, 0x1E, 0xDF, 0x1E, 0xDF, 0x3D, 0xDF, 0x1E, 0xDF, 0x1E, 0xDF, 0x1E, 0xDF, 0x1E, 0xE7,
    0x1E, 0xE7, 0x1E, 0xE7, 0x1E, 0xEF, 0x5F, 0xE7, 0x3F, 0xDF, 0x3E, 0xDF, 0x1E, 0xCE, 0xFE, 0xCE,
    0xDE, 0xC6, 0x9E, 0xC6, 0x9D, 0xC6, 0x7D, 0xC6, 0x7D, 0xC6, 0x7D, 0xCE, 0xDE, 0xD7, 0x1F, 0xD6,
    0x02, 0xDE, 0xDC, 0xDD, 0xDE, 0xDD, 0xDE, 0xDD, 0xD6, 0xBD, 0xDE, 0xDD, 0xDE, 0xFD, 0xDE, 0xFD,
    0xDE, 0xFD, 0xDE, 0xFD, 0xDE, 0xFD, 0xDE, 0xFD, 0xDE, 0xFD, 0xDE, 0xFD, 0xDE, 0xDD, 0xDE, 0xDD,
    0xDE, 0xDD, 0xDE, 0xDD, 0xDE, 0xDD, 0xDE, 0xDC, 0xD6, 0xBC, 0xD6, 0x9C, 0xD6, 0x9C, 0xD6, 0x9C,
    0xD6, 0x9C, 0xD6, 0x9C, 0xD6, 0x9C, 0xD6, 0x9C, 0xDE, 0xBC, 0xDE, 0xDC, 0xDE, 0xFD, 0xDE, 0xDC,
    0xDE, 0xDD, 0xE6, 0xFD, 0xE7, 0x1D, 0xE6, 0xFD, 0xE6, 0xFD, 0xE6, 0xFD, 0xE7, 0x1D, 0xE7, 0x1D,
    0xE7, 0x1D, 0xE6, 0xFD, 0xE6, 0xFD, 0xDE, 0xBC, 0xDE, 0xBC, 0xDE, 0xBC, 0xEF, 0x1D, 0xF7, 0x7F,
    0x05, 0xFF, 0x80, 0xDF, 0x0B, 0xFF, 0xFF, 0xDF, 0xFF, 0x9F, 0xF7, 0x7F, 0xF7, 0x5F, 0xDE, 0xBD,
    0xD6, 0x5C, 0xD6, 0x3C, 0xCE, 0x1C, 0xDE, 0x7D, 0xFF, 0xBF, 0xEF, 0x1F, 0xD6, 0x3C, 0xB5, 0x7A,
    0xB5, 0x9B, 0xAD, 0x5B, 0xAD, 0x3A, 0xA5, 0x1A, 0xA5, 0x3A, 0xAD, 0x5A, 0xA5, 0x5B, 0x9D, 0x1B,
    0x8C, 0x9A, 0x8C, 0xBA, 0x8C, 0xBA, 0x8C, 0x9A, 0x8C, 0x99, 0x84, 0x59, 0x7C, 0x18, 0x7C, 0x18,
    0x73, 0xD7, 0x6B, 0xB7, 0x6B, 0x96, 0x63, 0x76, 0x6B, 0x76, 0x63, 0x76, 0x63, 0x56, 0x63, 0x56,
    0x63, 0x56, 0xCE, 0xBB, 0xCE, 0xBB, 0xCE, 0xBC, 0xCE, 0xBC, 0xCE, 0xBC, 0xCE, 0xBC, 0xCE, 0xBC,
    0xCE, 0xBC, 0xCE, 0xBC, 0xC6, 0x9C, 0xC6, 0xBC, 0xC6, 0xBC, 0xC6, 0xBC, 0xC6, 0xBC, 0xC6, 0xBC,
    0xC6, 0xBC, 0xBE, 0xBD, 0xBE, 0xBD, 0xBE, 0xBD, 0xBE, 0x9C, 0xBE, 0x9C, 0xBE, 0x9C, 0xBE, 0x9D,
    0xB6, 0xBD, 0xB6, 0xBD, 0xB6, 0xBD, 0xB6, 0xFF, 0x9C, 0xB6, 0x9C, 0xB6, 0x9C, 0xAE, 0x9D, 0xAE,
    0xBD, 0xAE, 0xBD, 0xAE, 0xBD, 0xAE, 0xBD, 0xAE, 0xBD, 0xAE, 0xBD, 0xAE, 0xBD, 0xAE, 0xBD, 0xAE,
    0xBD, 0xAE, 0xBD, 0xAE, 0xBD, 0xAE, 0xBD, 0xAE, 0xBD, 0xA6, 0xBD, 0xA6, 0xBD, 0xA6, 0xBD, 0xA6,
    0xDD, 0xA6, 0xDD, 0xA6, 0xDD, 0xA6, 0xDD, 0xA6, 0xDE, 0xA6, 0xDE, 0xA6, 0xDE, 0xA6, 0xDE, 0xA6,
    0xDE, 0xA6, 0xDE, 0xA6, 0xDE, 0xA6, 0xDE, 0xA6, 0xDE, 0xA6, 0xDE, 0xA6, 0xDE, 0xA6, 0xDE, 0xA6,
    0xDE, 0xA6, 0xBE, 0xA6, 0xDE, 0xA6, 0xDE, 0x9E, 0xDE, 0x9E, 0xDE, 0x9E, 0xFE, 0x96, 0xFE, 0x96,
    0xFE, 0x96, 0xFE, 0x96, 0xFF, 0x96, 0xFF, 0x96, 0xFF, 0x96, 0xFF, 0x96, 0xFF, 0x96, 0xFF, 0x96,
    0xFF, 0x96, 0xFF, 0x8E, 0xDF, 0x8E, 0xFF, 0x8E, 0xFF, 0x8E, 0xFF, 0x8F, 0x1E, 0x8F, 0x1E, 0x8F,
    0x1E, 0x8F, 0x1E, 0x8F, 0x1E, 0x8F, 0x1E, 0x8F, 0xC9, 0x1F, 0x87, 0x3F, 0x87, 0x3F, 0x87, 0x3F,
    0x87, 0x1F, 0x87, 0x1F, 0x87, 0x1F, 0x87, 0x3F, 0x87, 0x3F, 0x87, 0x3F, 0x87, 0x3F, 0x87, 0x5F,
    0x87, 0x5F, 0x8F, 0x3F, 0x9E, 0xFE, 0xAF, 0x3E, 0xBF, 0x9F, 0xC7, 0xDF, 0xCF, 0xFF, 0xD7, 0xFF,
    0xDF, 0xFF, 0xE7, 0x9F, 0xE7, 0xBF, 0xE7, 0xBF, 0xE7, 0xDF, 0xE7, 0xDF, 0xE7, 0xDF, 0xF7, 0xBF,
    0xFF, 0xBF, 0xFF, 0xBF, 0xFF, 0xBF, 0xF7, 0x5F, 0xF7, 0x7F, 0xFF, 0x9F, 0xFF, 0xBF, 0xF7, 0xDF,
    0xF7, 0xDF, 0xEF, 0x02, 0xDF, 0xD6, 0x5E, 0xCE, 0xDC, 0xBE, 0x9B, 0xCF, 0x5E, 0xC7, 0x5D, 0xBF,
    0x3E, 0xA6, 0xFE, 0x96, 0x9D, 0x8E, 0x9E, 0x8F, 0x1F, 0x8E, 0xFF, 0x8E, 0xFF, 0x87, 0x1F, 0x87,
    0x1F, 0x87, 0x1F, 0x87, 0x1F, 0x87, 0x1F, 0x87, 0x1F, 0x87, 0x1F, 0x87, 0x1F, 0x87, 0x1F, 0x87,
    0x1F, 0x87, 0x1F, 0x86, 0xFF, 0x86, 0xFE, 0x86, 0xFE, 0x86, 0xFE, 0x8E, 0xFF, 0x8F, 0x1F, 0x8F,
    0x3F, 0x8F, 0x1E, 0x9F, 0x3D, 0xC7, 0xBF, 0xDF, 0xFF, 0xE7, 0xFF, 0xD7, 0xDF, 0xC7, 0x9E, 0xC7,
    0x9F, 0xBF, 0x5D, 0xC7, 0x5E, 0xD7, 0xBF, 0xDF, 0x5E, 0xE7, 0x5D, 0xEF, 0x5D, 0x10, 0xFF, 0x9C,
    0xF7, 0xFF, 0xF7, 0xFF, 0xEF, 0xDF, 0xEF, 0x9F, 0xEF, 0x9F, 0xE7, 0x7F, 0xD7, 0x7F, 0xD7, 0x7F,
    0xD7, 0x7F, 0xD7, 0x7F, 0xD7, 0x7F, 0xDF, 0x9F, 0xE7, 0x9F, 0xEF, 0xBE, 0xF7, 0x07, 0xFF, 0xFF,
    0xEF, 0x7D, 0xDF, 0x3D, 0xE7, 0x5F, 0xE7, 0x5F, 0xE7, 0x5F, 0xDF, 0x3E, 0xDF, 0x3E, 0xDF, 0x3E,
    0xDF, 0x1D, 0xDF, 0x1D, 0xE7, 0x3E, 0xE7, 0x5E, 0xE7, 0x5E, 0xE7, 0x5E, 0xE7, 0x5E, 0xE7, 0x5E,
    0xE7, 0x5E, 0xE7, 0x5E, 0xDF, 0x3E, 0xD6, 0xFD, 0xD6, 0xDD, 0xCE, 0x9C, 0xCE, 0x9C, 0xCE, 0x9C,
    0xCE, 0x9C, 0xD6, 0xDD, 0xD6, 0xDD, 0xD6, 0xDD, 0xD6, 0xDD, 0xD6, 0xDD, 0xDE, 0xDD, 0xD6, 0xDD,
    0xD6, 0xDD, 0xDE, 0xDD, 0xDE, 0xFD, 0xDE, 0xFE, 0xDE, 0xFD, 0xDE, 0xFD, 0xDE, 0xDC, 0xD6, 0xBC,
    0xD6, 0xBC, 0xD6, 0xBC, 0xCE, 0x7C, 0xCE, 0x7C, 0xCE, 0x7C, 0xD6, 0x9C, 0xD6, 0x9D, 0xD6, 0x9D,
    0xD6, 0x9C, 0xDE, 0xBD, 0xD6, 0x9C, 0xCE, 0x7B, 0xCE, 0x5B, 0xD6, 0x7C, 0xD6, 0x7C, 0xD6, 0x9C,
    0xD6, 0x9C, 0xD6, 0x9C, 0xD6, 0x9C, 0xDE, 0xDD, 0xDE, 0xDD, 0xDE, 0xDD, 0xDE, 0xDD, 0xDE, 0xFD,
    0x99, 0xDE, 0xFD, 0xDE, 0xFD, 0xDE, 0xDD, 0xE6, 0xFD, 0xE7, 0x3E, 0xE6, 0xFE, 0xDE, 0xBE, 0xDE,
    0xBD, 0xDE, 0xBD, 0xE6, 0xFD, 0xF7, 0x7F, 0xFF, 0xBF, 0xFF, 0xDF, 0x03, 0xFF, 0x82, 0xDF, 0xFF,
    0xDF, 0x06, 0xFF, 0xFF, 0xF7, 0x7F, 0xF7, 0x5F, 0xEF, 0x1E, 0xEE, 0xFE, 0xE6, 0xDF, 0xD6, 0x5D,
    0xCE, 0x1C, 0xC5, 0xFB, 0xC6, 0x1C, 0xE6, 0xFF, 0xE6, 0xFF, 0xE7, 0x3F, 0xCE, 0x9D, 0xA5, 0x7A,
    0xAD, 0x7C, 0xA5, 0x5B, 0xA5, 0x5B, 0x9D, 0x3B, 0x9D, 0x1A, 0x9D, 0x1A, 0x8C, 0xDA, 0x84, 0x79,
    0x84, 0x58, 0x7C, 0x38, 0x84, 0x79, 0x84, 0x79, 0x84, 0x58, 0x7C, 0x18, 0x73, 0xD7, 0x73, 0xB6,
    0x6B, 0x76, 0x6B, 0x76, 0x6B, 0x76, 0x6B, 0x76, 0x63, 0x56, 0x63, 0x56, 0x63, 0x56, 0x63, 0x56,
    0x63, 0x56, 0xCE, 0xBB, 0xCE, 0xBB, 0xCE, 0xBC, 0xCE, 0xBC, 0xCE, 0xBC, 0xCE, 0xBC, 0xCE, 0xBC,
    0xCE, 0xBC, 0xCE, 0xBC, 0xC6, 0xBC, 0xC6, 0xBC, 0xC6, 0xBC, 0xC6, 0xBC, 0xC6, 0xBC, 0xC6, 0xBC,
    0xC6, 0xBC, 0xC6, 0xBD, 0xC6, 0xBD, 0xC6, 0xBD, 0xBE, 0x9C, 0xBE, 0x9C, 0xBE, 0x9C, 0xBE, 0x9D,
    0xBE, 0xBD, 0xBE, 0xBD, 0xFF, 0xBE, 0xBD, 0xB6, 0x9C, 0xB6, 0x9C, 0xB6, 0x9C, 0xAE, 0xBC, 0xAE,
    0xBC, 0xAE, 0xBC, 0xAE, 0xBC, 0xAE, 0xBC, 0xAE, 0xBC, 0xAE, 0xBD, 0xAE, 0xBD, 0xAE, 0xBD, 0xAE,
    0xBD, 0xAE, 0xBD, 0xAE, 0xBD, 0xAE, 0xBD, 0xAE, 0xBD, 0xA6, 0xBD, 0xA6, 0xBD, 0xA6, 0xBD, 0xA6,
    0xDD, 0xA6, 0xDD, 0xA6, 0xDD, 0xA6, 0xDD, 0xA6, 0xDE, 0xA6, 0xDE, 0xA6, 0xDE, 0xA6, 0xDE, 0xA6,
    0xDE, 0xA6, 0xDE, 0xA6, 0xDE, 0xA6, 0xDE, 0xA6, 0xDE, 0xA6, 0xDE, 0xA6, 0xDE, 0xA6, 0xDE, 0xA6,
    0xDE, 0xA6, 0xBE, 0xA6, 0xBE, 0xA6, 0xBE, 0x9E, 0xDE, 0x9E, 0xDE, 0x9E, 0xFE, 0x96, 0xFE, 0x96,
    0xFE, 0x96, 0xFE, 0x96, 0xFF, 0x96, 0xFF, 0x96, 0xFF, 0x96, 0xFF, 0x96, 0xFF, 0x96, 0xFF, 0x96,
    0xFF, 0x96, 0xFF, 0x8E, 0xFF, 0x8E, 0xFF, 0x8E, 0xFF, 0x8F, 0x1F, 0x87, 0x1E, 0x87, 0x1E, 0x87,
    0x1E, 0x8F, 0x3E, 0x8F, 0x3E, 0xFF, 0x8F, 0x3E, 0x8F, 0x3E, 0x87, 0x3F, 0x87, 0x3F, 0x87, 0x3F,
    0x87, 0x1F, 0x87, 0x1F, 0x87, 0x1F, 0x87, 0x3F, 0x87, 0x3F, 0x87, 0x3F, 0x87, 0x3F, 0x8F, 0x5F,
    0x8F, 0x5F, 0x8F, 0x3F, 0x97, 0x1F, 0x97, 0x1F, 0xA7, 0x3E, 0xA7, 0x1E, 0xA6, 0xFD, 0xB7, 0x3D,
    0xBF, 0x7E, 0xC7, 0x1E, 0xC7, 0x1E, 0xC7, 0x3E, 0xC7, 0x3E, 0xC7, 0x3E, 0xC7, 0x3E, 0xCF, 0x3E,
    0xD7, 0x3E, 0xD7, 0x3E, 0xD7, 0x3E, 0xDF, 0x9F, 0xE7, 0xBF, 0xE7, 0xBF, 0xE7, 0xDF, 0xEF, 0xBF,
    0xEF, 0xBF, 0xEF, 0xBF, 0xEF, 0xFF, 0xEF, 0xDF, 0xE7, 0xBF, 0xEF, 0xFF, 0xE7, 0xFF, 0xDF, 0xFF,
    0xCF, 0xFF, 0xBF, 0xDF, 0xA7, 0x5F, 0x8E, 0xDF, 0x8E, 0xFF, 0x8E, 0xFF, 0x87, 0x1F, 0x87, 0x1F,
    0x87, 0x1F, 0x87, 0x1F, 0x87, 0x1F, 0x87, 0x1F, 0x87, 0x1F, 0x87, 0x1F, 0x87, 0x1F, 0x87, 0x1F,
    0x87, 0x1F, 0x86, 0xFF, 0x86, 0xFE, 0xA5, 0x86, 0xFE, 0x86, 0xFE, 0x87, 0x1F, 0x87, 0x1F, 0x8F,
    0x3F, 0x8F, 0x3F, 0x97, 0x1D, 0xB7, 0x3E, 0xC7, 0x5E, 0xD7, 0x7F, 0xC7, 0x7E, 0xBF, 0x7E, 0xBF,
    0x9E, 0xBF, 0x7E, 0xC7, 0x5E, 0xD7, 0x7E, 0xEF, 0xBF, 0xF7, 0xBF, 0xFF, 0xBF, 0x0E, 0xFF, 0x9D,
    0xF7, 0xFF, 0xF7, 0xFF, 0xF7, 0xDF, 0xEF, 0xDF, 0xEF, 0x9F, 0xE7, 0x7F, 0xE7, 0x7F, 0xD7, 0x7F,
    0xD7, 0x7F, 0xD7, 0x7F, 0xD7, 0x7F, 0xD7, 0x7F, 0xDF, 0x9F, 0xE7, 0xBF, 0xF7, 0xBF, 0x08, 0xFF,
    0xFF, 0xEF, 0x9E, 0xE7, 0x5E, 0xE7, 0x5F, 0xE7, 0x5F, 0xE7, 0x5F, 0xDF, 0x3E, 0xDF, 0x3E, 0xDF,
    0x3E, 0xDF, 0x1D, 0xDF, 0x1D, 0xE7, 0x3E, 0xE7, 0x5E, 0xE7, 0x5E, 0xE7, 0x5E, 0xE7, 0x5E, 0xE7,
    0x5E, 0xE7, 0x5E, 0xE7, 0x5E, 0xE7, 0x3E, 0xDF, 0x1D, 0xDE, 0xFC, 0xD6, 0xDC, 0xD6, 0xBC, 0xD6,
    0xBC, 0xD6, 0xBC, 0xDE, 0xFD, 0xDE, 0xFD, 0xDE, 0xFD, 0xDE, 0xFD, 0xDE, 0xFD, 0xDE, 0xFD, 0xDE,
    0xDD, 0xDE, 0xFD, 0xDE, 0xDD, 0xD6, 0xDD, 0xDE, 0xDD, 0xD6, 0xDD, 0xD6, 0xBC, 0xD6, 0xBC, 0xD6,
    0xBC, 0xD6, 0xBC, 0xD6, 0xBC, 0xCE, 0x7C, 0xCE, 0x7C, 0xCE, 0x7C, 0xCE, 0x7C, 0xCE, 0x9D, 0xCE,
    0x9D, 0xCE, 0x9C, 0xD6, 0x9D, 0xD6, 0x9C, 0xD6, 0x7C, 0xD6, 0x7C, 0xD6, 0x9C, 0xD6, 0x9C, 0xD6,
    0xBC, 0xDE, 0xBD, 0xDE, 0xBD, 0xDE, 0xBD, 0xDE, 0xDD, 0xDE, 0xDD, 0xDE, 0xDD, 0xDE, 0xDD, 0xDE,
    0xFD, 0x9B, 0xDE, 0xFD, 0xDE, 0xFD, 0xDE, 0xDD, 0xE6, 0xFE, 0xE7, 0x1E, 0xE6, 0xFE, 0xDE, 0xBE,
    0xDE, 0xBE, 0xDE, 0xBD, 0xEF, 0x3F, 0xFF, 0x9F, 0xFF, 0xDF, 0xFF, 0xBF, 0xFF, 0xDF, 0x03, 0xFF,
    0x80, 0xDF, 0x03, 0xFF, 0x89, 0xDF, 0xFF, 0xDF, 0xF7, 0x7F, 0xF7, 0x3F, 0xEE, 0xFE, 0xE6, 0x02,
    0xDE, 0xFF, 0x9E, 0xD6, 0x3D, 0xCE, 0x1D, 0xCE, 0x1C, 0xC5, 0xFC, 0xD6, 0x7E, 0xD6, 0xBE, 0xD6,
    0xDF, 0xC6, 0x7D, 0xA5, 0x9A, 0xA5, 0x7C, 0xA5, 0x5C, 0x9D, 0x3B, 0x9D, 0x3B, 0x9D, 0x3B, 0x95,
    0x1A, 0x94, 0xDA, 0x8C, 0x99, 0x84, 0x59, 0x84, 0x58, 0x84, 0x79, 0x84, 0x59, 0x84, 0x58, 0x7C,
    0x18, 0x73, 0xD7, 0x73, 0xB6, 0x6B, 0x76, 0x6B, 0x76, 0x6B, 0x76, 0x6B, 0x76, 0x63, 0x56, 0x63,
    0x56, 0x63, 0x56, 0x63, 0x56, 0x63, 0x56, 0xCE, 0xBB, 0xCE, 0xBB, 0xCE, 0xBC, 0xCE, 0xBC, 0xCE,
    0xBC, 0xCE, 0xBC, 0xCE, 0xBC, 0xCE, 0xBC, 0xCE, 0xBC, 0xC6, 0xBC, 0xC6, 0xBC, 0xC6, 0xBC, 0xC6,
    0xBC, 0xC6, 0xBC, 0xC6, 0xBC, 0xC6, 0xBC, 0xC6, 0xBD, 0xC6, 0xBD, 0xC6, 0xBD, 0xBE, 0x9C, 0xBE,
    0x9C, 0xBE, 0x9C, 0xBE, 0x9D, 0xBE, 0xBD, 0xBE, 0xBD, 0xBE, 0xBD, 0xB6, 0x9C, 0xB6, 0x9C, 0xB6,
    0x9C, 0xAE, 0xFF, 0xBC, 0xAE, 0xBC, 0xAE, 0xBC, 0xAE, 0xBC, 0xAE, 0xBC, 0xAE, 0xBC, 0xAE, 0xBD,
    0xAE, 0xBD, 0xAE, 0xBD, 0xAE, 0xBD, 0xAE, 0xBD, 0xAE, 0xBD, 0xAE, 0xBD, 0xAE, 0xBD, 0xA6, 0xBD,
    0xA6, 0xBD, 0xA6, 0xBD, 0xA6, 0xDD, 0xA6, 0xDD, 0xA6, 0xDD, 0xA6, 0xDD, 0xA6, 0xDE, 0xA6, 0xDE,
    0xA6, 0xDE, 0xA6, 0xDE, 0xA6, 0xDE, 0xA6, 0xDE, 0xA6, 0xDE, 0xA6, 0xDE, 0xA6, 0xDE, 0xA6, 0xDE,
    0xA6, 0xDE, 0xA6, 0xDE, 0xA6, 0xDE, 0xA6, 0xBE, 0xA6, 0xBE, 0xA6, 0xDE, 0x9E, 0xDE, 0x9E, 0xDE,
    0x9E, 0xFE, 0x96, 0xFE, 0x96, 0xFE, 0x96, 0xFF, 0x96, 0xFE, 0x96, 0xFE, 0x96, 0xFF, 0x96, 0xFF,
    0x96, 0xFE, 0x9E, 0xDE, 0x9E, 0xDE, 0x9E, 0xFE, 0x96, 0xFF, 0x97, 0x1F, 0x97, 0x1F, 0x8F, 0x1F,
    0x87, 0x1E, 0x87, 0x1E, 0x87, 0x1E, 0x8F, 0x3F, 0x8F, 0x3F, 0x87, 0x3F, 0x8F, 0x3F, 0x8F, 0x3F,
    0x8F, 0x3F, 0x8F, 0xD1, 0x3F, 0x87, 0x1F, 0x87, 0x1F, 0x87, 0x1F, 0x8F, 0x1E, 0x8F, 0x1E, 0x8F,
    0x1E, 0x8F, 0x3F, 0x8F, 0x3F, 0x8F, 0x3F, 0x8F, 0x3F, 0x97, 0x3F, 0x8F, 0x1F, 0x8E, 0xDE, 0x8E,
    0xFE, 0x96, 0xDD, 0x9E, 0xFD, 0x9F, 0x1D, 0x96, 0xDC, 0x96, 0xFD, 0x96, 0xFD, 0x97, 0x1D, 0x97,
    0x1D, 0x97, 0x1D, 0x9E, 0xFD, 0x9E, 0xFD, 0x9E, 0xFD, 0x9E, 0xFD, 0x9E, 0xDC, 0x9E, 0xFD, 0x9F,
    0x1D, 0xA6, 0xFD, 0xAE, 0xDD, 0xAE, 0xDD, 0xAE, 0xDD, 0xC7, 0x7F, 0xC7, 0x9F, 0xCF, 0x9F, 0xCF,
    0xFF, 0xC7, 0xDF, 0xBF, 0xDF, 0xAF, 0x02, 0x9F, 0xC3, 0x1F, 0x8E, 0xFF, 0x8F, 0x1F, 0x8E, 0xFF,
    0x87, 0x1F, 0x87, 0x1F, 0x87, 0x1F, 0x87, 0x1F, 0x87, 0x1F, 0x87, 0x1F, 0x87, 0x1F, 0x87, 0x1F,
    0x87, 0x1F, 0x87, 0x1F, 0x87, 0x1F, 0x87, 0x1F, 0x86, 0xFF, 0x86, 0xFE, 0x86, 0xFE, 0x86, 0xFE,
    0x87, 0x1F, 0x87, 0x1F, 0x8F, 0x3F, 0x97, 0x3F, 0x97, 0x1F, 0xA6, 0xDE, 0xA6, 0xDD, 0xAE, 0xFD,
    0xB7, 0x3E, 0xB7, 0x7F, 0xBF, 0x9F, 0xCF, 0x9E, 0xD7, 0xBE, 0xDF, 0x7E, 0xF7, 0x13, 0xFF, 0x9D,
    0xF7, 0xFF, 0xF7, 0xDF, 0xEF, 0xDF, 0xEF, 0xBF, 0xE7, 0x9F, 0xE7, 0x7E, 0xDF, 0x7E, 0xDF, 0x7E,
    0xD7, 0x7E, 0xD7, 0x7E, 0xD7, 0x7E, 0xD7, 0x7F, 0xDF, 0x9F, 0xE7, 0xBF, 0xF7, 0xDF, 0x04, 0xFF,
    0x80, 0xF7, 0x03, 0xFF, 0xFF, 0xF7, 0xBF, 0xE7, 0x7E, 0xE7, 0x5F, 0xE7, 0x5F, 0xE7, 0x5F, 0xDF,
    0x3E, 0xDF, 0x3E, 0xDF, 0x3E, 0xDF, 0x1D, 0xDF, 0x1D, 0xE7, 0x3E, 0xE7, 0x5E, 0xE7, 0x5E, 0xE7,
    0x5E, 0xE7, 0x5E, 0xE7, 0x5E, 0xE7, 0x5E, 0xE7, 0x5E, 0xE7, 0x3E, 0xE7, 0x3E, 0xDF, 0x1D, 0xDF,
    0x1D, 0xDE, 0xFD, 0xDE, 0xFD, 0xDE, 0xFD, 0xDF, 0x1D, 0xDF, 0x1D, 0xDF, 0x1D, 0xDE, 0xFD, 0xDE,
    0xFE, 0xDE, 0xFE, 0xDE, 0xFE, 0xDF, 0x1E, 0xDE, 0xDD, 0xD6, 0xDD, 0xD6, 0xBC, 0xCE, 0x9C, 0xCE,
    0x7C, 0xCE, 0x7B, 0xCE, 0x7C, 0xCE, 0x7C, 0xCE, 0x7C, 0xCE, 0x5C, 0xCE, 0x5C, 0xCE, 0x5C, 0xCE,
    0x7C, 0xCE, 0x7C, 0xCE, 0x7C, 0xCE, 0x7C, 0xD6, 0x7C, 0xD6, 0x7C, 0xD6, 0x9C, 0xD6, 0x9C, 0xDE,
    0xBD, 0xDE, 0xDD, 0xDE, 0xDD, 0xDE, 0xDD, 0xDE, 0xDD, 0xDE, 0xDD, 0xDE, 0xDD, 0xDE, 0xDD, 0xDE,
    0xDD, 0xDE, 0xDD, 0xDE, 0xFD, 0x89, 0xDE, 0xFD, 0xDE, 0xFD, 0xDE, 0xFD, 0xDE, 0xFD, 0xDE, 0xDD,
    0x03, 0xDE, 0xFF, 0xBE, 0xDE, 0xBD, 0xDE, 0xBD, 0xDE, 0x9C, 0xE6, 0xFD, 0xEF, 0x3D, 0xEF, 0x5D,
    0xFF, 0x9F, 0xFF, 0xDF, 0xFF, 0xDF, 0xFF, 0xDF, 0xFF, 0xBF, 0xF7, 0x7E, 0xEF, 0x3E, 0xEF, 0x1E,
    0xE6, 0xDD, 0xDE, 0x9D, 0xDE, 0x7E, 0xD6, 0x3D, 0xCE, 0x1D, 0xD6, 0x3D, 0xC5, 0xFC, 0xBD, 0xFB,
    0xC6, 0x3C, 0xBE, 0x3C, 0xB5, 0xFB, 0xA5, 0x7A, 0xA5, 0x5C, 0x9D, 0x3B, 0x9D, 0x3B, 0x9D, 0x3B,
    0x9D, 0x3B, 0x95, 0x1A, 0x94, 0xDA, 0x8C, 0x9A, 0x84, 0x79, 0x84, 0x79, 0x84, 0x58, 0x7C, 0x38,
    0x7C, 0x38, 0x7C, 0x18, 0x73, 0xD7, 0x73, 0xB6, 0x6B, 0x76, 0x6B, 0x76, 0x6B, 0x76, 0x6B, 0x76,
    0x6B, 0x76, 0x6B, 0x77, 0x6B, 0x77, 0x6B, 0x77, 0x6B, 0x77, 0xCE, 0xBB, 0xCE, 0xBB, 0xCE, 0xBC,
    0xCE, 0xBC, 0xCE, 0xBC, 0xCE, 0xBC, 0xCE, 0xBC, 0xCE, 0xBC, 0xCE, 0xBC, 0xC6, 0xBC, 0xC6, 0xBC,
    0xC6, 0xBC, 0xC6, 0xFF, 0xBC, 0xC6, 0xBC, 0xC6, 0xBC, 0xC6, 0xBC, 0xC6, 0xBD, 0xC6, 0xBD, 0xC6,
    0xBD, 0xBE, 0x9C, 0xBE, 0x9C, 0xBE, 0x9C, 0xBE, 0x9D, 0xBE, 0xBD, 0xBE, 0xBD, 0xBE, 0xBD, 0xB6,
    0x9C, 0xB6, 0x9C, 0xB6, 0x9C, 0xAE, 0xBC, 0xAE, 0xBC, 0xAE, 0xBC, 0xAE, 0xBC, 0xAE, 0xBC, 0xAE,
    0xBC, 0xAE, 0xBD, 0xAE, 0xBD, 0xAE, 0xBD, 0xAE, 0xBD, 0xAE, 0xBD, 0xAE, 0xBD, 0xAE, 0xBD, 0xAE,
    0xBD, 0xA6, 0xBD, 0xA6, 0xBD, 0xA6, 0xBD, 0xA6, 0xDD, 0xA6, 0xDD, 0xA6, 0xDD, 0xA6, 0xDD, 0xA6,
    0xDE, 0xA6, 0xDE, 0xA6, 0xDE, 0xA6, 0xDE, 0xA6, 0xDE, 0xA6, 0xDE, 0xA6, 0xDE, 0xA6, 0xDE, 0xA6,
    0xDE, 0xA6, 0xDE, 0xA6, 0xDE, 0xA6, 0xDE, 0xA6, 0xDE, 0xA6, 0xBD, 0xA6, 0xBD, 0xA6, 0xDE, 0xA6,
    0xDE, 0x9E, 0xFE, 0x9E, 0xFE, 0x96, 0xFE, 0x96, 0xFE, 0x96, 0xFE, 0x9E, 0xFE, 0x9E, 0xFD, 0xA6,
    0xDD, 0xA6, 0xDD, 0xA6, 0xFF, 0xDD, 0xA6, 0xDD, 0xA6, 0xDD, 0xA6, 0xDD, 0xA6, 0xFE, 0x9F, 0x1E,
    0x9F, 0x1E, 0x97, 0x1E, 0x87, 0x1F, 0x87, 0x1F, 0x87, 0x1F, 0x8F, 0x3F, 0x8F, 0x3F, 0x8F, 0x3F,
    0x8F, 0x1F, 0x97, 0x1E, 0x97, 0x1E, 0x97, 0x1E, 0x8E, 0xFD, 0x8E, 0xFD, 0x8E, 0xFD, 0x96, 0xFD,
    0x9E, 0xFD, 0x9E, 0xFD, 0x9E, 0xFD, 0x9F, 0x1E, 0x9F, 0x1D, 0x9F, 0x1E, 0x8F, 0x3F, 0x97, 0x3F,
    0x97, 0x7F, 0x97, 0x3F, 0x8E, 0xFF, 0x8E, 0xFE, 0x86, 0xFE, 0x87, 0x3F, 0x87, 0x5F, 0x8F, 0x5F,
    0x8F, 0x7F, 0x8F, 0x7F, 0x8F, 0x7F, 0x8F, 0x5F, 0x87, 0x3F, 0x87, 0x3F, 0x8F, 0x3F, 0x8F, 0x3F,
    0x8F, 0x5F, 0x8F, 0x7F, 0x97, 0x5F, 0x97, 0x5F, 0x97, 0x5F, 0x97, 0x5F, 0x8F, 0x1F, 0x8E, 0xFE,
    0x86, 0xDE, 0x8F, 0x3D, 0x8F, 0x1C, 0x86, 0xFD, 0x8F, 0x3E, 0x97, 0x5F, 0x8E, 0xFF, 0x8F, 0x1F,
    0x8E, 0xFF, 0x87, 0x1F, 0x87, 0xB9, 0x1F, 0x87, 0x1F, 0x87, 0x1F, 0x87, 0x1F, 0x87, 0x1F, 0x87,
    0x1F, 0x87, 0x1F, 0x87, 0x1F, 0x87, 0x1F, 0x87, 0x1F, 0x87, 0x1F, 0x86, 0xFF, 0x86, 0xFE, 0x86,
    0xFE, 0x86, 0xFE, 0x87, 0x1F, 0x87, 0x1F, 0x8F, 0x3F, 0x97, 0x1F, 0x9E, 0xFF, 0x9F, 0x1F, 0xA7,
    0x3F, 0xA7, 0x3F, 0xAF, 0x5F, 0xB7, 0x5F, 0xC7, 0x9F, 0xEF, 0xFF, 0xEF, 0xFF, 0xEF, 0xFF, 0xF7,
    0x13, 0xFF, 0x9B, 0xF7, 0xDF, 0xEF, 0xDF, 0xEF, 0xBF, 0xEF, 0x9F, 0xE7, 0x7E, 0xE7, 0x5E, 0xDF,
    0x5E, 0xDF, 0x7E, 0xDF, 0x7E, 0xDF, 0x7E, 0xDF, 0x5E, 0xDF, 0x7E, 0xDF, 0x9F, 0xEF, 0xBF, 0x06,
    0xFF, 0x81, 0xF7, 0xDF, 0x02, 0xFF, 0xFF, 0xF7, 0xDF, 0xEF, 0x9F, 0xE7, 0x5F, 0xE7, 0x5F, 0xE7,
    0x5F, 0xDF, 0x3E, 0xDF, 0x3E, 0xDF, 0x3E, 0xDF, 0x1D, 0xDF, 0x1D, 0xE7, 0x3E, 0xE7, 0x5E, 0xE7,
    0x5E, 0xE7, 0x5E, 0xE7, 0x5E, 0xE7, 0x5E, 0xE7, 0x5E, 0xE7, 0x5E, 0xE7, 0x5E, 0xE7, 0x5E, 0xE7,
    0x5E, 0xEF, 0x7E, 0xE7, 0x3E, 0xE7, 0x3E, 0xE7, 0x3E, 0xDF, 0x1D, 0xDF, 0x1D, 0xDF, 0x1D, 0xDF,
    0x1E, 0xDF, 0x1E, 0xDF, 0x1E, 0xDF, 0x1E, 0xE7, 0x3E, 0xDE, 0xFD, 0xD6, 0xBC, 0xCE, 0x7C, 0xC6,
    0x3B, 0xC6, 0x3B, 0xC6, 0x1A, 0xC6, 0x5B, 0xC6, 0x5B, 0xC6, 0x5B, 0xC6, 0x5C, 0xC6, 0x5C, 0xC6,
    0x5C, 0xCE, 0x5C, 0xCE, 0x5C, 0xCE, 0x5C, 0xCE, 0x5C, 0xCE, 0x5B, 0xD6, 0x7C, 0xD6, 0xBC, 0xDE,
    0xDD, 0xDE, 0xFD, 0xE6, 0xFE, 0xE7, 0x1E, 0xE7, 0x1D, 0xE7, 0x1D, 0xE7, 0x1D, 0xDE, 0xDD, 0xDE,
    0xDD, 0xDE, 0xDD, 0xDE, 0xDD, 0xDE, 0xFD, 0xFF, 0xDE, 0xFD, 0xDE, 0xFD, 0xE6, 0xFE, 0xDE, 0xDD,
    0xD6, 0xBC, 0xDE, 0xBD, 0xDE, 0xBD, 0xDE, 0xBD, 0xDE, 0xDD, 0xEF, 0x3D, 0xF7, 0x7E, 0xFF, 0xBF,
    0xDE, 0xDB, 0xEF, 0x5E, 0xFF, 0xDF, 0xFF, 0xDF, 0xFF, 0xDF, 0xF7, 0x9F, 0xEF, 0x3D, 0xEF, 0x1D,
    0xE6, 0xFD, 0xDE, 0xBD, 0xD6, 0x7C, 0xD6, 0x3D, 0xD6, 0x3D, 0xD6, 0x1D, 0xC5, 0xDC, 0xC5, 0xBC,
    0xBD, 0x9B, 0xAD, 0x9B, 0xA5, 0x7A, 0xA5, 0x7A, 0xA5, 0x7B, 0x9D, 0x3B, 0x9D, 0x3B, 0x95, 0x1A,
    0x9D, 0x3B, 0x9D, 0x3B, 0x95, 0x1A, 0x94, 0xDA, 0x8C, 0xBA, 0x8C, 0x9A, 0x8C, 0x99, 0x7C, 0x38,
    0x7C, 0x18, 0x7C, 0x17, 0x7B, 0xF7, 0x73, 0xD7, 0x73, 0xB6, 0x6B, 0x76, 0x6B, 0x76, 0x6B, 0x76,
    0x6B, 0x76, 0x6B, 0x97, 0x6B, 0x97, 0x6B, 0x97, 0x6B, 0x97, 0x6B, 0x97, 0xCE, 0xBB, 0xCE, 0xBB,
    0xCE, 0xBC, 0xCE, 0xBC, 0xCE, 0xBC, 0xCE, 0xBC, 0xFF, 0xCE, 0xBC, 0xCE, 0xBC, 0xCE, 0xBC, 0xC6,
    0xBC, 0xC6, 0xBC, 0xC6, 0xBC, 0xC6, 0xBC, 0xC6, 0xBC, 0xC6, 0xBC, 0xC6, 0xBC, 0xC6, 0xBD, 0xC6,
    0xBD, 0xC6, 0xBD, 0xC6, 0xBD, 0xC6, 0xBD, 0xC6, 0xBD, 0xBE, 0xBD, 0xBE, 0xBD, 0xBE, 0xBD, 0xBE,
    0xBD, 0xBE, 0xBD, 0xBE, 0xBD, 0xBE, 0xBD, 0xAE, 0xBC, 0xAE, 0xBC, 0xAE, 0xBC, 0xAE, 0xBC, 0xAE,
    0xBC, 0xAE, 0xBC, 0xAE, 0xBD, 0xAE, 0xBD, 0xAE, 0xBD, 0xAE, 0xBD, 0xAE, 0xBD, 0xAE, 0xBD, 0xAE,
    0xBD, 0xAE, 0xBD, 0xA6, 0xDD, 0xA6, 0xDD, 0xA6, 0xDD, 0xA6, 0xDD, 0xA6, 0xDD, 0xA6, 0xDD, 0xA6,
    0xDD, 0xA6, 0xDE, 0xA6, 0xDE, 0xA6, 0xDE, 0xA6, 0xDE, 0xA6, 0xDE, 0xA6, 0xDE, 0xA6, 0xDE, 0xA6,
    0xDE, 0xA6, 0xDE, 0xA6, 0xDE, 0xA6, 0xDE, 0xA6, 0xFE, 0xA6, 0xFF, 0xB7, 0x3F, 0xBF, 0x3F, 0xB7,
    0x3F, 0xAF, 0x3F, 0xA7, 0x3F, 0x9F, 0x1F, 0x9F, 0x1F, 0x92, 0x96, 0xDE, 0x9E, 0xDE, 0xA6, 0xFE,
    0xAF, 0x1E, 0xAE, 0xFD, 0xBF, 0x1D, 0xCF, 0x7E, 0xCF, 0xDF, 0xC7, 0xDF, 0xC7, 0x04, 0xBF, 0xFF,
    0x9F, 0xB7, 0x7F, 0xA7, 0x5F, 0x97, 0x3F, 0x97, 0x3F, 0x97, 0x1F, 0x8E, 0xFE, 0x8E, 0xFF, 0x8E,
    0xFE, 0x97, 0x1E, 0x9F, 0x3F, 0xA7, 0x7F, 0xAF, 0x9F, 0xAF, 0xBF, 0xAF, 0x9F, 0xA7, 0x7F, 0xB7,
    0x5F, 0xB7, 0x7F, 0xB7, 0x7F, 0xBF, 0x9F, 0xB7, 0x9F, 0xB7, 0x7F, 0xB7, 0x5E, 0x9F, 0x7F, 0x9F,
    0x5F, 0x97, 0x3F, 0x97, 0x3F, 0x8F, 0x1F, 0x8F, 0x1F, 0x8F, 0x3F, 0x8F, 0x3F, 0x8F, 0x3F, 0x8F,
    0x3F, 0x8F, 0x3F, 0x8F, 0x3F, 0x8F, 0x3F, 0x8F, 0x3F, 0x8F, 0x3F, 0x8F, 0x3F, 0x8F, 0x3F, 0x8F,
    0x1F, 0x8F, 0x1F, 0x8F, 0x1F, 0x87, 0x3F, 0x87, 0x3F, 0x87, 0x3F, 0x87, 0x3F, 0x87, 0x3F, 0x87,
    0x3F, 0x87, 0x3F, 0x87, 0x5E, 0x87, 0x3E, 0x87, 0x3E, 0x87, 0x3E, 0x8F, 0x3F, 0x8F, 0x3F, 0x8F,
    0x1F, 0x8F, 0x1F, 0x8F, 0x1F, 0x8F, 0x1F, 0x8F, 0x1F, 0x8F, 0x1F, 0x8F, 0x1F, 0x8F, 0x1F, 0x8F,
    0xAD, 0x1F, 0x8F, 0x1F, 0x8F, 0x1F, 0x8F, 0x1F, 0x87, 0x1F, 0x87, 0x1F, 0x87, 0x1F, 0x87, 0x1F,
    0x87, 0x1F, 0x87, 0x1F, 0x8F, 0x1F, 0x8F, 0x1F, 0x8F, 0x1F, 0x8E, 0xFF, 0x96, 0xFF, 0x9F, 0x1F,
    0xA7, 0x1F, 0xA6, 0xFE, 0xB7, 0x3F, 0xBF, 0x5F, 0xD7, 0x9F, 0xF7, 0xFF, 0xF7, 0xFF, 0xF7, 0x15,
    0xFF, 0x9A, 0xEF, 0xDF, 0xEF, 0xBF, 0xEF, 0x9F, 0xE7, 0x9F, 0xE7, 0x7E, 0xDF, 0x5E, 0xDF, 0x3D,
    0xDF, 0x5D, 0xDF, 0x5D, 0xDF, 0x5D, 0xDF, 0x5E, 0xE7, 0x9E, 0xEF, 0xDF, 0xF7, 0x09, 0xFF, 0xFF,
    0xF7, 0xDF, 0xF7, 0xDF, 0xEF, 0xBF, 0xE7, 0x7F, 0xE7, 0x5F, 0xDF, 0x5E, 0xDF, 0x5E, 0xDF, 0x3E,
    0xDF, 0x3E, 0xDF, 0x1D, 0xDF, 0x1D, 0xE7, 0x3E, 0xE7, 0x5E, 0xEF, 0x7F, 0xEF, 0x7F, 0xEF, 0x7F,
    0xE7, 0x5E, 0xE7, 0x5E, 0xE7, 0x5E, 0xE7, 0x5E, 0xE7, 0x3E, 0xE7, 0x3E, 0xE7, 0x3E, 0xE7, 0x3E,
    0xE7, 0x3E, 0xE7, 0x3E, 0xDF, 0x1D, 0xE7, 0x3E, 0xE7, 0x3E, 0xE7, 0x3E, 0xE7, 0x3E, 0xDF, 0x1E,
    0xDE, 0xFD, 0xD6, 0xDD, 0xD6, 0xBC, 0xD6, 0x9C, 0xCE, 0x7C, 0xC6, 0x5C, 0xC6, 0x5C, 0xC6, 0x5C,
    0xC6, 0x5C, 0xC6, 0x5C, 0xC6, 0x5C, 0xC6, 0x5C, 0xC6, 0x5C, 0xC6, 0x5C, 0xCE, 0x5C, 0xCE, 0x7C,
    0xCE, 0x7C, 0xCE, 0x7C, 0xD6, 0x7C, 0xD6, 0x9C, 0xDE, 0xDD, 0xDE, 0xDD, 0xE6, 0xFE, 0xE7, 0x1E,
    0xE7, 0x1E, 0xE7, 0x3E, 0xEF, 0x5E, 0xEF, 0x5E, 0xE7, 0x3E, 0xE7, 0x1D, 0xDE, 0xDC, 0xDE, 0xDC,
    0x93, 0xDE, 0xFD, 0xDE, 0xFD, 0xDE, 0xFD, 0xE6, 0xFE, 0xDE, 0xDD, 0xDE, 0xBD, 0xD6, 0x9C, 0xDE,
    0xBD, 0xD6, 0x7B, 0xEF, 0x3E, 0x09, 0xFF, 0x80, 0xDF, 0x03, 0xFF, 0x95, 0xDF, 0xFF, 0xBF, 0xF7,
    0x7E, 0xE6, 0xFC, 0xE6, 0xFD, 0xE6, 0xDD, 0xDE, 0x7C, 0xD6, 0x5C, 0xCE, 0x3C, 0xCD, 0xFC, 0xCD,
    0xDC, 0xC5, 0x02, 0xBD, 0xFF, 0x9C, 0xBD, 0x9C, 0xAD, 0x7B, 0xA5, 0x7B, 0xA5, 0x5A, 0x9D, 0x3A,
    0x9D, 0x3B, 0x9D, 0x3B, 0x9D, 0x3B, 0x9D, 0x3B, 0x9D, 0x1A, 0x94, 0xFA, 0x8C, 0xDA, 0x8C, 0x9A,
    0x84, 0x79, 0x84, 0x59, 0x7C, 0x38, 0x7C, 0x38, 0x7C, 0x18, 0x7C, 0x18, 0x7B, 0xF7, 0x73, 0xB7,
    0x6B, 0x96, 0x6B, 0x76, 0x6B, 0x76, 0x6B, 0x76, 0x6B, 0x97, 0x6B, 0x97, 0x6B, 0x97, 0x6B, 0x97,
    0x6B, 0x97, 0xCE, 0xBB, 0xCE, 0xBB, 0xCE, 0xBC, 0xCE, 0xBC, 0xCE, 0xBC, 0xCE, 0xBC, 0xCE, 0xBC,
    0xCE, 0xBC, 0xCE, 0xBC, 0xC6, 0xBC, 0xC6, 0xBC, 0xC6, 0xBC, 0xC6, 0xBC, 0xC6, 0xBC, 0xC6, 0xBC,
    0xC6, 0xBC, 0xC6, 0xBD, 0xC6, 0xBD, 0xC6, 0xBD, 0xC6, 0xBD, 0xC6, 0xBD, 0xC6, 0xBD, 0xBE, 0xBD,
    0xBE, 0xBD, 0xBE, 0xBD, 0xBE, 0xBD, 0xBE, 0xBD, 0xBE, 0xBD, 0xBE, 0xBD, 0xAE, 0xBC, 0xAE, 0xBC,
    0xAE, 0xBC, 0xAE, 0xBC, 0xAE, 0xF9, 0xBC, 0xAE, 0xBC, 0xAE, 0xBD, 0xAE, 0xBD, 0xAE, 0xBD, 0xAE,
    0xBD, 0xAE, 0xBD, 0xAE, 0xBD, 0xAE, 0xBD, 0xAE, 0xBD, 0xA6, 0xDD, 0xA6, 0xDD, 0xA6, 0xDD, 0xA6,
    0xDD, 0xA6, 0xDD, 0xA6, 0xDD, 0xA6, 0xDD, 0xA6, 0xDE, 0xA6, 0xDE, 0xA6, 0xDE, 0xA6, 0xDE, 0xA6,
    0xDE, 0xA6, 0xDE, 0xA6, 0xDE, 0xA6, 0xDE, 0xA6, 0xDE, 0xA6, 0xDE, 0xA6, 0xDE, 0xA6, 0xFE, 0xA6,
    0xFF, 0xC7, 0x9F, 0xD7, 0xFF, 0xCF, 0xFF, 0xB7, 0x9F, 0xAF, 0x7F, 0xAF, 0x7F, 0xA7, 0x7F, 0xA7,
    0x3F, 0xAF, 0x5F, 0xB7, 0x5F, 0xC7, 0x9F, 0xDF, 0xFF, 0xE7, 0xFF, 0xE7, 0xFF, 0xDF, 0xFF, 0xD7,
    0xFF, 0xD7, 0xFF, 0xCF, 0xFF, 0xCF, 0xFF, 0xC7, 0xFF, 0xBF, 0xFF, 0xB7, 0xDF, 0xAF, 0x9F, 0xA7,
    0x5F, 0xA7, 0x3E, 0xA7, 0x3E, 0xA7, 0x3E, 0xA7, 0x3E, 0xA7, 0x3E, 0xAF, 0x5F, 0xAF, 0x5F, 0xB7,
    0x02, 0xBF, 0xFF, 0xFF, 0xC7, 0xFF, 0xCF, 0xFF, 0xD7, 0xFF, 0xD7, 0xFF, 0xD7, 0xFF, 0xCF, 0xFF,
    0xCF, 0xDF, 0xC7, 0x9F, 0xB7, 0xBF, 0xB7, 0xBF, 0xAF, 0x9F, 0xA7, 0x7F, 0x9F, 0x3F, 0x97, 0x1F,
    0x8F, 0x1F, 0x97, 0x3F, 0x97, 0x3F, 0x97, 0x3F, 0x97, 0x3F, 0x97, 0x3F, 0x97, 0x3F, 0x97, 0x3F,
    0x97, 0x1F, 0x97, 0x1F, 0x97, 0x1F, 0x96, 0xFF, 0x96, 0xFF, 0x97, 0x1F, 0x8F, 0x1F, 0x87, 0x3F,
    0x87, 0x3F, 0x87, 0x3F, 0x87, 0x3F, 0x87, 0x3F, 0x87, 0x3F, 0x87, 0x3F, 0x87, 0x3F, 0x87, 0x3F,
    0x87, 0x3F, 0x87, 0x3F, 0x87, 0x3F, 0x8F, 0x1F, 0x8F, 0x1F, 0x8F, 0x1F, 0x8F, 0x1F, 0x8F, 0x1F,
    0x8F, 0x1F, 0x8F, 0x1F, 0x8F, 0x1F, 0x8F, 0x1F, 0x8F, 0x1F, 0x8F, 0x1F, 0x8F, 0x1F, 0x87, 0x1F,
    0x87, 0x1F, 0x87, 0x1F, 0x87, 0x1F, 0x87, 0x1F, 0x87, 0x1F, 0x8F, 0x1F, 0x8F, 0x1F, 0x8F, 0x1F,
    0x8F, 0x3F, 0x8F, 0x8C, 0x1F, 0x9E, 0xFE, 0xAE, 0xFD, 0xC7, 0x5F, 0xC7, 0x3E, 0xC7, 0x1D, 0xD7,
    0x5E, 0x1A, 0xFF, 0x9A, 0xEF, 0xDF, 0xEF, 0xBF, 0xEF, 0x9F, 0xEF, 0x9F, 0xEF, 0xBF, 0xEF, 0xBE,
    0xEF, 0xBE, 0xEF, 0x9E, 0xEF, 0x9E, 0xEF, 0x9E, 0xE7, 0x9E, 0xEF, 0xBF, 0xF7, 0xDF, 0xF7, 0x09,
    0xFF, 0xFF, 0xF7, 0xDF, 0xF7, 0xDF, 0xEF, 0xBF, 0xE7, 0x7F, 0xE7, 0x7F, 0xE7, 0x5F, 0xE7, 0x5F,
    0xE7, 0x5F, 0xDF, 0x3E, 0xE7, 0x3E, 0xE7, 0x3E, 0xE7, 0x5E, 0xE7, 0x5E, 0xEF, 0x7F, 0xEF, 0x7F,
    0xEF, 0x7F, 0xEF, 0x7E, 0xEF, 0x7E, 0xEF, 0x7E, 0xE7, 0x5E, 0xE7, 0x5E, 0xE7, 0x5E, 0xE7, 0x5E,
    0xE7, 0x3E, 0xE7, 0x3E, 0xE7, 0x3E, 0xE7, 0x3E, 0xE7, 0x3E, 0xE7, 0x3E, 0xDF, 0x1E, 0xDF, 0x1E,
    0xDE, 0xFD, 0xD6, 0xDD, 0xD6, 0xBD, 0xCE, 0xBC, 0xCE, 0x9C, 0xCE, 0x5C, 0xC6, 0x5C, 0xC6, 0x5C,
    0xC6, 0x5C, 0xC6, 0x5C, 0xC6, 0x5C, 0xC6, 0x5C, 0xC6, 0x5C, 0xC6, 0x5C, 0xC6, 0x5C, 0xCE, 0x5C,
    0xCE, 0x7C, 0xCE, 0x7C, 0xCE, 0x7C, 0xD6, 0x7C, 0xD6, 0x9C, 0xDE, 0xDD, 0xE6, 0xFE, 0xE6, 0xFE,
    0xE7, 0x1E, 0xEF, 0x3E, 0xE7, 0x3D, 0xEF, 0x5E, 0xEF, 0x5E, 0xEF, 0x3D, 0xE7, 0x1D, 0xDE, 0xFC,
    0xDE, 0xDC, 0x93, 0xDE, 0xFD, 0xDE, 0xFD, 0xDE, 0xFD, 0xE6, 0xFE, 0xDE, 0xDD, 0xDE, 0xBD, 0xD6,
    0x9C, 0xE6, 0xFD, 0xEF, 0x1D, 0xFF, 0xBF, 0x09, 0xFF, 0x99, 0xDF, 0xFF, 0xDF, 0xFF, 0xBF, 0xF7,
    0x9E, 0xEF, 0x5D, 0xE6, 0xFC, 0xE6, 0xDC, 0xDE, 0xBC, 0xD6, 0x7C, 0xD6, 0x5C, 0xCE, 0x3C, 0xCD,
    0xFC, 0xCD, 0xDC, 0xC5, 0x02, 0xBD, 0xFF, 0x9D, 0xBD, 0x9C, 0xAD, 0x7B, 0xA5, 0x5B, 0xA5, 0x5B,
    0x9D, 0x3A, 0x9D, 0x3B, 0x9D, 0x3B, 0x9D, 0x3B, 0x9D, 0x1A, 0x95, 0x1A, 0x94, 0xDA, 0x8C, 0xBA,
    0x8C, 0x9A, 0x84, 0x79, 0x84, 0x59, 0x7C, 0x38, 0x7C, 0x38, 0x7C, 0x18, 0x7C, 0x18, 0x7B, 0xF7,
    0x73, 0xB7, 0x6B, 0x96, 0x6B, 0x76, 0x6B, 0x76, 0x6B, 0x76, 0x6B, 0x76, 0x6B, 0x77, 0x6B, 0x77,
    0x6B, 0x97, 0x6B, 0x97, 0xCE, 0xBB, 0xCE, 0xBB, 0xCE, 0xBC, 0xCE, 0xBC, 0xCE, 0xBC, 0xCE, 0xBC,
    0xCE, 0xBC, 0xCE, 0xBC, 0xCE, 0xBC, 0xCE, 0xBC, 0xC6, 0xBC, 0xC6, 0xBC, 0xC6, 0xBC, 0xC6, 0xBC,
    0xC6, 0xBC, 0xC6, 0xBC, 0xC6, 0xBD, 0xC6, 0xBD, 0xC6, 0xBD, 0xC6, 0xBD, 0xC6, 0xBD, 0xC6, 0xBD,
    0xBE, 0xBD, 0xBE, 0xBD, 0xBE, 0xBD, 0xBE, 0xBD, 0xBE, 0xBD, 0xBE, 0xBD, 0xBE, 0xBD, 0xAE, 0xBC,
    0xAE, 0xBC, 0xAE, 0xBC, 0xAE, 0xBC, 0xAE, 0xEF, 0xBC, 0xAE, 0xBC, 0xAE, 0xBD, 0xAE, 0xBD, 0xAE,
    0xBD, 0xAE, 0xBD, 0xAE, 0xBD, 0xAE, 0xBD, 0xAE, 0xBD, 0xAE, 0xBD, 0xA6, 0xDD, 0xA6, 0xDD, 0xA6,
    0xDD, 0xA6, 0xDD, 0xA6, 0xDD, 0xA6, 0xDD, 0xA6, 0xDD, 0xA6, 0xDE, 0xA6, 0xDE, 0xA6, 0xDE, 0xA6,
    0xDE, 0xA6, 0xDE, 0xA6, 0xDE, 0xA6, 0xDE, 0xA6, 0xDE, 0xA6, 0xDE, 0xA6, 0xDE, 0xA6, 0xDE, 0xA6,
    0xFE, 0xA6, 0xFF, 0xA6, 0xBD, 0xAE, 0xDE, 0xAF, 0x1E, 0xAF, 0x1E, 0x9E, 0xFE, 0x9E, 0xFD, 0x96,
    0xDD, 0x9F, 0x1F, 0xA7, 0x1F, 0xB7, 0x1E, 0xBF, 0x1D, 0xD7, 0x9E, 0xEF, 0xFF, 0xF7, 0xFF, 0xDF,
    0xFF, 0xDF, 0xFF, 0xD7, 0xDE, 0xD7, 0xFF, 0xD7, 0xFF, 0xCF, 0xFF, 0xCF, 0xFF, 0xCF, 0xDF, 0xCF,
    0xDF, 0xCF, 0xDF, 0xC7, 0xBF, 0xC7, 0xBF, 0xC7, 0x03, 0xBF, 0x92, 0xB7, 0x9F, 0xB7, 0x7F, 0xB7,
    0x7F, 0xBF, 0x9E, 0xBF, 0xDF, 0xBF, 0xFF, 0xC7, 0x7E, 0xCF, 0x9E, 0xD7, 0x9E, 0xD7, 0x02, 0xDF,
    0xFF, 0xFF, 0xD7, 0xBE, 0xC7, 0x7D, 0xC7, 0x9E, 0xBF, 0x9E, 0xB7, 0x7E, 0xB7, 0x7F, 0xAF, 0x5F,
    0x9F, 0x1E, 0x96, 0xFE, 0x8F, 0x5E, 0x8F, 0x5E, 0x8F, 0x5E, 0x8F, 0x5E, 0x8F, 0x5E, 0x8F, 0x5E,
    0x8F, 0x5E, 0x97, 0x3F, 0x97, 0x3F, 0x97, 0x3F, 0x8F, 0x1E, 0x8F, 0x1E, 0x8F, 0x1E, 0x8F, 0x1E,
    0x8F, 0x1F, 0x8F, 0x1F, 0x8F, 0x1F, 0x8F, 0x1F, 0x8F, 0x1F, 0x8F, 0x1E, 0x8F, 0x1F, 0x8F, 0x1F,
    0x8E, 0xFF, 0x8F, 0x1F, 0x8F, 0x1F, 0x8F, 0x1F, 0x87, 0x3F, 0x87, 0x3F, 0x8F, 0x1F, 0x8F, 0x1F,
    0x8F, 0x1F, 0x8F, 0x1F, 0x8F, 0x1F, 0x8F, 0x1F, 0x8F, 0x1F, 0x8F, 0x1F, 0x8F, 0x1F, 0x8F, 0x1F,
    0x87, 0x1F, 0x87, 0x1F, 0x87, 0x1F, 0x87, 0x1F, 0x87, 0x1F, 0x87, 0x1F, 0x8F, 0x1F, 0x8F, 0x1F,
    0x8F, 0x1F, 0x87, 0x5F, 0x87, 0x5D, 0xB7, 0x5E, 0xDF, 0xFF, 0xF7, 0xFF, 0xF7, 0xFF, 0xF7, 0xFF,
    0xF7, 0x0E, 0xFF, 0xAE, 0xDF, 0xFF, 0xDF, 0xFF, 0xDF, 0xFF, 0xDF, 0xFF, 0xDF, 0xFF, 0xDF, 0xFF,
    0xDF, 0xEF, 0xDF, 0xEF, 0xBF, 0xEF, 0x9F, 0xEF, 0xBF, 0xF7, 0xFF, 0xF7, 0xFF, 0xF7, 0xFF, 0xF7,
    0xFF, 0xF7, 0xFF, 0xF7, 0xFF, 0xF7, 0xFF, 0xF7, 0xFF, 0xF7, 0xFF, 0xF7, 0xFF, 0xF7, 0xDF, 0xF7,
    0xDF, 0xF7, 0xDF, 0x02, 0xFF, 0xFF, 0xF7, 0xDF, 0xF7, 0xDF, 0xEF, 0xBF, 0xEF, 0x9F, 0xE7, 0x7F,
    0xE7, 0x7F, 0xE7, 0x7F, 0xE7, 0x7F, 0xE7, 0x5F, 0xE7, 0x5E, 0xE7, 0x5E, 0xEF, 0x7E, 0xEF, 0x7F,
    0xEF, 0x7F, 0xEF, 0x7F, 0xEF, 0x7F, 0xEF, 0x9F, 0xEF, 0x9F, 0xEF, 0x9F, 0xEF, 0x7F, 0xEF, 0x7F,
    0xEF, 0x7F, 0xEF, 0x7F, 0xEF, 0x7F, 0xEF, 0x7F, 0xEF, 0x7F, 0xEF, 0x7F, 0xE7, 0x5E, 0xDF, 0x1D,
    0xDE, 0xDD, 0xD6, 0xBD, 0xD6, 0xBC, 0xCE, 0x9C, 0xD6, 0x9C, 0xCE, 0x7C, 0xCE, 0x7B, 0xC6, 0x5C,
    0xC6, 0x3D, 0xC6, 0x3D, 0xC6, 0x3D, 0xC6, 0x3D, 0xC6, 0x3D, 0xC6, 0x3D, 0xC6, 0x5B, 0xC6, 0x5C,
    0xC6, 0x5C, 0xCE, 0x5C, 0xCE, 0x7C, 0xCE, 0x7C, 0xCE, 0x7C, 0xD6, 0x7C, 0xD6, 0x9C, 0xDE, 0xDD,
    0xE6, 0xFE, 0xE7, 0x3E, 0xEF, 0x3F, 0xEF, 0x5F, 0xE7, 0x3D, 0xEF, 0x5D, 0xEF, 0x5E, 0xEF, 0x7E,
    0xEF, 0x5D, 0xE7, 0x1C, 0xDE, 0xFC, 0x93, 0xDE, 0xFD, 0xDE, 0xFD, 0xDE, 0xFD, 0xE6, 0xFE, 0xDE,
    0xDD, 0xDE, 0xBD, 0xE6, 0xFD, 0xFF, 0xBF, 0xFF, 0x9F, 0xFF, 0xBF, 0x09, 0xFF, 0x99, 0xDF, 0xFF,
    0xBF, 0xF7, 0x7E, 0xEF, 0x5D, 0xEF, 0x3D, 0xE7, 0x1C, 0xDE, 0xBC, 0xDE, 0x9C, 0xD6, 0x5B, 0xCE,
    0x3C, 0xCE, 0x3C, 0xCD, 0xFC, 0xCD, 0xDC, 0xC5, 0x02, 0xBD, 0xFF, 0x9D, 0xBD, 0x9D, 0xAD, 0x7C,
    0xA5, 0x5C, 0xA5, 0x5C, 0x9D, 0x3B, 0x9D, 0x3B, 0x9D, 0x3B, 0x9D, 0x3B, 0x94, 0xFA, 0x94, 0xDA,
    0x8C, 0xB9, 0x8C, 0xB9, 0x8C, 0x9A, 0x84, 0x79, 0x84, 0x59, 0x7C, 0x38, 0x7C, 0x38, 0x7C, 0x18,
    0x7C, 0x18, 0x7B, 0xF7, 0x73, 0xB7, 0x6B, 0x96, 0x6B, 0x76, 0x6B, 0x76, 0x6B, 0x76, 0x63, 0x56,
    0x63, 0x56, 0x63, 0x56, 0x63, 0x76, 0x6B, 0x97, 0xCE, 0xDC, 0xCE, 0xDC, 0xCE, 0xDC, 0xCE, 0xDC,
    0xCE, 0xDC, 0xCE, 0xDC, 0xCE, 0xDC, 0xCE, 0xDC, 0xCE, 0xDC, 0xCE, 0xDC, 0xCE, 0xDC, 0xCE, 0xDC,
    0xCE, 0xBC, 0xCE, 0xBC, 0xCE, 0xBC, 0xCE, 0xBC, 0xC6, 0xBC, 0xC6, 0xBC, 0xC6, 0xBC, 0xC6, 0xBC,
    0xC6, 0xBC, 0xC6, 0xBC, 0xC6, 0xBC, 0xBE, 0xBD, 0xBE, 0xBD, 0xBE, 0xBD, 0xBE, 0xBD, 0xBE, 0xBC,
    0xB6, 0xBC, 0xB6, 0xBD, 0xB6, 0xBD, 0xB6, 0xBD, 0xB6, 0xBD, 0xB6, 0xF8, 0xBD, 0xB6, 0xBD, 0xB6,
    0xBD, 0xAE, 0xDE, 0xAE, 0xDE, 0xAE, 0xDE, 0xAE, 0xDE, 0xAE, 0xDE, 0xAE, 0xDE, 0xAE, 0xDE, 0xA6,
    0xDE, 0xA6, 0xDE, 0xA6, 0xDE, 0xA6, 0xDE, 0xA6, 0xDE, 0xA6, 0xDE, 0xA6, 0xFE, 0xA6, 0xFE, 0xA6,
    0xFE, 0xA6, 0xFE, 0xA6, 0xFE, 0xA6, 0xFE, 0xA6, 0xFE, 0xA6, 0xFE, 0xA6, 0xFE, 0xA6, 0xFE, 0xA6,
    0xFE, 0xA6, 0xFE, 0xA6, 0xFE, 0xA6, 0xFE, 0x9E, 0xFF, 0x9E, 0xFE, 0x9E, 0xFF, 0x9E, 0xFF, 0x9E,
    0xFE, 0x96, 0xFE, 0x96, 0xFE, 0x96, 0xFE, 0x96, 0xFE, 0x9E, 0xFE, 0x9E, 0xFE, 0x9E, 0xFD, 0xAF,
    0x5F, 0xBF, 0xDF, 0xCF, 0xFF, 0xCF, 0xFF, 0xCF, 0xFF, 0xC7, 0xDF, 0xC7, 0xFF, 0xC7, 0xFF, 0xCF,
    0xFF, 0xCF, 0xFF, 0xCF, 0xDF, 0xC7, 0x9F, 0xC7, 0xBF, 0xCF, 0xDF, 0xCF, 0xDF, 0xC7, 0xDF, 0xBF,
    0xDF, 0xBF, 0xFF, 0xC7, 0xFF, 0x02, 0xBF, 0xFF, 0xB7, 0xBF, 0xB7, 0xBF, 0xC7, 0x9E, 0xC7, 0x9E,
    0xC7, 0x9E, 0xC7, 0xBE, 0xC7, 0xBE, 0xC7, 0x9E, 0xC7, 0x7E, 0xC7, 0x9E, 0xC7, 0x9F, 0xBF, 0x7E,
    0xBF, 0x9F, 0xBF, 0x9F, 0xB7, 0x5F, 0xAF, 0x5F, 0xA7, 0x5F, 0xA7, 0x3F, 0x9F, 0x3F, 0x97, 0x1F,
    0x97, 0x1F, 0x8E, 0xFE, 0x8E, 0xFE, 0x87, 0x1E, 0x8F, 0x1E, 0x8F, 0x1F, 0x8F, 0x1F, 0x8F, 0x1F,
    0x8F, 0x1F, 0x87, 0x1F, 0x87, 0x1F, 0x8F, 0x3F, 0x8F, 0x3F, 0x8F, 0x1E, 0x8F, 0x1D, 0x8F, 0x3C,
    0x9E, 0xFF, 0x96, 0xBE, 0x96, 0xFF, 0x87, 0x1F, 0x7F, 0x1F, 0x7F, 0x3F, 0x7F, 0x5F, 0x87, 0x1F,
    0x8F, 0x1F, 0x8F, 0x1F, 0x87, 0x1F, 0x87, 0x3E, 0x87, 0x5D, 0x87, 0x5D, 0x87, 0x3F, 0x87, 0x3F,
    0x87, 0x3F, 0x87, 0x1F, 0x87, 0x1F, 0x87, 0x1F, 0x87, 0x1F, 0x87, 0x1F, 0x87, 0x1F, 0x87, 0x1F,
    0x87, 0x3F, 0x87, 0x3F, 0x87, 0x3F, 0x8F, 0x3F, 0x84, 0x8E, 0xDD, 0xBF, 0x5E, 0xEF, 0x06, 0xFF,
    0x80, 0xDF, 0x08, 0xFF, 0x9B, 0xF7, 0xBF, 0xF7, 0xBF, 0xF7, 0xBF, 0xFF, 0xDF, 0xFF, 0xDF, 0xF7,
    0xBF, 0xF7, 0xBF, 0xF7, 0xBF, 0xF7, 0xBF, 0xF7, 0xBF, 0xEF, 0x7E, 0xEF, 0x9E, 0xEF, 0x9E, 0xF7,
    0xDF, 0x11, 0xFF, 0xFF, 0xDF, 0xF7, 0xBF, 0xEF, 0x9E, 0xF7, 0xBF, 0xF7, 0xDF, 0xF7, 0xBF, 0xF7,
    0xBF, 0xF7, 0xBF, 0xF7, 0xBF, 0xF7, 0xBF, 0xF7, 0xBF, 0xF7, 0xBF, 0xEF, 0x9F, 0xEF, 0x9F, 0xEF,
    0x9F, 0xEF, 0x7E, 0xEF, 0x7E, 0xEF, 0x7E, 0xEF, 0x7E, 0xEF, 0x7E, 0xEF, 0x7E, 0xEF, 0x7E, 0xEF,
    0x7E, 0xEF, 0x7E, 0xEF, 0x7E, 0xEF, 0x7E, 0xEF, 0x5E, 0xEF, 0x5E, 0xEF, 0x5E, 0xEF, 0x7E, 0xEF,
    0x7E, 0xEF, 0x7E, 0xEF, 0x7F, 0xE7, 0x3E, 0xDE, 0xFD, 0xD6, 0x9C, 0xD6, 0xBC, 0xDE, 0xFD, 0xD6,
    0xBD, 0xDE, 0xDD, 0xDE, 0xDD, 0xDE, 0xDD, 0xD6, 0xDD, 0xD6, 0x9D, 0xCE, 0x7D, 0xC6, 0x5C, 0xC6,
    0x5C, 0xC6, 0x5C, 0xC6, 0x5C, 0xCE, 0x5C, 0xCE, 0x7C, 0xCE, 0x7C, 0xCE, 0x7B, 0xC6, 0x5B, 0xCE,
    0x7B, 0xCE, 0x9B, 0xD6, 0xBC, 0xDE, 0xBC, 0xDE, 0xDD, 0xDE, 0xFD, 0xE7, 0x1E, 0xEF, 0x5E, 0xF7,
    0x7F, 0xEF, 0x5E, 0xEF, 0x8A, 0x5E, 0xEF, 0x5E, 0xF7, 0x7F, 0xEF, 0x5E, 0xE7, 0x1D, 0xDE, 0xDD,
    0x08, 0xDE, 0x87, 0xD6, 0x9D, 0xD6, 0x9D, 0xEF, 0x3E, 0xFF, 0xDF, 0x0F, 0xFF, 0xFF, 0xDF, 0xEF,
    0x5D, 0xEF, 0x3E, 0xEF, 0x1E, 0xE6, 0xFD, 0xDE, 0xBD, 0xDE, 0x9D, 0xD6, 0x5C, 0xCE, 0x3C, 0xCE,
    0x1C, 0xC5, 0xFC, 0xC5, 0xDC, 0xBD, 0xDD, 0xB5, 0xBD, 0xB5, 0x9C, 0xAD, 0x9C, 0xAD, 0x7C, 0xA5,
    0x7B, 0xA5, 0x5B, 0xA5, 0x3B, 0x9D, 0x1B, 0x94, 0xDA, 0x8C, 0x99, 0x8C, 0x99, 0x84, 0x78, 0x8C,
    0x78, 0x8C, 0x99, 0x84, 0x59, 0x84, 0x59, 0x84, 0x38, 0x84, 0x38, 0x7C, 0x18, 0x7C, 0x18, 0x7B,
    0xD7, 0x73, 0xB6, 0x6B, 0x76, 0x6B, 0x55, 0x6B, 0x55, 0x6B, 0x55, 0x63, 0x36, 0x63, 0x36, 0x63,
    0x36, 0x63, 0x36, 0x6B, 0x76, 0xCE, 0xDC, 0xCE, 0xDC, 0xCE, 0xDC, 0xCE, 0xDC, 0xCE, 0xDC, 0xCE,
    0xDC, 0xCE, 0xDC, 0xCE, 0xDC, 0xCE, 0xDC, 0xCE, 0xBC, 0xCE, 0xBC, 0xCE, 0xBC, 0xCE, 0xBC, 0xCE,
    0xBC, 0xCE, 0xBC, 0xCE, 0xBC, 0xC6, 0xBC, 0xC6, 0xBC, 0xC6, 0xBC, 0xC6, 0xBC, 0xC6, 0xFF, 0xBC,
    0xC6, 0xBC, 0xC6, 0xBC, 0xBE, 0xDD, 0xBE, 0xDD, 0xBE, 0xDD, 0xBE, 0xBC, 0xBE, 0xBC, 0xBE, 0xBC,
    0xB6, 0xBD, 0xB6, 0xBD, 0xB6, 0xBD, 0xB6, 0xBD, 0xB6, 0xBD, 0xB6, 0xBD, 0xB6, 0xBD, 0xAE, 0xDE,
    0xAE, 0xDE, 0xAE, 0xDE, 0xAE, 0xDE, 0xAE, 0xDE, 0xAE, 0xDE, 0xAE, 0xDE, 0xA6, 0xDE, 0xA6, 0xDE,
    0xA6, 0xDE, 0xA6, 0xDE, 0xA6, 0xDE, 0xA6, 0xDE, 0xA6, 0xFE, 0xA6, 0xFE, 0xA6, 0xFE, 0xA6, 0xFE,
    0xA6, 0xFE, 0xA6, 0xFE, 0xA6, 0xFE, 0xA6, 0xFE, 0x9E, 0xFE, 0x9E, 0xFE, 0x9E, 0xFE, 0x9E, 0xFE,
    0x9E, 0xFE, 0x9E, 0xFE, 0x9E, 0xFF, 0x9F, 0x1F, 0x9F, 0x1F, 0x9E, 0xFF, 0x96, 0xFE, 0x96, 0xFE,
    0x96, 0xFE, 0x96, 0xFE, 0x96, 0xFE, 0x96, 0xFF, 0x96, 0xFF, 0x96, 0xFE, 0x97, 0x1F, 0x9F, 0x3F,
    0xAF, 0x7E, 0xAF, 0x7E, 0xAF, 0x7E, 0xA7, 0x5E, 0xAF, 0x5E, 0xAF, 0x7E, 0xB7, 0x9F, 0xBF, 0x80,
    0x9F, 0x02, 0xBF, 0x94, 0xC7, 0xDF, 0xBF, 0x7F, 0xB7, 0x5E, 0xB7, 0x3D, 0xA7, 0x3D, 0xA7, 0x3E,
    0xA7, 0x5E, 0xA7, 0x5E, 0xAF, 0x7F, 0xAF, 0x9F, 0xB7, 0x02, 0xBF, 0x89, 0xDF, 0xC7, 0xBF, 0xC7,
    0xBF, 0xC7, 0xDF, 0xC7, 0xDF, 0xC7, 0x0A, 0xBF, 0xEB, 0x9F, 0xBF, 0x7F, 0xBF, 0x5F, 0xBF, 0x5F,
    0xB7, 0x3F, 0xAF, 0x3F, 0xAF, 0x3F, 0xA7, 0x3F, 0x9F, 0x3F, 0x97, 0x1F, 0x8F, 0x1F, 0x8F, 0x3F,
    0x8F, 0x3F, 0x8F, 0x3F, 0x8F, 0x1F, 0x8F, 0x1F, 0x8F, 0x1F, 0x87, 0x1F, 0x7F, 0x1F, 0x86, 0xFF,
    0x86, 0xFE, 0x96, 0xFD, 0x9F, 0x3D, 0xA7, 0x9D, 0xB7, 0x7F, 0xB7, 0x9F, 0xAF, 0x7F, 0x8E, 0xFE,
    0x8F, 0x3F, 0x87, 0x3F, 0x7F, 0x3F, 0x87, 0x1F, 0x87, 0x1F, 0x87, 0x1F, 0x87, 0x3F, 0x87, 0x3F,
    0x87, 0x5D, 0x87, 0x5D, 0x87, 0x3F, 0x87, 0x3F, 0x87, 0x3F, 0x87, 0x1F, 0x87, 0x1F, 0x87, 0x1F,
    0x87, 0x1F, 0x87, 0x1F, 0x87, 0x1F, 0x87, 0x1F, 0x87, 0x3F, 0x87, 0x3F, 0x87, 0x3F, 0x8F, 0x3F,
    0x9F, 0x1F, 0xCF, 0xBF, 0xEF, 0x04, 0xFF, 0x82, 0xDF, 0xFF, 0xDF, 0x08, 0xFF, 0x99, 0xF7, 0xBF,
    0xF7, 0xBF, 0xF7, 0xBF, 0xFF, 0xDF, 0xF7, 0xBF, 0xF7, 0x9F, 0xF7, 0x9F, 0xF7, 0x9F, 0xF7, 0xBF,
    0xF7, 0x9F, 0xF7, 0xBF, 0xF7, 0xDF, 0xF7, 0xDF, 0x13, 0xFF, 0xFF, 0xDF, 0xF7, 0xDF, 0xF7, 0xDF,
    0xF7, 0xBF, 0xF7, 0xBF, 0xF7, 0xBF, 0xF7, 0xBF, 0xF7, 0xBF, 0xF7, 0xBF, 0xF7, 0xBF, 0xF7, 0xBF,
    0xF7, 0xBF, 0xEF, 0x9E, 0xEF, 0x9E, 0xEF, 0x9E, 0xF7, 0x9E, 0xF7, 0x9E, 0xF7, 0x9E, 0xF7, 0x9E,
    0xF7, 0x9E, 0xF7, 0x9E, 0xF7, 0x9E, 0xF7, 0x9E, 0xF7, 0x9E, 0xF7, 0x9E, 0xF7, 0x7E, 0xEF, 0x7E,
    0xEF, 0x7E, 0xEF, 0x7E, 0xEF, 0x7E, 0xEF, 0x7E, 0xEF, 0x7E, 0xEF, 0x7F, 0xE7, 0x3E, 0xDE, 0xFE,
    0xD6, 0x9C, 0xD6, 0xBC, 0xDE, 0xFD, 0xD6, 0xBD, 0xDE, 0xDD, 0xDE, 0xDD, 0xDE, 0xDD, 0xD6, 0xDD,
    0xD6, 0x9D, 0xCE, 0x7D, 0xC6, 0x5C, 0xC6, 0x5C, 0xC6, 0x5C, 0xC6, 0x5C, 0xCE, 0x5C, 0xCE, 0x7C,
    0xCE, 0x7C, 0xCE, 0x7B, 0xCE, 0x7B, 0xCE, 0x9B, 0xD6, 0xBB, 0xDE, 0xBC, 0xDE, 0xDC, 0xDE, 0xFD,
    0xE6, 0xFD, 0xE7, 0x1D, 0xEF, 0x3E, 0xEF, 0x5E, 0xEF, 0x3E, 0xEF, 0x8A, 0x3E, 0xEF, 0x3E, 0xEF,
    0x5E, 0xE7, 0x3E, 0xE7, 0x1D, 0xDE, 0xDD, 0x07, 0xDE, 0x82, 0xBD, 0xD6, 0x9D, 0x02, 0xDE, 0x83,
    0xEF, 0x7F, 0xFF, 0xDF, 0x0F, 0xFF, 0xFF, 0xDF, 0xEF, 0x3D, 0xEF, 0x3E, 0xEF, 0x1E, 0xE6, 0xDD,
    0xDE, 0xBD, 0xD6, 0x9D, 0xCE, 0x5C, 0xCE, 0x3D, 0xCE, 0x1D, 0xC5, 0xFD, 0xC5, 0xDD, 0xB5, 0xDD,
    0xB5, 0xBC, 0xAD, 0x9C, 0xAD, 0x9C, 0xAD, 0x7B, 0xA5, 0x5B, 0xA5, 0x3B, 0xA5, 0x3B, 0x9D, 0x1A,
    0x94, 0xDA, 0x94, 0x99, 0x8C, 0x99, 0x8C, 0x78, 0x8C, 0x78, 0x8C, 0x79, 0x84, 0x59, 0x84, 0x38,
    0x84, 0x38, 0x7C, 0x18, 0x7B, 0xF7, 0x7B, 0xD7, 0x73, 0xB7, 0x73, 0x96, 0x6B, 0x76, 0x6B, 0x55,
    0x6B, 0x55, 0x6B, 0x55, 0x63, 0x36, 0x63, 0x36, 0x63, 0x36, 0x63, 0x36, 0x6B, 0x56, 0xCE, 0xDC,
    0xCE, 0xDC, 0xCE, 0xDC, 0xCE, 0xDC, 0xCE, 0xDC, 0xCE, 0xDC, 0xCE, 0xDC, 0xCE, 0xDC, 0xCE, 0xDC,
    0xCE, 0xBC, 0xCE, 0xBC, 0xCE, 0xBC, 0xCE, 0xBC, 0xCE, 0xBC, 0xCE, 0xBC, 0xCE, 0xBC, 0xC6, 0xBC,
    0xC6, 0xBC, 0xC6, 0xBC, 0xC6, 0xBC, 0xC6, 0xFF, 0xBC, 0xC6, 0xBC, 0xC6, 0xBC, 0xBE, 0xDD, 0xBE,
    0xDD, 0xBE, 0xDD, 0xBE, 0xBC, 0xBE, 0xBC, 0xBE, 0xBC, 0xB6, 0xBD, 0xB6, 0xBD, 0xB6, 0xBD, 0xB6,
    0xBD, 0xB6, 0xBD, 0xB6, 0xBD, 0xB6, 0xBD, 0xAE, 0xDE, 0xAE, 0xDE, 0xAE, 0xDE, 0xAE, 0xDE, 0xAE,
    0xDE, 0xAE, 0xDE, 0xAE, 0xDE, 0xA6, 0xDE, 0xA6, 0xDE, 0xA6, 0xDE, 0xA6, 0xDE, 0xA6, 0xDE, 0xA6,
    0xDE, 0xA6, 0xFE, 0xA6, 0xFE, 0xA6, 0xFE, 0xA6, 0xFE, 0xA6, 0xFE, 0xA6, 0xFE, 0xA6, 0xFE, 0xA6,
    0xFE, 0x9E, 0xFE, 0x9E, 0xFE, 0x9E, 0xFE, 0x9E, 0xFE, 0x9E, 0xFE, 0x9E, 0xFE, 0x9E, 0xFF, 0x9F,
    0x1F, 0x9F, 0x1F, 0x9E, 0xFF, 0x96, 0xFE, 0x96, 0xFE, 0x96, 0xFE, 0x96, 0xFE, 0x96, 0xFE, 0x96,
    0xFE, 0x96, 0xFE, 0x97, 0x1F, 0x97, 0x1F, 0x8E, 0xDE, 0x8E, 0xFE, 0x8E, 0xFE, 0x8E, 0xFE, 0x8E,
    0xFE, 0x8E, 0xFE, 0x8F, 0x1E, 0x97, 0x1E, 0x97, 0x89, 0x1E, 0x9F, 0x5F, 0xAF, 0xBF, 0xB7, 0xFF,
    0xAF, 0xDF, 0xA7, 0x02, 0x9F, 0xFF, 0x7F, 0x8F, 0x1E, 0x8E, 0xFE, 0x86, 0xFE, 0x8F, 0x1E, 0x97,
    0x3F, 0x97, 0x5F, 0x9F, 0x7F, 0x9F, 0x5F, 0x9F, 0x5F, 0xA7, 0x7F, 0xA7, 0x9F, 0xA7, 0x7F, 0xA7,
    0x7F, 0x9F, 0x5E, 0x9F, 0x5F, 0xAF, 0x7F, 0xB7, 0x7F, 0xBF, 0x9F, 0xC7, 0x7F, 0xC7, 0x9F, 0xC7,
    0x7F, 0xBF, 0x7F, 0xB7, 0x5F, 0xB7, 0x9F, 0xAF, 0x9F, 0xAF, 0x7F, 0x9F, 0x7F, 0x97, 0x9F, 0x97,
    0x7F, 0x8F, 0x3F, 0x8F, 0x1F, 0x8F, 0x1F, 0x8F, 0x1F, 0x87, 0x1F, 0x87, 0x3F, 0x97, 0x3F, 0xA7,
    0x3E, 0xBF, 0x7F, 0xCF, 0xBF, 0xD7, 0xFF, 0xD7, 0xFF, 0xDF, 0xFF, 0xD7, 0xFF, 0xB7, 0x9E, 0xB7,
    0xBF, 0xB7, 0xDF, 0x97, 0x1E, 0x87, 0x3F, 0x87, 0x3F, 0x87, 0x3F, 0x7F, 0x1F, 0x87, 0x3F, 0x87,
    0x3F, 0x87, 0x3F, 0x87, 0x3F, 0x87, 0x3F, 0x87, 0x3F, 0x87, 0x1F, 0x87, 0x1F, 0x87, 0x1F, 0x87,
    0x1F, 0x87, 0x1F, 0x87, 0x1F, 0x87, 0x8D, 0x1F, 0x87, 0x3F, 0x87, 0x3F, 0x87, 0x3F, 0x86, 0xFE,
    0x8E, 0xBD, 0xC7, 0x7F, 0xEF, 0x06, 0xFF, 0x80, 0xDF, 0x03, 0xFF, 0xA0, 0xDF, 0xF7, 0xDF, 0xF7,
    0xBF, 0xF7, 0xBF, 0xF7, 0xBF, 0xF7, 0xBF, 0xF7, 0xBF, 0xF7, 0x9E, 0xEF, 0x7E, 0xEF, 0x5E, 0xEF,
    0x5E, 0xEF, 0x5E, 0xEF, 0x5E, 0xF7, 0xBF, 0xFF, 0xBF, 0xFF, 0xDF, 0xFF, 0xDF, 0x11, 0xFF, 0x82,
    0xDF, 0xFF, 0xDF, 0x02, 0xFF, 0xFF, 0xF7, 0xDF, 0xF7, 0xBF, 0xF7, 0xBF, 0xF7, 0xBF, 0xF7, 0xBF,
    0xF7, 0xBF, 0xF7, 0xBF, 0xF7, 0xBF, 0xF7, 0xBF, 0xF7, 0xBF, 0xF7, 0xBF, 0xF7, 0xBF, 0xF7, 0xBF,
    0xF7, 0xBF, 0xF7, 0xBF, 0xF7, 0xBF, 0xF7, 0xBF, 0xF7, 0xBF, 0xF7, 0xBF, 0xF7, 0xBF, 0xF7, 0xBF,
    0xF7, 0xBF, 0xF7, 0x9F, 0xF7, 0x9E, 0xF7, 0x9E, 0xF7, 0x9E, 0xEF, 0x7E, 0xEF, 0x7E, 0xEF, 0x7E,
    0xEF, 0x7F, 0xE7, 0x3E, 0xDE, 0xFE, 0xD6, 0x9C, 0xD6, 0xBC, 0xDE, 0xFD, 0xD6, 0xBD, 0xDE, 0xDD,
    0xDE, 0xDD, 0xDE, 0xDD, 0xD6, 0xDD, 0xD6, 0x9D, 0xCE, 0x7D, 0xC6, 0x5C, 0xC6, 0x5C, 0xC6, 0x5C,
    0xC6, 0x5C, 0xCE, 0x5C, 0xCE, 0x7C, 0xCE, 0x7C, 0xCE, 0x9C, 0xD6, 0xBC, 0xD6, 0xDC, 0xDE, 0xFC,
    0xDE, 0xFD, 0xDE, 0xFD, 0xE7, 0x1D, 0xE7, 0x1E, 0xE7, 0x1D, 0xE7, 0x1D, 0xE7, 0x1D, 0xE6, 0xFD,
    0xE6, 0xFD, 0xE6, 0xFD, 0xE6, 0xFD, 0x95, 0xE6, 0xFD, 0xDE, 0xFD, 0xDE, 0xFD, 0xDE, 0xFD, 0xDE,
    0xFD, 0xDE, 0xFD, 0xE6, 0xFE, 0xDE, 0xDD, 0xE7, 0x3E, 0xF7, 0x9F, 0xFF, 0xDF, 0x0F, 0xFF, 0xFF,
    0xDF, 0xEF, 0x3D, 0xEF, 0x1D, 0xE6, 0xFD, 0xDE, 0x9C, 0xD6, 0xBD, 0xD6, 0x7C, 0xCE, 0x3C, 0xCE,
    0x1C, 0xCE, 0x1D, 0xC5, 0xFD, 0xC5, 0xDD, 0xB5, 0xDD, 0xB5, 0xBC, 0xAD, 0x9C, 0xAD, 0x7B, 0xA5,
    0x5B, 0xA5, 0x3A, 0xA5, 0x1B, 0x9D, 0x1B, 0x9C, 0xFA, 0x94, 0xB9, 0x94, 0x99, 0x8C, 0x99, 0x8C,
    0x78, 0x8C, 0x58, 0x84, 0x59, 0x84, 0x18, 0x84, 0x18, 0x84, 0x18, 0x73, 0xB6, 0x73, 0x96, 0x6B,
    0x75, 0x6B, 0x75, 0x6B, 0x75, 0x6B, 0x75, 0x6B, 0x55, 0x6B, 0x55, 0x6B, 0x55, 0x63, 0x36, 0x63,
    0x36, 0x63, 0x36, 0x63, 0x36, 0x6B, 0x56, 0xCE, 0xDC, 0xCE, 0xDC, 0xCE, 0xDC, 0xCE, 0xDC, 0xCE,
    0xDC, 0xCE, 0xDC, 0xCE, 0xDC, 0xCE, 0xDC, 0xCE, 0xDC, 0xCE, 0xBC, 0xCE, 0xBC, 0xCE, 0xBC, 0xCE,
    0xBC, 0xCE, 0xBC, 0xCE, 0xBC, 0xCE, 0xBC, 0xC6, 0xBC, 0xC6, 0xBC, 0xC6, 0xBC, 0xC6, 0xBC, 0xC6,
    0xFF, 0xBC, 0xC6, 0xBC, 0xC6, 0xBC, 0xBE, 0xDD, 0xBE, 0xDD, 0xBE, 0xDD, 0xBE, 0xBC, 0xBE, 0xBC,
    0xBE, 0xBC, 0xB6, 0xBD, 0xB6, 0xBD, 0xB6, 0xBD, 0xB6, 0xBD, 0xB6, 0xBD, 0xB6, 0xBD, 0xB6, 0xBD,
    0xAE, 0xDE, 0xAE, 0xDE, 0xAE, 0xDE, 0xAE, 0xDE, 0xAE, 0xDE, 0xAE, 0xDE, 0xAE, 0xDE, 0xA6, 0xDE,
    0xA6, 0xDE, 0xA6, 0xDE, 0xA6, 0xDE, 0xA6, 0xDE, 0xA6, 0xDE, 0xA6, 0xFE, 0xA6, 0xFE, 0xA6, 0xFE,
    0xA6, 0xFE, 0xA6, 0xFE, 0xA6, 0xFE, 0xA6, 0xFE, 0xA6, 0xFE, 0x9E, 0xFE, 0x9E, 0xFE, 0x9E, 0xFE,
    0x9E, 0xFE, 0x9E, 0xFE, 0x9E, 0xFE, 0x9E, 0xFF, 0x9F, 0x1F, 0x9F, 0x1F, 0x9E, 0xFF, 0x96, 0xFE,
    0x96, 0xFE, 0x96, 0xFE, 0x96, 0xFE, 0x96, 0xFE, 0x96, 0xFE, 0x96, 0xFE, 0x9F, 0x5F, 0x9F, 0x7F,
    0x97, 0x3F, 0x8F, 0x3F, 0x8F, 0x3F, 0x8F, 0x3F, 0x8F, 0x3F, 0x8F, 0x3F, 0x8F, 0x5F, 0x97, 0x5F,
    0x8F, 0xFF, 0x3E, 0x97, 0x3F, 0x97, 0x5F, 0x8F, 0x3E, 0x8F, 0x3E, 0x97, 0x5F, 0x97, 0x7F, 0x8F,
    0x7F, 0x8F, 0x5F, 0x8F, 0x3F, 0x87, 0x3F, 0x87, 0x1F, 0x87, 0x1E, 0x8E, 0xFF, 0x8E, 0xFF, 0x8E,
    0xFF, 0x8F, 0x1F, 0x97, 0x3F, 0x8F, 0x3F, 0x8F, 0x1F, 0x86, 0xFD, 0x87, 0x1E, 0x97, 0x3E, 0xA7,
    0x5F, 0xB7, 0x9F, 0xC7, 0x9F, 0xCF, 0xBF, 0xC7, 0x9F, 0xC7, 0x9F, 0xBF, 0x9F, 0xBF, 0xDF, 0xB7,
    0xBF, 0xB7, 0xBF, 0xA7, 0xBF, 0x9F, 0xBF, 0x97, 0x9F, 0x8F, 0x5F, 0x8F, 0x1F, 0x8F, 0x1F, 0x8F,
    0x1F, 0x87, 0x3F, 0x8F, 0x5F, 0xAF, 0x9F, 0xC7, 0xBF, 0xDF, 0xFF, 0xE7, 0xDF, 0xEF, 0xDF, 0xE7,
    0xFE, 0xDF, 0xFE, 0xDF, 0xFF, 0xD7, 0xFF, 0xD7, 0xFF, 0xD7, 0xFF, 0xAF, 0x1D, 0x8F, 0x1F, 0x87,
    0x1F, 0x87, 0x1F, 0x87, 0x1F, 0x87, 0x3F, 0x87, 0x1F, 0x87, 0x1F, 0x87, 0x3F, 0x87, 0x3F, 0x87,
    0x3F, 0x87, 0x9B, 0x1F, 0x87, 0x1F, 0x87, 0x1F, 0x87, 0x1F, 0x87, 0x1F, 0x87, 0x1F, 0x87, 0x1F,
    0x87, 0x3F, 0x87, 0x3F, 0x8F, 0x3F, 0x8F, 0x3F, 0xA7, 0x9F, 0xD7, 0xFF, 0xE7, 0xFF, 0xF7, 0x07,
    0xFF, 0xA1, 0xF7, 0xDF, 0xF7, 0xBF, 0xF7, 0xBF, 0xF7, 0xBF, 0xF7, 0xBF, 0xF7, 0xBF, 0xF7, 0x9F,
    0xF7, 0x9E, 0xEF, 0x5E, 0xEF, 0x5D, 0xEF, 0x5D, 0xEF, 0x5D, 0xEF, 0x5D, 0xEF, 0x7E, 0xF7, 0x9E,
    0xF7, 0x9E, 0xFF, 0xBF, 0x11, 0xFF, 0x82, 0xDF, 0xFF, 0xDF, 0x04, 0xFF, 0xFF, 0xF7, 0xBF, 0xF7,
    0xBF, 0xF7, 0xBF, 0xF7, 0xBF, 0xF7, 0xBF, 0xF7, 0xBF, 0xF7, 0xBF, 0xF7, 0xBF, 0xF7, 0xDF, 0xF7,
    0xDF, 0xF7, 0xDF, 0xF7, 0xBF, 0xF7, 0xBF, 0xF7, 0xBF, 0xF7, 0xBF, 0xF7, 0xBF, 0xF7, 0xBF, 0xF7,
    0xBF, 0xF7, 0xBF, 0xF7, 0xBF, 0xF7, 0xBF, 0xF7, 0xBF, 0xF7, 0x9F, 0xF7, 0x9F, 0xF7, 0x9F, 0xEF,
    0x7E, 0xEF, 0x7E, 0xEF, 0x7E, 0xEF, 0x7F, 0xE7, 0x3E, 0xDE, 0xFE, 0xD6, 0x9C, 0xD6, 0xBC, 0xDE,
    0xFD, 0xD6, 0xBD, 0xDE, 0xDD, 0xDE, 0xDD, 0xDE, 0xDD, 0xD6, 0xDD, 0xD6, 0x9D, 0xCE, 0x7D, 0xC6,
    0x5C, 0xC6, 0x5C, 0xC6, 0x5C, 0xC6, 0x5C, 0xCE, 0x5C, 0xCE, 0x7C, 0xCE, 0x7C, 0xCE, 0x9C, 0xD6,
    0xDC, 0xDE, 0xFD, 0xDF, 0x1D, 0xE6, 0xFD, 0xE6, 0xFD, 0xE7, 0x3E, 0xE7, 0x3E, 0xE7, 0x1D, 0xE6,
    0xFD, 0xE6, 0xFD, 0xDE, 0xFD, 0xDE, 0xFD, 0xDE, 0xFD, 0xDE, 0xDC, 0xDE, 0xDD, 0x93, 0xDE, 0xFD,
    0xDE, 0xFD, 0xDE, 0xFD, 0xDE, 0xFD, 0xDE, 0xFD, 0xEF, 0x5E, 0xE7, 0x1D, 0xE7, 0x1D, 0xF7, 0x7F,
    0xFF, 0xDF, 0x0F, 0xFF, 0xFF, 0xDF, 0xEF, 0x3D, 0xE6, 0xFD, 0xE6, 0xDD, 0xDE, 0x9C, 0xD6, 0x9D,
    0xD6, 0x7C, 0xCE, 0x3C, 0xCE, 0x1C, 0xCE, 0x1D, 0xC5, 0xFD, 0xC5, 0xDD, 0xB5, 0xDD, 0xB5, 0xBC,
    0xAD, 0x9C, 0xA5, 0x5B, 0xA5, 0x5B, 0xA5, 0x3A, 0x9D, 0x1A, 0x9D, 0x1A, 0x9C, 0xDA, 0x94, 0xB9,
    0x94, 0x99, 0x8C, 0x99, 0x8C, 0x78, 0x84, 0x58, 0x84, 0x38, 0x84, 0x18, 0x7C, 0x18, 0x84, 0x18,
    0x73, 0xB6, 0x6B, 0x75, 0x63, 0x35, 0x63, 0x35, 0x6B, 0x55, 0x6B, 0x55, 0x6B, 0x55, 0x6B, 0x55,
    0x6B, 0x55, 0x63, 0x36, 0x63, 0x36, 0x63, 0x36, 0x63, 0x36, 0x6B, 0x56, 0xD6, 0xDC, 0xD6, 0xDC,
    0xD6, 0xDC, 0xD6, 0xDC, 0xD6, 0xDC, 0xD6, 0xDC, 0xD6, 0xDC, 0xD6, 0xDC, 0xD6, 0xDC, 0xD6, 0xDD,
    0xD6, 0xDD, 0xD6, 0xDD, 0xCE, 0xBC, 0xCE, 0xBC, 0xCE, 0xBC, 0xCE, 0xDC, 0xCE, 0xDC, 0xCE, 0xDC,
    0xCE, 0xDC, 0xC6, 0xBC, 0xC6, 0xFF, 0xBC, 0xC6, 0xBC, 0xC6, 0xDC, 0xBE, 0xDD, 0xBE, 0xDD, 0xBE,
    0xDD, 0xBE, 0xDD, 0xBE, 0xDD, 0xBE, 0xDD, 0xB6, 0xBD, 0xB6, 0xBD, 0xB6, 0xBD, 0xB6, 0xBD, 0xB6,
    0xBD, 0xB6, 0xBD, 0xB6, 0xBD, 0xAE, 0xDE, 0xAE, 0xDE, 0xAE, 0xDE, 0xAE, 0xDE, 0xAE, 0xDE, 0xAE,
    0xDE, 0xAE, 0xDE, 0xA6, 0xDE, 0xA6, 0xDE, 0xA6, 0xDE, 0xA6, 0xDE, 0xA6, 0xDE, 0xA6, 0xDE, 0xA6,
    0xFE, 0xA6, 0xFE, 0xA6, 0xFE, 0xA6, 0xFE, 0xA6, 0xFE, 0xA6, 0xFE, 0xA6, 0xFE, 0xA6, 0xFE, 0x9E,
    0xFE, 0x9E, 0xFE, 0x9E, 0xFE, 0x9E, 0xFE, 0x9E, 0xFE, 0x9E, 0xFE, 0x9E, 0xFF, 0x9F, 0x1F, 0x9F,
    0x1F, 0x9F, 0x1F, 0x9F, 0x1F, 0x9F, 0x1F, 0x9F, 0x1F, 0x97, 0x1F, 0x97, 0x1F, 0x97, 0x1F, 0x97,
    0x1F, 0x97, 0x1F, 0x97, 0x1F, 0x97, 0x1F, 0x8F, 0x3F, 0x8F, 0x3F, 0x8F, 0x3F, 0x8F, 0x3F, 0x8F,
    0x3F, 0x8F, 0x3F, 0x8F, 0x3F, 0x8F, 0xBB, 0x5F, 0x8F, 0x5F, 0x8F, 0x5F, 0x8F, 0x5F, 0x8F, 0x5F,
    0x8F, 0x5F, 0x8F, 0x5F, 0x87, 0x3F, 0x87, 0x3F, 0x87, 0x3F, 0x87, 0x3F, 0x87, 0x3F, 0x87, 0x3F,
    0x8F, 0x3F, 0x8F, 0x3F, 0x8F, 0x3F, 0x8F, 0x5F, 0x8F, 0x5F, 0x8F, 0x5F, 0x8F, 0x3F, 0x87, 0x5F,
    0x87, 0x5F, 0x8F, 0x3F, 0x97, 0x3F, 0x9F, 0x3F, 0xA7, 0x3F, 0xA7, 0x1F, 0xB7, 0x7F, 0xAF, 0x7F,
    0xAF, 0x7F, 0xAF, 0x04, 0x9F, 0xDB, 0x7F, 0x97, 0x5E, 0x8F, 0x3F, 0x8F, 0x3F, 0x8F, 0x3F, 0x8F,
    0x3F, 0x8F, 0x3F, 0x8F, 0x3F, 0x87, 0x3F, 0x87, 0x3E, 0xAF, 0x7F, 0xD7, 0xDF, 0xE7, 0xDF, 0xEF,
    0xBF, 0xEF, 0xBF, 0xEF, 0xFE, 0xE7, 0xFE, 0xE7, 0xFE, 0xE7, 0xFF, 0xDF, 0xFF, 0xE7, 0xFF, 0xD7,
    0x9F, 0x9E, 0xBC, 0x9E, 0xDD, 0x9F, 0x1E, 0x97, 0x1E, 0x8F, 0x1E, 0x8F, 0x1F, 0x8F, 0x3F, 0x8F,
    0x1F, 0x87, 0x3F, 0x87, 0x3F, 0x87, 0x3F, 0x87, 0x3F, 0x87, 0x3F, 0x87, 0x3F, 0x87, 0x3F, 0x87,
    0x3F, 0x87, 0x3F, 0x87, 0x1F, 0x87, 0x1F, 0x87, 0x1F, 0x7E, 0xFE, 0x8F, 0x3F, 0xAF, 0x1C, 0xD7,
    0x9E, 0xF7, 0x1C, 0xFF, 0x96, 0xDF, 0xF7, 0x9E, 0xEF, 0x7D, 0xEF, 0x3D, 0xEF, 0x1D, 0xEF, 0x1D,
    0xE6, 0xFC, 0xE6, 0xDC, 0xEF, 0x1D, 0xEF, 0x1D, 0xF7, 0xBE, 0xFF, 0xDF, 0x03, 0xFF, 0xFF, 0xDF,
    0xFF, 0xDF, 0xFF, 0xDF, 0xFF, 0xDF, 0xF7, 0xFF, 0xF7, 0xFF, 0xF7, 0xFF, 0xF7, 0xBF, 0xF7, 0xBF,
    0xF7, 0xBF, 0xF7, 0xBF, 0xF7, 0xBF, 0xF7, 0xBF, 0xF7, 0xBF, 0xF7, 0xBF, 0xF7, 0xBF, 0xF7, 0xBF,
    0xF7, 0xBF, 0xF7, 0xBF, 0xF7, 0xBF, 0xF7, 0xBF, 0xF7, 0xBF, 0xF7, 0xBF, 0xF7, 0xBF, 0xF7, 0xBF,
    0xF7, 0xBF, 0xF7, 0xBF, 0xF7, 0xBF, 0xF7, 0x9F, 0xF7, 0x9F, 0xF7, 0x9F, 0xEF, 0x9E, 0xEF, 0x9E,
    0xEF, 0x9E, 0xE7, 0x5E, 0xE7, 0x3E, 0xDE, 0xFE, 0xDE, 0xFD, 0xDF, 0x1E, 0xDF, 0x1E, 0xDF, 0x1E,
    0xDE, 0xFD, 0xD6, 0xDD, 0xD6, 0xBC, 0xD6, 0xBD, 0xCE, 0x7D, 0xCE, 0x7D, 0xCE, 0x5C, 0xCE, 0x5C,
    0xCE, 0x5C, 0xCE, 0x5C, 0xCE, 0x5C, 0xCE, 0x5C, 0xCE, 0x7C, 0xD6, 0x9C, 0xDE, 0xFD, 0xDF, 0x1D,
    0xD6, 0xDC, 0xDE, 0xFD, 0xDE, 0xFD, 0xDE, 0xFD, 0xDE, 0xFD, 0xDE, 0xFD, 0xDE, 0xFD, 0xDE, 0x9C,
    0xFD, 0xDE, 0xFD, 0xDE, 0xFD, 0xDE, 0xFD, 0xDE, 0xFD, 0xDE, 0xFD, 0xDE, 0xFD, 0xDE, 0xFC, 0xDE,
    0xFC, 0xDE, 0xFC, 0xDE, 0xFC, 0xE7, 0x1C, 0xEF, 0x5D, 0xF7, 0x9F, 0xFF, 0xDF, 0x13, 0xFF, 0xFF,
    0xDF, 0xF7, 0x7F, 0xE6, 0xDD, 0xDE, 0x7C, 0xCE, 0x5C, 0xCE, 0x5B, 0xCE, 0x3C, 0xC6, 0x1C, 0xC5,
    0xFC, 0xBD, 0xDC, 0xBD, 0xBC, 0xAD, 0x9C, 0xAD, 0x7B, 0xA5, 0x5B, 0xA5, 0x3A, 0x9D, 0x1A, 0x9D,
    0x1A, 0x9C, 0xFA, 0x9C, 0xFA, 0x9C, 0xDA, 0x94, 0xDA, 0x8C, 0x99, 0x8C, 0x98, 0x8C, 0x58, 0x8C,
    0x58, 0x8C, 0x59, 0x84, 0x18, 0x7B, 0xF7, 0x6B, 0x75, 0x6B, 0x75, 0x6B, 0x75, 0x6B, 0x75, 0x6B,
    0x55, 0x6B, 0x55, 0x6B, 0x55, 0x6B, 0x55, 0x6B, 0x55, 0x6B, 0x55, 0x6B, 0x76, 0x6B, 0x77, 0x6B,
    0x77, 0x73, 0x97, 0x73, 0xB8, 0xD6, 0xDC, 0xD6, 0xDC, 0xD6, 0xDC, 0xD6, 0xDC, 0xD6, 0xDC, 0xD6,
    0xDC, 0xD6, 0xDC, 0xD6, 0xDC, 0xD6, 0xDC, 0xD6, 0xDD, 0xD6, 0xDD, 0xD6, 0xDD, 0xCE, 0xBC, 0xCE,
    0xBC, 0xCE, 0xBC, 0xCE, 0xDC, 0xCE, 0xDC, 0xCE, 0xDC, 0xCE, 0xDC, 0xC6, 0xBC, 0xC6, 0xBC, 0xC6,
    0xFF, 0xBC, 0xC6, 0xDC, 0xBE, 0xDD, 0xBE, 0xDD, 0xBE, 0xDD, 0xBE, 0xDD, 0xBE, 0xDD, 0xBE, 0xDD,
    0xB6, 0xBD, 0xB6, 0xBD, 0xB6, 0xBD, 0xB6, 0xBD, 0xB6, 0xBD, 0xB6, 0xBD, 0xB6, 0xBD, 0xAE, 0xDE,
    0xAE, 0xDE, 0xAE, 0xDE, 0xAE, 0xDE, 0xAE, 0xDE, 0xAE, 0xDE, 0xAE, 0xDE, 0xA6, 0xDE, 0xA6, 0xDE,
    0xA6, 0xDE, 0xA6, 0xDE, 0xA6, 0xDE, 0xA6, 0xDE, 0xA6, 0xFE, 0xA6, 0xFE, 0xA6, 0xFE, 0xA6, 0xFE,
    0xA6, 0xFE, 0xA6, 0xFE, 0xA6, 0xFE, 0xA6, 0xFE, 0x9E, 0xFE, 0x9E, 0xFE, 0x9E, 0xFE, 0x9E, 0xFE,
    0x9E, 0xFE, 0x9E, 0xFE, 0x9E, 0xFF, 0x9F, 0x1F, 0x9F, 0x1F, 0x9F, 0x1F, 0x9F, 0x1F, 0x9F, 0x1F,
    0x9F, 0x1F, 0x97, 0x1F, 0x97, 0x1F, 0x97, 0x1F, 0x97, 0x1F, 0x97, 0x1F, 0x97, 0x1F, 0x97, 0x1F,
    0x8F, 0x3F, 0x8F, 0x3F, 0x8F, 0x3F, 0x8F, 0x3F, 0x8F, 0x3F, 0x8F, 0x3F, 0x8F, 0x3F, 0x8F, 0x3F,
    0x8F, 0xD2, 0x3F, 0x8F, 0x3F, 0x8F, 0x3F, 0x8F, 0x3F, 0x8F, 0x3F, 0x8F, 0x3F, 0x8F, 0x3F, 0x8F,
    0x3F, 0x8F, 0x3F, 0x8F, 0x3F, 0x8F, 0x3F, 0x8F, 0x3F, 0x8F, 0x5F, 0x8F, 0x3F, 0x8F, 0x3F, 0x8F,
    0x5F, 0x8F, 0x5F, 0x8F, 0x5F, 0x8F, 0x3F, 0x8F, 0x5F, 0x8F, 0x5F, 0x8F, 0x3F, 0x8F, 0x3F, 0x8F,
    0x1F, 0x8E, 0xFF, 0x96, 0xFF, 0x9F, 0x3E, 0x9F, 0x3F, 0x97, 0x3F, 0x97, 0x7F, 0x97, 0x5F, 0x8F,
    0x5F, 0x8F, 0x5F, 0x8F, 0x3F, 0x8F, 0x3F, 0x8F, 0x3F, 0x8F, 0x3F, 0x8F, 0x3F, 0x8F, 0x3F, 0x87,
    0x5F, 0x87, 0x5F, 0xB7, 0x9F, 0x02, 0xDF, 0x90, 0xEF, 0xDF, 0xEF, 0xDF, 0xE7, 0xDF, 0xE7, 0xFF,
    0xE7, 0xFF, 0xE7, 0xFF, 0xE7, 0xFF, 0xE7, 0xFF, 0xE7, 0x03, 0xDF, 0x85, 0xD7, 0x9F, 0xCF, 0xBF,
    0xCF, 0xDF, 0x02, 0xBF, 0xA8, 0xA7, 0x5F, 0x8E, 0xFE, 0x97, 0x3F, 0x87, 0x3F, 0x87, 0x3F, 0x87,
    0x3F, 0x87, 0x3F, 0x87, 0x3F, 0x87, 0x3F, 0x87, 0x3F, 0x87, 0x3F, 0x87, 0x3F, 0x87, 0x3F, 0x87,
    0x3F, 0x87, 0x3F, 0x87, 0x3F, 0x87, 0x3F, 0x8F, 0x3E, 0x9E, 0xDB, 0xD7, 0xDE, 0xEF, 0x03, 0xFF,
    0x82, 0xF7, 0xFF, 0xF7, 0x1A, 0xFF, 0xFF, 0xDF, 0xF7, 0x5E, 0xF7, 0x3E, 0xF7, 0x3D, 0xEE, 0xFC,
    0xE6, 0xBB, 0xE6, 0xBB, 0xE6, 0xDC, 0xDE, 0xFC, 0xE7, 0x3C, 0xEF, 0x5D, 0xFF, 0xBF, 0xFF, 0xBF,
    0xFF, 0xBF, 0xF7, 0xBF, 0xF7, 0xDF, 0xF7, 0xDF, 0xF7, 0xDF, 0xF7, 0xBF, 0xF7, 0xBF, 0xF7, 0xBF,
    0xF7, 0xBF, 0xF7, 0xBF, 0xF7, 0xBF, 0xF7, 0xBF, 0xF7, 0xBF, 0xF7, 0xBF, 0xF7, 0xBF, 0xF7, 0xBF,
    0xF7, 0xBF, 0xF7, 0xBF, 0xF7, 0xBF, 0xF7, 0xBF, 0xF7, 0xBF, 0xF7, 0xBF, 0xF7, 0xBF, 0xF7, 0xBF,
    0xF7, 0xBF, 0xF7, 0xBF, 0xF7, 0x9F, 0xF7, 0x9F, 0xF7, 0x9F, 0xEF, 0x9E, 0xEF, 0x9E, 0xEF, 0x9E,
    0xE7, 0x5E, 0xE7, 0x5F, 0xE7, 0x3F, 0xE7, 0x3E, 0xE7, 0x3E, 0xE7, 0x3E, 0xE7, 0x3E, 0xE7, 0x3E,
    0xDE, 0xFD, 0xD6, 0xBC, 0xD6, 0x9C, 0xCE, 0x9D, 0xCE, 0x7D, 0xCE, 0x5C, 0xCE, 0x5C, 0xCE, 0x5C,
    0xCE, 0x5C, 0xCE, 0x7D, 0xCE, 0x7D, 0xCE, 0xAE, 0x9C, 0xD6, 0xBC, 0xDE, 0xFD, 0xDF, 0x1D, 0xD6,
    0xDC, 0xDE, 0xFD, 0xDE, 0xFD, 0xDE, 0xFD, 0xDE, 0xFD, 0xDE, 0xFD, 0xDE, 0xFD, 0xDE, 0xFD, 0xDE,
    0xFD, 0xDE, 0xFD, 0xDE, 0xFD, 0xDE, 0xFD, 0xDE, 0xFD, 0xDE, 0xFD, 0xDE, 0xFC, 0xDE, 0xFB, 0xE7,
    0x3C, 0xEF, 0x7D, 0xF7, 0xBE, 0xFF, 0xDF, 0x17, 0xFF, 0xFF, 0xDF, 0xFF, 0xBF, 0xEF, 0x3E, 0xD6,
    0x7C, 0xCE, 0x5C, 0xCE, 0x5B, 0xCE, 0x3C, 0xC6, 0x1C, 0xC5, 0xDC, 0xBD, 0xBC, 0xBD, 0x9C, 0xAD,
    0x9C, 0xAD, 0x7B, 0xA5, 0x5B, 0xA5, 0x3A, 0x9D, 0x1A, 0x9D, 0x1A, 0x9C, 0xFA, 0x9C, 0xFA, 0x9C,
    0xDA, 0x94, 0xDA, 0x8C, 0x98, 0x8C, 0x78, 0x84, 0x58, 0x84, 0x38, 0x84, 0x38, 0x7B, 0xF7, 0x7B,
    0xD7, 0x6B, 0x75, 0x6B, 0x75, 0x6B, 0x75, 0x6B, 0x75, 0x6B, 0x55, 0x6B, 0x55, 0x6B, 0x55, 0x6B,
    0x55, 0x6B, 0x55, 0x6B, 0x55, 0x6B, 0x76, 0x6B, 0x77, 0x6B, 0x77, 0x73, 0x97, 0x73, 0xB8, 0xD6,
    0xDC, 0xD6, 0xDC, 0xD6, 0xDC, 0xD6, 0xDC, 0xD6, 0xDC, 0xD6, 0xDC, 0xD6, 0xDC, 0xD6, 0xDC, 0xD6,
    0xDC, 0xD6, 0xDD, 0xD6, 0xDD, 0xD6, 0xDD, 0xCE, 0xBC, 0xCE, 0xBC, 0xCE, 0xBC, 0xCE, 0xDC, 0xCE,
    0xDC, 0xCE, 0xDC, 0xCE, 0xDC, 0xC6, 0xBC, 0xC6, 0xBC, 0xC6, 0xFF, 0xBC, 0xC6, 0xDC, 0xBE, 0xDD,
    0xBE, 0xDD, 0xBE, 0xDD, 0xBE, 0xDD, 0xBE, 0xDD, 0xBE, 0xDD, 0xB6, 0xBD, 0xB6, 0xBD, 0xB6, 0xBD,
    0xB6, 0xBD, 0xB6, 0xBD, 0xB6, 0xBD, 0xB6, 0xBD, 0xAE, 0xDE, 0xAE, 0xDE, 0xAE, 0xDE, 0xAE, 0xDE,
    0xAE, 0xDE, 0xAE, 0xDE, 0xAE, 0xDE, 0xA6, 0xDE, 0xA6, 0xDE, 0xA6, 0xDE, 0xA6, 0xDE, 0xA6, 0xDE,
    0xA6, 0xDE, 0xA6, 0xFE, 0xA6, 0xFE, 0xA6, 0xFE, 0xA6, 0xFE, 0xA6, 0xFE, 0xA6, 0xFE, 0xA6, 0xFE,
    0xA6, 0xFE, 0x9E, 0xFE, 0x9E, 0xFE, 0x9E, 0xFE, 0x9E, 0xFE, 0x9E, 0xFE, 0x9E, 0xFE, 0x9E, 0xFF,
    0x9F, 0x1F, 0x9F, 0x1F, 0x9F, 0x1F, 0x9F, 0x1F, 0x9F, 0x1F, 0x9F, 0x1F, 0x97, 0x1F, 0x97, 0x1F,
    0x97, 0x1F, 0x97, 0x1F, 0x97, 0x1F, 0x97, 0x1F, 0x97, 0x1F, 0x97, 0x3F, 0x97, 0x3F, 0x97, 0x3F,
    0x97, 0x3F, 0x97, 0x3F, 0x97, 0x3F, 0x97, 0x3F, 0x8F, 0x3F, 0x8F, 0xD7, 0x3F, 0x8F, 0x3F, 0x8F,
    0x3F, 0x8F, 0x3F, 0x8F, 0x3F, 0x8F, 0x3F, 0x97, 0x3F, 0x97, 0x3F, 0x97, 0x3F, 0x97, 0x3F, 0x97,
    0x3F, 0x97, 0x3F, 0x8F, 0x3E, 0x8F, 0x3E, 0x8F, 0x3E, 0x8F, 0x3E, 0x8F, 0x3E, 0x8F, 0x3E, 0x8F,
    0x3E, 0x8F, 0x5F, 0x8F, 0x5F, 0x8F, 0x3F, 0x8F, 0x3F, 0x8F, 0x3F, 0x8F, 0x3F, 0x8F, 0x3F, 0x97,
    0x1F, 0x8F, 0x1F, 0x8F, 0x1F, 0x87, 0x3F, 0x87, 0x3F, 0x87, 0x5F, 0x87, 0x5F, 0x8F, 0x3F, 0x8F,
    0x3F, 0x8F, 0x3F, 0x8F, 0x3F, 0x8F, 0x3F, 0x8F, 0x3F, 0x87, 0x5F, 0x87, 0x5F, 0xB7, 0x9F, 0xDF,
    0xFF, 0xEF, 0xFF, 0xE7, 0x02, 0xDF, 0xC3, 0xFF, 0xE7, 0xFF, 0xE7, 0xFF, 0xE7, 0xFF, 0xE7, 0xFF,
    0xE7, 0xFF, 0xDF, 0xBF, 0xE7, 0xFF, 0xEF, 0xDF, 0xE7, 0xFF, 0xDF, 0xFF, 0xD7, 0xFF, 0xC7, 0xFF,
    0x97, 0x1E, 0x97, 0x3F, 0x8F, 0x3F, 0x87, 0x3F, 0x87, 0x3F, 0x87, 0x3F, 0x87, 0x3F, 0x87, 0x3F,
    0x87, 0x3F, 0x87, 0x3F, 0x87, 0x3F, 0x87, 0x3F, 0x8F, 0x3F, 0x8F, 0x3F, 0x8F, 0x3F, 0x8F, 0x5F,
    0x97, 0x7F, 0xA7, 0x1C, 0xD7, 0xDF, 0xEF, 0xFF, 0xF7, 0xFF, 0xF7, 0x1E, 0xFF, 0xFF, 0xBF, 0xFF,
    0x9F, 0xFF, 0x9F, 0xFF, 0x7F, 0xFF, 0x7E, 0xFF, 0x7F, 0xFF, 0x7F, 0xF7, 0xBF, 0xF7, 0xBF, 0xF7,
    0x9F, 0xF7, 0xBF, 0xF7, 0xBF, 0xF7, 0xBF, 0xF7, 0xBF, 0xF7, 0xBF, 0xF7, 0xBF, 0xF7, 0xBF, 0xF7,
    0xBF, 0xF7, 0xBF, 0xF7, 0xBF, 0xF7, 0xBF, 0xF7, 0xBF, 0xF7, 0xBF, 0xF7, 0xBF, 0xF7, 0xBF, 0xF7,
    0xBF, 0xF7, 0xBF, 0xF7, 0xBF, 0xF7, 0xBF, 0xF7, 0xBF, 0xF7, 0xBF, 0xF7, 0xBF, 0xF7, 0xBF, 0xF7,
    0xBF, 0xF7, 0xBF, 0xF7, 0xBF, 0xF7, 0xBF, 0xF7, 0xBF, 0xF7, 0x9F, 0xF7, 0x9F, 0xF7, 0x9F, 0xEF,
    0x9E, 0xEF, 0x9E, 0xEF, 0x9E, 0xEF, 0x7F, 0xEF, 0x7F, 0xEF, 0x7F, 0xEF, 0x7F, 0xE7, 0x5F, 0xE7,
    0x5F, 0xE7, 0x5F, 0xE7, 0x5F, 0xDE, 0xFE, 0xD6, 0xBC, 0xD6, 0x9C, 0xCE, 0x9D, 0xCE, 0x7D, 0xCE,
    0x5C, 0xCE, 0x5C, 0xCE, 0x5C, 0xCE, 0x5C, 0xCE, 0x7D, 0xD6, 0x9D, 0xD6, 0x9D, 0xD6, 0xA6, 0xBC,
    0xDE, 0xFD, 0xDF, 0x1D, 0xD6, 0xDC, 0xDE, 0xFD, 0xDE, 0xFD, 0xDE, 0xFD, 0xDE, 0xFD, 0xDE, 0xFD,
    0xDE, 0xFD, 0xDE, 0xFD, 0xDE, 0xFD, 0xDE, 0xFD, 0xDE, 0xFD, 0xDE, 0xFD, 0xDE, 0xFD, 0xDE, 0xFD,
    0xE7, 0x1C, 0xE7, 0x3C, 0xF7, 0x9E, 0x07, 0xFF, 0x82, 0xDE, 0xFF, 0xDF, 0x13, 0xFF, 0xFF, 0xDF,
    0xFF, 0xDF, 0xFF, 0xBF, 0xEF, 0x1E, 0xCE, 0x5C, 0xCE, 0x5B, 0xCE, 0x3C, 0xC5, 0xFC, 0xBD, 0xDB,
    0xBD, 0xBC, 0xB5, 0x9B, 0xAD, 0x9C, 0xAD, 0x7B, 0xA5, 0x5B, 0xA5, 0x3A, 0x9D, 0x1A, 0x9D, 0x1A,
    0x9D, 0x1A, 0xA5, 0x3B, 0x9C, 0xDA, 0x8C, 0x78, 0x8C, 0x78, 0x84, 0x58, 0x84, 0x37, 0x84, 0x38,
    0x84, 0x38, 0x7B, 0xF7, 0x73, 0xD7, 0x6B, 0x75, 0x6B, 0x75, 0x6B, 0x75, 0x6B, 0x75, 0x6B, 0x55,
    0x6B, 0x55, 0x6B, 0x55, 0x6B, 0x55, 0x6B, 0x55, 0x6B, 0x55, 0x6B, 0x76, 0x6B, 0x77, 0x6B, 0x77,
    0x6B, 0x77, 0x6B, 0x56, 0xD6, 0xDC, 0xD6, 0xDC, 0xD6, 0xDC, 0xD6, 0xDC, 0xD6, 0xDC, 0xD6, 0xFC,
    0xD6, 0xFC, 0xD6, 0xFC, 0xD6, 0xFC, 0xD6, 0xDC, 0xD6, 0xDC, 0xD6, 0xDC, 0xD6, 0xDC, 0xD6, 0xDC,
    0xD6, 0xDC, 0xCE, 0xDC, 0xCE, 0xDC, 0xCE, 0xDC, 0xCE, 0xDC, 0xCE, 0xDC, 0xCE, 0xDC, 0xCE, 0xFF,
    0xDC, 0xC6, 0xDD, 0xBE, 0xDD, 0xBE, 0xDD, 0xBE, 0xDD, 0xBE, 0xDD, 0xBE, 0xDD, 0xBE, 0xDD, 0xBE,
    0xDD, 0xB6, 0xDD, 0xB6, 0xDD, 0xB6, 0xDD, 0xB6, 0xDD, 0xB6, 0xDD, 0xB6, 0xDD, 0xB6, 0xDD, 0xB6,
    0xDD, 0xB6, 0xDD, 0xB6, 0xDD, 0xB6, 0xDD, 0xB6, 0xDD, 0xB6, 0xFD, 0xAE, 0xFE, 0xAE, 0xFE, 0xAE,
    0xFE, 0xAE, 0xFE, 0xAE, 0xFE, 0xAE, 0xFE, 0xAE, 0xFE, 0xA7, 0x1E, 0xA7, 0x1E, 0xA7, 0x1E, 0xA7,
    0x1E, 0xA7, 0x1E, 0xA7, 0x1E, 0xA7, 0x1E, 0xA7, 0x1F, 0xA7, 0x1F, 0xA7, 0x1F, 0xA7, 0x1F, 0xA7,
    0x1F, 0xA7, 0x1F, 0x9F, 0x1F, 0x9F, 0x1F, 0x9F, 0x1F, 0x9F, 0x1F, 0x9F, 0x1F, 0x9F, 0x1F, 0x9F,
    0x3F, 0x97, 0x3F, 0x97, 0x5F, 0x97, 0x5F, 0x97, 0x3F, 0x97, 0x3F, 0x97, 0x3F, 0x97, 0x3F, 0x8F,
    0x3F, 0x8F, 0x3F, 0x8F, 0x3F, 0x8F, 0x3F, 0x8F, 0x3F, 0x8F, 0x3F, 0x8F, 0x3F, 0x8F, 0x3F, 0x8F,
    0xE0, 0x3F, 0x8F, 0x3F, 0x8F, 0x3F, 0x8F, 0x3F, 0x8F, 0x3F, 0x8F, 0x3F, 0x8F, 0x3F, 0x8F, 0x3F,
    0x8F, 0x3F, 0x8F, 0x3F, 0x8F, 0x3F, 0x8F, 0x3F, 0x8F, 0x5F, 0x8F, 0x5F, 0x8F, 0x5F, 0x8F, 0x5F,
    0x8F, 0x5F, 0x8F, 0x5F, 0x8F, 0x5F, 0x8F, 0x3F, 0x8F, 0x3F, 0x8F, 0x3F, 0x8F, 0x3F, 0x8F, 0x3F,
    0x8F, 0x3F, 0x8F, 0x3F, 0x8F, 0x3F, 0x8F, 0x3F, 0x8F, 0x3F, 0x8F, 0x3F, 0x8F, 0x3F, 0x8F, 0x3F,
    0x8F, 0x5F, 0x8F, 0x5F, 0x8F, 0x5F, 0x8F, 0x5F, 0x8F, 0x5F, 0x8F, 0x5F, 0x8F, 0x5F, 0x97, 0x5F,
    0x97, 0x1F, 0xA7, 0x5F, 0xC7, 0xFF, 0xCF, 0xFF, 0xDF, 0xFF, 0xDF, 0xFE, 0xDF, 0xFE, 0xDF, 0xFF,
    0xDF, 0xFF, 0x02, 0xDF, 0xBF, 0xD7, 0xBF, 0xD7, 0xBF, 0xDF, 0xBF, 0xDF, 0xFF, 0xE7, 0xFF, 0xF7,
    0xFF, 0xEF, 0xFE, 0xDF, 0xFE, 0xAF, 0x7E, 0x8F, 0x3E, 0x8F, 0x5F, 0x8F, 0x5F, 0x8F, 0x5F, 0x8F,
    0x5F, 0x8F, 0x5F, 0x8F, 0x5F, 0x87, 0x5F, 0x7F, 0x5F, 0x7F, 0x5F, 0x87, 0x3F, 0x8F, 0x3F, 0x8F,
    0x3F, 0x8F, 0x1F, 0x97, 0x3F, 0xA7, 0x1E, 0xBF, 0x7F, 0xD7, 0xFF, 0xD7, 0xFF, 0xCF, 0xDF, 0xC7,
    0x9E, 0xD7, 0x7D, 0xF7, 0xBE, 0x03, 0xFF, 0x80, 0xDF, 0x22, 0xFF, 0x91, 0xF7, 0xFF, 0xF7, 0xFF,
    0xF7, 0xFF, 0xF7, 0xFF, 0xF7, 0xFF, 0xF7, 0xFF, 0xF7, 0xDF, 0xF7, 0xBF, 0xF7, 0xDF, 0x02, 0xFF,
    0xFF, 0xF7, 0xDF, 0xF7, 0xDF, 0xF7, 0xBF, 0xEF, 0xBF, 0xEF, 0xBF, 0xEF, 0xBF, 0xEF, 0xBF, 0xEF,
    0xBF, 0xEF, 0xBF, 0xEF, 0xBF, 0xEF, 0xBF, 0xF7, 0xBF, 0xF7, 0xBF, 0xEF, 0x9F, 0xEF, 0x7F, 0xEF,
    0x7F, 0xEF, 0x7F, 0xEF, 0x9F, 0xEF, 0x9F, 0xEF, 0x9F, 0xEF, 0x9F, 0xF7, 0xBF, 0xF7, 0xBF, 0xF7,
    0xBF, 0xF7, 0xDF, 0xF7, 0xDF, 0xF7, 0xDF, 0xEF, 0x9E, 0xEF, 0x9E, 0xEF, 0x9E, 0xEF, 0x9E, 0xEF,
    0x7E, 0xE7, 0x5D, 0xE7, 0x3E, 0xE7, 0x3E, 0xDE, 0xFE, 0xD6, 0xDD, 0xD6, 0xBD, 0xD6, 0x9D, 0xCE,
    0x7D, 0xCE, 0x7D, 0xCE, 0x7D, 0xCE, 0x7D, 0xCE, 0x7D, 0xD6, 0x7C, 0xD6, 0x7C, 0xD6, 0x9C, 0xDE,
    0xBD, 0xDE, 0xDD, 0xDE, 0xDD, 0xDE, 0xDD, 0xDE, 0xDD, 0xDE, 0xDD, 0xDE, 0xDD, 0xDE, 0xDD, 0xDE,
    0xDD, 0xDE, 0xDD, 0xDE, 0xDD, 0xDE, 0xDD, 0xDE, 0xDD, 0xDE, 0xDD, 0xDE, 0xDC, 0xDE, 0xDB, 0xE7,
    0x3C, 0x09, 0xFF, 0x9C, 0xDF, 0xFF, 0xBF, 0xFF, 0xBF, 0xFF, 0x9F, 0xFF, 0x9F, 0xFF, 0x7F, 0xFF,
    0x7F, 0xFF, 0x7F, 0xFF, 0x5F, 0xF7, 0x5F, 0xF7, 0x5E, 0xF7, 0x7E, 0xFF, 0x9F, 0xFF, 0xBF, 0xFF,
    0xDF, 0x03, 0xFF, 0xFF, 0xBF, 0xD6, 0x7C, 0xCE, 0x5C, 0xC6, 0x1C, 0xC5, 0xDC, 0xBD, 0xDC, 0xBD,
    0x9C, 0xB5, 0x5B, 0xAD, 0x7B, 0xA5, 0x5B, 0xA5, 0x5B, 0xA5, 0x3A, 0xA5, 0x3A, 0x9D, 0x1A, 0x9C,
    0xD9, 0x94, 0x79, 0x8C, 0x58, 0x8C, 0x58, 0x94, 0x79, 0x8C, 0x58, 0x8C, 0x38, 0x84, 0x38, 0x84,
    0x18, 0x73, 0xD7, 0x73, 0x96, 0x73, 0xD7, 0x73, 0xD7, 0x73, 0xD7, 0x73, 0xD7, 0x73, 0x96, 0x6B,
    0x76, 0x6B, 0x55, 0x6B, 0x76, 0x6B, 0x76, 0x6B, 0x76, 0x6B, 0x55, 0x6B, 0x55, 0x6B, 0x55, 0x6B,
    0x55, 0x63, 0x55, 0xD6, 0xDC, 0xD6, 0xDC, 0xD6, 0xDC, 0xD6, 0xDC, 0xD6, 0xDC, 0xD6, 0xFC, 0xD6,
    0xFC, 0xD6, 0xFC, 0xD6, 0xFC, 0xD6, 0xDC, 0xD6, 0xDC, 0xD6, 0xDC, 0xD6, 0xDC, 0xD6, 0xDC, 0xD6,
    0xDC, 0xCE, 0xDC, 0xCE, 0xDC, 0xCE, 0xDC, 0xCE, 0xDC, 0xCE, 0xDC, 0xCE, 0xDC, 0xCE, 0xDC, 0xC6,
    0xDD, 0xBE, 0xDD, 0xBE, 0xFF, 0xDD, 0xBE, 0xDD, 0xBE, 0xDD, 0xBE, 0xDD, 0xBE, 0xDD, 0xBE, 0xDD,
    0xB6, 0xDD, 0xB6, 0xDD, 0xB6, 0xDD, 0xB6, 0xDD, 0xB6, 0xDD, 0xB6, 0xDD, 0xB6, 0xDD, 0xB6, 0xDD,
    0xB6, 0xDD, 0xB6, 0xDD, 0xB6, 0xDD, 0xB6, 0xFD, 0xB6, 0xFD, 0xAE, 0xFE, 0xAE, 0xFE, 0xAE, 0xFE,
    0xAE, 0xFE, 0xAE, 0xFE, 0xAE, 0xFE, 0xAE, 0xFE, 0xA7, 0x1E, 0xA7, 0x1E, 0xA7, 0x1E, 0xA7, 0x1E,
    0xA7, 0x1E, 0xA7, 0x1E, 0xA7, 0x1E, 0xA7, 0x1F, 0xA7, 0x1F, 0xA7, 0x1F, 0xA7, 0x1F, 0xA7, 0x1F,
    0xA7, 0x1F, 0x9F, 0x1F, 0x9F, 0x1F, 0x9F, 0x1F, 0x9F, 0x1F, 0x9F, 0x1F, 0x9F, 0x1F, 0x9F, 0x3F,
    0x97, 0x3F, 0x97, 0x5F, 0x97, 0x5F, 0x97, 0x3F, 0x97, 0x3F, 0x97, 0x3F, 0x97, 0x3F, 0x8F, 0x3F,
    0x8F, 0x3F, 0x8F, 0x3F, 0x8F, 0x3F, 0x8F, 0x3F, 0x8F, 0x3F, 0x8F, 0x3F, 0x8F, 0x3F, 0x8F, 0x3F,
    0x8F, 0x3F, 0x8F, 0x3F, 0x8F, 0xFF, 0x3F, 0x8F, 0x3F, 0x8F, 0x3F, 0x8F, 0x3F, 0x8F, 0x3F, 0x8F,
    0x3F, 0x8F, 0x3F, 0x8F, 0x3F, 0x8F, 0x3F, 0x8F, 0x5F, 0x8F, 0x5F, 0x8F, 0x5F, 0x8F, 0x5F, 0x8F,
    0x5F, 0x8F, 0x5F, 0x8F, 0x5F, 0x8F, 0x3F, 0x8F, 0x3F, 0x8F, 0x3F, 0x8F, 0x3F, 0x8F, 0x3F, 0x8F,
    0x3F, 0x8F, 0x3F, 0x8F, 0x3F, 0x8F, 0x3F, 0x8F, 0x3F, 0x8F, 0x3F, 0x8F, 0x3F, 0x8F, 0x3F, 0x8F,
    0x5F, 0x8F, 0x5F, 0x8F, 0x5F, 0x8F, 0x5F, 0x8F, 0x5F, 0x8F, 0x5F, 0x8F, 0x5F, 0x8F, 0x5F, 0x8F,
    0x3F, 0x9F, 0x5F, 0xAF, 0xBF, 0xC7, 0xFF, 0xCF, 0xFF, 0xD7, 0xFF, 0xDF, 0xFF, 0xDF, 0xFF, 0xD7,
    0xFF, 0xD7, 0xDF, 0xCF, 0xBF, 0xC7, 0x7E, 0xBF, 0x3D, 0xAE, 0xDC, 0xBF, 0x5D, 0xDF, 0xBE, 0xE7,
    0xDE, 0xD7, 0xFF, 0xA7, 0x5D, 0x8E, 0xFD, 0x8F, 0x3F, 0x8F, 0x5F, 0x8F, 0x5F, 0x8F, 0x5F, 0x8F,
    0x5F, 0x8F, 0x5F, 0x87, 0x5F, 0x87, 0x9C, 0x5F, 0x87, 0x5F, 0x87, 0x3F, 0x8F, 0x5F, 0x97, 0x3F,
    0x97, 0x3F, 0x9F, 0x3F, 0xA7, 0x3F, 0xAF, 0x3E, 0xB7, 0x3E, 0xB7, 0x5D, 0xBF, 0x3D, 0xBF, 0x3D,
    0xCF, 0x1C, 0xF7, 0xBE, 0x15, 0xFF, 0x82, 0xDF, 0xFF, 0xDF, 0x0E, 0xFF, 0x91, 0xF7, 0xDF, 0xEF,
    0xDF, 0xEF, 0xBF, 0xEF, 0xDF, 0xEF, 0xDF, 0xEF, 0xDF, 0xEF, 0xDF, 0xF7, 0xBF, 0xF7, 0xDF, 0x02,
    0xFF, 0xFF, 0xF7, 0xFF, 0xF7, 0xDF, 0xF7, 0xDF, 0xEF, 0xBF, 0xEF, 0xBF, 0xEF, 0xBF, 0xEF, 0xBF,
    0xEF, 0x9F, 0xEF, 0x9F, 0xEF, 0x9F, 0xEF, 0x9F, 0xEF, 0x9F, 0xEF, 0x9F, 0xEF, 0x7F, 0xE7, 0x5E,
    0xE7, 0x5E, 0xE7, 0x5E, 0xEF, 0x7F, 0xEF, 0x7F, 0xEF, 0x7F, 0xEF, 0x7F, 0xEF, 0x9F, 0xEF, 0x9F,
    0xEF, 0x9F, 0xF7, 0xBF, 0xF7, 0xBF, 0xF7, 0xBF, 0xEF, 0x9E, 0xEF, 0x9E, 0xEF, 0x9E, 0xEF, 0x9E,
    0xEF, 0x7E, 0xE7, 0x5D, 0xE7, 0x3E, 0xE7, 0x1E, 0xDE, 0xFD, 0xD6, 0xBD, 0xD6, 0xBD, 0xD6, 0x9D,
    0xCE, 0x7D, 0xCE, 0x7D, 0xCE, 0x7D, 0xCE, 0x7D, 0xCE, 0x7D, 0xD6, 0x7C, 0xD6, 0x7C, 0xD6, 0x9C,
    0xDE, 0xBD, 0xDE, 0xDD, 0xDE, 0xDD, 0xDE, 0xDD, 0xDE, 0xDD, 0xDE, 0xDD, 0xDE, 0xDD, 0xDE, 0xDD,
    0xDE, 0xDD, 0xDE, 0xDD, 0xDE, 0xDD, 0xDE, 0xDD, 0xDE, 0xDD, 0xDE, 0xDD, 0xDE, 0xDC, 0xDE, 0xFC,
    0xEF, 0x7D, 0x09, 0xFF, 0x9E, 0xDF, 0xFF, 0xBF, 0xFF, 0x9E, 0xFF, 0x7F, 0xFF, 0x9F, 0xFF, 0x7F,
    0xFF, 0x5F, 0xF7, 0x5F, 0xF7, 0x3E, 0xF7, 0x1E, 0xEE, 0xFC, 0xEF, 0x1C, 0xEF, 0x1C, 0xEF, 0x3D,
    0xF7, 0x9E, 0xFF, 0xDF, 0x02, 0xFF, 0x89, 0xD6, 0x7C, 0xCE, 0x5C, 0xC6, 0x1C, 0xC5, 0xFC, 0xC5,
    0xFD, 0x02, 0xBD, 0xFF, 0xB5, 0x9C, 0xAD, 0x5B, 0xA5, 0x5B, 0xA5, 0x3A, 0x9D, 0x1A, 0x9D, 0x1A,
    0x9C, 0xF9, 0x94, 0xD9, 0x94, 0x78, 0x8C, 0x58, 0x8C, 0x38, 0x8C, 0x58, 0x8C, 0x58, 0x8C, 0x37,
    0x84, 0x38, 0x7C, 0x18, 0x7B, 0xD7, 0x7B, 0xD7, 0x7B, 0xD7, 0x7B, 0xD7, 0x7B, 0xD7, 0x7B, 0xF7,
    0x7B, 0xF8, 0x73, 0xD7, 0x73, 0x96, 0x6B, 0x75, 0x6B, 0x75, 0x6B, 0x75, 0x6B, 0x55, 0x6B, 0x55,
    0x6B, 0x55, 0x6B, 0x55, 0x63, 0x55, 0xD6, 0xDC, 0xD6, 0xDC, 0xD6, 0xDC, 0xD6, 0xDC, 0xD6, 0xDC,
    0xD6, 0xFC, 0xD6, 0xFC, 0xD6, 0xFC, 0xD6, 0xFC, 0xD6, 0xDC, 0xD6, 0xDC, 0xD6, 0xDC, 0xD6, 0xDC,
    0xD6, 0xDC, 0xD6, 0xDC, 0xCE, 0xDC, 0xCE, 0xDC, 0xCE, 0xDC, 0xCE, 0xDC, 0xCE, 0xDC, 0xCE, 0xDC,
    0xCE, 0xDC, 0xC6, 0xDD, 0xBE, 0xDD, 0xBE, 0xDD, 0xBE, 0xDD, 0xBE, 0xDD, 0xBE, 0xDD, 0xBE, 0xDD,
    0xBE, 0xDD, 0xB6, 0xDD, 0xFF, 0xB6, 0xDD, 0xB6, 0xDD, 0xB6, 0xDD, 0xB6, 0xDD, 0xB6, 0xDD, 0xB6,
    0xDD, 0xB6, 0xDD, 0xB6, 0xDD, 0xB6, 0xDD, 0xB6, 0xDD, 0xB6, 0xDD, 0xB6, 0xFD, 0xAE, 0xFE, 0xAE,
    0xFE, 0xAE, 0xFE, 0xAE, 0xFE, 0xAE, 0xFE, 0xAE, 0xFE, 0xAE, 0xFE, 0xA7, 0x1E, 0xA7, 0x1E, 0xA7,
    0x1E, 0xA7, 0x1E, 0xA7, 0x1E, 0xA7, 0x1E, 0xA7, 0x1E, 0xA7, 0x1F, 0xA7, 0x1F, 0xA7, 0x1F, 0xA7,
    0x1F, 0xA7, 0x1F, 0xA7, 0x1F, 0x9F, 0x1F, 0x9F, 0x1F, 0x9F, 0x1F, 0x9F, 0x1F, 0x9F, 0x1F, 0x9F,
    0x1F, 0x9F, 0x3F, 0x97, 0x3F, 0x97, 0x5F, 0x97, 0x5F, 0x97, 0x3F, 0x97, 0x3F, 0x97, 0x3F, 0x97,
    0x3F, 0x8F, 0x3F, 0x8F, 0x3F, 0x8F, 0x3F, 0x8F, 0x3F, 0x8F, 0x3F, 0x8F, 0x3F, 0x8F, 0x3F, 0x8F,
    0x3F, 0x8F, 0x3F, 0x8F, 0x3F, 0x8F, 0x3F, 0x8F, 0x3F, 0x8F, 0x3F, 0x8F, 0x3F, 0x8F, 0x3F, 0x8F,
    0x3F, 0x8F, 0x3F, 0x8F, 0x3F, 0xD1, 0x8F, 0x3F, 0x8F, 0x3F, 0x8F, 0x5F, 0x8F, 0x5F, 0x8F, 0x5F,
    0x8F, 0x5F, 0x8F, 0x5F, 0x8F, 0x5F, 0x8F, 0x5F, 0x8F, 0x3F, 0x8F, 0x3F, 0x8F, 0x3F, 0x8F, 0x3F,
    0x8F, 0x3F, 0x8F, 0x3F, 0x8F, 0x3F, 0x8F, 0x3F, 0x8F, 0x3F, 0x8F, 0x3F, 0x8F, 0x3F, 0x8F, 0x3F,
    0x8F, 0x3F, 0x8F, 0x5F, 0x8F, 0x5F, 0x8F, 0x5F, 0x8F, 0x5F, 0x8F, 0x5F, 0x8F, 0x5F, 0x8F, 0x5F,
    0x8F, 0x5F, 0x87, 0x5F, 0x8F, 0x5F, 0x97, 0x5F, 0xA7, 0x9F, 0xAF, 0x7E, 0xB7, 0xBE, 0xD7, 0xFF,
    0xDF, 0xFF, 0xD7, 0xFF, 0xCF, 0xFF, 0xC7, 0xDF, 0x02, 0xBF, 0x8B, 0xAF, 0x7F, 0xAF, 0x7F, 0xBF,
    0xDF, 0xD7, 0xFF, 0xDF, 0xFF, 0xD7, 0xFF, 0x02, 0xBF, 0xAB, 0xA7, 0x9F, 0x8F, 0x3F, 0x8F, 0x5F,
    0x8F, 0x5F, 0x8F, 0x5F, 0x8F, 0x5F, 0x8F, 0x5F, 0x87, 0x5F, 0x87, 0x7F, 0x87, 0x7F, 0x8F, 0x5F,
    0x97, 0x5F, 0x97, 0x5F, 0x9F, 0x3F, 0x9F, 0x3F, 0xA7, 0x5F, 0xA7, 0x7E, 0xA7, 0x3D, 0xA7, 0x1C,
    0xBF, 0x5D, 0xCF, 0x9F, 0xE7, 0xDF, 0x04, 0xFF, 0x81, 0xF7, 0xBE, 0x0F, 0xFF, 0xA4, 0xDF, 0xFF,
    0xDF, 0xFF, 0xDF, 0xF7, 0xDF, 0xF7, 0xDF, 0xF7, 0xDF, 0xF7, 0xBF, 0xF7, 0xBF, 0xF7, 0xBF, 0xF7,
    0xBF, 0xEF, 0x9F, 0xE7, 0x7F, 0xE7, 0x7E, 0xE7, 0x9F, 0xEF, 0x9F, 0xEF, 0xBF, 0xEF, 0xBF, 0xF7,
    0xBF, 0xF7, 0xDF, 0x04, 0xFF, 0xFD, 0xF7, 0xFF, 0xF7, 0xDF, 0xEF, 0xBF, 0xEF, 0xBF, 0xEF, 0xBF,
    0xEF, 0xBF, 0xE7, 0x9F, 0xE7, 0x9F, 0xE7, 0x9F, 0xEF, 0x7F, 0xEF, 0x7F, 0xEF, 0x7F, 0xE7, 0x5E,
    0xE7, 0x5E, 0xE7, 0x5E, 0xE7, 0x5E, 0xE7, 0x5E, 0xE7, 0x5E, 0xE7, 0x5E, 0xE7, 0x5E, 0xEF, 0x7E,
    0xEF, 0x7E, 0xEF, 0x7E, 0xEF, 0x9E, 0xEF, 0x9E, 0xEF, 0x9E, 0xEF, 0x9E, 0xEF, 0x9E, 0xEF, 0x9E,
    0xEF, 0x9E, 0xEF, 0x7E, 0xE7, 0x5D, 0xE7, 0x3E, 0xDE, 0xFD, 0xD6, 0xDD, 0xD6, 0x9C, 0xCE, 0x9D,
    0xD6, 0x9D, 0xCE, 0x7D, 0xCE, 0x7D, 0xCE, 0x7D, 0xCE, 0x7D, 0xCE, 0x7D, 0xD6, 0x7C, 0xD6, 0x7C,
    0xD6, 0x9C, 0xDE, 0xBD, 0xDE, 0xDD, 0xDE, 0xDD, 0xDE, 0xDD, 0xDE, 0xDD, 0xDE, 0xDD, 0xDE, 0xDD,
    0xDE, 0xDD, 0xDE, 0xDD, 0xDE, 0xDD, 0xDE, 0xDD, 0xDE, 0xDD, 0xDE, 0xDD, 0xDE, 0xDD, 0xD6, 0xBB,
    0xEF, 0x5D, 0xFF, 0xDF, 0x09, 0xFF, 0xFF, 0xDF, 0xFF, 0xBF, 0xF7, 0x5D, 0xF7, 0x5E, 0xFF, 0x7F,
    0xFF, 0x5F, 0xF7, 0x5F, 0xF7, 0x1E, 0xEF, 0x1E, 0xEE, 0xFD, 0xEE, 0xFD, 0xE6, 0xFD, 0xE6, 0xDC,
    0xE6, 0xDC, 0xEF, 0x1D, 0xF7, 0x7F, 0xF7, 0x7F, 0xD6, 0x7C, 0xCE, 0x5C, 0xC6, 0x1C, 0xC5, 0xDC,
    0xBD, 0xBC, 0xB5, 0x7C, 0xB5, 0x5B, 0xA5, 0x3B, 0xA5, 0x3A, 0x9D, 0x1A, 0x9D, 0x1A, 0x9C, 0xF9,
    0x9C, 0xF9, 0x94, 0xB8, 0x94, 0x78, 0x8C, 0x38, 0x8C, 0x37, 0x8C, 0x58, 0x8C, 0x37, 0x84, 0x17,
    0x84, 0x17, 0x84, 0x18, 0x7C, 0x18, 0x84, 0x18, 0x7B, 0xF7, 0x7B, 0xF7, 0x7B, 0xF7, 0x7C, 0x18,
    0x7B, 0xF8, 0x73, 0xD7, 0x6B, 0x76, 0x6B, 0x55, 0x6B, 0x55, 0x6B, 0x55, 0x6B, 0x55, 0x6B, 0x55,
    0x6B, 0x55, 0x6B, 0x55, 0x63, 0x55, 0xDE, 0xFC, 0xDE, 0xFC, 0xD6, 0xFC, 0xD6, 0xFC, 0xD6, 0xFC,
    0xD6, 0xFC, 0xD6, 0xFC, 0xD6, 0xFC, 0xD6, 0xFF, 0xFC, 0xD6, 0xFC, 0xD6, 0xFC, 0xD6, 0xFC, 0xD6,
    0xFC, 0xD6, 0xFC, 0xD6, 0xFC, 0xD6, 0xFC, 0xCE, 0xFD, 0xCE, 0xFD, 0xCE, 0xFD, 0xCE, 0xFD, 0xCE,
    0xFD, 0xCE, 0xFD, 0xC6, 0xFD, 0xC6, 0xFD, 0xC6, 0xFD, 0xC6, 0xFD, 0xBE, 0xDD, 0xBE, 0xDD, 0xBE,
    0xDD, 0xBE, 0xDD, 0xBE, 0xDD, 0xBE, 0xDD, 0xBE, 0xDD, 0xBE, 0xDD, 0xBE, 0xDD, 0xBE, 0xDD, 0xB6,
    0xDD, 0xB6, 0xDD, 0xB6, 0xDD, 0xB6, 0xDD, 0xB6, 0xDD, 0xB6, 0xDD, 0xB6, 0xFD, 0xAF, 0x1E, 0xAF,
    0x1E, 0xAF, 0x1E, 0xAF, 0x1E, 0xAF, 0x1E, 0xAF, 0x1E, 0xAF, 0x1E, 0xAF, 0x1E, 0xAF, 0x1E, 0xAF,
    0x1E, 0xAF, 0x1E, 0xAF, 0x1E, 0xAF, 0x1E, 0xA7, 0x1E, 0xA7, 0x1F, 0xA7, 0x1F, 0xA7, 0x1F, 0xA7,
    0x1F, 0xA7, 0x1F, 0xA7, 0x1F, 0x9F, 0x1F, 0x9F, 0x1F, 0x9F, 0x1F, 0x9F, 0x1F, 0x9F, 0x1F, 0x9F,
    0x1F, 0x9F, 0x3F, 0x97, 0x3F, 0x97, 0x5F, 0x97, 0xE8, 0x5F, 0x97, 0x5F, 0x97, 0x5F, 0x97, 0x5F,
    0x97, 0x5F, 0x8F, 0x5F, 0x8F, 0x5F, 0x8F, 0x5F, 0x8F, 0x3F, 0x8F, 0x3F, 0x8F, 0x3F, 0x8F, 0x3F,
    0x8F, 0x3F, 0x8F, 0x3F, 0x8F, 0x3F, 0x8F, 0x3F, 0x8F, 0x3F, 0x8F, 0x3F, 0x8F, 0x5F, 0x8F, 0x5F,
    0x8F, 0x5F, 0x8F, 0x5F, 0x8F, 0x5F, 0x8F, 0x5F, 0x8F, 0x5F, 0x8F, 0x5F, 0x8F, 0x5F, 0x8F, 0x5F,
    0x8F, 0x5F, 0x8F, 0x5F, 0x8F, 0x5F, 0x8F, 0x5F, 0x8F, 0x3F, 0x8F, 0x3F, 0x8F, 0x3F, 0x8F, 0x3F,
    0x8F, 0x3F, 0x8F, 0x3F, 0x8F, 0x3F, 0x8F, 0x3F, 0x8F, 0x3F, 0x8F, 0x3F, 0x8F, 0x3F, 0x8F, 0x3F,
    0x8F, 0x3F, 0x8F, 0x5F, 0x8F, 0x5F, 0x8F, 0x5F, 0x8F, 0x5F, 0x8F, 0x5F, 0x8F, 0x5F, 0x8F, 0x5F,
    0x87, 0x5F, 0x02, 0x7F, 0x8E, 0x87, 0x7F, 0x87, 0x5F, 0x8F, 0x7F, 0x8F, 0x5E, 0x97, 0x5E, 0xCF,
    0xFF, 0xCF, 0xFF, 0xBF, 0x02, 0x9F, 0xBD, 0x1D, 0x9F, 0x1E, 0x97, 0x3F, 0x8F, 0x3F, 0x8F, 0x5F,
    0x8F, 0x5E, 0x9F, 0x1D, 0xA7, 0x1D, 0xA7, 0x3E, 0xA7, 0x3E, 0x9F, 0x5E, 0x8F, 0x3F, 0x8F, 0x5F,
    0x8F, 0x5F, 0x8F, 0x5F, 0x8F, 0x3F, 0x8F, 0x3F, 0x8F, 0x5F, 0x8F, 0x5E, 0x97, 0x7F, 0x97, 0x7F,
    0x97, 0x3E, 0x9F, 0x3F, 0xA7, 0x7F, 0xAF, 0x5F, 0xAF, 0x5F, 0xAF, 0x7E, 0xAF, 0x7E, 0xBF, 0xBE,
    0xD7, 0xDF, 0xEF, 0xFF, 0xF7, 0x0D, 0xFF, 0xAF, 0xF7, 0xDF, 0xF7, 0xDF, 0xF7, 0xDF, 0xEF, 0xBF,
    0xEF, 0x9E, 0xEF, 0x9E, 0xEF, 0x9F, 0xEF, 0x9F, 0xEF, 0x9F, 0xEF, 0x9F, 0xE7, 0x9F, 0xE7, 0x7F,
    0xE7, 0x7F, 0xE7, 0x7F, 0xE7, 0x5F, 0xE7, 0x5F, 0xE7, 0x5F, 0xE7, 0x5F, 0xE7, 0x5F, 0xE7, 0x5F,
    0xE7, 0x7F, 0xEF, 0xBF, 0xEF, 0xBF, 0xEF, 0xBF, 0x02, 0xFF, 0xFB, 0xF7, 0xDF, 0xF7, 0xDF, 0xEF,
    0xBF, 0xEF, 0xBF, 0xE7, 0x9F, 0xE7, 0x7E, 0xE7, 0x7E, 0xE7, 0x7E, 0xE7, 0x7E, 0xE7, 0x5E, 0xE7,
    0x5E, 0xE7, 0x5E, 0xE7, 0x5E, 0xE7, 0x5E, 0xE7, 0x5E, 0xE7, 0x5E, 0xE7, 0x5E, 0xE7, 0x5E, 0xE7,
    0x5E, 0xE7, 0x5E, 0xEF, 0x7E, 0xEF, 0x7E, 0xEF, 0x7E, 0xE7, 0x5E, 0xE7, 0x5E, 0xE7, 0x5E, 0xEF,
    0x7F, 0xEF, 0x7F, 0xEF, 0x9F, 0xEF, 0x9E, 0xEF, 0x9E, 0xEF, 0x9E, 0xDF, 0x1D, 0xDE, 0xFD, 0xD6,
    0xBD, 0xD6, 0xBD, 0xD6, 0x9D, 0xD6, 0x9D, 0xD6, 0x9D, 0xD6, 0x9D, 0xD6, 0x9D, 0xD6, 0x9D, 0xD6,
    0x9D, 0xD6, 0x9C, 0xD6, 0x9C, 0xD6, 0x9C, 0xD6, 0xBC, 0xDE, 0xBD, 0xDE, 0xBD, 0xDE, 0xBC, 0xDE,
    0xBC, 0xDE, 0xBC, 0xDE, 0xBC, 0xDE, 0xDC, 0xDE, 0xDD, 0xDE, 0xDD, 0xDE, 0xDD, 0xDE, 0xDD, 0xDE,
    0xDD, 0xDE, 0xDD, 0xE7, 0x1D, 0xFF, 0xDF, 0x0B, 0xFF, 0xFF, 0xDF, 0xFF, 0xBF, 0xFF, 0x7E, 0xF7,
    0x5E, 0xF7, 0x5F, 0xF7, 0x3E, 0xF7, 0x3E, 0xEE, 0xFE, 0xEE, 0xDD, 0xEE, 0xDD, 0xE6, 0xFD, 0xE6,
    0xDD, 0xE6, 0xBD, 0xDE, 0xBC, 0xDE, 0xBC, 0xDE, 0x9C, 0xD6, 0x9C, 0xD6, 0x9D, 0xCE, 0x3C, 0xBD,
    0xBB, 0xBD, 0x9B, 0xB5, 0x7B, 0xAD, 0x3B, 0xAD, 0x1B, 0x9C, 0xFA, 0x9C, 0xF9, 0x94, 0xD9, 0x94,
    0xD9, 0x94, 0xD9, 0x94, 0xB8, 0x8C, 0x78, 0x8C, 0x38, 0x8C, 0x38, 0x8C, 0x38, 0x8C, 0x37, 0x8C,
    0x37, 0x8C, 0x37, 0x84, 0x38, 0x84, 0x38, 0x84, 0x18, 0x84, 0x18, 0x7B, 0xD7, 0x7B, 0xD7, 0x7B,
    0xD7, 0x7B, 0xD7, 0x73, 0x96, 0x6B, 0x55, 0x63, 0x35, 0x63, 0x55, 0x63, 0x55, 0x63, 0x55, 0x63,
    0x55, 0x63, 0x55, 0x63, 0x55, 0x63, 0x55, 0x63, 0x55, 0xDE, 0xFC, 0xDE, 0xFC, 0xD6, 0xFC, 0xD6,
    0xFC, 0xD6, 0xFC, 0xD6, 0xFC, 0xD6, 0xFC, 0xD6, 0xFC, 0xD6, 0xFF, 0xFC, 0xD6, 0xFC, 0xD6, 0xFC,
    0xD6, 0xFC, 0xD6, 0xFC, 0xD6, 0xFC, 0xD6, 0xFC, 0xD6, 0xFC, 0xCE, 0xFD, 0xCE, 0xFD, 0xCE, 0xFD,
    0xCE, 0xFD, 0xCE, 0xFD, 0xCE, 0xFD, 0xC6, 0xFD, 0xC6, 0xFD, 0xC6, 0xFD, 0xC6, 0xFD, 0xBE, 0xDD,
    0xBE, 0xDD, 0xBE, 0xDD, 0xBE, 0xDD, 0xBE, 0xDD, 0xBE, 0xDD, 0xBE, 0xDD, 0xBE, 0xDD, 0xBE, 0xDD,
    0xBE, 0xDD, 0xB6, 0xDD, 0xB6, 0xDD, 0xB6, 0xDD, 0xB6, 0xDD, 0xB6, 0xDD, 0xB6, 0xDD, 0xB6, 0xFD,
    0xAF, 0x1E, 0xAF, 0x1E, 0xAF, 0x1E, 0xAF, 0x1E, 0xAF, 0x1E, 0xAF, 0x1E, 0xAF, 0x1E, 0xAF, 0x1E,
    0xAF, 0x1E, 0xAF, 0x1E, 0xAF, 0x1E, 0xAF, 0x1E, 0xAF, 0x1E, 0xA7, 0x1E, 0xA7, 0x1F, 0xA7, 0x1F,
    0xA7, 0x1F, 0xA7, 0x1F, 0xA7, 0x1F, 0xA7, 0x1F, 0x9F, 0x1F, 0x9F, 0x1F, 0x9F, 0x1F, 0x9F, 0x1F,
    0x9F, 0x1F, 0x9F, 0x1F, 0x9F, 0x3F, 0x97, 0x3F, 0x97, 0x5F, 0x97, 0xFF, 0x5F, 0x97, 0x5F, 0x97,
    0x5F, 0x97, 0x5F, 0x97, 0x5F, 0x8F, 0x5F, 0x8F, 0x5F, 0x8F, 0x5F, 0x8F, 0x3F, 0x8F, 0x3F, 0x8F,
    0x3F, 0x8F, 0x3F, 0x8F, 0x3F, 0x8F, 0x3F, 0x8F, 0x3F, 0x8F, 0x3F, 0x8F, 0x3F, 0x8F, 0x3F, 0x8F,
    0x5F, 0x8F, 0x5F, 0x8F, 0x5F, 0x8F, 0x5F, 0x8F, 0x5F, 0x8F, 0x5F, 0x8F, 0x5F, 0x8F, 0x5F, 0x8F,
    0x5F, 0x8F, 0x5F, 0x8F, 0x5F, 0x8F, 0x5F, 0x8F, 0x5F, 0x8F, 0x5F, 0x8F, 0x3F, 0x8F, 0x3F, 0x8F,
    0x3F, 0x8F, 0x3F, 0x8F, 0x3F, 0x8F, 0x3F, 0x8F, 0x3F, 0x8F, 0x3F, 0x8F, 0x3F, 0x8F, 0x3F, 0x8F,
    0x3F, 0x8F, 0x3F, 0x8F, 0x3F, 0x8F, 0x5F, 0x8F, 0x5F, 0x8F, 0x5F, 0x8F, 0x5F, 0x8F, 0x5F, 0x8F,
    0x5F, 0x8F, 0x5F, 0x87, 0x5F, 0x87, 0x7F, 0x87, 0x5F, 0x87, 0x5F, 0x8F, 0x7F, 0x8F, 0x7F, 0x8F,
    0x7F, 0xAF, 0xBF, 0xAF, 0x9F, 0xA7, 0x7F, 0x97, 0x3E, 0x97, 0x3F, 0x8F, 0xB7, 0x3F, 0x8F, 0x5F,
    0x87, 0x7F, 0x87, 0x5F, 0x8F, 0x5E, 0x97, 0x3E, 0x9F, 0x5E, 0x9F, 0x5E, 0x9F, 0x5E, 0x8F, 0x3F,
    0x8F, 0x5F, 0x8F, 0x5F, 0x8F, 0x5F, 0x8F, 0x5F, 0x8F, 0x5F, 0x8F, 0x5F, 0x97, 0x7E, 0x97, 0x7E,
    0x9F, 0x7F, 0x9F, 0x5E, 0xA7, 0x5F, 0xAF, 0x5F, 0xAF, 0x5F, 0xB7, 0x5F, 0xB7, 0x9E, 0xBF, 0x9E,
    0xD7, 0xFF, 0xEF, 0xFF, 0xF7, 0x0F, 0xFF, 0xAF, 0xEF, 0xBF, 0xEF, 0xBF, 0xEF, 0xDF, 0xEF, 0xBF,
    0xEF, 0x9F, 0xEF, 0x9F, 0xEF, 0x9F, 0xE7, 0x9F, 0xE7, 0x9F, 0xE7, 0x9F, 0xE7, 0x9F, 0xE7, 0x9F,
    0xE7, 0x9F, 0xE7, 0x9F, 0xE7, 0x7E, 0xE7, 0x7E, 0xE7, 0x7E, 0xE7, 0x7E, 0xE7, 0x7E, 0xE7, 0x7E,
    0xE7, 0x9E, 0xEF, 0xBF, 0xEF, 0xBF, 0xEF, 0xBF, 0x02, 0xFF, 0xFB, 0xF7, 0xDF, 0xF7, 0xBF, 0xEF,
    0xBF, 0xEF, 0xBF, 0xE7, 0x9F, 0xE7, 0x7E, 0xE7, 0x7E, 0xE7, 0x7E, 0xE7, 0x7E, 0xE7, 0x5E, 0xE7,
    0x5E, 0xE7, 0x5E, 0xE7, 0x5E, 0xE7, 0x5E, 0xE7, 0x5E, 0xE7, 0x5E, 0xE7, 0x5E, 0xE7, 0x5E, 0xE7,
    0x5E, 0xE7, 0x5E, 0xE7, 0x5E, 0xE7, 0x5E, 0xE7, 0x5E, 0xE7, 0x3E, 0xE7, 0x3E, 0xE7, 0x3E, 0xE7,
    0x5E, 0xE7, 0x5F, 0xEF, 0x7F, 0xEF, 0x7E, 0xEF, 0x9E, 0xEF, 0x9E, 0xDF, 0x1D, 0xDE, 0xFD, 0xD6,
    0xDD, 0xD6, 0xBD, 0xD6, 0x9D, 0xD6, 0x9D, 0xD6, 0x9D, 0xD6, 0x9D, 0xD6, 0x9D, 0xD6, 0x9D, 0xD6,
    0x9D, 0xD6, 0x9C, 0xD6, 0x9C, 0xD6, 0x9C, 0xD6, 0xBC, 0xDE, 0xBD, 0xDE, 0xBD, 0xDE, 0xBC, 0xDE,
    0xBC, 0xDE, 0xBC, 0xDE, 0xBC, 0xDE, 0xDC, 0xDE, 0xDD, 0xDE, 0xDD, 0xDE, 0xDD, 0xDE, 0xDD, 0xDE,
    0xDD, 0xDE, 0xDD, 0xEF, 0x5E, 0xFF, 0xDF, 0x0B, 0xFF, 0xFF, 0xDF, 0xFF, 0x9E, 0xFF, 0x7E, 0xF7,
    0x5E, 0xF7, 0x3F, 0xF7, 0x3E, 0xF7, 0x1E, 0xEE, 0xFE, 0xEE, 0xFD, 0xEE, 0xDD, 0xE6, 0xDE, 0xE6,
    0xDD, 0xDE, 0xBD, 0xDE, 0x9D, 0xDE, 0x9D, 0xDE, 0x9C, 0xD6, 0x7C, 0xD6, 0x7C, 0xCE, 0x3C, 0xBD,
    0xBB, 0xB5, 0x7A, 0xB5, 0x7B, 0xB5, 0x5B, 0xAD, 0x3B, 0x9D, 0x1A, 0x9C, 0xF9, 0x9C, 0xF9, 0x94,
    0xD9, 0x94, 0xD9, 0x94, 0xB8, 0x8C, 0x78, 0x8C, 0x38, 0x8C, 0x38, 0x8C, 0x38, 0x8C, 0x37, 0x8C,
    0x37, 0x8C, 0x37, 0x84, 0x37, 0x84, 0x18, 0x7B, 0xF7, 0x7B, 0xF7, 0x73, 0xB6, 0x73, 0xB6, 0x73,
    0xB6, 0x73, 0xB6, 0x6B, 0x76, 0x6B, 0x55, 0x63, 0x35, 0x63, 0x55, 0x63, 0x55, 0x63, 0x55, 0x63,
    0x55, 0x63, 0x55, 0x63, 0x55, 0x63, 0x55, 0x63, 0x55, 0xDE, 0xFC, 0xDE, 0xFC, 0xD6, 0xFC, 0xD6,
    0xFC, 0xD6, 0xFC, 0xD6, 0xFC, 0xD6, 0xFC, 0xD6, 0xFC, 0xD6, 0xFF, 0xFC, 0xD6, 0xFC, 0xD6, 0xFC,
    0xD6, 0xFC, 0xD6, 0xFC, 0xD6, 0xFC, 0xD6, 0xFC, 0xD6, 0xFC, 0xCE, 0xFD, 0xCE, 0xFD, 0xCE, 0xFD,
    0xCE, 0xFD, 0xCE, 0xFD, 0xCE, 0xFD, 0xC6, 0xFD, 0xC6, 0xFD, 0xC6, 0xFD, 0xC6, 0xFD, 0xBE, 0xDD,
    0xBE, 0xDD, 0xBE, 0xDD, 0xBE, 0xDD, 0xBE, 0xDD, 0xBE, 0xDD, 0xBE, 0xDD, 0xBE, 0xDD, 0xBE, 0xDD,
    0xBE, 0xDD, 0xB6, 0xDD, 0xB6, 0xDD, 0xB6, 0xDD, 0xB6, 0xDD, 0xB6, 0xDD, 0xB6, 0xDD, 0xB6, 0xFD,
    0xAF, 0x1E, 0xAF, 0x1E, 0xAF, 0x1E, 0xAF, 0x1E, 0xAF, 0x1E, 0xAF, 0x1E, 0xAF, 0x1E, 0xAF, 0x1E,
    0xAF, 0x1E, 0xAF, 0x1E, 0xAF, 0x1E, 0xAF, 0x1E, 0xAF, 0x1E, 0xA7, 0x1E, 0xA7, 0x1F, 0xA7, 0x1F,
    0xA7, 0x1F, 0xA7, 0x1F, 0xA7, 0x1F, 0xA7, 0x1F, 0x9F, 0x1F, 0x9F, 0x1F, 0x9F, 0x1F, 0x9F, 0x1F,
    0x9F, 0x1F, 0x9F, 0x1F, 0x9F, 0x3F, 0x97, 0x3F, 0x97, 0x5F, 0x97, 0xFF, 0x5F, 0x97, 0x5F, 0x97,
    0x5F, 0x97, 0x5F, 0x97, 0x5F, 0x8F, 0x5F, 0x8F, 0x5F, 0x8F, 0x5F, 0x8F, 0x3F, 0x8F, 0x3F, 0x8F,
    0x3F, 0x8F, 0x3F, 0x8F, 0x3F, 0x8F, 0x3F, 0x8F, 0x3F, 0x8F, 0x3F, 0x8F, 0x3F, 0x8F, 0x3F, 0x8F,
    0x5F, 0x8F, 0x5F, 0x8F, 0x5F, 0x8F, 0x5F, 0x8F, 0x5F, 0x8F, 0x5F, 0x8F, 0x5F, 0x8F, 0x5F, 0x8F,
    0x5F, 0x8F, 0x5F, 0x8F, 0x5F, 0x8F, 0x5F, 0x8F, 0x5F, 0x8F, 0x5F, 0x8F, 0x3F, 0x8F, 0x3F, 0x8F,
    0x3F, 0x8F, 0x3F, 0x8F, 0x3F, 0x8F, 0x3F, 0x8F, 0x3F, 0x8F, 0x3F, 0x8F, 0x3F, 0x8F, 0x3F, 0x8F,
    0x3F, 0x8F, 0x3F, 0x8F, 0x3F, 0x8F, 0x5F, 0x8F, 0x5F, 0x8F, 0x5F, 0x8F, 0x5F, 0x8F, 0x5F, 0x8F,
    0x5F, 0x8F, 0x5F, 0x8F, 0x5F, 0x87, 0x5F, 0x87, 0x5F, 0x87, 0x5F, 0x8F, 0x7F, 0x8F, 0x7F, 0x8F,
    0x7F, 0x97, 0x3F, 0x97, 0x3E, 0x97, 0x3F, 0x8F, 0x5F, 0x8F, 0x3F, 0x8F, 0x83, 0x3F, 0x87, 0x3F,
    0x87, 0x03, 0x7F, 0xA9, 0x87, 0x5F, 0x8F, 0x5F, 0x8F, 0x5F, 0x8F, 0x5F, 0x8F, 0x3F, 0x8F, 0x5F,
    0x8F, 0x5F, 0x8F, 0x5F, 0x8F, 0x5F, 0x8F, 0x7F, 0x8F, 0x7F, 0x97, 0x7F, 0x97, 0x7E, 0x9F, 0x9E,
    0xA7, 0x9F, 0xA7, 0x5E, 0xA7, 0x5F, 0xAF, 0x7F, 0xB7, 0x7E, 0xB7, 0x5E, 0xCF, 0xBF, 0x02, 0xDF,
    0x80, 0xF7, 0x10, 0xFF, 0xFF, 0xDF, 0xF7, 0xBF, 0xEF, 0xBF, 0xEF, 0xBF, 0xEF, 0xBF, 0xE7, 0xBF,
    0xE7, 0x9F, 0xE7, 0x9F, 0xE7, 0x9F, 0xE7, 0xBF, 0xE7, 0xBF, 0xE7, 0xBF, 0xE7, 0xBF, 0xE7, 0xBF,
    0xE7, 0xBF, 0xE7, 0xBF, 0xE7, 0x9F, 0xE7, 0x9F, 0xE7, 0x9F, 0xE7, 0x9F, 0xE7, 0x9F, 0xE7, 0x9F,
    0xEF, 0x9F, 0xEF, 0xBF, 0xEF, 0xBF, 0xEF, 0xBF, 0xF7, 0xDF, 0xF7, 0xBF, 0xEF, 0xBF, 0xEF, 0x9F,
    0xEF, 0xBF, 0xE7, 0x9F, 0xE7, 0x7E, 0xE7, 0x7E, 0xE7, 0x7E, 0xE7, 0x7E, 0xE7, 0x5E, 0xE7, 0x5E,
    0xE7, 0x5E, 0xE7, 0x5E, 0xE7, 0x5E, 0xE7, 0x5E, 0xE7, 0x5E, 0xE7, 0x5E, 0xE7, 0x5E, 0xE7, 0x5E,
    0xE7, 0x5E, 0xE7, 0x3E, 0xE7, 0x3E, 0xE7, 0x3E, 0xE7, 0x1E, 0xE7, 0x1E, 0xE7, 0x1E, 0xDF, 0x1E,
    0xE7, 0x3E, 0xE7, 0x3F, 0xE7, 0x5E, 0xEF, 0x9E, 0xEF, 0x9E, 0xDF, 0x1D, 0xDE, 0xFD, 0xD6, 0xDD,
    0xD6, 0xBD, 0xD6, 0xBD, 0xD6, 0xAE, 0xBE, 0xD6, 0xBE, 0xD6, 0xBE, 0xD6, 0xBE, 0xD6, 0xBE, 0xD6,
    0xBE, 0xD6, 0x9C, 0xD6, 0x9D, 0xD6, 0x9C, 0xD6, 0xBC, 0xDE, 0xBD, 0xDE, 0xBD, 0xDE, 0xBC, 0xDE,
    0xBC, 0xDE, 0xBC, 0xDE, 0xBC, 0xDE, 0xDC, 0xDE, 0xDD, 0xDE, 0xDD, 0xDE, 0xDD, 0xDE, 0xDD, 0xDE,
    0xDD, 0xDE, 0xDD, 0xF7, 0x9F, 0x0D, 0xFF, 0xFF, 0xDF, 0xFF, 0x9E, 0xF7, 0x5D, 0xF7, 0x3E, 0xF7,
    0x1E, 0xEF, 0x1E, 0xEE, 0xFE, 0xEE, 0xFE, 0xEE, 0xFD, 0xEE, 0xDD, 0xE6, 0xBD, 0xDE, 0xBD, 0xDE,
    0x9D, 0xDE, 0x7D, 0xDE, 0x9D, 0xD6, 0x7C, 0xD6, 0x5C, 0xD6, 0x7C, 0xC6, 0x1C, 0xB5, 0x9A, 0xB5,
    0x5A, 0xB5, 0x5A, 0xB5, 0x5B, 0xB5, 0x5B, 0xA5, 0x3A, 0x9D, 0x1A, 0x9C, 0xF9, 0x94, 0xD9, 0x94,
    0xD9, 0x94, 0xB8, 0x8C, 0x78, 0x8C, 0x38, 0x8C, 0x38, 0x8C, 0x38, 0x8C, 0x37, 0x8C, 0x37, 0x8C,
    0x37, 0x84, 0x18, 0x84, 0x18, 0x73, 0xD7, 0x73, 0x96, 0x73, 0x96, 0x73, 0x96, 0x73, 0x96, 0x6B,
    0x96, 0x6B, 0x75, 0x6B, 0x55, 0x63, 0x55, 0x63, 0x55, 0x63, 0x35, 0x63, 0x55, 0x63, 0x55, 0x63,
    0x55, 0x63, 0x55, 0x63, 0x55, 0x63, 0x55, 0xDE, 0xFC, 0xDE, 0xFC, 0xD6, 0xFC, 0xD6, 0xFC, 0xD6,
    0xFC, 0xD6, 0xFC, 0xD6, 0xFC, 0xD6, 0xFC, 0xD6, 0xFF, 0xFC, 0xD6, 0xFC, 0xD6, 0xFC, 0xD6, 0xFC,
    0xD6, 0xFC, 0xD6, 0xFC, 0xD6, 0xFC, 0xD6, 0xFC, 0xCE, 0xFD, 0xCE, 0xFD, 0xCE, 0xFD, 0xCE, 0xFD,
    0xCE, 0xFD, 0xCE, 0xFD, 0xC6, 0xFD, 0xC6, 0xFD, 0xC6, 0xFD, 0xC6, 0xFD, 0xBE, 0xDD, 0xBE, 0xDD,
    0xBE, 0xDD, 0xBE, 0xDD, 0xBE, 0xDD, 0xBE, 0xDD, 0xBE, 0xDD, 0xBE, 0xDD, 0xBE, 0xDD, 0xBE, 0xDD,
    0xB6, 0xDD, 0xB6, 0xDD, 0xB6, 0xDD, 0xB6, 0xDD, 0xB6, 0xDD, 0xB6, 0xDD, 0xB6, 0xDD, 0xAF, 0x1E,
    0xAF, 0x1E, 0xAF, 0x1E, 0xAF, 0x1E, 0xAF, 0x1E, 0xAF, 0x1E, 0xAF, 0x1E, 0xAF, 0x1E, 0xAF, 0x1E,
    0xAF, 0x1E, 0xAF, 0x1E, 0xAF, 0x1E, 0xAF, 0x1E, 0xA7, 0x1E, 0xA7, 0x1F, 0xA7, 0x1F, 0xA7, 0x1F,
    0xA7, 0x1F, 0xA7, 0x1F, 0xA7, 0x1F, 0xA7, 0x1F, 0x9F, 0x1F, 0x9F, 0x1F, 0x9F, 0x3F, 0x9F, 0x3F,
    0x9F, 0x3F, 0x9F, 0x3F, 0x97, 0x3F, 0x97, 0x3F, 0x97, 0xFF, 0x3F, 0x97, 0x3F, 0x97, 0x3F, 0x97,
    0x3F, 0x97, 0x3F, 0x97, 0x5F, 0x97, 0x5F, 0x97, 0x5F, 0x8F, 0x3F, 0x8F, 0x3F, 0x8F, 0x3F, 0x8F,
    0x5F, 0x8F, 0x5F, 0x8F, 0x3F, 0x8F, 0x3F, 0x8F, 0x3F, 0x8F, 0x3F, 0x8F, 0x3F, 0x8F, 0x5F, 0x8F,
    0x5F, 0x8F, 0x5F, 0x8F, 0x5F, 0x8F, 0x5F, 0x8F, 0x5F, 0x8F, 0x5F, 0x8F, 0x5F, 0x8F, 0x5F, 0x8F,
    0x5F, 0x8F, 0x5F, 0x8F, 0x5F, 0x8F, 0x5F, 0x8F, 0x5F, 0x8F, 0x5F, 0x8F, 0x5F, 0x8F, 0x5F, 0x8F,
    0x5F, 0x8F, 0x5F, 0x8F, 0x5F, 0x8F, 0x5F, 0x8F, 0x5F, 0x8F, 0x5F, 0x8F, 0x5F, 0x8F, 0x5F, 0x8F,
    0x5F, 0x8F, 0x5F, 0x8F, 0x5F, 0x8F, 0x5F, 0x8F, 0x5F, 0x8F, 0x5F, 0x8F, 0x5F, 0x8F, 0x5F, 0x8F,
    0x5F, 0x8F, 0x3F, 0x97, 0x3E, 0x97, 0x3E, 0x8F, 0x3F, 0x8F, 0x5F, 0x8F, 0x5F, 0x8F, 0x5F, 0x8F,
    0x7F, 0x8F, 0x7F, 0x87, 0x5F, 0x87, 0x3F, 0x87, 0x3F, 0x87, 0xB1, 0x3F, 0x87, 0x3F, 0x87, 0x5F,
    0x87, 0x7F, 0x87, 0x5F, 0x87, 0x5F, 0x87, 0x5F, 0x87, 0x5F, 0x87, 0x3F, 0x8F, 0x5F, 0x8F, 0x5F,
    0x8F, 0x5F, 0x8F, 0x5F, 0x97, 0x7F, 0x97, 0x7F, 0x97, 0x7F, 0x9F, 0x7E, 0xA7, 0x7F, 0xA7, 0x9F,
    0xAF, 0x7E, 0xAF, 0x7E, 0xB7, 0x9F, 0xB7, 0x7E, 0xC7, 0x7E, 0xE7, 0xFF, 0xF7, 0x02, 0xFF, 0x84,
    0xDF, 0xFF, 0xBF, 0xFF, 0xDF, 0x0A, 0xFF, 0xFF, 0xF7, 0xBF, 0xEF, 0x9E, 0xE7, 0x9F, 0xE7, 0x9F,
    0xE7, 0x9F, 0xE7, 0x9F, 0xE7, 0x9F, 0xE7, 0x9F, 0xE7, 0x9F, 0xE7, 0x9F, 0xE7, 0x9F, 0xE7, 0x9F,
    0xE7, 0xBF, 0xEF, 0xBF, 0xEF, 0xBF, 0xEF, 0xBF, 0xEF, 0x9E, 0xEF, 0x9E, 0xEF, 0x9E, 0xEF, 0x9E,
    0xEF, 0x9E, 0xEF, 0x9E, 0xEF, 0x9F, 0xEF, 0xBF, 0xEF, 0xBF, 0xEF, 0xBF, 0xF7, 0xBF, 0xEF, 0x9E,
    0xEF, 0x9E, 0xEF, 0x9F, 0xE7, 0xBF, 0xE7, 0x9F, 0xE7, 0x7F, 0xE7, 0x7E, 0xE7, 0x7E, 0xE7, 0x7E,
    0xE7, 0x5E, 0xE7, 0x5E, 0xE7, 0x5E, 0xE7, 0x5E, 0xE7, 0x5E, 0xE7, 0x5E, 0xE7, 0x5E, 0xE7, 0x5E,
    0xE7, 0x5E, 0xE7, 0x5E, 0xE7, 0x3E, 0xDF, 0x3E, 0xDF, 0x3E, 0xDF, 0x3E, 0xDF, 0x1E, 0xDF, 0x1E,
    0xDF, 0x1E, 0xDE, 0xFE, 0xDE, 0xFE, 0xDF, 0x1E, 0xE7, 0x3E, 0xEF, 0x7E, 0xEF, 0x7E, 0xDE, 0xFD,
    0xDE, 0xFD, 0xD6, 0xBD, 0xD6, 0xBD, 0xD6, 0xBD, 0xAD, 0xDE, 0xBE, 0xDE, 0xBE, 0xDE, 0xBE, 0xDE,
    0xBE, 0xDE, 0xBE, 0xDE, 0xBD, 0xD6, 0x9D, 0xD6, 0x9D, 0xD6, 0x9D, 0xD6, 0xBD, 0xDE, 0xBD, 0xDE,
    0xBD, 0xDE, 0xBD, 0xDE, 0xBC, 0xDE, 0xBC, 0xDE, 0xBC, 0xDE, 0xBD, 0xDE, 0xDD, 0xDE, 0xDD, 0xDE,
    0xDD, 0xDE, 0xDD, 0xDE, 0xDD, 0xDE, 0xDD, 0x0F, 0xFF, 0xFF, 0xBE, 0xFF, 0x7E, 0xF7, 0x3D, 0xF7,
    0x1D, 0xEF, 0x1E, 0xEE, 0xFD, 0xEE, 0xDD, 0xEE, 0xFE, 0xEE, 0xFD, 0xEE, 0xDD, 0xDE, 0x9D, 0xDE,
    0x9D, 0xD6, 0x7D, 0xD6, 0x5D, 0xD6, 0x5D, 0xD6, 0x5C, 0xD6, 0x3C, 0xCE, 0x3C, 0xC5, 0xFB, 0xB5,
    0x7A, 0xAD, 0x39, 0xAD, 0x3A, 0xB5, 0x5B, 0xB5, 0x7C, 0xA5, 0x5A, 0xA5, 0x3A, 0xA5, 0x1A, 0x94,
    0xD9, 0x94, 0xB9, 0x94, 0xB8, 0x8C, 0x78, 0x8C, 0x37, 0x8C, 0x37, 0x8C, 0x37, 0x8C, 0x37, 0x8C,
    0x37, 0x8C, 0x37, 0x84, 0x37, 0x7B, 0xF7, 0x73, 0x95, 0x6B, 0x54, 0x6B, 0x75, 0x6B, 0x75, 0x6B,
    0x75, 0x6B, 0x55, 0x63, 0x34, 0x6B, 0x35, 0x6B, 0x55, 0x6B, 0x35, 0x6B, 0x35, 0x6B, 0x35, 0x63,
    0x55, 0x63, 0x55, 0x63, 0x55, 0x63, 0x55, 0x63, 0x55, 0xDE, 0xFD, 0xDE, 0xFD, 0xDE, 0xFD, 0xDE,
    0xFD, 0xDE, 0xFD, 0xDE, 0xFD, 0xDE, 0xFD, 0xDF, 0x1D, 0xDE, 0xFF, 0xFD, 0xD7, 0x1D, 0xD7, 0x1D,
    0xD7, 0x1D, 0xD7, 0x1D, 0xD7, 0x1D, 0xD7, 0x1D, 0xD7, 0x1D, 0xCE, 0xFD, 0xCE, 0xFD, 0xCE, 0xFD,
    0xCE, 0xFD, 0xCE, 0xFD, 0xCE, 0xFD, 0xCE, 0xFD, 0xC7, 0x1D, 0xC7, 0x1D, 0xC7, 0x1D, 0xC6, 0xFD,
    0xC6, 0xFD, 0xC6, 0xFD, 0xBE, 0xDD, 0xBE, 0xFD, 0xBE, 0xFD, 0xBE, 0xFD, 0xBE, 0xFD, 0xBE, 0xFD,
    0xBE, 0xFD, 0xB6, 0xFD, 0xB6, 0xFD, 0xB6, 0xFD, 0xB6, 0xFD, 0xB6, 0xFD, 0xB6, 0xFD, 0xB6, 0xFD,
    0xB6, 0xFD, 0xB6, 0xFD, 0xB6, 0xFD, 0xB6, 0xFD, 0xB6, 0xFD, 0xB6, 0xFD, 0xAF, 0x1E, 0xAF, 0x1E,
    0xAF, 0x1E, 0xAF, 0x1E, 0xAF, 0x1E, 0xAF, 0x1E, 0xAF, 0x1E, 0xAF, 0x1E, 0xA7, 0x3E, 0xA7, 0x3E,
    0xA7, 0x3E, 0xA7, 0x3E, 0xA7, 0x3E, 0xA7, 0x3E, 0xA7, 0x1F, 0xA7, 0x1F, 0xA7, 0x1F, 0x9F, 0x3F,
    0x9F, 0x5F, 0x97, 0x5F, 0x97, 0x7F, 0x9F, 0x5F, 0x9F, 0x5F, 0x9F, 0xFF, 0x5F, 0x9F, 0x5F, 0x9F,
    0x3F, 0x9F, 0x3F, 0x9F, 0x3F, 0x9F, 0x1F, 0x9F, 0x1F, 0x97, 0x3F, 0x97, 0x3F, 0x8F, 0x5F, 0x8F,
    0x5F, 0x8F, 0x5F, 0x8F, 0x5F, 0x8F, 0x5F, 0x8F, 0x5F, 0x8F, 0x5F, 0x8F, 0x5F, 0x8F, 0x5F, 0x8F,
    0x5F, 0x8F, 0x5F, 0x8F, 0x5F, 0x8F, 0x5F, 0x8F, 0x5F, 0x8F, 0x5F, 0x8F, 0x5F, 0x8F, 0x5F, 0x8F,
    0x5F, 0x8F, 0x5F, 0x8F, 0x5F, 0x8F, 0x5F, 0x8F, 0x5F, 0x8F, 0x5F, 0x8F, 0x5F, 0x8F, 0x5F, 0x8F,
    0x5F, 0x8F, 0x5F, 0x8F, 0x5F, 0x8F, 0x5F, 0x8F, 0x5F, 0x8F, 0x5F, 0x8F, 0x5F, 0x8F, 0x5F, 0x8F,
    0x5F, 0x8F, 0x5F, 0x8F, 0x5F, 0x8F, 0x5F, 0x8F, 0x5F, 0x8F, 0x5F, 0x8F, 0x5F, 0x8F, 0x5F, 0x8F,
    0x5F, 0x8F, 0x5F, 0x9F, 0x5F, 0xB7, 0x5F, 0xB7, 0xBF, 0xAF, 0x9F, 0xA7, 0x5E, 0x97, 0x5E, 0x8F,
    0x3D, 0x87, 0x3E, 0x87, 0x3E, 0x8F, 0x5F, 0x8F, 0x5F, 0x8F, 0x5F, 0x8F, 0xB3, 0x5F, 0x8F, 0x5F,
    0x8F, 0x5F, 0x8F, 0x5F, 0x8F, 0x5F, 0x8F, 0x5F, 0x8F, 0x5F, 0x8F, 0x5F, 0x8F, 0x5F, 0x8F, 0x7F,
    0x8F, 0x7E, 0x97, 0x5E, 0x97, 0x5E, 0x9F, 0x5F, 0xA7, 0x7F, 0xA7, 0x5F, 0x9F, 0x5F, 0xA7, 0x5F,
    0xAF, 0x7F, 0xAF, 0x7F, 0xAF, 0x9F, 0xB7, 0x9E, 0xBF, 0x7D, 0xD7, 0x9D, 0xE7, 0xFF, 0xEF, 0xFF,
    0xF7, 0x04, 0xFF, 0xFF, 0xDF, 0xF7, 0xBF, 0xF7, 0xBF, 0xF7, 0xBF, 0xF7, 0xBF, 0xEF, 0xBF, 0xEF,
    0xBF, 0xEF, 0xBF, 0xEF, 0xBF, 0xEF, 0xBF, 0xEF, 0xBF, 0xEF, 0xBF, 0xEF, 0x9F, 0xEF, 0x9F, 0xEF,
    0x9F, 0xEF, 0x9E, 0xEF, 0xBF, 0xF7, 0xBF, 0xF7, 0xDF, 0xF7, 0xBF, 0xF7, 0xBF, 0xF7, 0xBF, 0xEF,
    0xDF, 0xEF, 0xDF, 0xEF, 0xDF, 0xEF, 0xBF, 0xEF, 0xBF, 0xEF, 0xBF, 0xEF, 0xBF, 0xEF, 0xBF, 0xEF,
    0xBF, 0xEF, 0xBF, 0xF7, 0xDF, 0xEF, 0x9F, 0xE7, 0x7E, 0xE7, 0x7F, 0xDF, 0x7F, 0xDF, 0x5F, 0xD7,
    0x5F, 0xDF, 0x7F, 0xDF, 0x7F, 0xDF, 0x7F, 0xDF, 0x7F, 0xDF, 0x7F, 0xDF, 0x7F, 0xDF, 0x7F, 0xDF,
    0x5F, 0xDF, 0x5F, 0xDF, 0x5F, 0xDF, 0x5F, 0xE7, 0x5F, 0xE7, 0x5F, 0xDF, 0x5E, 0xDF, 0x3E, 0xDF,
    0x3E, 0xDF, 0x3E, 0xD7, 0x1D, 0xD7, 0x1D, 0xD7, 0x1D, 0xD6, 0xFD, 0xD6, 0xFD, 0xD6, 0xFD, 0xDE,
    0xFD, 0xE7, 0x3E, 0xE7, 0xA6, 0x1E, 0xE7, 0x1D, 0xE6, 0xFD, 0xDE, 0xDC, 0xDE, 0xBC, 0xDE, 0xBC,
    0xDE, 0x9D, 0xDE, 0x9D, 0xDE, 0x9D, 0xDE, 0x9D, 0xDE, 0x9D, 0xDE, 0x9D, 0xDE, 0x9D, 0xDE, 0x9D,
    0xDE, 0x9D, 0xDE, 0xBD, 0xDE, 0xBE, 0xDE, 0xBE, 0xDE, 0xBE, 0xDE, 0xBE, 0x0B, 0xDE, 0x88, 0xDD,
    0xDE, 0xFD, 0xDE, 0xFD, 0xDE, 0xFD, 0xE7, 0x1C, 0x03, 0xFF, 0x80, 0xDF, 0x09, 0xFF, 0xFF, 0xBF,
    0xF7, 0x5D, 0xF7, 0x1D, 0xF7, 0x1D, 0xF7, 0x1E, 0xEE, 0xFD, 0xEE, 0xDD, 0xE6, 0xDD, 0xE6, 0xBC,
    0xE6, 0x9C, 0xE6, 0xBE, 0xDE, 0x9E, 0xDE, 0x7D, 0xD6, 0x5D, 0xD6, 0x5D, 0xD6, 0x3C, 0xCE, 0x3C,
    0xCE, 0x3C, 0xC5, 0xFB, 0xB5, 0x59, 0xAD, 0x59, 0xB5, 0x59, 0xB5, 0x59, 0xB5, 0x59, 0xA5, 0x38,
    0xA5, 0x39, 0xA5, 0x39, 0x9C, 0xF9, 0x9C, 0xD9, 0x9C, 0xBA, 0x9C, 0xB9, 0x9C, 0xD9, 0x94, 0xB8,
    0x94, 0x78, 0x94, 0x78, 0x8C, 0x57, 0x7B, 0xF5, 0x73, 0x95, 0x73, 0x74, 0x73, 0x74, 0x73, 0x74,
    0x6B, 0x54, 0x6B, 0x54, 0x6B, 0x54, 0x6B, 0x54, 0x6B, 0x55, 0x6B, 0x55, 0x6B, 0x55, 0x6B, 0x35,
    0x6B, 0x35, 0x6B, 0x35, 0x6B, 0x35, 0x63, 0x55, 0x63, 0x55, 0x63, 0x55, 0x63, 0x55, 0xDE, 0xFD,
    0xDE, 0xFD, 0xDE, 0xFD, 0xDE, 0xFD, 0xDE, 0xFD, 0xDE, 0xFD, 0xDE, 0xFD, 0xDE, 0xFD, 0xDE, 0xFF,
    0xFD, 0xD7, 0x1D, 0xD7, 0x1D, 0xD7, 0x1D, 0xD7, 0x1D, 0xD7, 0x1D, 0xD7, 0x1D, 0xD7, 0x1D, 0xCE,
    0xFD, 0xCE, 0xFD, 0xCE, 0xFD, 0xCE, 0xFD, 0xCE, 0xFD, 0xCE, 0xFD, 0xCE, 0xFD, 0xC7, 0x1D, 0xC7,
    0x1D, 0xC7, 0x1D, 0xC6, 0xFD, 0xC6, 0xFD, 0xC6, 0xFD, 0xBE, 0xDD, 0xBE, 0xFD, 0xBE, 0xFD, 0xBE,
    0xFD, 0xBE, 0xFD, 0xBE, 0xFD, 0xBE, 0xFD, 0xB6, 0xFD, 0xB6, 0xFD, 0xB6, 0xFD, 0xB6, 0xFD, 0xB6,
    0xFD, 0xB6, 0xFD, 0xB6, 0xFD, 0xB6, 0xFD, 0xB6, 0xFD, 0xB6, 0xFD, 0xB6, 0xFD, 0xB6, 0xFD, 0xB6,
    0xFD, 0xAF, 0x1E, 0xAF, 0x1E, 0xAF, 0x1E, 0xAF, 0x1E, 0xAF, 0x1E, 0xAF, 0x1E, 0xAF, 0x1E, 0xAF,
    0x1E, 0xA7, 0x3E, 0xA7, 0x3E, 0xA7, 0x3E, 0xA7, 0x3E, 0xA7, 0x3E, 0xA7, 0x3E, 0xA7, 0x1F, 0xA7,
    0x1F, 0xA7, 0x1F, 0x9F, 0x3F, 0x9F, 0x3F, 0x97, 0x5F, 0x97, 0x5F, 0x9F, 0x5F, 0x9F, 0x5F, 0x9F,
    0xFF, 0x5F, 0x9F, 0x5F, 0x9F, 0x5F, 0x9F, 0x5F, 0x9F, 0x5F, 0x9F, 0x3F, 0x9F, 0x3F, 0x97, 0x5F,
    0x97, 0x5F, 0x8F, 0x7F, 0x8F, 0x7F, 0x8F, 0x7F, 0x97, 0x5F, 0x8F, 0x5F, 0x8F, 0x5F, 0x8F, 0x5F,
    0x8F, 0x5F, 0x8F, 0x5F, 0x8F, 0x5F, 0x8F, 0x5F, 0x8F, 0x5F, 0x8F, 0x5F, 0x8F, 0x5F, 0x8F, 0x5F,
    0x8F, 0x5F, 0x8F, 0x5F, 0x8F, 0x5F, 0x8F, 0x5F, 0x8F, 0x5F, 0x8F, 0x5F, 0x8F, 0x5F, 0x8F, 0x5F,
    0x8F, 0x5F, 0x8F, 0x5F, 0x8F, 0x5F, 0x8F, 0x5F, 0x8F, 0x5F, 0x8F, 0x5F, 0x8F, 0x5F, 0x8F, 0x5F,
    0x8F, 0x5F, 0x8F, 0x5F, 0x8F, 0x5F, 0x8F, 0x5F, 0x8F, 0x5F, 0x8F, 0x5F, 0x8F, 0x5F, 0x8F, 0x5F,
    0x8F, 0x5F, 0x8F, 0x5F, 0x8F, 0x5F, 0x8F, 0x5F, 0xA7, 0x5F, 0xCF, 0x9F, 0xCF, 0xDF, 0xC7, 0xBF,
    0xC7, 0xDF, 0xBF, 0x9F, 0xAF, 0x7E, 0x8F, 0x5F, 0x8F, 0x7F, 0x8F, 0x5F, 0x8F, 0x5F, 0x8F, 0x5F,
    0x8F, 0xFF, 0x5F, 0x8F, 0x5F, 0x8F, 0x5F, 0x8F, 0x5F, 0x8F, 0x5F, 0x8F, 0x5F, 0x8F, 0x5F, 0x8F,
    0x5F, 0x8F, 0x5F, 0x8F, 0x7F, 0x8F, 0x7E, 0x97, 0x5E, 0x97, 0x5E, 0x9F, 0x5F, 0xA7, 0x7F, 0xA7,
    0x7F, 0xA7, 0x7F, 0xAF, 0x7F, 0xAF, 0x9F, 0xB7, 0x7F, 0xB7, 0x9F, 0xBF, 0xDF, 0xCF, 0xDE, 0xDF,
    0xDE, 0xEF, 0xFF, 0xEF, 0xFF, 0xF7, 0xFF, 0xF7, 0xDF, 0xFF, 0xBF, 0xF7, 0xBF, 0xF7, 0xDF, 0xF7,
    0xBF, 0xF7, 0xBF, 0xEF, 0xBF, 0xEF, 0xBF, 0xEF, 0xBF, 0xEF, 0xBF, 0xEF, 0xBF, 0xEF, 0xBF, 0xEF,
    0xBF, 0xEF, 0x9F, 0xEF, 0x9F, 0xEF, 0x9F, 0xEF, 0x9E, 0xEF, 0xBF, 0xF7, 0xBF, 0xF7, 0xDF, 0xF7,
    0xBF, 0xF7, 0xBF, 0xF7, 0xBF, 0xEF, 0xDF, 0xEF, 0xDF, 0xEF, 0xDF, 0xEF, 0xBF, 0xEF, 0xBF, 0xEF,
    0xBF, 0xEF, 0xBF, 0xEF, 0xBF, 0xEF, 0xBF, 0xEF, 0xBF, 0xEF, 0xBF, 0xE7, 0x9E, 0xE7, 0x5E, 0xDF,
    0x7E, 0xDF, 0xF2, 0x5F, 0xD7, 0x5F, 0xD7, 0x3E, 0xD7, 0x5F, 0xD7, 0x5F, 0xD7, 0x5F, 0xDF, 0x7F,
    0xDF, 0x7F, 0xDF, 0x7F, 0xDF, 0x5F, 0xDF, 0x5E, 0xDF, 0x5E, 0xDF, 0x5E, 0xDF, 0x5E, 0xDF, 0x3E,
    0xDF, 0x3E, 0xDF, 0x3E, 0xDF, 0x3E, 0xDF, 0x3E, 0xDF, 0x3E, 0xD7, 0x1D, 0xD7, 0x1D, 0xD7, 0x1D,
    0xD6, 0xFD, 0xD6, 0xFD, 0xD6, 0xFD, 0xDE, 0xFD, 0xE7, 0x1D, 0xE7, 0x1E, 0xE7, 0x3E, 0xE7, 0x1D,
    0xDE, 0xFD, 0xDE, 0xDC, 0xDE, 0xBD, 0xDE, 0xBD, 0xDE, 0xBD, 0xDE, 0xBD, 0xDE, 0xBD, 0xDE, 0xBD,
    0xDE, 0xBD, 0xDE, 0xBD, 0xDE, 0xBD, 0xDE, 0xBE, 0xDE, 0xBD, 0xDE, 0xBD, 0xDE, 0xBD, 0xDE, 0xBD,
    0xDE, 0xBD, 0xDE, 0xDD, 0xDE, 0xDD, 0xDE, 0xDD, 0xDE, 0xDD, 0xDE, 0xDD, 0xDE, 0xDD, 0xDE, 0xFD,
    0xDE, 0xFD, 0xDE, 0xFD, 0xE7, 0x1C, 0x03, 0xFF, 0x80, 0xDF, 0x09, 0xFF, 0xFF, 0xBF, 0xFF, 0x5D,
    0xF7, 0x3D, 0xF7, 0x1D, 0xEF, 0x1E, 0xEE, 0xDD, 0xE6, 0xDD, 0xE6, 0xDD, 0xE6, 0xBC, 0xE6, 0x9C,
    0xDE, 0x9D, 0xDE, 0x7D, 0xD6, 0x5D, 0xD6, 0x5D, 0xD6, 0x5D, 0xD6, 0x3C, 0xCE, 0x1C, 0xCE, 0x1C,
    0xC5, 0xDB, 0xB5, 0x79, 0xB5, 0x59, 0xB5, 0x59, 0xB5, 0x59, 0xB5, 0x59, 0xAD, 0x59, 0xAD, 0x59,
    0xAD, 0x59, 0xA4, 0xFA, 0xA4, 0xFA, 0x9C, 0xDA, 0x9C, 0xB9, 0x9C, 0xB9, 0x94, 0x98, 0x8C, 0x77,
    0x8C, 0x77, 0x84, 0x36, 0x7B, 0xD5, 0x73, 0x94, 0x73, 0x74, 0x73, 0x74, 0x73, 0x74, 0x6B, 0x54,
    0x6B, 0x54, 0x6B, 0x54, 0x6B, 0x54, 0x6B, 0x55, 0x6B, 0x55, 0x6B, 0x55, 0x6B, 0x35, 0x6B, 0x35,
    0x6B, 0x35, 0x6B, 0x35, 0x63, 0x55, 0x63, 0x55, 0x63, 0x55, 0x63, 0x55, 0xDE, 0xFD, 0xDE, 0xFD,
    0xDE, 0xFD, 0xDE, 0xFD, 0xDE, 0xFD, 0xDE, 0xFD, 0xDE, 0xFD, 0xDE, 0xFD, 0xDE, 0xFF, 0xFD, 0xD7,
    0x1D, 0xD7, 0x1D, 0xD7, 0x1D, 0xD7, 0x1D, 0xD7, 0x1D, 0xD7, 0x1D, 0xD7, 0x1D, 0xCE, 0xFD, 0xCE,
    0xFD, 0xCE, 0xFD, 0xCE, 0xFD, 0xCE, 0xFD, 0xCE, 0xFD, 0xCE, 0xFD, 0xC7, 0x1D, 0xC7, 0x1D, 0xC7,
    0x1D, 0xC6, 0xFD, 0xC6, 0xFD, 0xC6, 0xFD, 0xBE, 0xDD, 0xBE, 0xFD, 0xBE, 0xFD, 0xBE, 0xFD, 0xBE,
    0xFD, 0xBE, 0xFD, 0xBE, 0xFD, 0xB6, 0xFD, 0xB6, 0xFD, 0xB6, 0xFD, 0xB6, 0xFD, 0xB6, 0xFD, 0xB6,
    0xFD, 0xB6, 0xFD, 0xB6, 0xFD, 0xB6, 0xFD, 0xB6, 0xFD, 0xB6, 0xFD, 0xB6, 0xFD, 0xB6, 0xFD, 0xAF,
    0x1E, 0xAF, 0x1E, 0xAF, 0x1E, 0xAF, 0x1E, 0xAF, 0x1E, 0xAF, 0x1E, 0xAF, 0x1E, 0xAF, 0x1E, 0xA7,
    0x3E, 0xA7, 0x3E, 0xA7, 0x3E, 0xA7, 0x3E, 0xA7, 0x3E, 0xA7, 0x3E, 0xA7, 0x1F, 0xA7, 0x1F, 0xA7,
    0x1F, 0xA7, 0x3F, 0xA7, 0x3F, 0x9F, 0x3F, 0x9F, 0x3F, 0xA7, 0x5F, 0xA7, 0x5F, 0xA7, 0xF4, 0x5F,
    0xA7, 0x5F, 0xA7, 0x7F, 0xA7, 0x7F, 0xA7, 0x7F, 0x9F, 0x7F, 0x9F, 0x7F, 0x9F, 0x7F, 0x97, 0x7F,
    0x8F, 0x9F, 0x8F, 0x9F, 0x8F, 0x7F, 0x8F, 0x5F, 0x8F, 0x5F, 0x8F, 0x5F, 0x8F, 0x5F, 0x8F, 0x5F,
    0x8F, 0x5F, 0x8F, 0x5F, 0x8F, 0x5F, 0x8F, 0x5F, 0x8F, 0x5F, 0x8F, 0x5F, 0x8F, 0x5F, 0x8F, 0x5F,
    0x8F, 0x5F, 0x8F, 0x5F, 0x8F, 0x5F, 0x8F, 0x5F, 0x8F, 0x5F, 0x8F, 0x5F, 0x8F, 0x5F, 0x8F, 0x5F,
    0x8F, 0x5F, 0x8F, 0x5F, 0x8F, 0x5F, 0x8F, 0x5F, 0x8F, 0x5F, 0x8F, 0x5F, 0x8F, 0x5F, 0x8F, 0x5F,
    0x8F, 0x5F, 0x8F, 0x5F, 0x8F, 0x5F, 0x8F, 0x5F, 0x8F, 0x5F, 0x8F, 0x5F, 0x8F, 0x5F, 0x8F, 0x5F,
    0x8F, 0x5F, 0x8F, 0x5F, 0x8F, 0x5F, 0xA7, 0x7F, 0xCF, 0xBF, 0xD7, 0xFF, 0xCF, 0xDF, 0xC7, 0x9F,
    0xC7, 0xBF, 0xC7, 0xDF, 0x02, 0x9F, 0xFF, 0x97, 0x9F, 0x8F, 0x5F, 0x87, 0x3F, 0x8F, 0x5F, 0x8F,
    0x5F, 0x8F, 0x5F, 0x8F, 0x5F, 0x8F, 0x5F, 0x8F, 0x5F, 0x8F, 0x5F, 0x8F, 0x5F, 0x8F, 0x5F, 0x8F,
    0x5F, 0x8F, 0x7F, 0x8F, 0x7E, 0x97, 0x5E, 0x97, 0x5E, 0x9F, 0x5F, 0xA7, 0x5F, 0xA7, 0x7F, 0xAF,
    0x7F, 0xAF, 0x9F, 0xBF, 0x9F, 0xBF, 0x7E, 0xC7, 0x9F, 0xDF, 0xFF, 0xE7, 0xFF, 0xF7, 0xFF, 0xF7,
    0xFF, 0xF7, 0xFF, 0xF7, 0xDF, 0xF7, 0xBF, 0xF7, 0xBF, 0xF7, 0xBF, 0xF7, 0xBF, 0xF7, 0xBF, 0xF7,
    0xBF, 0xEF, 0xBF, 0xEF, 0xBF, 0xEF, 0xBF, 0xEF, 0xBF, 0xEF, 0xBF, 0xEF, 0xBF, 0xEF, 0xBF, 0xEF,
    0x9F, 0xEF, 0x9F, 0xEF, 0x9F, 0xEF, 0x9E, 0xEF, 0xBF, 0xF7, 0xBF, 0xF7, 0xDF, 0xF7, 0xBF, 0xF7,
    0xBF, 0xF7, 0xBF, 0xEF, 0xDF, 0xEF, 0xDF, 0xEF, 0xDF, 0xEF, 0xBF, 0xEF, 0xBF, 0xEF, 0xBF, 0xEF,
    0xBF, 0xEF, 0xBF, 0xEF, 0xBF, 0xEF, 0xBF, 0xFB, 0xE7, 0x9F, 0xDF, 0x5E, 0xDF, 0x3D, 0xD7, 0x3E,
    0xD7, 0x3F, 0xD7, 0x3E, 0xCF, 0x1E, 0xD7, 0x3E, 0xD7, 0x3E, 0xD7, 0x3E, 0xD7, 0x3E, 0xD7, 0x3E,
    0xD7, 0x3E, 0xD7, 0x3E, 0xD7, 0x3E, 0xD7, 0x3E, 0xD7, 0x3E, 0xDF, 0x3E, 0xDF, 0x1E, 0xDF, 0x1E,
    0xDF, 0x1E, 0xD7, 0x1D, 0xD7, 0x1D, 0xD7, 0x1D, 0xD7, 0x1D, 0xD7, 0x1D, 0xD7, 0x1D, 0xD6, 0xFD,
    0xD6, 0xFD, 0xD6, 0xFD, 0xDE, 0xDD, 0xDE, 0xFD, 0xE7, 0x1E, 0xEF, 0x5E, 0xE7, 0x3E, 0xE7, 0x1D,
    0xE6, 0xFD, 0xE6, 0xFD, 0xE6, 0xFD, 0xE6, 0xFD, 0xE6, 0xFD, 0xE6, 0xFD, 0xE6, 0xFD, 0xE6, 0xFD,
    0xE6, 0xFD, 0xE6, 0xFD, 0xE6, 0xFD, 0xE6, 0xDD, 0xDE, 0xDD, 0xDE, 0xDD, 0xDE, 0xDD, 0xDE, 0xDD,
    0xDE, 0xDD, 0xDE, 0xDD, 0xDE, 0xDD, 0xDE, 0xDD, 0xDE, 0xDD, 0xDE, 0xDD, 0xDE, 0xFD, 0xDE, 0xFD,
    0xDE, 0xFD, 0xE7, 0x1C, 0x03, 0xFF, 0x80, 0xDF, 0x09, 0xFF, 0xFF, 0xDF, 0xFF, 0x7E, 0xFF, 0x5D,
    0xFF, 0x3E, 0xEE, 0xFD, 0xE6, 0xDD, 0xE6, 0xBC, 0xEE, 0xDD, 0xE6, 0xBC, 0xE6, 0x9C, 0xDE, 0x7D,
    0xD6, 0x5D, 0xD6, 0x3C, 0xD6, 0x3C, 0xD6, 0x3C, 0xCE, 0x1C, 0xCD, 0xFB, 0xC5, 0xFB, 0xBD, 0xDB,
    0xB5, 0x9A, 0xB5, 0x79, 0xB5, 0x59, 0xB5, 0x59, 0xB5, 0x59, 0xAD, 0x7A, 0xAD, 0x7A, 0xAD, 0x7A,
    0xA5, 0x3A, 0xA5, 0x1A, 0xA4, 0xFB, 0x9C, 0xDA, 0x94, 0x98, 0x94, 0x78, 0x8C, 0x37, 0x8C, 0x37,
    0x84, 0x16, 0x73, 0xB4, 0x73, 0x74, 0x73, 0x74, 0x73, 0x74, 0x73, 0x74, 0x6B, 0x54, 0x6B, 0x54,
    0x6B, 0x54, 0x6B, 0x54, 0x6B, 0x55, 0x6B, 0x55, 0x6B, 0x55, 0x6B, 0x35, 0x6B, 0x35, 0x6B, 0x35,
    0x6B, 0x35, 0x63, 0x55, 0x63, 0x55, 0x63, 0x55, 0x63, 0x55, 0xDF, 0x1D, 0xDF, 0x1D, 0xDF, 0x1D,
    0xDF, 0x1D, 0xDF, 0x1D, 0xDF, 0x1D, 0xDF, 0x1D, 0xDF, 0x1D, 0xDF, 0xFF, 0x1D, 0xDF, 0x3D, 0xDF,
    0x3D, 0xDF, 0x3D, 0xDF, 0x3D, 0xDF, 0x3D, 0xDF, 0x3D, 0xD7, 0x3D, 0xD7, 0x1D, 0xD7, 0x1D, 0xD7,
    0x1D, 0xCE, 0xFD, 0xCE, 0xFD, 0xCE, 0xFD, 0xCF, 0x1D, 0xC7, 0x1D, 0xC7, 0x1D, 0xC7, 0x1D, 0xC7,
    0x1D, 0xC7, 0x1D, 0xC7, 0x1D, 0xBE, 0xFD, 0xBE, 0xFD, 0xBE, 0xFD, 0xBE, 0xFD, 0xBE, 0xFD, 0xBE,
    0xFD, 0xBE, 0xFD, 0xBE, 0xFE, 0xB7, 0x1E, 0xB7, 0x1E, 0xB7, 0x1E, 0xB7, 0x1E, 0xB7, 0x1E, 0xB7,
    0x1E, 0xB7, 0x1E, 0xB7, 0x1E, 0xB7, 0x1E, 0xB7, 0x1E, 0xB7, 0x1E, 0xB7, 0x1E, 0xB7, 0x1E, 0xAF,
    0x1F, 0xAF, 0x1F, 0xAF, 0x1F, 0xAF, 0x1F, 0xAF, 0x1F, 0xAF, 0x1F, 0xAF, 0x3F, 0xA7, 0x5F, 0xA7,
    0x5F, 0xA7, 0x5F, 0xA7, 0x5F, 0xA7, 0x5F, 0xA7, 0x5F, 0xA7, 0x1E, 0xAF, 0x7F, 0xB7, 0x7F, 0xA7,
    0x1F, 0xA7, 0x1E, 0xA7, 0x1F, 0xA7, 0x1F, 0xAF, 0x5F, 0xAF, 0x7F, 0xB7, 0x8E, 0x7F, 0xAF, 0x5F,
    0xAF, 0x3F, 0xAF, 0x3F, 0xAF, 0x3F, 0xAF, 0x9F, 0xA7, 0x7F, 0xA7, 0x7F, 0x04, 0x9F, 0xFF, 0x97,
    0x7F, 0x97, 0x7F, 0x97, 0x7F, 0x97, 0x7F, 0x8F, 0x5F, 0x97, 0x7F, 0x97, 0x7F, 0x97, 0x7F, 0x97,
    0x7F, 0x8F, 0x7F, 0x8F, 0x7F, 0x8F, 0x7F, 0x8F, 0x5F, 0x8F, 0x5F, 0x8F, 0x5F, 0x8F, 0x5F, 0x8F,
    0x5F, 0x8F, 0x5F, 0x8F, 0x5F, 0x8F, 0x5F, 0x8F, 0x5F, 0x8F, 0x5F, 0x8F, 0x5F, 0x8F, 0x5F, 0x8F,
    0x5F, 0x8F, 0x5F, 0x8F, 0x5F, 0x8F, 0x5F, 0x8F, 0x5F, 0x8F, 0x5F, 0x8F, 0x5F, 0x8F, 0x5F, 0x8F,
    0x5F, 0x8F, 0x5F, 0x8F, 0x5F, 0x8F, 0x5F, 0x8F, 0x5F, 0x8F, 0x5F, 0x8F, 0x5F, 0x8F, 0x5F, 0x8F,
    0x5F, 0x8F, 0x5F, 0x97, 0x5E, 0xA7, 0x7D, 0xB7, 0xFF, 0xBF, 0xFF, 0xA7, 0x7D, 0xB7, 0xBE, 0xB7,
    0xDF, 0x9F, 0xDF, 0x97, 0xBF, 0x8F, 0x7F, 0x8F, 0x5F, 0x8F, 0x5F, 0x8F, 0x5F, 0x8F, 0x5F, 0x8F,
    0x5F, 0x8F, 0x5F, 0x8F, 0x5F, 0x8F, 0x5F, 0x8F, 0x5F, 0x8F, 0x5F, 0x8F, 0x5F, 0x8F, 0x7E, 0x8E,
    0x97, 0x7F, 0x97, 0x7F, 0x9F, 0x7F, 0x9F, 0x7F, 0xA7, 0x7F, 0xAF, 0x9F, 0xB7, 0xBF, 0xB7, 0x02,
    0xBF, 0x87, 0x7E, 0xBF, 0x5E, 0xD7, 0x9F, 0xE7, 0xFF, 0xF7, 0x03, 0xFF, 0xFF, 0xF7, 0xDF, 0xF7,
    0xDF, 0xF7, 0xDF, 0xF7, 0xBF, 0xF7, 0xBF, 0xF7, 0xBF, 0xF7, 0xBF, 0xF7, 0xBF, 0xF7, 0xBF, 0xF7,
    0xBF, 0xF7, 0xBF, 0xF7, 0xBF, 0xEF, 0xBF, 0xEF, 0xBF, 0xEF, 0xBF, 0xEF, 0xBF, 0xEF, 0x9F, 0xEF,
    0x9F, 0xEF, 0x9F, 0xEF, 0x9E, 0xEF, 0xBF, 0xF7, 0xBF, 0xF7, 0xDF, 0xF7, 0xDF, 0xF7, 0xDF, 0xF7,
    0xDF, 0xEF, 0xDF, 0xEF, 0xDF, 0xEF, 0xDF, 0xEF, 0xDF, 0xEF, 0xDF, 0xEF, 0x9E, 0xE7, 0x9F, 0xDF,
    0x9F, 0xE7, 0x9F, 0xE7, 0x9F, 0xDF, 0x5F, 0xD7, 0x5E, 0xD7, 0x3E, 0xD7, 0x3E, 0xD7, 0x1E, 0xD7,
    0x1E, 0xD7, 0x1E, 0xD7, 0x1E, 0xD7, 0x1E, 0xD7, 0x1E, 0xDF, 0x5E, 0xDF, 0x5E, 0xDF, 0x5E, 0xD7,
    0x3E, 0xD7, 0x1D, 0xD7, 0x1D, 0xD7, 0x1D, 0xD7, 0x1D, 0xD7, 0x1D, 0xD7, 0x1D, 0xD7, 0x1D, 0xD7,
    0x1D, 0xD7, 0x1D, 0xD7, 0x1D, 0xD6, 0xFD, 0xD6, 0xFD, 0xD6, 0xFD, 0xD6, 0xFD, 0xAD, 0xD6, 0xFD,
    0xD6, 0xDD, 0xD6, 0xDC, 0xDE, 0xFD, 0xE7, 0x3E, 0xF7, 0x9F, 0xEF, 0x5E, 0xE7, 0x3E, 0xE7, 0x1D,
    0xE6, 0xFD, 0xDE, 0xDC, 0xE6, 0xDC, 0xE6, 0xDC, 0xE7, 0x1D, 0xE6, 0xFD, 0xE6, 0xDC, 0xE7, 0x1D,
    0xE7, 0x1D, 0xE7, 0x1D, 0xEF, 0x1D, 0xE6, 0xFD, 0xE6, 0xDC, 0xDE, 0xDC, 0x02, 0xFF, 0x93, 0xF7,
    0x9F, 0xE7, 0x1D, 0xDE, 0xBC, 0xDE, 0xFC, 0xE6, 0xFD, 0xD6, 0x9B, 0xDE, 0xFD, 0xDE, 0xFD, 0xDE,
    0xFD, 0xF7, 0xBF, 0x05, 0xFF, 0x80, 0xDF, 0x05, 0xFF, 0xFF, 0xDF, 0xFF, 0x9E, 0xFF, 0x7E, 0xFF,
    0x3D, 0xF7, 0x1D, 0xEE, 0xFD, 0xE6, 0xDD, 0xE6, 0xBC, 0xE6, 0xBC, 0xE6, 0x9C, 0xDE, 0x9C, 0xDE,
    0x9D, 0xDE, 0x7D, 0xD6, 0x5D, 0xCE, 0x3C, 0xCD, 0xFB, 0xCD, 0xDB, 0xC5, 0xDB, 0xC5, 0xDB, 0xBD,
    0xBB, 0xBD, 0x9A, 0xB5, 0x9A, 0xB5, 0x7A, 0xB5, 0x7A, 0xB5, 0x7A, 0xAD, 0x59, 0xAD, 0x59, 0xAD,
    0x5A, 0xAD, 0x5B, 0xA5, 0x1A, 0x9C, 0xDA, 0x94, 0x78, 0x8C, 0x77, 0x8C, 0x57, 0x8C, 0x57, 0x84,
    0x16, 0x83, 0xF6, 0x73, 0x94, 0x73, 0x95, 0x7B, 0xB6, 0x73, 0x95, 0x73, 0x95, 0x73, 0x95, 0x73,
    0x74, 0x6B, 0x54, 0x6B, 0x34, 0x6B, 0x55, 0x6B, 0x55, 0x6B, 0x55, 0x6B, 0x35, 0x6B, 0x35, 0x6B,
    0x35, 0x6B, 0x35, 0x63, 0x55, 0x63, 0x55, 0x63, 0x55, 0x63, 0x55, 0xDF, 0x1D, 0xDF, 0x1D, 0xDF,
    0x1D, 0xDF, 0x1D, 0xDF, 0x1D, 0xDF, 0x1D, 0xDF, 0x1D, 0xDF, 0xFF, 0x1D, 0xDF, 0x1D, 0xDF, 0x3D,
    0xDF, 0x3D, 0xDF, 0x3D, 0xDF, 0x3D, 0xDF, 0x3D, 0xDF, 0x3D, 0xD7, 0x3D, 0xD7, 0x1D, 0xD7, 0x1D,
    0xD7, 0x1D, 0xCE, 0xFD, 0xCE, 0xFD, 0xCE, 0xFD, 0xCF, 0x1D, 0xC7, 0x1D, 0xC7, 0x1D, 0xC7, 0x1D,
    0xC7, 0x1D, 0xC7, 0x1D, 0xC7, 0x1D, 0xBE, 0xFD, 0xBE, 0xFD, 0xBE, 0xFD, 0xBE, 0xFD, 0xBE, 0xFD,
    0xBE, 0xFD, 0xBE, 0xFD, 0xBE, 0xFE, 0xB7, 0x1E, 0xB7, 0x1E, 0xB7, 0x1E, 0xB7, 0x1E, 0xB7, 0x1E,
    0xB7, 0x1E, 0xB7, 0x1E, 0xB7, 0x1E, 0xB7, 0x1E, 0xB7, 0x1E, 0xB7, 0x1E, 0xB7, 0x1E, 0xB7, 0x1E,
    0xAF, 0x1F, 0xAF, 0x1F, 0xAF, 0x1F, 0xAF, 0x1F, 0xAF, 0x1F, 0xAF, 0x1F, 0xAF, 0x3F, 0xA7, 0x5F,
    0xA7, 0x5F, 0xA7, 0x5F, 0xA7, 0x5F, 0xA7, 0x5F, 0xA7, 0x5F, 0xA7, 0x3E, 0xA7, 0x3E, 0xA7, 0x3E,
    0xA6, 0xFD, 0xA6, 0xFE, 0xAE, 0xFE, 0xB7, 0x1E, 0xAE, 0xFD, 0xB7, 0xF4, 0x1D, 0xB7, 0x3E, 0xBF,
    0x5F, 0xC7, 0x9F, 0xC7, 0x9F, 0xC7, 0x9F, 0xB7, 0x5F, 0xB7, 0x5E, 0xAF, 0x5E, 0xA7, 0x7F, 0xA7,
    0x5F, 0x9F, 0x5E, 0x9F, 0x7E, 0x97, 0x9F, 0x97, 0x7F, 0x97, 0x5F, 0x97, 0x7F, 0x97, 0x7F, 0x97,
    0x7F, 0x97, 0x7F, 0x8F, 0x7F, 0x8F, 0x7F, 0x8F, 0x7F, 0x8F, 0x5F, 0x8F, 0x5F, 0x8F, 0x5F, 0x8F,
    0x5F, 0x8F, 0x5F, 0x8F, 0x5F, 0x8F, 0x5F, 0x8F, 0x5F, 0x8F, 0x5F, 0x8F, 0x5F, 0x8F, 0x5F, 0x8F,
    0x5F, 0x8F, 0x5F, 0x8F, 0x5F, 0x8F, 0x5F, 0x8F, 0x5F, 0x8F, 0x5F, 0x8F, 0x5F, 0x8F, 0x5F, 0x8F,
    0x5F, 0x8F, 0x5F, 0x8F, 0x5F, 0x8F, 0x5F, 0x8F, 0x5F, 0x8F, 0x5F, 0x8F, 0x5F, 0x8F, 0x5F, 0x8F,
    0x5F, 0x8F, 0x5F, 0x8F, 0x7F, 0x8F, 0x7F, 0x97, 0xBE, 0x97, 0xBE, 0x9F, 0xBF, 0x8F, 0x3D, 0x97,
    0x7E, 0x02, 0x9F, 0xAA, 0x97, 0xBF, 0x97, 0x9F, 0x8F, 0x7F, 0x8F, 0x5F, 0x8F, 0x5F, 0x8F, 0x5F,
    0x8F, 0x5F, 0x8F, 0x5F, 0x8F, 0x5F, 0x8F, 0x5F, 0x8F, 0x5F, 0x8F, 0x5F, 0x8F, 0x5F, 0x8F, 0x5F,
    0x8F, 0x7E, 0x97, 0x7F, 0x97, 0x7F, 0x9F, 0x7F, 0x9F, 0x7F, 0xA7, 0x7F, 0xAF, 0x9F, 0xB7, 0x03,
    0xBF, 0x86, 0xC7, 0x9E, 0xCF, 0x9E, 0xE7, 0xBF, 0xF7, 0x06, 0xFF, 0xFF, 0xDF, 0xFF, 0xBF, 0xF7,
    0xBF, 0xF7, 0xBF, 0xF7, 0xBF, 0xF7, 0xBF, 0xF7, 0xBF, 0xF7, 0xBF, 0xF7, 0xBF, 0xF7, 0xBF, 0xF7,
    0xBF, 0xF7, 0xBF, 0xEF, 0xBF, 0xEF, 0xBF, 0xEF, 0xBF, 0xEF, 0xBF, 0xEF, 0x9F, 0xEF, 0x9F, 0xEF,
    0x9F, 0xEF, 0x9E, 0xEF, 0xBF, 0xF7, 0xBF, 0xF7, 0xDF, 0xF7, 0xDF, 0xF7, 0xDF, 0xF7, 0xDF, 0xEF,
    0xDF, 0xEF, 0xDF, 0xEF, 0xDF, 0xEF, 0xDF, 0xEF, 0xDF, 0xEF, 0x9E, 0xE7, 0x9F, 0xDF, 0x9F, 0xDF,
    0x9F, 0xDF, 0x9F, 0xDF, 0x7F, 0xD7, 0x5F, 0xD7, 0x3E, 0xD7, 0x3E, 0xD7, 0x1E, 0xD7, 0x1E, 0xD7,
    0x1E, 0xD7, 0x1E, 0xD7, 0x1E, 0xD7, 0x1E, 0xD7, 0x3E, 0xD7, 0x3E, 0xD7, 0x3E, 0xD7, 0x3E, 0xD7,
    0x1D, 0xD7, 0x1D, 0xD7, 0x1D, 0xD7, 0x1D, 0xD7, 0x1D, 0xD7, 0x1D, 0xD7, 0x1D, 0xD7, 0x1D, 0xD7,
    0x1D, 0xD7, 0x1D, 0xD6, 0xFD, 0xD6, 0xFD, 0xD6, 0xFD, 0xD6, 0xFD, 0xD6, 0xAA, 0xFD, 0xD6, 0xFD,
    0xD6, 0xFD, 0xE6, 0xFD, 0xEF, 0x3E, 0xF7, 0x9F, 0xEF, 0x7F, 0xEF, 0x5E, 0xEF, 0x5E, 0xEF, 0x3E,
    0xEF, 0x3D, 0xEF, 0x3D, 0xEF, 0x3D, 0xE7, 0x1C, 0xE6, 0xFC, 0xE6, 0xFC, 0xDE, 0xBB, 0xDE, 0xBB,
    0xDE, 0xBB, 0xDE, 0xBB, 0xDE, 0xDC, 0xEF, 0x5E, 0x03, 0xFF, 0x94, 0xDF, 0xFF, 0xDF, 0xFF, 0xBF,
    0xF7, 0x7E, 0xDE, 0xFC, 0xDE, 0xDB, 0xDE, 0xFC, 0xDE, 0xFD, 0xDE, 0xFD, 0xDE, 0xFD, 0xF7, 0xBF,
    0x0D, 0xFF, 0xFF, 0x9E, 0xFF, 0x7E, 0xFF, 0x3D, 0xF7, 0x1D, 0xEE, 0xFD, 0xE6, 0xDD, 0xE6, 0xBC,
    0xE6, 0xBC, 0xE6, 0x9C, 0xDE, 0x9C, 0xDE, 0x7D, 0xD6, 0x5D, 0xD6, 0x5D, 0xCE, 0x1C, 0xCD, 0xFB,
    0xC5, 0xDB, 0xC5, 0xBA, 0xBD, 0xDB, 0xBD, 0xBA, 0xB5, 0x9A, 0xB5, 0x7A, 0xB5, 0x79, 0xB5, 0x79,
    0xB5, 0x79, 0xAD, 0x59, 0xAD, 0x59, 0xAD, 0x59, 0xAD, 0x3A, 0xA4, 0xFA, 0x9C, 0xB9, 0x94, 0x78,
    0x8C, 0x57, 0x8C, 0x57, 0x8C, 0x37, 0x84, 0x16, 0x7B, 0xF5, 0x73, 0xB4, 0x7B, 0xB5, 0x7B, 0xD6,
    0x7B, 0xB5, 0x73, 0x95, 0x73, 0x95, 0x73, 0x74, 0x6B, 0x54, 0x6B, 0x34, 0x6B, 0x55, 0x6B, 0x55,
    0x6B, 0x55, 0x6B, 0x35, 0x6B, 0x35, 0x6B, 0x35, 0x6B, 0x35, 0x63, 0x55, 0x63, 0x55, 0x63, 0x55,
    0x63, 0x55, 0xDF, 0x1D, 0xDF, 0x1D, 0xDF, 0x1D, 0xDF, 0x1D, 0xDF, 0x1D, 0xDF, 0x1D, 0xDF, 0x1D,
    0xDF, 0x1D, 0xDF, 0xFF, 0x1D, 0xDF, 0x3D, 0xDF, 0x3D, 0xDF, 0x3D, 0xDF, 0x3D, 0xDF, 0x3D, 0xDF,
    0x3D, 0xD7, 0x3D, 0xD7, 0x1D, 0xD7, 0x1D, 0xD7, 0x1D, 0xCE, 0xFD, 0xCE, 0xFD, 0xCE, 0xFD, 0xCF,
    0x1D, 0xC7, 0x1D, 0xC7, 0x1D, 0xC7, 0x1D, 0xC7, 0x1D, 0xC7, 0x1D, 0xC7, 0x1D, 0xBE, 0xFD, 0xBE,
    0xFD, 0xBE, 0xFD, 0xBE, 0xFD, 0xBE, 0xFD, 0xBE, 0xFD, 0xBE, 0xFD, 0xBE, 0xFE, 0xB7, 0x1E, 0xB7,
    0x1E, 0xB7, 0x1E, 0xB7, 0x1E, 0xB7, 0x1E, 0xB7, 0x1E, 0xB7, 0x1E, 0xB7, 0x1E, 0xB7, 0x1E, 0xB7,
    0x1E, 0xB7, 0x1E, 0xB7, 0x1E, 0xB7, 0x1E, 0xAF, 0x1F, 0xAF, 0x1F, 0xAF, 0x1F, 0xAF, 0x1F, 0xAF,
    0x1F, 0xAF, 0x1F, 0xAF, 0x3F, 0xA7, 0x5F, 0xA7, 0x5F, 0xA7, 0x5F, 0xA7, 0x5F, 0xA7, 0x5F, 0xA7,
    0x5F, 0xA7, 0x5D, 0xA7, 0x3D, 0xAF, 0x3D, 0xB7, 0x5E, 0xBF, 0x5E, 0xC7, 0x7F, 0xCF, 0xBF, 0xEF,
    0xFF, 0xEF, 0xFF, 0xEF, 0x8F, 0xFF, 0xEF, 0xFF, 0xEF, 0xFF, 0xEF, 0xFF, 0xEF, 0xFF, 0xD7, 0xBF,
    0xD7, 0x9F, 0xCF, 0x9F, 0xCF, 0x04, 0xBF, 0x81, 0x9F, 0xAF, 0x02, 0x9F, 0xFF, 0xBF, 0x97, 0x9F,
    0x97, 0x7F, 0x97, 0x7F, 0x97, 0x7F, 0x97, 0x7F, 0x97, 0x7F, 0x8F, 0x7F, 0x8F, 0x7F, 0x8F, 0x7F,
    0x8F, 0x5F, 0x8F, 0x5F, 0x8F, 0x5F, 0x8F, 0x5F, 0x8F, 0x5F, 0x8F, 0x5F, 0x8F, 0x5F, 0x8F, 0x5F,
    0x8F, 0x5F, 0x8F, 0x5F, 0x8F, 0x5F, 0x8F, 0x5F, 0x8F, 0x5F, 0x8F, 0x5F, 0x8F, 0x5F, 0x8F, 0x5F,
    0x8F, 0x5F, 0x8F, 0x5F, 0x8F, 0x5F, 0x8F, 0x5F, 0x8F, 0x5F, 0x8F, 0x5F, 0x8F, 0x5F, 0x8F, 0x5F,
    0x8F, 0x5F, 0x8F, 0x5F, 0x8F, 0x5F, 0x8F, 0x5F, 0x8F, 0x5F, 0x8F, 0x7F, 0x8F, 0x7F, 0x87, 0x9F,
    0x87, 0x7F, 0x87, 0x5F, 0x8F, 0x3F, 0x8F, 0x3F, 0x8F, 0x3F, 0x8F, 0x5F, 0x8F, 0x7F, 0x8F, 0x7F,
    0x8F, 0x7F, 0x8F, 0x5F, 0x8F, 0x5F, 0x8F, 0x5F, 0x8F, 0x5F, 0x8F, 0x5F, 0x8F, 0x5F, 0x8F, 0x5F,
    0x8F, 0x5F, 0x8F, 0x5F, 0x8F, 0x5F, 0x8F, 0x7E, 0x97, 0x7F, 0x97, 0x7F, 0x9F, 0x8F, 0x7F, 0x9F,
    0x7F, 0xA7, 0x7F, 0xAF, 0x9F, 0xB7, 0xBE, 0xC7, 0xBF, 0xD7, 0xBF, 0xE7, 0xFF, 0xF7, 0x04, 0xFF,
    0xFF, 0xDF, 0xFF, 0xBF, 0xFF, 0xBF, 0xFF, 0xBF, 0xF7, 0xBF, 0xF7, 0xBF, 0xF7, 0xDF, 0xF7, 0xDF,
    0xF7, 0xBF, 0xF7, 0xBF, 0xF7, 0xBF, 0xF7, 0xBF, 0xF7, 0xBF, 0xF7, 0xBF, 0xEF, 0xBF, 0xEF, 0xBF,
    0xEF, 0xBF, 0xEF, 0xBF, 0xEF, 0x9F, 0xEF, 0x9F, 0xEF, 0x9F, 0xEF, 0x9E, 0xEF, 0xBF, 0xF7, 0xBF,
    0xF7, 0xDF, 0xF7, 0xDF, 0xF7, 0xDF, 0xF7, 0xDF, 0xEF, 0xDF, 0xEF, 0xDF, 0xEF, 0xDF, 0xEF, 0xDF,
    0xEF, 0xDF, 0xEF, 0x9E, 0xDF, 0x9F, 0xD7, 0x7F, 0xD7, 0x7F, 0xD7, 0x7F, 0xD7, 0x7F, 0xD7, 0x5F,
    0xD7, 0x5F, 0xCF, 0x3E, 0xD7, 0x1E, 0xD7, 0x1E, 0xD7, 0x1E, 0xD7, 0x1E, 0xD7, 0x1E, 0xD7, 0x1E,
    0xD7, 0x1E, 0xD7, 0x1E, 0xD7, 0x1E, 0xD7, 0x1E, 0xD7, 0x1D, 0xD7, 0x1D, 0xD7, 0x1D, 0xD7, 0x1D,
    0xD7, 0x1D, 0xD7, 0x1D, 0xD7, 0x1D, 0xD7, 0x1D, 0xD7, 0x1D, 0xD7, 0x1D, 0xD6, 0xFD, 0xD6, 0xFD,
    0xD6, 0xA2, 0xFD, 0xD6, 0xFD, 0xD7, 0x1D, 0xDF, 0x3E, 0xE7, 0x3E, 0xE7, 0x1D, 0xEF, 0x3E, 0xEF,
    0x5E, 0xE7, 0x1D, 0xEF, 0x3E, 0xEF, 0x5E, 0xEF, 0x7E, 0xF7, 0x9E, 0xF7, 0x9E, 0xF7, 0x9E, 0xF7,
    0x7D, 0xF7, 0x7E, 0xF7, 0x9E, 0x09, 0xFF, 0x80, 0xDF, 0x03, 0xFF, 0x80, 0xDF, 0x08, 0xFF, 0x8D,
    0xF7, 0x9E, 0xE7, 0x1C, 0xDE, 0xFC, 0xDE, 0xFD, 0xDE, 0xFD, 0xDE, 0xFD, 0xF7, 0xBF, 0x0B, 0xFF,
    0xFF, 0xBF, 0xFF, 0x9E, 0xFF, 0x7E, 0xFF, 0x3D, 0xF7, 0x1D, 0xEE, 0xFD, 0xE6, 0xDD, 0xE6, 0xBC,
    0xE6, 0xBC, 0xE6, 0x9C, 0xDE, 0x9C, 0xD6, 0x5C, 0xD6, 0x3C, 0xCE, 0x1C, 0xCD, 0xFB, 0xC5, 0xDB,
    0xC5, 0xBA, 0xBD, 0xBA, 0xBD, 0x9A, 0xB5, 0x9A, 0xB5, 0x79, 0xB5, 0x59, 0xAD, 0x59, 0xAD, 0x59,
    0xAD, 0x59, 0xA5, 0x38, 0xA5, 0x39, 0xA5, 0x39, 0xA4, 0xF9, 0x9C, 0xB9, 0x94, 0x78, 0x8C, 0x37,
    0x8C, 0x37, 0x84, 0x36, 0x84, 0x16, 0x7B, 0xD5, 0x7B, 0xD5, 0x7B, 0xD5, 0x7B, 0xD5, 0x83, 0xF7,
    0x7B, 0xD6, 0x7B, 0xB6, 0x73, 0x95, 0x73, 0x74, 0x6B, 0x54, 0x6B, 0x34, 0x6B, 0x55, 0x6B, 0x55,
    0x6B, 0x55, 0x6B, 0x35, 0x6B, 0x35, 0x6B, 0x35, 0x6B, 0x35, 0x63, 0x55, 0x63, 0x55, 0x63, 0x55,
    0x63, 0x55, 0xDF, 0x1D, 0xDF, 0x1D, 0xDF, 0x1D, 0xDF, 0x1D, 0xDF, 0x1D, 0xDF, 0x1D, 0xDF, 0x1D,
    0xDF, 0xFF, 0x1D, 0xDF, 0x1D, 0xDF, 0x3D, 0xDF, 0x1D, 0xDF, 0x1D, 0xDF, 0x1D, 0xDF, 0x1D, 0xDF,
    0x1D, 0xD7, 0x3D, 0xD7, 0x1D, 0xD7, 0x1D, 0xD7, 0x1D, 0xD6, 0xFD, 0xD6, 0xFD, 0xD6, 0xFD, 0xCF,
    0x1D, 0xC7, 0x1D, 0xC7, 0x1D, 0xC7, 0x1D, 0xC7, 0x1D, 0xC7, 0x1D, 0xC7, 0x1D, 0xBE, 0xFD, 0xBE,
    0xFD, 0xBE, 0xFD, 0xBE, 0xFD, 0xBE, 0xFD, 0xBE, 0xFD, 0xBE, 0xFD, 0xBE, 0xFE, 0xBF, 0x1E, 0xBF,
    0x1E, 0xBF, 0x1E, 0xBE, 0xFE, 0xBE, 0xFE, 0xBE, 0xFE, 0xB7, 0x1E, 0xB7, 0x1E, 0xB7, 0x1E, 0xB7,
    0x1E, 0xB7, 0x1E, 0xB7, 0x1E, 0xB7, 0x1E, 0xAF, 0x3E, 0xAF, 0x3E, 0xAF, 0x3E, 0xAF, 0x3E, 0xAF,
    0x3E, 0xAF, 0x3E, 0xAF, 0x3F, 0xAF, 0x3F, 0xAF, 0x3F, 0xAF, 0x3F, 0xAF, 0x3F, 0xAF, 0x3F, 0xAF,
    0x3F, 0xA7, 0x5E, 0xA7, 0x3D, 0xB7, 0x9E, 0xD7, 0xDF, 0xCF, 0x9F, 0xD7, 0xBF, 0xE7, 0xFF, 0xEF,
    0xDE, 0xF7, 0x8F, 0xDE, 0xF7, 0xFF, 0xF7, 0xFF, 0xF7, 0xFF, 0xF7, 0xFF, 0xF7, 0xFF, 0xEF, 0xFF,
    0xEF, 0xFF, 0xE7, 0x02, 0xDF, 0x84, 0xFF, 0xDF, 0xFF, 0xD7, 0xDF, 0x02, 0xBF, 0x80, 0xA7, 0x04,
    0x9F, 0xFF, 0x7F, 0x97, 0x7F, 0x97, 0x7F, 0x97, 0x7F, 0x8F, 0x7F, 0x8F, 0x7F, 0x8F, 0x7F, 0x8F,
    0x7F, 0x8F, 0x7F, 0x8F, 0x5F, 0x8F, 0x5F, 0x8F, 0x5F, 0x8F, 0x5F, 0x8F, 0x5F, 0x8F, 0x5F, 0x8F,
    0x5F, 0x8F, 0x5F, 0x8F, 0x5F, 0x8F, 0x5F, 0x8F, 0x5F, 0x8F, 0x5F, 0x8F, 0x5F, 0x8F, 0x5F, 0x8F,
    0x5F, 0x8F, 0x5F, 0x8F, 0x5F, 0x8F, 0x5F, 0x8F, 0x7F, 0x8F, 0x7F, 0x8F, 0x7F, 0x8F, 0x7F, 0x8F,
    0x5F, 0x8F, 0x7F, 0x8F, 0x7F, 0x8F, 0x7F, 0x8F, 0x7F, 0x8F, 0x7F, 0x8F, 0x7F, 0x8F, 0x5F, 0x87,
    0x7F, 0x8F, 0x7F, 0x97, 0x9F, 0x97, 0x5F, 0x97, 0x3F, 0x97, 0x3F, 0x8F, 0x3F, 0x8F, 0x5E, 0x8F,
    0x5F, 0x8F, 0x7F, 0x8F, 0x5F, 0x8F, 0x5F, 0x8F, 0x5F, 0x8F, 0x5F, 0x8F, 0x5F, 0x8F, 0x7F, 0x8F,
    0x7F, 0x8F, 0x7F, 0x8F, 0x5F, 0x8F, 0x5F, 0x8F, 0x7E, 0x97, 0x7F, 0x97, 0x7F, 0x9F, 0x7F, 0xA7,
    0x7F, 0xA7, 0x82, 0x7F, 0xAF, 0x9F, 0x02, 0xBF, 0x81, 0xC7, 0xBF, 0x02, 0xDF, 0x80, 0xF7, 0x04,
    0xFF, 0xFF, 0xDF, 0xFF, 0xBF, 0xFF, 0xBF, 0xFF, 0xBF, 0xFF, 0xBF, 0xF7, 0xBF, 0xF7, 0xBF, 0xF7,
    0xDF, 0xF7, 0xDF, 0xF7, 0xBF, 0xF7, 0xBF, 0xF7, 0xBF, 0xF7, 0xBF, 0xF7, 0xBF, 0xF7, 0xBF, 0xEF,
    0xBF, 0xEF, 0xBF, 0xEF, 0xBF, 0xEF, 0xBF, 0xEF, 0x9F, 0xEF, 0x9F, 0xEF, 0x9F, 0xEF, 0x9E, 0xEF,
    0xBF, 0xF7, 0xDF, 0xF7, 0xDF, 0xF7, 0xDF, 0xF7, 0xDF, 0xF7, 0xDF, 0xEF, 0xDF, 0xEF, 0xDF, 0xEF,
    0xDF, 0xF7, 0xDF, 0xEF, 0xDF, 0xEF, 0x9E, 0xE7, 0x7F, 0xD7, 0x5F, 0xD7, 0x5F, 0xD7, 0x5F, 0xD7,
    0x7F, 0xD7, 0x5F, 0xCF, 0x5F, 0xCF, 0x3F, 0xD7, 0x1E, 0xD7, 0x1E, 0xD7, 0x1E, 0xD7, 0x1E, 0xD7,
    0x1E, 0xD7, 0x1E, 0xD7, 0x1E, 0xD7, 0x1E, 0xD7, 0x1E, 0xD7, 0x1E, 0xD7, 0x1E, 0xD7, 0x1E, 0xD7,
    0x1E, 0xD7, 0x1D, 0xD7, 0x1D, 0xD7, 0x1D, 0xD7, 0x1D, 0xD7, 0x1D, 0xD7, 0x1D, 0xD7, 0x1D, 0xD6,
    0xFD, 0xD6, 0xA0, 0xFD, 0xD6, 0xFD, 0xD6, 0xDD, 0xDF, 0x1D, 0xDF, 0x3E, 0xE7, 0x5F, 0xEF, 0x3E,
    0xEF, 0x3E, 0xEF, 0x3E, 0xDE, 0xBC, 0xDE, 0xFD, 0xE7, 0x1D, 0xEF, 0x3D, 0xEF, 0x5D, 0xEF, 0x5D,
    0xEF, 0x5D, 0xFF, 0xDF, 0x05, 0xFF, 0x8A, 0xDE, 0xFF, 0xDE, 0xFF, 0xDE, 0xFF, 0xDE, 0xFF, 0xDF,
    0xFF, 0xDF, 0x0C, 0xFF, 0x8D, 0xEF, 0x7D, 0xD6, 0xBA, 0xDE, 0xFD, 0xDE, 0xFD, 0xDE, 0xFD, 0xF7,
    0xBF, 0xFF, 0xDF, 0x07, 0xFF, 0xFF, 0xDF, 0xF7, 0x9E, 0xFF, 0x7E, 0xFF, 0x5E, 0xFF, 0x3D, 0xF7,
    0x1D, 0xEE, 0xDD, 0xE6, 0xBD, 0xE6, 0xBC, 0xE6, 0xBD, 0xE6, 0x9C, 0xDE, 0x7C, 0xD6, 0x3C, 0xD6,
    0x3C, 0xCE, 0x1C, 0xC5, 0xFB, 0xC5, 0xDB, 0xC5, 0xBA, 0xBD, 0x9A, 0xB5, 0x9A, 0xB5, 0x7A, 0xB5,
    0x59, 0xAD, 0x59, 0xAD, 0x39, 0xAD, 0x39, 0xAD, 0x39, 0xA5, 0x18, 0xA5, 0x19, 0xA5, 0x19, 0x9C,
    0xD9, 0x94, 0xB8, 0x8C, 0x57, 0x84, 0x17, 0x84, 0x36, 0x84, 0x16, 0x83, 0xF6, 0x7B, 0xD5, 0x7B,
    0xD5, 0x7B, 0xD5, 0x83, 0xF6, 0x84, 0x17, 0x7B, 0xD6, 0x7B, 0xD6, 0x73, 0x95, 0x73, 0x74, 0x6B,
    0x54, 0x6B, 0x34, 0x6B, 0x55, 0x6B, 0x55, 0x6B, 0x55, 0x6B, 0x34, 0x6B, 0x34, 0x6B, 0x34, 0x6B,
    0x35, 0x63, 0x55, 0x6B, 0x35, 0x6B, 0x35, 0x6B, 0x35, 0xE7, 0x3D, 0xE7, 0x3D, 0xE7, 0x3D, 0xE7,
    0x3D, 0xE7, 0x3D, 0xE7, 0x3D, 0xE7, 0xF8, 0x3D, 0xE7, 0x3D, 0xE7, 0x3D, 0xDF, 0x1D, 0xDF, 0x1D,
    0xDF, 0x1D, 0xDF, 0x1D, 0xDF, 0x1D, 0xDF, 0x1D, 0xDF, 0x1D, 0xDF, 0x3D, 0xDF, 0x3D, 0xDF, 0x3D,
    0xD7, 0x1D, 0xD7, 0x1D, 0xD7, 0x1D, 0xD7, 0x1D, 0xCF, 0x1D, 0xCF, 0x1D, 0xCF, 0x1D, 0xCF, 0x1D,
    0xCF, 0x1D, 0xCF, 0x1D, 0xC7, 0x1D, 0xC7, 0x1D, 0xC7, 0x1D, 0xC7, 0x1D, 0xC7, 0x1D, 0xC7, 0x1D,
    0xC7, 0x1D, 0xC7, 0x1E, 0xBF, 0x1E, 0xBF, 0x1E, 0xBF, 0x1E, 0xBF, 0x1E, 0xBF, 0x1E, 0xBF, 0x1E,
    0xBF, 0x1E, 0xBF, 0x1E, 0xBF, 0x1E, 0xBF, 0x1E, 0xBF, 0x1E, 0xBF, 0x1E, 0xB7, 0x3E, 0xAF, 0x3E,
    0xAF, 0x3E, 0xAF, 0x3E, 0xAF, 0x3E, 0xAF, 0x3E, 0xAF, 0x3E, 0xAF, 0x3E, 0xAF, 0x5F, 0xAF, 0x5F,
    0xAF, 0x5F, 0xAF, 0x3F, 0xAF, 0x3F, 0xAF, 0x3F, 0xAF, 0x7F, 0xAF, 0x3E, 0xBF, 0x3E, 0xEF, 0xBF,
    0x1C, 0xFF, 0x8A, 0xF7, 0xFF, 0xEF, 0xFF, 0xDF, 0xFF, 0xD7, 0xFF, 0xCF, 0xFF, 0xB7, 0x02, 0x9F,
    0xFF, 0x3E, 0x97, 0x5E, 0x8F, 0x7F, 0x8F, 0x7F, 0x8F, 0x7F, 0x8F, 0x7F, 0x8F, 0x7E, 0x8F, 0x7E,
    0x97, 0x7F, 0x97, 0x7F, 0x97, 0x7F, 0x97, 0x7F, 0x97, 0x7F, 0x97, 0x7F, 0x97, 0x7F, 0x97, 0x7F,
    0x97, 0x7F, 0x97, 0x7F, 0x97, 0x7F, 0x97, 0x7F, 0x97, 0x7F, 0x97, 0x7F, 0x97, 0x7F, 0x97, 0x7F,
    0x97, 0x7F, 0x8F, 0x7F, 0x8F, 0x9F, 0x87, 0x9F, 0x8F, 0x7F, 0x97, 0x7E, 0x97, 0x7F, 0x8F, 0x7F,
    0x8F, 0x7F, 0x87, 0x5F, 0x8F, 0x5F, 0x8F, 0x5F, 0x8F, 0x5F, 0x8F, 0x5F, 0x97, 0x7F, 0x97, 0x7F,
    0x97, 0x7F, 0x97, 0x7F, 0x97, 0x7F, 0x97, 0x7F, 0x8F, 0x5F, 0x8F, 0x5F, 0x8F, 0x5F, 0x8F, 0x5F,
    0x8F, 0x5F, 0x8F, 0x5F, 0x8F, 0x5F, 0x8F, 0x5F, 0x8F, 0x5F, 0x8F, 0x5F, 0x8F, 0x5F, 0x8F, 0x5F,
    0x8F, 0x5F, 0x8F, 0x5F, 0x8F, 0x5E, 0x97, 0x7E, 0x9F, 0x7E, 0x9F, 0x7F, 0xA7, 0x7F, 0xAF, 0x7F,
    0xB7, 0x87, 0x9F, 0xBF, 0x9F, 0xCF, 0x9E, 0xEF, 0xFF, 0xF7, 0x03, 0xFF, 0x80, 0xF7, 0x06, 0xFF,
    0xFF, 0xDF, 0xFF, 0xDF, 0xFF, 0xDF, 0xFF, 0xDF, 0xFF, 0xDF, 0xF7, 0xDF, 0xF7, 0xBF, 0xF7, 0xBF,
    0xF7, 0xBF, 0xEF, 0xBF, 0xEF, 0xBF, 0xEF, 0xBF, 0xEF, 0xBF, 0xEF, 0xBF, 0xEF, 0xBF, 0xEF, 0xBF,
    0xEF, 0x9F, 0xEF, 0x9F, 0xEF, 0x9F, 0xE7, 0x9E, 0xEF, 0xBF, 0xEF, 0xDF, 0xEF, 0xDF, 0xEF, 0xDF,
    0xEF, 0xDF, 0xEF, 0xDF, 0xF7, 0xDF, 0xF7, 0xDF, 0xF7, 0xDF, 0xF7, 0xDF, 0xF7, 0xBF, 0xEF, 0x9E,
    0xEF, 0x7E, 0xE7, 0x7E, 0xDF, 0x7E, 0xDF, 0x5E, 0xDF, 0x9F, 0xD7, 0x7F, 0xD7, 0x5F, 0xD7, 0x3F,
    0xD7, 0x3E, 0xD7, 0x3E, 0xD7, 0x3E, 0xCF, 0x1E, 0xCF, 0x1E, 0xCF, 0x1E, 0xD7, 0x1E, 0xD7, 0x1F,
    0xD7, 0x1F, 0xD7, 0x1E, 0xCE, 0xFE, 0xCE, 0xFE, 0xCE, 0xFE, 0xD6, 0xFD, 0xD6, 0xFD, 0xD6, 0xFD,
    0xD6, 0xDD, 0xD6, 0xDD, 0xD6, 0xFD, 0xDF, 0x1E, 0xE7, 0x3E, 0xDF, 0x1D, 0xDF, 0x1D, 0xDF, 0x1D,
    0xE7, 0x98, 0x5E, 0xEF, 0x7F, 0xE7, 0x3E, 0xE7, 0x1D, 0xE7, 0x1D, 0xE7, 0x1D, 0xDE, 0xDC, 0xDE,
    0xDC, 0xDE, 0xDC, 0xDE, 0xFC, 0xE7, 0x3C, 0xEF, 0x7D, 0xF7, 0xBE, 0x1B, 0xFF, 0x80, 0xDE, 0x03,
    0xFF, 0x8E, 0xDE, 0xEF, 0x5C, 0xDE, 0xDB, 0xDE, 0xDB, 0xDE, 0xDC, 0xE7, 0x1C, 0xF7, 0x9E, 0xFF,
    0xDF, 0x05, 0xFF, 0xFF, 0xDF, 0xFF, 0x7E, 0xFF, 0x9E, 0xFF, 0x7E, 0xFF, 0x5D, 0xF7, 0x3E, 0xEE,
    0xFE, 0xE6, 0xBD, 0xE6, 0x9D, 0xE6, 0x9D, 0xDE, 0x9C, 0xDE, 0x7C, 0xD6, 0x5D, 0xD6, 0x3D, 0xCD,
    0xFC, 0xC5, 0xDB, 0xC5, 0xDB, 0xBD, 0x9A, 0xB5, 0x59, 0xB5, 0x5A, 0xB5, 0x5A, 0xAD, 0x3A, 0xAD,
    0x19, 0xAD, 0x19, 0xA4, 0xD8, 0x9C, 0xB8, 0x9C, 0xB8, 0x9C, 0xB8, 0x9C, 0xB8, 0x9C, 0xB8, 0x94,
    0x98, 0x8C, 0x57, 0x84, 0x36, 0x8C, 0x37, 0x84, 0x16, 0x84, 0x16, 0x7B, 0xF5, 0x7B, 0xF5, 0x7B,
    0xF5, 0x83, 0xF6, 0x84, 0x16, 0x84, 0x16, 0x84, 0x16, 0x7B, 0xF5, 0x7B, 0xF5, 0x7B, 0xF5, 0x7B,
    0xD6, 0x7B, 0xB6, 0x73, 0x95, 0x73, 0x95, 0x73, 0x75, 0x6B, 0x54, 0x6B, 0x54, 0x6B, 0x35, 0x6B,
    0x35, 0x6B, 0x35, 0x6B, 0x35, 0x6B, 0x35, 0xE7, 0x3D, 0xE7, 0x3D, 0xE7, 0x3D, 0xE7, 0x3D, 0xE7,
    0x3D, 0xE7, 0x3D, 0xE7, 0xF7, 0x3D, 0xE7, 0x3D, 0xE7, 0x3D, 0xDF, 0x1D, 0xDF, 0x1D, 0xDF, 0x1D,
    0xDF, 0x1D, 0xDF, 0x1D, 0xDF, 0x1D, 0xDF, 0x1D, 0xDF, 0x3D, 0xDF, 0x3D, 0xDF, 0x3D, 0xD7, 0x1D,
    0xD7, 0x1D, 0xD7, 0x1D, 0xD7, 0x1D, 0xCF, 0x1D, 0xCF, 0x1D, 0xCF, 0x1D, 0xCF, 0x1D, 0xCF, 0x1D,
    0xCF, 0x1D, 0xC7, 0x1D, 0xC7, 0x1D, 0xC7, 0x1D, 0xC7, 0x1D, 0xC7, 0x1D, 0xC7, 0x1D, 0xC7, 0x1D,
    0xC7, 0x1E, 0xBF, 0x1E, 0xBF, 0x1E, 0xBF, 0x1E, 0xBF, 0x1E, 0xBF, 0x1E, 0xBF, 0x1E, 0xBF, 0x1E,
    0xBF, 0x1E, 0xBF, 0x1E, 0xBF, 0x1E, 0xBF, 0x1E, 0xBF, 0x1E, 0xB7, 0x3E, 0xAF, 0x3E, 0xAF, 0x3E,
    0xAF, 0x3E, 0xAF, 0x3E, 0xAF, 0x3E, 0xAF, 0x3E, 0xAF, 0x3E, 0xAF, 0x5F, 0xAF, 0x5F, 0xAF, 0x5F,
    0xAF, 0x3F, 0xAF, 0x3F, 0xAF, 0x3F, 0xAF, 0x5E, 0xA7, 0x1D, 0xBF, 0x3D, 0xF7, 0x1D, 0xFF, 0x85,
    0xF7, 0xFF, 0xEF, 0xFF, 0xE7, 0xFF, 0x02, 0xDF, 0xC8, 0xD7, 0xBF, 0xCF, 0xDF, 0xBF, 0x7E, 0xB7,
    0x9F, 0xAF, 0x7F, 0x9F, 0x7F, 0x97, 0x7F, 0x97, 0x7F, 0x97, 0x7E, 0x97, 0x7F, 0x97, 0x7F, 0x97,
    0x7F, 0x97, 0x7F, 0x97, 0x7F, 0x97, 0x7F, 0x97, 0x7F, 0x97, 0x7F, 0x97, 0x7F, 0x97, 0x7F, 0x97,
    0x7F, 0x97, 0x7F, 0x97, 0x7F, 0x97, 0x7F, 0x97, 0x7F, 0x97, 0x7F, 0x97, 0x7F, 0x97, 0x7F, 0x97,
    0x7F, 0x8F, 0x7F, 0x8F, 0x5E, 0x9F, 0x5E, 0xA7, 0x3E, 0xAF, 0x7E, 0xAF, 0xBF, 0xAF, 0x9F, 0xA7,
    0x7F, 0xA7, 0x02, 0x9F, 0xB9, 0x7F, 0x97, 0x5E, 0x8F, 0x5F, 0x97, 0x7F, 0x97, 0x7F, 0x97, 0x7F,
    0x97, 0x7F, 0x97, 0x7F, 0x97, 0x7F, 0x8F, 0x5F, 0x8F, 0x5F, 0x8F, 0x5F, 0x8F, 0x5F, 0x8F, 0x5F,
    0x8F, 0x5F, 0x8F, 0x5F, 0x8F, 0x5F, 0x8F, 0x5F, 0x8F, 0x5F, 0x8F, 0x5F, 0x8F, 0x5F, 0x8F, 0x5F,
    0x8F, 0x5F, 0x8F, 0x5E, 0x97, 0x7E, 0x9F, 0x7F, 0x9F, 0x7F, 0xA7, 0x7F, 0xAF, 0x7F, 0xB7, 0x03,
    0xBF, 0x84, 0xCF, 0x9F, 0xEF, 0xFF, 0xF7, 0x03, 0xFF, 0x80, 0xF7, 0x06, 0xFF, 0xFF, 0xDF, 0xFF,
    0xDF, 0xFF, 0xDF, 0xFF, 0xDF, 0xFF, 0xDF, 0xF7, 0xDF, 0xF7, 0xBF, 0xF7, 0xBF, 0xF7, 0xBF, 0xEF,
    0xBF, 0xEF, 0xBF, 0xEF, 0xBF, 0xEF, 0xBF, 0xEF, 0xBF, 0xEF, 0xBF, 0xEF, 0xBF, 0xEF, 0x9F, 0xEF,
    0x9F, 0xEF, 0x9F, 0xE7, 0x9E, 0xEF, 0xBF, 0xEF, 0xDF, 0xEF, 0xDF, 0xEF, 0xDF, 0xEF, 0xDF, 0xEF,
    0xDF, 0xF7, 0xDF, 0xF7, 0xDF, 0xF7, 0xDF, 0xF7, 0xFF, 0xF7, 0xDF, 0xF7, 0xBF, 0xEF, 0xBF, 0xEF,
    0x9E, 0xE7, 0x7E, 0xDF, 0x7E, 0xDF, 0x9F, 0xD7, 0x7F, 0xD7, 0x5F, 0xD7, 0x5F, 0xD7, 0x3E, 0xD7,
    0x3E, 0xD7, 0x3E, 0xCF, 0x1E, 0xCF, 0x1E, 0xCF, 0x1E, 0xD7, 0x1E, 0xD7, 0x1E, 0xD7, 0x1E, 0xD7,
    0x1E, 0xCE, 0xFE, 0xCE, 0xFE, 0xD6, 0xFD, 0xD6, 0xFD, 0xD6, 0xFD, 0xD6, 0xFD, 0xD6, 0xDD, 0xD6,
    0xDD, 0xD6, 0xFD, 0xDF, 0x1E, 0xEF, 0x9F, 0xEF, 0x7F, 0xEF, 0x7F, 0xDE, 0xFC, 0xE7, 0x94, 0x3E,
    0xE7, 0x5E, 0xE7, 0x1D, 0xDE, 0xFD, 0xDE, 0xFD, 0xDE, 0xFD, 0xDE, 0xDC, 0xDE, 0xDC, 0xDE, 0xDC,
    0xDE, 0xDB, 0xEF, 0x7D, 0x13, 0xFF, 0x8E, 0xDE, 0xFF, 0xDE, 0xFF, 0xDE, 0xFF, 0xDE, 0xFF, 0xDE,
    0xFF, 0xDE, 0xFF, 0xDE, 0xFF, 0xDF, 0x03, 0xFF, 0x8C, 0xBE, 0xE7, 0x1D, 0xDE, 0xBB, 0xDE, 0xDC,
    0xEF, 0x5E, 0xFF, 0xBF, 0xFF, 0xDF, 0x05, 0xFF, 0xFF, 0xDF, 0xFF, 0xBF, 0xFF, 0x9E, 0xFF, 0x7E,
    0xFF, 0x5D, 0xF7, 0x3E, 0xEE, 0xFE, 0xE6, 0xBD, 0xE6, 0x9D, 0xDE, 0x7C, 0xDE, 0x5C, 0xDE, 0x5C,
    0xD6, 0x1C, 0xCD, 0xFC, 0xC5, 0xDB, 0xC5, 0xBB, 0xBD, 0x9A, 0xBD, 0x7A, 0xB5, 0x39, 0xAD, 0x19,
    0xAD, 0x19, 0xA4, 0xF9, 0xA4, 0xD8, 0xA4, 0xD8, 0x9C, 0x97, 0x94, 0x77, 0x8C, 0x36, 0x8C, 0x36,
    0x8C, 0x36, 0x8C, 0x77, 0x8C, 0x77, 0x8C, 0x57, 0x8C, 0x37, 0x8C, 0x37, 0x84, 0x16, 0x84, 0x16,
    0x7B, 0xF5, 0x7B, 0xF5, 0x7B, 0xF5, 0x83, 0xF6, 0x84, 0x16, 0x84, 0x16, 0x84, 0x16, 0x84, 0x16,
    0x84, 0x16, 0x84, 0x16, 0x83, 0xF6, 0x7B, 0xD6, 0x7B, 0xB6, 0x7B, 0xB5, 0x73, 0x95, 0x73, 0x95,
    0x73, 0x74, 0x6B, 0x35, 0x6B, 0x35, 0x6B, 0x35, 0x6B, 0x35, 0x6B, 0x35, 0xE7, 0x3D, 0xE7, 0x3D,
    0xE7, 0x3D, 0xE7, 0x3D, 0xE7, 0x3D, 0xE7, 0x3D, 0xE7, 0xF2, 0x3D, 0xE7, 0x3D, 0xE7, 0x3D, 0xDF,
    0x1D, 0xDF, 0x1D, 0xDF, 0x1D, 0xDF, 0x1D, 0xDF, 0x1D, 0xDF, 0x1D, 0xDF, 0x1D, 0xDF, 0x3D, 0xDF,
    0x3D, 0xDF, 0x3D, 0xD7, 0x1D, 0xD7, 0x1D, 0xD7, 0x1D, 0xD7, 0x1D, 0xCF, 0x1D, 0xCF, 0x1D, 0xCF,
    0x1D, 0xCF, 0x1D, 0xCF, 0x1D, 0xCF, 0x1D, 0xC7, 0x1D, 0xC7, 0x1D, 0xC7, 0x1D, 0xC7, 0x1D, 0xC7,
    0x1D, 0xC7, 0x1D, 0xC7, 0x1D, 0xC7, 0x1E, 0xBF, 0x1E, 0xBF, 0x1E, 0xBF, 0x1E, 0xBF, 0x1E, 0xBF,
    0x1E, 0xBF, 0x1E, 0xBF, 0x1E, 0xBF, 0x1E, 0xBF, 0x1E, 0xBF, 0x1E, 0xBF, 0x1E, 0xBF, 0x1E, 0xB7,
    0x3E, 0xAF, 0x3E, 0xAF, 0x3E, 0xAF, 0x3E, 0xAF, 0x3E, 0xAF, 0x3E, 0xAF, 0x3E, 0xAF, 0x3E, 0xAF,
    0x5F, 0xAF, 0x5F, 0xAF, 0x5F, 0xAF, 0x3F, 0xAF, 0x3F, 0xAF, 0x3F, 0xA7, 0x5E, 0x02, 0xBF, 0x82,
    0xD7, 0xFF, 0xEF, 0x1D, 0xFF, 0x92, 0xF7, 0xFF, 0xEF, 0xFF, 0xEF, 0xFF, 0xE7, 0xBF, 0xDF, 0x9E,
    0xDF, 0xFF, 0xDF, 0xFF, 0xD7, 0xFF, 0xC7, 0xDF, 0xB7, 0x02, 0x9F, 0xFF, 0x5F, 0x9F, 0x5F, 0x97,
    0x5F, 0x97, 0x7F, 0x97, 0x7F, 0x97, 0x7F, 0x97, 0x7F, 0x97, 0x7F, 0x97, 0x7F, 0x97, 0x7F, 0x97,
    0x7F, 0x97, 0x7F, 0x97, 0x7F, 0x97, 0x7F, 0x97, 0x7F, 0x97, 0x7F, 0x97, 0x7F, 0x97, 0x7F, 0x97,
    0x7F, 0x97, 0x7F, 0x97, 0x7F, 0x97, 0x7F, 0x97, 0x7F, 0x97, 0x3D, 0xA7, 0x5E, 0xBF, 0x9F, 0xD7,
    0xFF, 0xCF, 0xFF, 0xCF, 0xFF, 0xC7, 0xDF, 0xAF, 0x9F, 0xA7, 0x9E, 0x97, 0x3E, 0x97, 0x3E, 0x97,
    0x7F, 0x97, 0x7F, 0x97, 0x7F, 0x97, 0x7F, 0x97, 0x7F, 0x97, 0x7F, 0x8F, 0x5F, 0x8F, 0x5F, 0x8F,
    0x5F, 0x8F, 0x5F, 0x8F, 0x5F, 0x8F, 0x5F, 0x8F, 0x5F, 0x8F, 0x5F, 0x8F, 0x5F, 0x8F, 0x5F, 0x8F,
    0x5F, 0x8F, 0x5F, 0x8F, 0x5F, 0x8F, 0x5F, 0x8F, 0x5E, 0x97, 0x7E, 0x9F, 0x7F, 0x9F, 0x7F, 0xA7,
    0x7F, 0xAF, 0x7F, 0xB7, 0xBF, 0xC7, 0xBF, 0xCF, 0xBF, 0xEF, 0xFF, 0xF7, 0x03, 0xFF, 0x80, 0xF7,
    0x06, 0xFF, 0xB8, 0xDF, 0xFF, 0xDF, 0xFF, 0xDF, 0xFF, 0xDF, 0xFF, 0xDF, 0xF7, 0xDF, 0xF7, 0xBF,
    0xF7, 0xBF, 0xF7, 0xBF, 0xEF, 0xBF, 0xEF, 0xBF, 0xEF, 0xBF, 0xEF, 0xBF, 0xEF, 0xBF, 0xEF, 0xBF,
    0xEF, 0xBF, 0xEF, 0x9F, 0xEF, 0x9F, 0xEF, 0x9F, 0xE7, 0x9E, 0xEF, 0xBF, 0xEF, 0xDF, 0xEF, 0xDF,
    0xEF, 0xDF, 0xEF, 0xDF, 0xEF, 0xDF, 0xF7, 0xDF, 0xF7, 0xDF, 0xF7, 0xDF, 0x02, 0xFF, 0xD9, 0xF7,
    0xFF, 0xF7, 0xDF, 0xF7, 0xBF, 0xEF, 0x9F, 0xE7, 0x9F, 0xE7, 0x7F, 0xDF, 0x9F, 0xD7, 0x7F, 0xD7,
    0x5F, 0xD7, 0x5F, 0xD7, 0x3E, 0xD7, 0x3E, 0xD7, 0x3E, 0xCF, 0x1E, 0xCF, 0x1E, 0xCF, 0x1E, 0xD7,
    0x1E, 0xD7, 0x1E, 0xD7, 0x1E, 0xD6, 0xFE, 0xD6, 0xFD, 0xD6, 0xFD, 0xD6, 0xFD, 0xD6, 0xFD, 0xD6,
    0xFD, 0xD6, 0xFD, 0xD6, 0xDD, 0xD6, 0xDD, 0xD6, 0xFD, 0xDF, 0x1E, 0xEF, 0x7E, 0xE7, 0x5E, 0xE7,
    0x5E, 0xD6, 0xDC, 0xE7, 0x3D, 0xE7, 0x5E, 0xDE, 0xFD, 0xDE, 0xDC, 0xDE, 0xDC, 0xDE, 0xDC, 0xDE,
    0xDC, 0xDE, 0xDC, 0xDE, 0xDC, 0xDE, 0xFC, 0xF7, 0xBE, 0x03, 0xFF, 0x80, 0xDF, 0x0D, 0xFF, 0x8E,
    0xDE, 0xFF, 0xDE, 0xFF, 0xBE, 0xFF, 0xBE, 0xFF, 0xBE, 0xFF, 0xDE, 0xFF, 0xBE, 0xFF, 0xDE, 0x06,
    0xFF, 0x8D, 0xEF, 0x5D, 0xDE, 0xBB, 0xDE, 0xDB, 0xF7, 0x9E, 0xFF, 0xDF, 0xFF, 0xDF, 0xFF, 0xDF,
    0x05, 0xFF, 0xFF, 0xDF, 0xFF, 0x9E, 0xFF, 0x7E, 0xFF, 0x5D, 0xF7, 0x3E, 0xEE, 0xFE, 0xE6, 0xBD,
    0xE6, 0x9D, 0xDE, 0x7C, 0xDE, 0x5C, 0xD6, 0x3B, 0xCE, 0x1C, 0xCD, 0xFC, 0xC5, 0xBB, 0xBD, 0x9A,
    0xBD, 0x9A, 0xBD, 0x7A, 0xB5, 0x39, 0xA4, 0xF9, 0xA4, 0xF9, 0x9C, 0xD8, 0x9C, 0xB8, 0x9C, 0xB8,
    0x94, 0x77, 0x94, 0x56, 0x8C, 0x57, 0x8C, 0x57, 0x8C, 0x57, 0x8C, 0x36, 0x8C, 0x36, 0x8C, 0x56,
    0x8C, 0x37, 0x8C, 0x37, 0x84, 0x16, 0x84, 0x16, 0x7B, 0xF5, 0x7B, 0xF5, 0x7B, 0xF5, 0x83, 0xF6,
    0x84, 0x16, 0x84, 0x16, 0x84, 0x16, 0x84, 0x16, 0x84, 0x16, 0x84, 0x16, 0x84, 0x16, 0x83, 0xF6,
    0x7B, 0xD6, 0x7B, 0xB6, 0x7B, 0xB6, 0x73, 0x95, 0x73, 0x75, 0x6B, 0x35, 0x6B, 0x35, 0x6B, 0x35,
    0x6B, 0x35, 0x6B, 0x35, 0xE7, 0x5D, 0xE7, 0x5D, 0xE7, 0x5D, 0xE7, 0x5D, 0xE7, 0x5D, 0xE7, 0x5D,
    0xE7, 0x5D, 0xE7, 0xF5, 0x5D, 0xE7, 0x5D, 0xE7, 0x3E, 0xE7, 0x3E, 0xE7, 0x3E, 0xE7, 0x3E, 0xE7,
    0x3E, 0xE7, 0x3E, 0xDF, 0x3E, 0xDF, 0x3E, 0xDF, 0x3E, 0xDF, 0x3E, 0xDF, 0x3D, 0xDF, 0x3D, 0xDF,
    0x3D, 0xD7, 0x3D, 0xCF, 0x3D, 0xCF, 0x3D, 0xCF, 0x3D, 0xCF, 0x3D, 0xCF, 0x3D, 0xCF, 0x3D, 0xC7,
    0x1D, 0xC7, 0x1E, 0xC7, 0x1E, 0xC7, 0x1E, 0xC7, 0x1E, 0xC7, 0x1E, 0xC7, 0x1E, 0xC7, 0x3E, 0xC7,
    0x3E, 0xC7, 0x3E, 0xC7, 0x3E, 0xC7, 0x3E, 0xC7, 0x3E, 0xC7, 0x3E, 0xBF, 0x3F, 0xBF, 0x3F, 0xBF,
    0x3F, 0xBF, 0x3F, 0xBF, 0x3F, 0xBF, 0x3F, 0xBF, 0x3E, 0xB7, 0x3E, 0xB7, 0x3E, 0xB7, 0x3E, 0xB7,
    0x3E, 0xB7, 0x3E, 0xB7, 0x3E, 0xB7, 0x5E, 0xAF, 0x5F, 0xAF, 0x5F, 0xAF, 0x5F, 0xAF, 0x5F, 0xAF,
    0x5F, 0xAF, 0x5F, 0xA7, 0x5E, 0xB7, 0x7E, 0xCF, 0xBF, 0xF7, 0x1D, 0xFF, 0xC6, 0xF7, 0xFF, 0xEF,
    0xFF, 0xEF, 0xFF, 0xEF, 0xBF, 0xEF, 0xBF, 0xE7, 0xBF, 0xEF, 0xFF, 0xE7, 0xFF, 0xE7, 0xFF, 0xCF,
    0xDF, 0xA7, 0x3E, 0x9F, 0x1E, 0x9F, 0x3E, 0x9F, 0x7F, 0x97, 0x7F, 0x97, 0x9F, 0x97, 0x9F, 0x97,
    0x9F, 0x97, 0x9F, 0x97, 0x9F, 0x97, 0x9F, 0x97, 0x9F, 0x97, 0x9F, 0x97, 0x9F, 0x97, 0x9F, 0x97,
    0x9F, 0x97, 0x9F, 0x97, 0x9F, 0x97, 0x9F, 0x97, 0x9F, 0x97, 0x7F, 0x97, 0x7F, 0x97, 0x7F, 0x97,
    0x5E, 0xAF, 0x9F, 0xC7, 0x02, 0xDF, 0x80, 0xFF, 0x02, 0xDF, 0xB6, 0xD7, 0xDF, 0xC7, 0xDF, 0xC7,
    0xDF, 0xC7, 0xFF, 0xB7, 0xBF, 0x9F, 0x7F, 0x97, 0x7F, 0x97, 0x7F, 0x97, 0x7F, 0x97, 0x7F, 0x97,
    0x7F, 0x97, 0x7F, 0x97, 0x7F, 0x97, 0x7F, 0x97, 0x7F, 0x97, 0x7F, 0x97, 0x7F, 0x97, 0x7F, 0x97,
    0x7F, 0x97, 0x7F, 0x97, 0x7F, 0x97, 0x7F, 0x97, 0x7F, 0x97, 0x7F, 0x97, 0x7F, 0x97, 0x7F, 0x97,
    0x7E, 0x97, 0x03, 0x9F, 0x8E, 0xA7, 0x7F, 0xA7, 0x7F, 0xAF, 0x7F, 0xB7, 0x9F, 0xBF, 0x9F, 0xC7,
    0x7E, 0xEF, 0xFF, 0xF7, 0x03, 0xFF, 0x80, 0xF7, 0x10, 0xFF, 0xAA, 0xDF, 0xF7, 0xBF, 0xF7, 0xBF,
    0xF7, 0xBF, 0xEF, 0xBF, 0xEF, 0xBF, 0xEF, 0xBF, 0xEF, 0x9F, 0xEF, 0x9F, 0xEF, 0x9F, 0xEF, 0x9F,
    0xEF, 0x9F, 0xEF, 0x9F, 0xEF, 0x9F, 0xEF, 0x9E, 0xEF, 0x9E, 0xEF, 0x9E, 0xEF, 0x9E, 0xEF, 0xBE,
    0xEF, 0xBF, 0xEF, 0xDF, 0xF7, 0xDF, 0x06, 0xFF, 0xD7, 0xF7, 0xFF, 0xF7, 0xDF, 0xF7, 0xDF, 0xF7,
    0xBF, 0xEF, 0xBF, 0xE7, 0x9F, 0xDF, 0x7F, 0xD7, 0x5F, 0xD7, 0x5F, 0xD7, 0x3F, 0xD7, 0x3E, 0xD7,
    0x3E, 0xD7, 0x3E, 0xCF, 0x1E, 0xCF, 0x1E, 0xCF, 0x1E, 0xDF, 0x1D, 0xDE, 0xFD, 0xD6, 0xFD, 0xDE,
    0xFD, 0xDF, 0x1D, 0xDF, 0x1D, 0xDF, 0x1D, 0xE7, 0x5F, 0xE7, 0x5F, 0xE7, 0x5F, 0xDF, 0x5E, 0xDF,
    0x3E, 0xDF, 0x1E, 0xD7, 0x1D, 0xDF, 0x1D, 0xDF, 0x1D, 0xDF, 0x1D, 0xDE, 0xFC, 0xDE, 0xFC, 0xDE,
    0xFC, 0xDE, 0xDC, 0xDE, 0xDC, 0xDE, 0xDC, 0xDE, 0xDC, 0xE6, 0xFD, 0xDE, 0xBC, 0xDE, 0xFD, 0xF7,
    0x9E, 0x0F, 0xFF, 0x92, 0xDF, 0xFF, 0xDE, 0xFF, 0xDE, 0xFF, 0xDE, 0xFF, 0xBE, 0xFF, 0xBE, 0xFF,
    0xDE, 0xFF, 0xDE, 0xFF, 0xDE, 0xFF, 0xDE, 0x06, 0xFF, 0x8D, 0xF7, 0x7E, 0xE6, 0xFC, 0xDE, 0xDB,
    0xDE, 0xBB, 0xEF, 0x3D, 0xFF, 0xBF, 0xFF, 0xDF, 0x05, 0xFF, 0xFF, 0xDF, 0xFF, 0x9E, 0xFF, 0x7E,
    0xFF, 0x5E, 0xF7, 0x1E, 0xEE, 0xDE, 0xE6, 0x9D, 0xDE, 0x7C, 0xDE, 0x9C, 0xDE, 0x5C, 0xD6, 0x3B,
    0xCD, 0xDB, 0xC5, 0xDB, 0xC5, 0xBB, 0xC5, 0xBB, 0xBD, 0x9A, 0xB5, 0x39, 0xA4, 0xD7, 0x9C, 0xB8,
    0x9C, 0xB8, 0x9C, 0x97, 0x94, 0x77, 0x94, 0x77, 0x94, 0x77, 0x94, 0x77, 0x8C, 0x57, 0x8C, 0x57,
    0x8C, 0x57, 0x8C, 0x56, 0x8C, 0x56, 0x8C, 0x56, 0x8C, 0x37, 0x8C, 0x37, 0x84, 0x16, 0x84, 0x16,
    0x7B, 0xF5, 0x83, 0xF6, 0x84, 0x16, 0x84, 0x16, 0x84, 0x16, 0x84, 0x16, 0x84, 0x16, 0x84, 0x16,
    0x84, 0x16, 0x84, 0x16, 0x84, 0x16, 0x83, 0xF6, 0x7B, 0xD6, 0x7B, 0xB6, 0x7B, 0xB6, 0x73, 0x95,
    0x73, 0x75, 0x6B, 0x55, 0x6B, 0x55, 0x6B, 0x55, 0x6B, 0x55, 0x6B, 0x35, 0xE7, 0x5D, 0xE7, 0x5D,
    0xE7, 0x5D, 0xE7, 0x5D, 0xE7, 0x5D, 0xE7, 0x5D, 0xE7, 0x5D, 0xE7, 0xF5, 0x5D, 0xE7, 0x5D, 0xE7,
    0x3E, 0xE7, 0x3E, 0xE7, 0x3E, 0xE7, 0x3E, 0xE7, 0x3E, 0xE7, 0x3E, 0xDF, 0x3E, 0xDF, 0x3E, 0xDF,
    0x3E, 0xDF, 0x3E, 0xDF, 0x3D, 0xDF, 0x3D, 0xDF, 0x3D, 0xD7, 0x3D, 0xCF, 0x3D, 0xCF, 0x3D, 0xCF,
    0x3D, 0xCF, 0x3D, 0xCF, 0x3D, 0xCF, 0x3D, 0xC7, 0x1D, 0xC7, 0x1E, 0xC7, 0x1E, 0xC7, 0x1E, 0xC7,
    0x1E, 0xC7, 0x1E, 0xC7, 0x1E, 0xC7, 0x3E, 0xC7, 0x3E, 0xC7, 0x3E, 0xC7, 0x3E, 0xC7, 0x3E, 0xC7,
    0x3E, 0xC7, 0x3E, 0xBF, 0x3F, 0xBF, 0x3F, 0xBF, 0x3F, 0xBF, 0x3F, 0xBF, 0x3F, 0xBF, 0x3F, 0xBF,
    0x3E, 0xB7, 0x3E, 0xB7, 0x3E, 0xB7, 0x3E, 0xB7, 0x3E, 0xB7, 0x3E, 0xB7, 0x3E, 0xB7, 0x5E, 0xAF,
    0x5F, 0xAF, 0x5F, 0xAF, 0x5F, 0xAF, 0x5F, 0xAF, 0x5F, 0xAF, 0x5F, 0xA7, 0x5E, 0xB7, 0x5E, 0xCF,
    0x9F, 0xF7, 0x1A, 0xFF, 0x80, 0xDF, 0x02, 0xFF, 0x91, 0xF7, 0xFF, 0xEF, 0xFF, 0xEF, 0xFF, 0xE7,
    0xBF, 0xE7, 0xBF, 0xE7, 0xDF, 0xEF, 0xFF, 0xEF, 0xFF, 0xEF, 0xFF, 0x02, 0xDF, 0xEE, 0xB7, 0x5F,
    0xA7, 0x1E, 0xA7, 0x3F, 0x9F, 0x7F, 0x97, 0x7F, 0x97, 0x9F, 0x97, 0x9F, 0x97, 0x9F, 0x97, 0x9F,
    0x97, 0x9F, 0x97, 0x9F, 0x97, 0x9F, 0x97, 0x9F, 0x97, 0x9F, 0x97, 0x9F, 0x97, 0x9F, 0x97, 0x9F,
    0x97, 0x9F, 0x97, 0x9F, 0x97, 0x9F, 0x97, 0x7F, 0x97, 0x7F, 0x8F, 0x7F, 0x97, 0x7F, 0x9F, 0x7F,
    0xB7, 0xBF, 0xCF, 0xDF, 0xD7, 0xFF, 0xD7, 0xFF, 0xCF, 0xDF, 0xB7, 0x9E, 0xC7, 0xDF, 0xC7, 0xFF,
    0xAF, 0xBF, 0x97, 0x7F, 0x97, 0x7F, 0x97, 0x7F, 0x97, 0x7F, 0x97, 0x7F, 0x97, 0x7F, 0x97, 0x7F,
    0x97, 0x7F, 0x97, 0x7F, 0x97, 0x7F, 0x97, 0x7F, 0x97, 0x7F, 0x97, 0x7F, 0x97, 0x7F, 0x97, 0x7F,
    0x97, 0x7F, 0x97, 0x7F, 0x97, 0x7F, 0x97, 0x7F, 0x97, 0x7F, 0x97, 0x7E, 0x97, 0x03, 0x9F, 0x8E,
    0xA7, 0x7F, 0xA7, 0x7F, 0xAF, 0x7F, 0xB7, 0x9F, 0xBF, 0x9F, 0xC7, 0x7E, 0xEF, 0xFF, 0xF7, 0x03,
    0xFF, 0x82, 0xF7, 0xFF, 0xF7, 0x0E, 0xFF, 0xAA, 0xDF, 0xF7, 0xBF, 0xF7, 0xBF, 0xF7, 0xBF, 0xEF,
    0xBF, 0xEF, 0xBF, 0xEF, 0xBF, 0xEF, 0x9F, 0xEF, 0x9F, 0xEF, 0x9F, 0xEF, 0x9F, 0xEF, 0x9F, 0xEF,
    0x9F, 0xEF, 0x9F, 0xEF, 0x9E, 0xEF, 0x9E, 0xEF, 0x9E, 0xEF, 0x9E, 0xEF, 0xBE, 0xEF, 0xBF, 0xEF,
    0xDF, 0xF7, 0xDF, 0x06, 0xFF, 0xD7, 0xF7, 0xFF, 0xF7, 0xDF, 0xF7, 0xBF, 0xEF, 0xBF, 0xE7, 0x9F,
    0xE7, 0x9F, 0xDF, 0x7F, 0xD7, 0x5F, 0xD7, 0x5F, 0xD7, 0x3F, 0xD7, 0x3E, 0xD7, 0x3E, 0xD7, 0x3E,
    0xCF, 0x1E, 0xD7, 0x1E, 0xCF, 0x1E, 0xDE, 0xFD, 0xDF, 0x1D, 0xDF, 0x1D, 0xE7, 0x3E, 0xE7, 0x5E,
    0xE7, 0x5E, 0xE7, 0x5E, 0xDF, 0x3E, 0xDF, 0x3E, 0xDF, 0x3E, 0xDF, 0x3E, 0xDF, 0x3E, 0xDF, 0x1E,
    0xD7, 0x1D, 0xDF, 0x1D, 0xDF, 0x1D, 0xDF, 0x1D, 0xDE, 0xFC, 0xDE, 0xFC, 0xDE, 0xFC, 0xDE, 0xFD,
    0xDE, 0xFD, 0xDE, 0xFD, 0xDE, 0xFD, 0xD6, 0xBC, 0xDE, 0xDD, 0xEF, 0x7F, 0xFF, 0xDF, 0x0D, 0xFF,
    0x98, 0xDE, 0xFF, 0xDE, 0xFF, 0xBE, 0xFF, 0x9E, 0xFF, 0x9E, 0xFF, 0x9E, 0xFF, 0x9E, 0xFF, 0xBE,
    0xFF, 0xBE, 0xFF, 0xBE, 0xFF, 0xBE, 0xFF, 0xDE, 0xFF, 0xDF, 0x02, 0xFF, 0x8D, 0xF7, 0x9E, 0xE7,
    0x1C, 0xDE, 0xDB, 0xD6, 0x7A, 0xE6, 0xFC, 0xF7, 0x9E, 0xFF, 0xDF, 0x03, 0xFF, 0xFF, 0xDF, 0xFF,
    0x9E, 0xFF, 0x7E, 0xFF, 0x5E, 0xFF, 0x3D, 0xF6, 0xFD, 0xE6, 0xDD, 0xDE, 0x9C, 0xDE, 0x7C, 0xDE,
    0x7C, 0xD6, 0x5B, 0xD6, 0x1B, 0xCD, 0xDB, 0xC5, 0xDB, 0xC5, 0xBB, 0xC5, 0xBB, 0xBD, 0x9A, 0xB5,
    0x39, 0xA4, 0xD7, 0x9C, 0x97, 0x9C, 0x97, 0x94, 0x77, 0x94, 0x77, 0x94, 0x77, 0x94, 0x77, 0x94,
    0x77, 0x8C, 0x57, 0x8C, 0x57, 0x8C, 0x57, 0x8C, 0x56, 0x8C, 0x56, 0x8C, 0x56, 0x8C, 0x37, 0x8C,
    0x37, 0x84, 0x16, 0x84, 0x16, 0x7B, 0xF5, 0x83, 0xF6, 0x84, 0x16, 0x84, 0x16, 0x84, 0x16, 0x84,
    0x16, 0x84, 0x16, 0x83, 0xF6, 0x83, 0xF6, 0x83, 0xF6, 0x83, 0xF6, 0x7B, 0xD6, 0x7B, 0xB6, 0x7B,
    0xB5, 0x73, 0x95, 0x73, 0x95, 0x73, 0x74, 0x6B, 0x55, 0x6B, 0x55, 0x6B, 0x55, 0x6B, 0x55, 0x6B,
    0x35, 0xE7, 0x5D, 0xE7, 0x5D, 0xE7, 0x5D, 0xE7, 0x5D, 0xE7, 0x5D, 0xE7, 0x5D, 0xE7, 0xF8, 0x5D,
    0xE7, 0x5D, 0xE7, 0x5D, 0xE7, 0x3E, 0xE7, 0x3E, 0xE7, 0x3E, 0xE7, 0x3E, 0xE7, 0x3E, 0xE7, 0x3E,
    0xDF, 0x3E, 0xDF, 0x3E, 0xDF, 0x3E, 0xDF, 0x3E, 0xDF, 0x3D, 0xDF, 0x3D, 0xDF, 0x3D, 0xD7, 0x3D,
    0xCF, 0x3D, 0xCF, 0x3D, 0xCF, 0x3D, 0xCF, 0x3D, 0xCF, 0x3D, 0xCF, 0x3D, 0xC7, 0x1D, 0xC7, 0x1E,
    0xC7, 0x1E, 0xC7, 0x1E, 0xC7, 0x1E, 0xC7, 0x1E, 0xC7, 0x1E, 0xC7, 0x3E, 0xC7, 0x3E, 0xC7, 0x3E,
    0xC7, 0x3E, 0xC7, 0x3E, 0xC7, 0x3E, 0xC7, 0x3E, 0xBF, 0x3F, 0xBF, 0x3F, 0xBF, 0x3F, 0xBF, 0x3F,
    0xBF, 0x3F, 0xBF, 0x3F, 0xBF, 0x3E, 0xB7, 0x3E, 0xB7, 0x3E, 0xB7, 0x3E, 0xB7, 0x3E, 0xB7, 0x3E,
    0xB7, 0x3E, 0xB7, 0x5E, 0xAF, 0x5F, 0xAF, 0x5F, 0xAF, 0x5F, 0xAF, 0x5F, 0xAF, 0x5F, 0xAF, 0x5F,
    0xAF, 0x5F, 0xB7, 0x5E, 0xC7, 0x7E, 0xF7, 0xDF, 0x17, 0xFF, 0x82, 0xDF, 0xF7, 0xBE, 0x02, 0xFF,
    0xCA, 0xF7, 0xFF, 0xEF, 0xFF, 0xEF, 0xFF, 0xE7, 0xDF, 0xE7, 0xDF, 0xE7, 0xDF, 0xE7, 0xFF, 0xEF,
    0xFF, 0xEF, 0xFF, 0xDF, 0xFF, 0xBF, 0x7F, 0xAF, 0x3E, 0xA7, 0x3F, 0x9F, 0x7F, 0x97, 0x7F, 0x97,
    0x9F, 0x97, 0x9F, 0x97, 0x9F, 0x97, 0x9F, 0x97, 0x9F, 0x97, 0x9F, 0x97, 0x9F, 0x97, 0x9F, 0x97,
    0x9F, 0x97, 0x9F, 0x97, 0x9F, 0x97, 0x9F, 0x97, 0x9F, 0x97, 0x9F, 0x97, 0x9F, 0x97, 0x7F, 0x8F,
    0x7F, 0x8F, 0x9F, 0x87, 0x7F, 0x8F, 0x7F, 0x9F, 0x7F, 0xB7, 0x9F, 0xC7, 0x02, 0xBF, 0x86, 0x9F,
    0xBF, 0x7F, 0xAF, 0x3E, 0xBF, 0x9F, 0x02, 0xBF, 0xAC, 0xA7, 0x9F, 0x97, 0x7F, 0x97, 0x7F, 0x97,
    0x7F, 0x97, 0x7F, 0x97, 0x7F, 0x97, 0x7F, 0x97, 0x7F, 0x97, 0x7F, 0x97, 0x7F, 0x97, 0x7F, 0x97,
    0x7F, 0x97, 0x7F, 0x97, 0x7F, 0x97, 0x7F, 0x97, 0x7F, 0x97, 0x7F, 0x97, 0x7F, 0x97, 0x7F, 0x97,
    0x7F, 0x97, 0x7F, 0x97, 0x7E, 0x97, 0x03, 0x9F, 0x92, 0xA7, 0x7F, 0xA7, 0x7F, 0xAF, 0x7F, 0xB7,
    0x9F, 0xBF, 0x9F, 0xC7, 0x7E, 0xEF, 0xFF, 0xEF, 0xDF, 0xF7, 0xDF, 0xF7, 0x10, 0xFF, 0xAA, 0xDF,
    0xF7, 0xBF, 0xF7, 0xBF, 0xF7, 0xBF, 0xEF, 0xBF, 0xEF, 0xBF, 0xEF, 0xBF, 0xEF, 0x9F, 0xEF, 0x9F,
    0xEF, 0x9F, 0xEF, 0x9F, 0xEF, 0x9F, 0xEF, 0x9F, 0xEF, 0x9F, 0xEF, 0x9E, 0xEF, 0x9E, 0xEF, 0x9E,
    0xEF, 0x9E, 0xEF, 0xBE, 0xEF, 0xBF, 0xEF, 0xDF, 0xF7, 0xDF, 0x06, 0xFF, 0xD5, 0xF7, 0xFF, 0xF7,
    0xDF, 0xF7, 0xBF, 0xEF, 0x9E, 0xE7, 0x7E, 0xDF, 0x7E, 0xDF, 0x7F, 0xD7, 0x5F, 0xD7, 0x5F, 0xD7,
    0x3F, 0xD7, 0x3E, 0xD7, 0x3E, 0xD7, 0x3E, 0xCF, 0x1E, 0xCF, 0x1E, 0xCF, 0x1E, 0xDE, 0xFD, 0xDF,
    0x1D, 0xE7, 0x3E, 0xE7, 0x5E, 0xE7, 0x5E, 0xE7, 0x5E, 0xE7, 0x5E, 0xDF, 0x3E, 0xDF, 0x3E, 0xDF,
    0x3E, 0xDF, 0x3E, 0xDF, 0x3E, 0xDF, 0x1E, 0xD7, 0x1D, 0xDF, 0x1D, 0xDF, 0x1D, 0xDF, 0x1D, 0xDE,
    0xFC, 0xDE, 0xFC, 0xDE, 0xFC, 0xDE, 0xFD, 0xE6, 0xFD, 0xE6, 0xFD, 0xE6, 0xFD, 0xD6, 0x9C, 0xE7,
    0x1D, 0xF7, 0xBF, 0x0F, 0xFF, 0x98, 0xBE, 0xFF, 0xBE, 0xFF, 0x9E, 0xFF, 0x7D, 0xFF, 0x9E, 0xFF,
    0x9E, 0xFF, 0x7E, 0xFF, 0x9E, 0xF7, 0x9E, 0xF7, 0x9E, 0xF7, 0x9E, 0xFF, 0xBE, 0xFF, 0xDE, 0x03,
    0xFF, 0xFF, 0xBF, 0xEF, 0x3D, 0xDE, 0xDB, 0xE6, 0xFC, 0xE6, 0xFC, 0xEF, 0x1D, 0xF7, 0x9E, 0xFF,
    0xDF, 0xFF, 0xBE, 0xF7, 0x3D, 0xF7, 0x5D, 0xF7, 0x3D, 0xF6, 0xFC, 0xEE, 0xDD, 0xE6, 0xBD, 0xDE,
    0x7C, 0xDE, 0x5C, 0xDE, 0x5C, 0xD6, 0x3B, 0xCE, 0x1A, 0xC5, 0xDB, 0xC5, 0xDB, 0xC5, 0xBB, 0xC5,
    0xBB, 0xBD, 0x9A, 0xB5, 0x39, 0xA4, 0xD7, 0x9C, 0x97, 0x94, 0x77, 0x94, 0x56, 0x94, 0x56, 0x94,
    0x77, 0x94, 0x77, 0x94, 0x77, 0x8C, 0x57, 0x8C, 0x57, 0x8C, 0x57, 0x8C, 0x56, 0x8C, 0x56, 0x8C,
    0x56, 0x8C, 0x37, 0x8C, 0x37, 0x84, 0x16, 0x84, 0x16, 0x7B, 0xF5, 0x83, 0xF6, 0x84, 0x16, 0x84,
    0x16, 0x84, 0x16, 0x84, 0x16, 0x84, 0x16, 0x7B, 0xD5, 0x7B, 0xD5, 0x7B, 0xD5, 0x7B, 0xD5, 0x7B,
    0xB6, 0x7B, 0xB5, 0x73, 0x95, 0x73, 0x95, 0x73, 0x74, 0x6B, 0x54, 0x6B, 0x55, 0x6B, 0x55, 0x6B,
    0x55, 0x6B, 0xFF, 0x55, 0x6B, 0x35, 0xEF, 0x5D, 0xEF, 0x5D, 0xEF, 0x5D, 0xEF, 0x5D, 0xEF, 0x5D,
    0xEF, 0x5D, 0xE7, 0x5D, 0xE7, 0x5D, 0xE7, 0x5D, 0xE7, 0x3D, 0xE7, 0x3D, 0xE7, 0x3D, 0xE7, 0x3D,
    0xE7, 0x3D, 0xE7, 0x3D, 0xE7, 0x5D, 0xE7, 0x5D, 0xE7, 0x5D, 0xE7, 0x5D, 0xDF, 0x3D, 0xDF, 0x3D,
    0xDF, 0x3D, 0xDF, 0x3D, 0xDF, 0x3D, 0xDF, 0x3D, 0xDF, 0x3D, 0xD7, 0x3D, 0xD7, 0x3D, 0xDF, 0x3D,
    0xCF, 0x3E, 0xCF, 0x3E, 0xCF, 0x3E, 0xCF, 0x3E, 0xCF, 0x3E, 0xCF, 0x3E, 0xCF, 0x3E, 0xCF, 0x3E,
    0xC7, 0x5E, 0xC7, 0x5E, 0xC7, 0x5E, 0xC7, 0x5E, 0xC7, 0x5E, 0xC7, 0x3E, 0xC7, 0x3E, 0xC7, 0x3E,
    0xC7, 0x3E, 0xC7, 0x3E, 0xC7, 0x3E, 0xC7, 0x3E, 0xBF, 0x3E, 0xBF, 0x5E, 0xBF, 0x3E, 0xBF, 0x3E,
    0xBF, 0x3E, 0xBF, 0x5E, 0xBF, 0x5E, 0xBF, 0x5F, 0xB7, 0x5F, 0xBF, 0x5F, 0xBF, 0x5F, 0xBF, 0x5F,
    0xBF, 0x5F, 0xBF, 0x89, 0x5F, 0xB7, 0x5F, 0xB7, 0x7E, 0xBF, 0x5E, 0xC7, 0x7E, 0xD7, 0x02, 0xDF,
    0x83, 0xFF, 0xE7, 0xFF, 0xF7, 0x04, 0xFF, 0x84, 0xDF, 0xFF, 0xBE, 0xFF, 0xDF, 0x08, 0xFF, 0xCA,
    0xF7, 0xFF, 0xDF, 0x9E, 0xD7, 0x9E, 0xCF, 0x9E, 0xCF, 0x7E, 0xD7, 0x7F, 0xE7, 0xFF, 0xE7, 0xFF,
    0xE7, 0xFF, 0xEF, 0xFF, 0xEF, 0xFE, 0xE7, 0xFF, 0xD7, 0xFF, 0xD7, 0xFF, 0xD7, 0xFF, 0xBF, 0xDF,
    0xAF, 0xBF, 0x9F, 0x9E, 0x97, 0xDF, 0x8F, 0x9E, 0x8F, 0x9E, 0x97, 0xDF, 0x97, 0x9F, 0x97, 0x9F,
    0x97, 0x7F, 0x97, 0x9F, 0x97, 0x9F, 0x97, 0x9F, 0x97, 0x9F, 0x97, 0x9F, 0x97, 0x9F, 0x97, 0x9F,
    0x97, 0x9F, 0x97, 0x9F, 0x97, 0x9F, 0x97, 0x9F, 0x97, 0x9F, 0x97, 0x02, 0x9F, 0xB5, 0x7F, 0x9F,
    0x7F, 0x9F, 0x7F, 0x9F, 0x7F, 0x9F, 0x7F, 0x9F, 0x7F, 0x9F, 0x7F, 0x9F, 0x7F, 0x97, 0x9F, 0x97,
    0x9F, 0x97, 0x9F, 0x97, 0x9F, 0x97, 0x9F, 0x97, 0x9F, 0x97, 0x9F, 0x97, 0x7F, 0x97, 0x7F, 0x97,
    0x7F, 0x97, 0x7E, 0x97, 0x7E, 0x97, 0x7E, 0x97, 0x9F, 0x97, 0x9F, 0x97, 0x9F, 0x97, 0x9F, 0x97,
    0x9F, 0x97, 0x9F, 0x97, 0x02, 0x9F, 0x96, 0x5F, 0x9F, 0x5F, 0x9F, 0x5F, 0xA7, 0x5F, 0xA7, 0x5F,
    0xA7, 0x7F, 0xB7, 0x7F, 0xBF, 0x7E, 0xBF, 0x7E, 0xCF, 0x9F, 0xCF, 0x7E, 0xD7, 0x9E, 0x02, 0xDF,
    0x85, 0xEF, 0xFF, 0xF7, 0xFF, 0xF7, 0xDF, 0x05, 0xFF, 0x80, 0xFE, 0x05, 0xFF, 0xFF, 0xFE, 0xF7,
    0xBE, 0xEF, 0xDF, 0xE7, 0xBF, 0xE7, 0x9F, 0xDF, 0x7F, 0xEF, 0x9F, 0xEF, 0x9F, 0xEF, 0x9F, 0xEF,
    0x9F, 0xEF, 0x9F, 0xE7, 0x7F, 0xE7, 0x5E, 0xE7, 0xDF, 0xE7, 0xDF, 0xEF, 0xBF, 0xEF, 0x9F, 0xF7,
    0x9F, 0xF7, 0x9F, 0xF7, 0xBF, 0xF7, 0xDF, 0xF7, 0xDF, 0xF7, 0xDF, 0xFF, 0xDF, 0xF7, 0xDF, 0xF7,
    0x9E, 0xEF, 0x9E, 0xE7, 0x7E, 0xDF, 0x5E, 0xD7, 0x5E, 0xD7, 0x5E, 0xD7, 0x5E, 0xD7, 0x5E, 0xDF,
    0x3E, 0xDF, 0x1E, 0xDF, 0x1E, 0xDF, 0x1E, 0xD7, 0x1E, 0xD7, 0x1E, 0xD7, 0x1E, 0xE7, 0x3D, 0xE7,
    0x3D, 0xE7, 0x5D, 0xEF, 0x5E, 0xE7, 0x5D, 0xE7, 0x5D, 0xE7, 0x5D, 0xE7, 0x3E, 0xDF, 0x3E, 0xDF,
    0x3E, 0xDF, 0x3E, 0xDF, 0x1D, 0xDF, 0x1D, 0xDF, 0x1D, 0xE7, 0x1E, 0xDE, 0xFD, 0xDE, 0xDD, 0xDE,
    0xDD, 0xDE, 0xDD, 0xDE, 0xDD, 0xDE, 0xDC, 0xE7, 0x1D, 0xEF, 0x3E, 0xDE, 0xDC, 0xD6, 0x86, 0x7B,
    0xDE, 0xFC, 0xEF, 0x3E, 0xF7, 0xBE, 0x07, 0xFF, 0xFF, 0xFE, 0xFF, 0xFE, 0xFF, 0xFE, 0xFF, 0xDE,
    0xFF, 0xDE, 0xFF, 0xBD, 0xFF, 0x9D, 0xFF, 0x9D, 0xFF, 0x9D, 0xFF, 0x9D, 0xFF, 0x9D, 0xFF, 0x9D,
    0xFF, 0x9D, 0xFF, 0x9D, 0xFF, 0xBD, 0xFF, 0xDE, 0xFF, 0xFE, 0xFF, 0xDF, 0xF7, 0x9E, 0xEF, 0x3D,
    0xEF, 0x5D, 0xEF, 0x3D, 0xF7, 0x7D, 0xFF, 0xDF, 0xFF, 0x9F, 0xFF, 0x7F, 0xF7, 0x3E, 0xF7, 0x3E,
    0xEF, 0x1D, 0xE6, 0xBC, 0xE6, 0x9C, 0xDE, 0x7C, 0xDE, 0x5C, 0xDE, 0x5C, 0xD6, 0x3B, 0xD6, 0x1B,
    0xCD, 0xFA, 0xC5, 0xDA, 0xC5, 0xBA, 0xBD, 0xBA, 0xC5, 0xBA, 0xC5, 0xBB, 0xB5, 0x59, 0xA4, 0xD7,
    0x9C, 0x98, 0x9C, 0x98, 0x94, 0x57, 0x94, 0x57, 0x94, 0x57, 0x94, 0x57, 0x94, 0x57, 0x94, 0x57,
    0x94, 0x57, 0x94, 0x57, 0x94, 0x98, 0x8C, 0x37, 0x8C, 0x36, 0x94, 0x57, 0x8C, 0x37, 0x8C, 0x16,
    0x83, 0xF6, 0x8C, 0x37, 0x8C, 0x37, 0x8C, 0x57, 0x8C, 0xFF, 0x36, 0x84, 0x36, 0x8C, 0x57, 0x8C,
    0x77, 0x73, 0xB4, 0x7C, 0x16, 0x73, 0xB4, 0x73, 0xD5, 0x73, 0xB5, 0x6B, 0x75, 0x73, 0x75, 0x73,
    0x54, 0x73, 0x55, 0x83, 0xB6, 0x63, 0x55, 0x63, 0x55, 0x63, 0x55, 0x63, 0x55, 0x6B, 0x96, 0xEF,
    0x5D, 0xEF, 0x5D, 0xEF, 0x5D, 0xEF, 0x5D, 0xEF, 0x5D, 0xEF, 0x5D, 0xEF, 0x3D, 0xEF, 0x3D, 0xEF,
    0x3D, 0xEF, 0x3D, 0xEF, 0x3D, 0xEF, 0x3D, 0xEF, 0x3D, 0xEF, 0x3D, 0xEF, 0x3D, 0xE7, 0x5D, 0xE7,
    0x5D, 0xE7, 0x5D, 0xE7, 0x5D, 0xE7, 0x3D, 0xE7, 0x3D, 0xE7, 0x3D, 0xDF, 0x3D, 0xDF, 0x3D, 0xDF,
    0x3D, 0xDF, 0x3D, 0xDF, 0x3D, 0xDF, 0x3D, 0xDF, 0x3D, 0xD7, 0x1D, 0xCF, 0x3D, 0xCF, 0x3D, 0xCF,
    0x3D, 0xCF, 0x3D, 0xCF, 0x3D, 0xCF, 0x3D, 0xCF, 0x3D, 0xCF, 0x3D, 0xCF, 0x3D, 0xCF, 0x3D, 0xCF,
    0x3D, 0xCF, 0x3D, 0xCF, 0x3E, 0xC7, 0x3E, 0xC7, 0x3E, 0xC7, 0xB8, 0x3E, 0xC7, 0x3E, 0xC7, 0x3E,
    0xC7, 0x3E, 0xC7, 0x3E, 0xBF, 0x3E, 0xBF, 0x3E, 0xBF, 0x3E, 0xBF, 0x3E, 0xBF, 0x3E, 0xBF, 0x3E,
    0xBF, 0x5E, 0xBF, 0x5F, 0xBF, 0x5F, 0xBF, 0x5F, 0xBF, 0x5F, 0xBF, 0x5F, 0xBF, 0x5F, 0xB7, 0x5E,
    0xB7, 0x7E, 0xB7, 0x5E, 0xB7, 0x3E, 0xB7, 0x3D, 0xB7, 0x3E, 0xC7, 0x7E, 0xDF, 0x7E, 0xF7, 0xDF,
    0xFF, 0xDF, 0xFF, 0xDF, 0x02, 0xFF, 0x82, 0xF7, 0xFF, 0xF7, 0x02, 0xFF, 0x8E, 0xDF, 0xF7, 0xDF,
    0xEF, 0xDF, 0xE7, 0xFF, 0xD7, 0xFF, 0xBF, 0x9E, 0xBF, 0x3D, 0xCF, 0x9F, 0x02, 0xDF, 0x8B, 0xE7,
    0xFF, 0xE7, 0xFF, 0xEF, 0xFF, 0xEF, 0xFE, 0xE7, 0xFF, 0xDF, 0xFF, 0x04, 0xDF, 0x8B, 0xD7, 0xFF,
    0xBF, 0x9F, 0xAF, 0x5E, 0x9F, 0xBE, 0x97, 0x9E, 0x97, 0x7E, 0x02, 0x9F, 0xA0, 0x97, 0x7F, 0x97,
    0x7F, 0x97, 0x7F, 0x97, 0x9F, 0x97, 0x9F, 0x97, 0x9F, 0x97, 0x9F, 0x97, 0x9F, 0x97, 0x9F, 0x97,
    0x9F, 0x97, 0x9F, 0x97, 0x9F, 0x97, 0x9F, 0x97, 0x9F, 0x97, 0x9F, 0x97, 0x9F, 0x97, 0x02, 0x9F,
    0x99, 0x7F, 0x9F, 0x7F, 0x9F, 0x7F, 0x9F, 0x7F, 0x9F, 0x7F, 0x9F, 0x7F, 0x97, 0x9F, 0x97, 0x9F,
    0x97, 0x9F, 0x97, 0x9F, 0x97, 0x9F, 0x97, 0x9F, 0x97, 0x9F, 0x97, 0x02, 0x9F, 0x97, 0x7F, 0x9F,
    0x7F, 0x97, 0x7E, 0x97, 0x7E, 0x97, 0x7E, 0x97, 0x7E, 0x97, 0x9F, 0x97, 0x9F, 0x97, 0x9F, 0x97,
    0x9F, 0x97, 0x9F, 0x97, 0x9F, 0x97, 0x02, 0x9F, 0x96, 0x5F, 0xA7, 0x5F, 0xA7, 0x5F, 0xA7, 0x5F,
    0xA7, 0x5F, 0xA7, 0x7F, 0xB7, 0x9F, 0xB7, 0x7E, 0xBF, 0x9E, 0xC7, 0x9F, 0xC7, 0x9F, 0xCF, 0x9F,
    0x02, 0xDF, 0x87, 0xE7, 0xDF, 0xE7, 0xBE, 0xEF, 0xBE, 0xF7, 0xDF, 0x09, 0xFF, 0xFF, 0xDE, 0xFF,
    0xDE, 0xF7, 0xDF, 0xEF, 0xDF, 0xE7, 0xBF, 0xDF, 0x9F, 0xEF, 0x9F, 0xEF, 0x9F, 0xEF, 0x9F, 0xEF,
    0x7F, 0xE7, 0x5E, 0xE7, 0x3E, 0xE7, 0x3E, 0xDF, 0x9E, 0xDF, 0x9E, 0xE7, 0x7E, 0xE7, 0x9E, 0xF7,
    0x9F, 0xFF, 0x9F, 0xFF, 0x9F, 0xFF, 0xDF, 0xFF, 0xDF, 0xFF, 0xDF, 0xFF, 0xDF, 0xF7, 0xDF, 0xF7,
    0xBE, 0xEF, 0x9E, 0xDF, 0x7E, 0xDF, 0x5E, 0xD7, 0x5D, 0xDF, 0x5E, 0xDF, 0x5E, 0xDF, 0x5E, 0xDF,
    0x3E, 0xDF, 0x1E, 0xDF, 0x1E, 0xDF, 0x1E, 0xD7, 0x1D, 0xD7, 0x1D, 0xD7, 0x1D, 0xE7, 0x3D, 0xE7,
    0x3D, 0xE7, 0x5D, 0xEF, 0x7E, 0xE7, 0x7E, 0xE7, 0x7E, 0xE7, 0x7E, 0xE7, 0x3D, 0xE7, 0x3D, 0xE7,
    0x3D, 0xDF, 0x1D, 0xDF, 0x1D, 0xDF, 0x1D, 0xDF, 0x1D, 0xE7, 0x1E, 0xE6, 0xFD, 0xDE, 0xFD, 0xE6,
    0xFE, 0xE6, 0xFE, 0xE6, 0xFE, 0xE7, 0x1D, 0xEF, 0x5E, 0xFF, 0x9F, 0xF7, 0x7F, 0xF7, 0x86, 0x5E,
    0xEF, 0x7E, 0xF7, 0x5E, 0xF7, 0x9F, 0x07, 0xFF, 0xA0, 0xFE, 0xFF, 0xFE, 0xFF, 0xDD, 0xFF, 0xDD,
    0xFF, 0xDD, 0xFF, 0xBD, 0xFF, 0x9D, 0xFF, 0x9D, 0xFF, 0x9D, 0xFF, 0x9D, 0xFF, 0x9D, 0xFF, 0x9D,
    0xFF, 0x9D, 0xFF, 0x9C, 0xFF, 0xBD, 0xFF, 0xDD, 0xFF, 0xDE, 0x05, 0xFF, 0xFF, 0xBF, 0xFF, 0xDF,
    0xFF, 0x9E, 0xFF, 0x9E, 0xFF, 0x9F, 0xF7, 0x3F, 0xF7, 0x3F, 0xF7, 0x3F, 0xEF, 0x1E, 0xEE, 0xFD,
    0xE6, 0xBC, 0xE6, 0x9C, 0xDE, 0x7C, 0xDE, 0x5C, 0xDE, 0x5C, 0xD6, 0x3B, 0xD6, 0x1B, 0xCD, 0xFA,
    0xC5, 0xDA, 0xC5, 0xBA, 0xBD, 0xBA, 0xBD, 0xBA, 0xBD, 0xBA, 0xB5, 0x59, 0xAC, 0xF7, 0x9C, 0xB8,
    0x9C, 0x98, 0x94, 0x78, 0x94, 0x57, 0x94, 0x57, 0x94, 0x57, 0x94, 0x57, 0x94, 0x78, 0x94, 0x77,
    0x94, 0x77, 0x8C, 0x36, 0x8C, 0x16, 0x8C, 0x16, 0x94, 0x57, 0x94, 0x57, 0x8C, 0x36, 0x8C, 0x16,
    0x83, 0xD5, 0x83, 0xD5, 0x83, 0xD5, 0x83, 0xF5, 0x84, 0x36, 0x7B, 0xF5, 0x73, 0xD4, 0x84, 0x36,
    0x7B, 0xF5, 0x7B, 0xF5, 0x73, 0xF5, 0x6B, 0x94, 0x6B, 0x74, 0x7B, 0xF6, 0x8C, 0x37, 0x94, 0x58,
    0x9C, 0x78, 0xAD, 0x5B, 0x84, 0x57, 0x73, 0xB5, 0x84, 0x37, 0x9D, 0x1A, 0xEF, 0xFF, 0x5D, 0xEF,
    0x5D, 0xEF, 0x5D, 0xEF, 0x5D, 0xEF, 0x5D, 0xEF, 0x5D, 0xEF, 0x3D, 0xEF, 0x3D, 0xEF, 0x3D, 0xEF,
    0x3D, 0xEF, 0x3D, 0xEF, 0x3D, 0xEF, 0x3D, 0xEF, 0x3D, 0xEF, 0x3D, 0xE7, 0x5D, 0xE7, 0x5D, 0xE7,
    0x5D, 0xE7, 0x5D, 0xE7, 0x3D, 0xE7, 0x3D, 0xE7, 0x3D, 0xDF, 0x3D, 0xDF, 0x3D, 0xDF, 0x3D, 0xDF,
    0x3D, 0xDF, 0x3D, 0xDF, 0x3D, 0xDF, 0x3D, 0xD7, 0x1D, 0xCF, 0x3D, 0xCF, 0x3D, 0xCF, 0x3D, 0xCF,
    0x3D, 0xCF, 0x3D, 0xCF, 0x3D, 0xCF, 0x3D, 0xCF, 0x3D, 0xCF, 0x3D, 0xCF, 0x3D, 0xCF, 0x3D, 0xCF,
    0x3D, 0xCF, 0x3E, 0xC7, 0x3E, 0xC7, 0x3E, 0xC7, 0x3E, 0xC7, 0x3E, 0xC7, 0x3E, 0xC7, 0x3E, 0xC7,
    0x3E, 0xBF, 0x3E, 0xBF, 0x3E, 0xBF, 0x3E, 0xBF, 0x3E, 0xBF, 0x3E, 0xBF, 0x3E, 0xBF, 0x5E, 0xBF,
    0x5F, 0xBF, 0x5F, 0xBF, 0x5F, 0xBF, 0x5F, 0xBF, 0x5F, 0xBF, 0x5F, 0xB7, 0x5E, 0xB7, 0x8F, 0x7E,
    0xB7, 0x5E, 0xB7, 0x5E, 0xB7, 0x5F, 0xBF, 0x7F, 0xC7, 0x9F, 0xC6, 0xDB, 0xE7, 0xBF, 0xF7, 0x03,
    0xFF, 0x8C, 0xF7, 0xFF, 0xEF, 0xFF, 0xE7, 0xFF, 0xE7, 0xBF, 0xDF, 0x9E, 0xD7, 0x9F, 0xC7, 0x04,
    0xBF, 0x85, 0xDF, 0xC7, 0xBF, 0xCF, 0x9F, 0xD7, 0x05, 0xDF, 0x88, 0xE7, 0xDE, 0xE7, 0xDE, 0xE7,
    0xFF, 0xE7, 0xFF, 0xE7, 0x02, 0xDF, 0x80, 0xBF, 0x02, 0xDF, 0xC6, 0xCF, 0x9F, 0xBF, 0x5E, 0xB7,
    0x9E, 0xB7, 0x9E, 0xAF, 0x7E, 0xA7, 0x5E, 0x9F, 0x5F, 0x9F, 0x7F, 0x9F, 0x7F, 0x97, 0x9F, 0x97,
    0x9F, 0x97, 0x9F, 0x97, 0x9F, 0x97, 0x9F, 0x97, 0x9F, 0x97, 0x9F, 0x97, 0x7F, 0x97, 0x7F, 0x97,
    0x7F, 0x9F, 0x7F, 0x9F, 0x7F, 0x9F, 0x7F, 0x9F, 0x7F, 0x9F, 0x7F, 0x9F, 0x7F, 0x9F, 0x7F, 0x9F,
    0x7F, 0x9F, 0x7F, 0x9F, 0x7F, 0x9F, 0x7F, 0x9F, 0x7F, 0x9F, 0x7F, 0x9F, 0x7F, 0x9F, 0x7F, 0x97,
    0x9F, 0x97, 0x02, 0x9F, 0x86, 0x7F, 0x9F, 0x7F, 0x9F, 0x7F, 0x9F, 0x7F, 0x03, 0x9F, 0x8D, 0x7F,
    0x9F, 0x7F, 0x9F, 0x7F, 0x97, 0x9F, 0x97, 0x9F, 0x97, 0x9F, 0x97, 0x9F, 0x97, 0x02, 0x9F, 0xA3,
    0x7F, 0x9F, 0x5F, 0xA7, 0x5F, 0xA7, 0x5F, 0xA7, 0x5F, 0xA7, 0x5F, 0xA7, 0x7F, 0xAF, 0x9F, 0xB7,
    0x9E, 0xBF, 0x9E, 0xC7, 0x9F, 0xCF, 0xBF, 0xCF, 0x9F, 0xD7, 0xBF, 0xD7, 0x9F, 0xDF, 0x5E, 0xDF,
    0x9E, 0xEF, 0xFF, 0xF7, 0x08, 0xFF, 0xA6, 0xDF, 0xFF, 0xDF, 0xFF, 0xDF, 0xF7, 0xBF, 0xEF, 0xBF,
    0xEF, 0x9F, 0xEF, 0x9F, 0xEF, 0x9F, 0xEF, 0x9F, 0xEF, 0x7E, 0xE7, 0x3E, 0xE7, 0x5E, 0xE7, 0x5E,
    0xE7, 0x9E, 0xE7, 0x7D, 0xE7, 0x7D, 0xEF, 0x9E, 0xF7, 0xBF, 0xFF, 0xBF, 0xFF, 0xDF, 0x07, 0xFF,
    0xCC, 0xDF, 0xF7, 0xDF, 0xF7, 0xBE, 0xEF, 0x9E, 0xDF, 0x7E, 0xDF, 0x5E, 0xD7, 0x5D, 0xDF, 0x5E,
    0xDF, 0x5E, 0xDF, 0x5E, 0xDF, 0x3E, 0xDF, 0x1E, 0xDF, 0x1E, 0xDF, 0x1E, 0xD7, 0x1D, 0xD7, 0x1D,
    0xD7, 0x1D, 0xE7, 0x3D, 0xE7, 0x3D, 0xE7, 0x5D, 0xEF, 0x7E, 0xEF, 0x7E, 0xEF, 0x7E, 0xEF, 0x7E,
    0xDF, 0x1D, 0xDF, 0x1D, 0xDF, 0x1D, 0xDF, 0x1D, 0xDF, 0x1D, 0xDF, 0x1D, 0xDF, 0x1D, 0xE7, 0x1E,
    0xE7, 0x3E, 0xE7, 0x3E, 0xEF, 0x3E, 0xEF, 0x5E, 0xEF, 0x7F, 0xF7, 0x7F, 0xFF, 0xBF, 0x03, 0xFF,
    0x80, 0xDF, 0x03, 0xFF, 0x84, 0xBF, 0xFF, 0x9F, 0xFF, 0xBF, 0x07, 0xFF, 0xA0, 0xFE, 0xFF, 0xFE,
    0xFF, 0xDD, 0xFF, 0xDD, 0xFF, 0xDD, 0xFF, 0xBD, 0xFF, 0x9D, 0xFF, 0x9D, 0xFF, 0x9D, 0xFF, 0x9D,
    0xFF, 0x9D, 0xFF, 0x9D, 0xFF, 0x9D, 0xFF, 0x9C, 0xFF, 0xBD, 0xFF, 0xDD, 0xFF, 0xDE, 0x09, 0xFF,
    0xFF, 0xBF, 0xF7, 0x7E, 0xF7, 0x3D, 0xEE, 0xDD, 0xEE, 0xFE, 0xF7, 0x1E, 0xE6, 0xDD, 0xE6, 0xBC,
    0xE6, 0x9C, 0xDE, 0x9C, 0xDE, 0x7C, 0xDE, 0x5C, 0xDE, 0x5C, 0xD6, 0x3B, 0xD6, 0x1B, 0xCD, 0xFA,
    0xC5, 0xDA, 0xC5, 0xBA, 0xBD, 0xBA, 0xBD, 0x9A, 0xBD, 0x9A, 0xB5, 0x59, 0xAD, 0x18, 0x9C, 0xB8,
    0x9C, 0xB8, 0x9C, 0x98, 0x94, 0x77, 0x94, 0x77, 0x94, 0x77, 0x94, 0x77, 0x9C, 0x98, 0x9C, 0x97,
    0x9C, 0x97, 0xA4, 0xD9, 0x9C, 0xB8, 0x94, 0x57, 0x8C, 0x16, 0x8C, 0x16, 0x83, 0xF5, 0x83, 0xD5,
    0x8C, 0x16, 0x8C, 0x16, 0x8C, 0x16, 0x84, 0x16, 0x84, 0x15, 0x84, 0x36, 0x84, 0x36, 0x84, 0x15,
    0x7B, 0xF5, 0x7B, 0xF5, 0x84, 0x36, 0x7C, 0x16, 0x7B, 0xF6, 0x8C, 0x57, 0xA4, 0x99, 0xAC, 0xDA,
    0xA4, 0x99, 0xC5, 0xFC, 0xAD, 0x19, 0xBD, 0x9A, 0xCE, 0x3D, 0xE6, 0xFF, 0xEF, 0x5D, 0xEF, 0x5D,
    0xEF, 0xFF, 0x5D, 0xEF, 0x5D, 0xEF, 0x5D, 0xEF, 0x5D, 0xEF, 0x3D, 0xEF, 0x3D, 0xEF, 0x3D, 0xEF,
    0x3D, 0xEF, 0x3D, 0xEF, 0x3D, 0xEF, 0x3D, 0xEF, 0x3D, 0xEF, 0x3D, 0xE7, 0x5D, 0xE7, 0x5D, 0xE7,
    0x5D, 0xE7, 0x5D, 0xE7, 0x3D, 0xE7, 0x3D, 0xE7, 0x3D, 0xDF, 0x3D, 0xDF, 0x3D, 0xDF, 0x3D, 0xDF,
    0x3D, 0xDF, 0x3D, 0xDF, 0x3D, 0xDF, 0x3D, 0xD7, 0x1D, 0xCF, 0x3D, 0xCF, 0x3D, 0xCF, 0x3D, 0xCF,
    0x3D, 0xCF, 0x3D, 0xCF, 0x3D, 0xCF, 0x3D, 0xCF, 0x3D, 0xCF, 0x3D, 0xCF, 0x3D, 0xCF, 0x3D, 0xCF,
    0x3D, 0xCF, 0x3E, 0xC7, 0x3E, 0xC7, 0x3E, 0xC7, 0x3E, 0xC7, 0x3E, 0xC7, 0x3E, 0xC7, 0x3E, 0xC7,
    0x3E, 0xBF, 0x3E, 0xBF, 0x3E, 0xBF, 0x3E, 0xBF, 0x3E, 0xBF, 0x3E, 0xBF, 0x3E, 0xBF, 0x5E, 0xBF,
    0x5F, 0xBF, 0x5F, 0xBF, 0x5F, 0xBF, 0x5F, 0xBF, 0x5E, 0xBF, 0x5F, 0xB7, 0x5E, 0xB7, 0x5E, 0xB7,
    0x5E, 0xB7, 0x8D, 0x5E, 0xB7, 0x5E, 0xB7, 0x3E, 0xB7, 0x3E, 0xBF, 0x3D, 0xDF, 0xFF, 0xEF, 0xFF,
    0xE7, 0x02, 0xDF, 0x8D, 0xBF, 0xD7, 0x9F, 0xC7, 0x9F, 0xC7, 0x9F, 0xBF, 0x9F, 0xB7, 0x7F, 0xB7,
    0xBF, 0xAF, 0x02, 0x9F, 0x9F, 0x5E, 0xA7, 0x3E, 0xC7, 0xBF, 0xCF, 0xFF, 0xCF, 0xBF, 0xD7, 0xBF,
    0xDF, 0xBF, 0xDF, 0x9E, 0xE7, 0xDE, 0xE7, 0xFF, 0xE7, 0xDF, 0xE7, 0xBF, 0xDF, 0x9F, 0xE7, 0x9F,
    0xE7, 0x9F, 0xE7, 0xBF, 0xE7, 0x03, 0xDF, 0xC6, 0xBF, 0x3E, 0xAF, 0x3E, 0xA7, 0x5E, 0x9F, 0x7F,
    0x9F, 0x7F, 0x9F, 0x7F, 0x97, 0x7F, 0x97, 0x7F, 0x97, 0x7F, 0x9F, 0x7F, 0x9F, 0x7F, 0x9F, 0x7F,
    0x9F, 0x7F, 0x9F, 0x7F, 0x9F, 0x7F, 0x9F, 0x7F, 0x9F, 0x7F, 0x9F, 0x7F, 0x9F, 0x7F, 0x9F, 0x7F,
    0x9F, 0x7F, 0x9F, 0x7F, 0x9F, 0x7F, 0x9F, 0x7F, 0x9F, 0x7F, 0x9F, 0x7F, 0x9F, 0x7F, 0x9F, 0x7F,
    0x9F, 0x7F, 0x9F, 0x7F, 0x9F, 0x7F, 0x9F, 0x7F, 0x9F, 0x7F, 0x9F, 0x7F, 0x9F, 0x7F, 0xA7, 0x03,
    0x9F, 0xA0, 0xA7, 0x7F, 0x9F, 0x7F, 0x9F, 0x7F, 0x9F, 0x7F, 0x9F, 0x7F, 0x9F, 0x7F, 0x9F, 0x7F,
    0x9F, 0x7F, 0xA7, 0x5F, 0xA7, 0x5F, 0xA7, 0x5F, 0xA7, 0x5F, 0xA7, 0x5F, 0xA7, 0x7F, 0xAF, 0x9F,
    0xAF, 0x9F, 0xB7, 0x03, 0xBF, 0x92, 0xC7, 0xDF, 0xC7, 0xBF, 0xC7, 0x9F, 0xCF, 0x9F, 0xD7, 0xBF,
    0xDF, 0xFF, 0xEF, 0xFF, 0xEF, 0xFF, 0xF7, 0xFF, 0xF7, 0x08, 0xFF, 0x92, 0xDF, 0xFF, 0xDF, 0xF7,
    0xBF, 0xF7, 0x9F, 0xEF, 0x9E, 0xEF, 0x9E, 0xEF, 0x9E, 0xEF, 0x9E, 0xEF, 0xBF, 0xF7, 0xDF, 0x02,
    0xFF, 0x8C, 0xEF, 0xFF, 0xEF, 0xFF, 0xEF, 0xFE, 0xEF, 0xFE, 0xEF, 0xFF, 0xF7, 0xFF, 0xF7, 0x08,
    0xFF, 0xC8, 0xDF, 0xF7, 0xDF, 0xF7, 0xBE, 0xEF, 0x9E, 0xDF, 0x7E, 0xDF, 0x5E, 0xD7, 0x5D, 0xDF,
    0x5E, 0xDF, 0x5E, 0xDF, 0x5E, 0xDF, 0x3E, 0xDF, 0x1E, 0xDF, 0x1E, 0xDF, 0x1E, 0xD7, 0x1D, 0xD7,
    0x1D, 0xD7, 0x1D, 0xE7, 0x3D, 0xE7, 0x3D, 0xE7, 0x5D, 0xEF, 0x7E, 0xEF, 0x9E, 0xEF, 0x9E, 0xEF,
    0x9E, 0xDE, 0xFD, 0xDE, 0xFD, 0xDE, 0xFD, 0xDF, 0x1D, 0xDF, 0x1D, 0xDF, 0x1D, 0xDF, 0x1D, 0xEF,
    0x3D, 0xEF, 0x5E, 0xF7, 0x7E, 0xF7, 0x7E, 0xF7, 0xBF, 0xFF, 0xDF, 0x07, 0xFF, 0x88, 0xDF, 0xFF,
    0xDF, 0xFF, 0xDF, 0xFF, 0xDF, 0xFF, 0xDF, 0x07, 0xFF, 0xFF, 0xFE, 0xFF, 0xFE, 0xFF, 0xDD, 0xFF,
    0xDD, 0xFF, 0xDD, 0xFF, 0xBD, 0xFF, 0x9D, 0xFF, 0x9D, 0xFF, 0x9D, 0xFF, 0x9D, 0xFF, 0x9D, 0xFF,
    0x9D, 0xFF, 0x9D, 0xFF, 0x9C, 0xFF, 0xBD, 0xFF, 0xDD, 0xFF, 0xDE, 0xFF, 0xDF, 0xFF, 0xBF, 0xFF,
    0x9E, 0xFF, 0x9E, 0xF7, 0x3D, 0xEF, 0x1C, 0xEF, 0x1D, 0xEE, 0xFD, 0xE6, 0xBD, 0xDE, 0x7B, 0xDE,
    0x7B, 0xDE, 0x7B, 0xDE, 0x9C, 0xDE, 0x7C, 0xDE, 0x7C, 0xDE, 0x5C, 0xDE, 0x5C, 0xD6, 0x3B, 0xD6,
    0x1B, 0xCD, 0xFA, 0xC5, 0xDA, 0xC5, 0xBA, 0xBD, 0xBA, 0xBD, 0x9A, 0xBD, 0x79, 0xB5, 0x59, 0xB5,
    0x38, 0xA4, 0xD8, 0x9C, 0xD8, 0x9C, 0xB7, 0x9C, 0x97, 0x9C, 0x97, 0x9C, 0x97, 0x9C, 0x97, 0x9C,
    0xB7, 0x9C, 0xB7, 0x9C, 0xB7, 0x94, 0x76, 0xB5, 0x5A, 0xD6, 0x5E, 0xD6, 0x7E, 0xC6, 0x1D, 0xC5,
    0xFC, 0xC5, 0xDC, 0xCE, 0x1D, 0xCE, 0x1D, 0xCE, 0x1D, 0xCE, 0xFF, 0x3E, 0xCE, 0x3D, 0xA5, 0x18,
    0x94, 0x76, 0xAD, 0x19, 0xE6, 0xDF, 0xDE, 0xBF, 0xCE, 0x5D, 0xB5, 0xBB, 0xAD, 0x59, 0xBD, 0x9B,
    0xDE, 0x7F, 0xEE, 0xDF, 0xD6, 0x1D, 0xCD, 0xFC, 0xD6, 0x3D, 0xE6, 0xDF, 0xF7, 0x5F, 0xFF, 0xDF,
    0xEF, 0x5D, 0xEF, 0x5D, 0xEF, 0x5D, 0xEF, 0x5D, 0xEF, 0x5D, 0xEF, 0x5D, 0xEF, 0x5D, 0xEF, 0x5D,
    0xEF, 0x5D, 0xEF, 0x5D, 0xEF, 0x5D, 0xEF, 0x5D, 0xEF, 0x5D, 0xEF, 0x5D, 0xEF, 0x5D, 0xEF, 0x5D,
    0xE7, 0x5D, 0xE7, 0x5D, 0xE7, 0x5D, 0xE7, 0x5D, 0xE7, 0x5D, 0xE7, 0x5D, 0xDF, 0x5D, 0xDF, 0x3E,
    0xDF, 0x3E, 0xDF, 0x3E, 0xDF, 0x3D, 0xDF, 0x3D, 0xDF, 0x3D, 0xD7, 0x3E, 0xD7, 0x3E, 0xD7, 0x3E,
    0xD7, 0x3E, 0xD7, 0x3E, 0xD7, 0x3E, 0xD7, 0x3E, 0xCF, 0x5E, 0xCF, 0x5E, 0xCF, 0x5E, 0xCF, 0x5E,
    0xCF, 0x3D, 0xCF, 0x3D, 0xCF, 0x3E, 0xC7, 0x5E, 0xC7, 0x5E, 0xC7, 0xCE, 0x5E, 0xC7, 0x5E, 0xC7,
    0x5E, 0xC7, 0x5E, 0xC7, 0x5E, 0xC7, 0x5F, 0xC7, 0x5F, 0xC7, 0x5F, 0xC7, 0x5F, 0xC7, 0x5F, 0xC7,
    0x5F, 0xBF, 0x5F, 0xBF, 0x5F, 0xBF, 0x5F, 0xBF, 0x5F, 0xBF, 0x5F, 0xBF, 0x5F, 0xBF, 0x5F, 0xB7,
    0x5F, 0xB7, 0x5F, 0xB7, 0x5F, 0xB7, 0x5F, 0xB7, 0x5F, 0xB7, 0x5F, 0xB7, 0x5F, 0xB7, 0x5E, 0xC7,
    0x7F, 0xCF, 0x9F, 0xCF, 0x7F, 0xBF, 0x3E, 0xBF, 0x5E, 0xB7, 0x5F, 0xAF, 0x7F, 0xAF, 0x7F, 0xAF,
    0x7F, 0xA7, 0x9F, 0xA7, 0x9F, 0xA7, 0x9F, 0xA7, 0x9F, 0xAF, 0x9F, 0x02, 0xBF, 0x80, 0xCF, 0x02,
    0xDF, 0x80, 0xFF, 0x02, 0xDF, 0x9C, 0xE7, 0xBF, 0xE7, 0xBE, 0xDF, 0xBE, 0xDF, 0xBE, 0xDF, 0xBE,
    0xD7, 0x9F, 0xDF, 0x9F, 0xDF, 0x7F, 0xEF, 0x9F, 0xEF, 0xBF, 0xEF, 0xFF, 0xD7, 0xFF, 0xC7, 0xBF,
    0xA7, 0x5E, 0xA7, 0x02, 0x9F, 0xE2, 0x7F, 0x9F, 0x7F, 0x9F, 0x7F, 0x9F, 0x7F, 0x9F, 0x7F, 0x9F,
    0x7F, 0x9F, 0x7F, 0x9F, 0x5F, 0x9F, 0x5F, 0x9F, 0x5F, 0xA7, 0x7F, 0xA7, 0x7F, 0xA7, 0x7F, 0xA7,
    0x7F, 0xA7, 0x7F, 0xA7, 0x7F, 0xA7, 0x7F, 0xA7, 0x7F, 0xA7, 0x7F, 0xA7, 0x7F, 0xA7, 0x7F, 0xA7,
    0x7F, 0xA7, 0x7F, 0xA7, 0x7F, 0xA7, 0x7F, 0xA7, 0x7F, 0xA7, 0x7F, 0xA7, 0x7F, 0xA7, 0x7F, 0xA7,
    0x7F, 0xA7, 0x7F, 0xA7, 0x7F, 0xA7, 0x7F, 0xA7, 0x7F, 0xA7, 0x7F, 0xA7, 0x7F, 0xA7, 0x7F, 0xA7,
    0x7F, 0xA7, 0x7F, 0xA7, 0x7F, 0xA7, 0x7F, 0xA7, 0x7F, 0xA7, 0x7F, 0xA7, 0x7F, 0xA7, 0x7F, 0xA7,
    0x7F, 0xA7, 0x7F, 0xA7, 0x7F, 0xAF, 0x9E, 0xAF, 0x9E, 0x04, 0xBF, 0x99, 0xC7, 0x9F, 0xC7, 0x9F,
    0xC7, 0x9F, 0xCF, 0xBF, 0xCF, 0x9F, 0xD7, 0x9E, 0xD7, 0x9E, 0xDF, 0x9E, 0xE7, 0xDF, 0xF7, 0xFF,
    0xF7, 0xFF, 0xF7, 0xDF, 0xF7, 0xDF, 0x02, 0xFF, 0x8A, 0xF7, 0xDF, 0xEF, 0xBE, 0xF7, 0xDF, 0xF7,
    0xDF, 0xF7, 0xDF, 0xF7, 0x05, 0xFF, 0x8E, 0xF7, 0xDF, 0xEF, 0xFF, 0xE7, 0xFF, 0xDF, 0xBE, 0xD7,
    0x7D, 0xDF, 0xFF, 0xE7, 0xFF, 0xE7, 0x0D, 0xFF, 0xBD, 0xF7, 0xDF, 0xE7, 0x9F, 0xDF, 0x7E, 0xDF,
    0x5E, 0xDF, 0x7E, 0xDF, 0x5E, 0xD7, 0x3D, 0xD7, 0x3D, 0xDF, 0x1E, 0xDF, 0x1E, 0xDF, 0x1E, 0xDF,
    0x3E, 0xE7, 0x5F, 0xE7, 0x7F, 0xE7, 0x5D, 0xE7, 0x5D, 0xE7, 0x7E, 0xEF, 0x7E, 0xEF, 0x9E, 0xEF,
    0x9E, 0xE7, 0x3D, 0xDF, 0x1D, 0xDE, 0xFD, 0xDE, 0xFC, 0xD6, 0xDC, 0xD6, 0xDC, 0xDF, 0x1D, 0xE7,
    0x3E, 0xEF, 0x7D, 0xEF, 0x7D, 0xEF, 0x7D, 0x09, 0xFF, 0x88, 0xDF, 0xFF, 0xDF, 0xFF, 0xDF, 0xFF,
    0xBE, 0xFF, 0xDE, 0x0B, 0xFF, 0xFF, 0xFE, 0xFF, 0xFE, 0xFF, 0xDD, 0xFF, 0xBD, 0xFF, 0xBD, 0xFF,
    0xBD, 0xFF, 0x9D, 0xF7, 0x7C, 0xF7, 0x7C, 0xF7, 0x7C, 0xFF, 0xBD, 0xFF, 0xBD, 0xFF, 0xBD, 0xFF,
    0x9D, 0xFF, 0x7C, 0xFF, 0x9D, 0xFF, 0xBD, 0xFF, 0xBF, 0xFF, 0xDF, 0xFF, 0xBF, 0xFF, 0x9E, 0xF7,
    0x1C, 0xEE, 0xDC, 0xF7, 0x3E, 0xEE, 0xFD, 0xDE, 0x7B, 0xDE, 0x7B, 0xDE, 0x7B, 0xDE, 0x7B, 0xDE,
    0x7B, 0xDE, 0x7C, 0xDE, 0x7C, 0xDE, 0x5C, 0xD6, 0x3B, 0xD6, 0x3B, 0xD6, 0x1B, 0xCD, 0xFA, 0xC5,
    0xDA, 0xC5, 0xBA, 0xBD, 0xBA, 0xBD, 0x9A, 0xBD, 0x9A, 0xB5, 0x79, 0xB5, 0x59, 0xAD, 0x59, 0xA5,
    0x18, 0xA4, 0xF8, 0xAD, 0x18, 0xB5, 0x59, 0xBD, 0xBB, 0xB5, 0x7A, 0xBD, 0xBB, 0xE6, 0xFF, 0xE7,
    0x1F, 0xC6, 0x1C, 0xCE, 0x5D, 0xDE, 0xBF, 0xEF, 0x1F, 0xEF, 0x1F, 0xE7, 0x1F, 0xE6, 0xFF, 0xDE,
    0xDF, 0xE6, 0xDF, 0xE7, 0x1F, 0xEF, 0xFF, 0x1F, 0xEF, 0x1F, 0xDE, 0xBF, 0xDE, 0x9E, 0xE6, 0xDF,
    0xDE, 0x9E, 0xD6, 0x7E, 0xCE, 0x5D, 0xCE, 0x3C, 0xCE, 0x3C, 0xD6, 0x1C, 0xDE, 0x5D, 0xE6, 0x9E,
    0xD5, 0xFC, 0xCE, 0x1D, 0xC5, 0xBB, 0xA4, 0xF8, 0x9C, 0xB6, 0xA5, 0x17, 0xEF, 0x5D, 0xEF, 0x5D,
    0xEF, 0x5D, 0xEF, 0x5D, 0xEF, 0x5D, 0xEF, 0x5D, 0xEF, 0x5D, 0xEF, 0x5D, 0xEF, 0x5D, 0xEF, 0x5D,
    0xEF, 0x5D, 0xEF, 0x5D, 0xEF, 0x5D, 0xEF, 0x5D, 0xEF, 0x5D, 0xEF, 0x5D, 0xE7, 0x5D, 0xE7, 0x5D,
    0xE7, 0x5D, 0xE7, 0x5D, 0xE7, 0x5D, 0xE7, 0x5D, 0xDF, 0x5D, 0xDF, 0x3E, 0xDF, 0x3E, 0xDF, 0x3E,
    0xDF, 0x3D, 0xDF, 0x3D, 0xDF, 0x3D, 0xD7, 0x3E, 0xD7, 0x3E, 0xD7, 0x3E, 0xD7, 0x3E, 0xD7, 0x3E,
    0xD7, 0x3E, 0xD7, 0x3E, 0xCF, 0x5E, 0xCF, 0x5E, 0xCF, 0x5E, 0xCF, 0x5E, 0xCF, 0x3D, 0xCF, 0x3D,
    0xCF, 0x3E, 0xC7, 0x5E, 0xC7, 0x5E, 0xC7, 0xCF, 0x5E, 0xC7, 0x5E, 0xC7, 0x5E, 0xC7, 0x5E, 0xC7,
    0x5E, 0xC7, 0x5F, 0xC7, 0x5F, 0xC7, 0x5F, 0xC7, 0x5F, 0xC7, 0x5F, 0xC7, 0x5F, 0xBF, 0x5F, 0xBF,
    0x5F, 0xBF, 0x5F, 0xBF, 0x5F, 0xBF, 0x5F, 0xBF, 0x5F, 0xBF, 0x5F, 0xBF, 0x5F, 0xB7, 0x5F, 0xB7,
    0x5F, 0xB7, 0x5F, 0xB7, 0x7F, 0xB7, 0x5F, 0xB7, 0x7F, 0xAF, 0x7F, 0xB7, 0x7F, 0xBF, 0x7F, 0xC7,
    0x7F, 0xBF, 0x5F, 0xB7, 0x7F, 0xAF, 0x7F, 0xAF, 0x7F, 0xAF, 0x7F, 0xAF, 0x7F, 0xAF, 0x7F, 0xA7,
    0x9F, 0xA7, 0x9F, 0xA7, 0x9F, 0xAF, 0x9F, 0xB7, 0x02, 0xBF, 0x8A, 0x9F, 0xCF, 0xBF, 0xD7, 0xBF,
    0xE7, 0xBF, 0xEF, 0xDF, 0xE7, 0xFF, 0x02, 0xDF, 0x8F, 0xD7, 0xDF, 0xCF, 0x9F, 0xCF, 0x9F, 0xCF,
    0x7F, 0xE7, 0x7E, 0xE7, 0xBF, 0xE7, 0xDF, 0xD7, 0xFF, 0x02, 0xBF, 0x82, 0xAF, 0x7E, 0xA7, 0x02,
    0x9F, 0xE5, 0x7F, 0x9F, 0x5F, 0x9F, 0x5F, 0x9F, 0x5F, 0x9F, 0x5F, 0x9F, 0x5F, 0x9F, 0x5F, 0xA7,
    0x5F, 0xA7, 0x5F, 0xA7, 0x5F, 0xA7, 0x5F, 0xA7, 0x5F, 0xA7, 0x5F, 0xA7, 0x7F, 0xA7, 0x7F, 0xA7,
    0x7F, 0xA7, 0x7F, 0xA7, 0x7F, 0xA7, 0x7F, 0xA7, 0x7F, 0xA7, 0x7F, 0xA7, 0x7F, 0xA7, 0x7F, 0xA7,
    0x7F, 0xA7, 0x7F, 0xA7, 0x7F, 0xA7, 0x7F, 0xA7, 0x7F, 0xA7, 0x7F, 0xA7, 0x7F, 0xA7, 0x7F, 0xA7,
    0x7F, 0xA7, 0x7F, 0xA7, 0x7F, 0xA7, 0x7F, 0xA7, 0x7F, 0xA7, 0x7F, 0xA7, 0x7F, 0xA7, 0x7F, 0xA7,
    0x7F, 0xA7, 0x7F, 0xA7, 0x7F, 0xA7, 0x7F, 0xA7, 0x7F, 0xA7, 0x7F, 0xA7, 0x7F, 0xA7, 0x7F, 0xA7,
    0x7F, 0xA7, 0x9E, 0xAF, 0xBF, 0xB7, 0xBF, 0xB7, 0x04, 0xBF, 0x90, 0x9F, 0xC7, 0x9F, 0xC7, 0xBF,
    0xC7, 0x9F, 0xCF, 0x9F, 0xD7, 0x9E, 0xD7, 0x7E, 0xDF, 0xBF, 0xE7, 0xFF, 0x03, 0xDF, 0x87, 0x9F,
    0xDF, 0x7D, 0xF7, 0xFF, 0xF7, 0xFF, 0xF7, 0x0D, 0xFF, 0x91, 0xF7, 0xFF, 0xE7, 0xFF, 0xDF, 0xFF,
    0xD7, 0xFF, 0xCF, 0xBE, 0xBF, 0x7D, 0xBF, 0xBE, 0xC7, 0xBE, 0xF7, 0xDE, 0x0A, 0xFF, 0xBD, 0xF7,
    0xDF, 0xE7, 0xBF, 0xDF, 0x7E, 0xDF, 0x7E, 0xDF, 0x7E, 0xDF, 0x7E, 0xDF, 0x5E, 0xDF, 0x3D, 0xDF,
    0x1E, 0xDF, 0x1E, 0xDF, 0x1E, 0xDF, 0x3E, 0xE7, 0x5F, 0xE7, 0x7F, 0xE7, 0x5D, 0xE7, 0x5D, 0xE7,
    0x7E, 0xEF, 0x7E, 0xEF, 0x9E, 0xEF, 0x9E, 0xE7, 0x3D, 0xDF, 0x1D, 0xDE, 0xFD, 0xDE, 0xFC, 0xD6,
    0xDC, 0xDE, 0xFD, 0xDF, 0x1D, 0xE7, 0x1D, 0xEF, 0x5C, 0xF7, 0x9D, 0xF7, 0xBE, 0x09, 0xFF, 0x88,
    0xFE, 0xFF, 0xFE, 0xFF, 0xFE, 0xFF, 0xDE, 0xFF, 0xDE, 0x0B, 0xFF, 0xFF, 0xDE, 0xFF, 0xDD, 0xFF,
    0xDD, 0xFF, 0xBD, 0xFF, 0xBD, 0xFF, 0xBD, 0xFF, 0x9D, 0xFF, 0x9C, 0xFF, 0x9C, 0xFF, 0x9C, 0xFF,
    0xBD, 0xFF, 0xBD, 0xFF, 0xBD, 0xFF, 0x9D, 0xFF, 0x7C, 0xFF, 0x7C, 0xFF, 0x9C, 0xFF, 0x7E, 0xFF,
    0x9E, 0xFF, 0x7E, 0xF7, 0x1D, 0xEE, 0xFC, 0xF6, 0xFC, 0xFF, 0x3E, 0xE6, 0xBD, 0xDE, 0x5B, 0xDE,
    0x7B, 0xDE, 0x7B, 0xDE, 0x7B, 0xDE, 0x7B, 0xDE, 0x7C, 0xDE, 0x7C, 0xDE, 0x5C, 0xD6, 0x3B, 0xD6,
    0x3B, 0xD6, 0x1B, 0xCD, 0xFA, 0xC5, 0xDA, 0xC5, 0xBA, 0xBD, 0xBA, 0xBD, 0x9A, 0xBD, 0x9A, 0xBD,
    0x79, 0xB5, 0x79, 0xBD, 0xBA, 0xCE, 0x1C, 0xC6, 0x1C, 0xC5, 0xFB, 0xCE, 0x3C, 0xDE, 0xDF, 0xE6,
    0xFF, 0xD6, 0x7D, 0xEF, 0x3F, 0xEF, 0x3F, 0xF7, 0x7F, 0xF7, 0x7F, 0xF7, 0x5F, 0xEF, 0x5F, 0xEF,
    0x3F, 0xEF, 0x3F, 0xE6, 0xFF, 0xDE, 0xBE, 0xDE, 0xBE, 0xDE, 0xBE, 0xDE, 0xFF, 0x9E, 0xDE, 0x7D,
    0xDE, 0x9E, 0xE6, 0x9E, 0xE6, 0xBF, 0xDE, 0x7D, 0xD6, 0x3C, 0xD6, 0x1B, 0xCE, 0x1B, 0xCD, 0xFA,
    0xD5, 0xDA, 0xD5, 0xDA, 0xCD, 0x9A, 0xB4, 0x96, 0xA4, 0x56, 0xA4, 0x35, 0x93, 0xF4, 0x93, 0xD3,
    0x8B, 0x92, 0xEF, 0x5D, 0xEF, 0x5D, 0xEF, 0x5D, 0xEF, 0x5D, 0xEF, 0x5D, 0xEF, 0x5D, 0xEF, 0x5D,
    0xEF, 0x5D, 0xEF, 0x5D, 0xEF, 0x5D, 0xEF, 0x5D, 0xEF, 0x5D, 0xEF, 0x5D, 0xEF, 0x5D, 0xEF, 0x5D,
    0xEF, 0x5D, 0xE7, 0x5D, 0xE7, 0x5D, 0xE7, 0x5D, 0xE7, 0x5D, 0xE7, 0x5D, 0xE7, 0x5D, 0xDF, 0x5D,
    0xDF, 0x5D, 0xDF, 0x3E, 0xDF, 0x3E, 0xDF, 0x3D, 0xDF, 0x3D, 0xDF, 0x3D, 0xD7, 0x3E, 0xD7, 0x3E,
    0xD7, 0x3E, 0xD7, 0x3E, 0xD7, 0x3E, 0xD7, 0x3E, 0xD7, 0x3E, 0xCF, 0x5E, 0xCF, 0x5E, 0xCF, 0x5E,
    0xCF, 0x5E, 0xCF, 0x3D, 0xCF, 0x3D, 0xCF, 0x3E, 0xC7, 0x5E, 0xC7, 0x5E, 0xC7, 0xCB, 0x5E, 0xC7,
    0x5E, 0xC7, 0x5E, 0xC7, 0x5E, 0xC7, 0x5E, 0xC7, 0x5F, 0xC7, 0x5F, 0xC7, 0x5F, 0xC7, 0x5F, 0xC7,
    0x5F, 0xC7, 0x5F, 0xBF, 0x5F, 0xBF, 0x5F, 0xBF, 0x5F, 0xBF, 0x5F, 0xBF, 0x5F, 0xBF, 0x5F, 0xBF,
    0x5F, 0xBF, 0x5F, 0xB7, 0x5F, 0xB7, 0x5F, 0xB7, 0x5F, 0xB7, 0x7F, 0xB7, 0x7F, 0xAF, 0x7F, 0xA7,
    0x9F, 0xAF, 0x7F, 0xB7, 0x5F, 0xB7, 0x5F, 0xAF, 0x7F, 0xAF, 0x7F, 0xA7, 0x9F, 0xAF, 0x7F, 0xAF,
    0x7F, 0xAF, 0x7F, 0xAF, 0x7F, 0xAF, 0x7F, 0xAF, 0x7F, 0xA7, 0x03, 0x9F, 0xFF, 0xA7, 0x7F, 0xB7,
    0x3E, 0xBF, 0x3E, 0xCF, 0x5E, 0xEF, 0xDF, 0xEF, 0xDF, 0xD7, 0x9E, 0xC7, 0x9E, 0xB7, 0x7D, 0xB7,
    0x9E, 0xB7, 0x9F, 0xB7, 0x9F, 0xD7, 0xBE, 0xD7, 0x9E, 0xCF, 0xBE, 0xC7, 0xDF, 0xBF, 0xDF, 0xAF,
    0xBF, 0x9F, 0x5E, 0x9F, 0x5F, 0xA7, 0x5F, 0xA7, 0x5F, 0xA7, 0x5F, 0xA7, 0x5F, 0xA7, 0x5F, 0xA7,
    0x5F, 0xA7, 0x3F, 0xA7, 0x3F, 0xA7, 0x3F, 0xAF, 0x5F, 0xAF, 0x5F, 0xAF, 0x5F, 0xAF, 0x5F, 0xA7,
    0x7F, 0xA7, 0x7F, 0xA7, 0x7F, 0xA7, 0x7F, 0xA7, 0x7F, 0xA7, 0x7F, 0xA7, 0x7F, 0xAF, 0x5F, 0xAF,
    0x5F, 0xAF, 0x5F, 0xAF, 0x5F, 0xAF, 0x5F, 0xAF, 0x5F, 0xA7, 0x7F, 0xA7, 0x7F, 0xA7, 0x7F, 0xA7,
    0x7F, 0xA7, 0x7F, 0xA7, 0x7F, 0xA7, 0x7F, 0xAF, 0x5F, 0xAF, 0x5F, 0xAF, 0x5F, 0xAF, 0x5F, 0xAF,
    0x5F, 0xAF, 0x5F, 0xAF, 0x5F, 0xA7, 0x7F, 0xA7, 0x7F, 0xA7, 0x7F, 0xA7, 0x7F, 0xAE, 0xA7, 0x7F,
    0xA7, 0x7F, 0xA7, 0x9F, 0xA7, 0x9E, 0xAF, 0xBF, 0xB7, 0xDF, 0xB7, 0x9F, 0xB7, 0x9E, 0xBF, 0x7E,
    0xB7, 0x9F, 0xBF, 0x9F, 0xBF, 0x7F, 0xBF, 0x7F, 0xCF, 0x9F, 0xC7, 0x5D, 0xCF, 0x9E, 0xCF, 0x9F,
    0xBF, 0x7E, 0xC7, 0x7D, 0xC7, 0x7D, 0xDF, 0xBD, 0xE7, 0xFE, 0xEF, 0xFE, 0xF7, 0x09, 0xFF, 0x93,
    0xEF, 0xBE, 0xE7, 0x7D, 0xB7, 0x1D, 0x9E, 0xBC, 0x9E, 0xDC, 0x9F, 0x3D, 0x9F, 0x3D, 0x97, 0x3D,
    0x9F, 0x5D, 0xEF, 0x9D, 0x0A, 0xFF, 0xD1, 0xF7, 0xFF, 0xE7, 0xBF, 0xE7, 0x9F, 0xDF, 0x9E, 0xE7,
    0x9F, 0xDF, 0x9E, 0xDF, 0x7E, 0xDF, 0x5E, 0xDF, 0x1E, 0xDF, 0x1E, 0xDF, 0x1E, 0xDF, 0x3E, 0xE7,
    0x5F, 0xE7, 0x7F, 0xE7, 0x5D, 0xE7, 0x5D, 0xE7, 0x7E, 0xEF, 0x7E, 0xEF, 0x9E, 0xEF, 0x9E, 0xE7,
    0x3D, 0xDF, 0x1D, 0xDE, 0xFD, 0xDE, 0xFC, 0xDE, 0xFD, 0xDE, 0xFD, 0xDE, 0xFD, 0xDE, 0xFD, 0xE7,
    0x3B, 0xF7, 0x9D, 0xFF, 0xFE, 0xFF, 0xFE, 0xFF, 0xFE, 0xFF, 0xFE, 0xFF, 0xFE, 0xFF, 0xFE, 0xFF,
    0xFE, 0xFF, 0xFE, 0xFF, 0xDD, 0xFF, 0xDE, 0xFF, 0xFE, 0x09, 0xFF, 0xFF, 0xBD, 0xFF, 0xBD, 0xFF,
    0xBD, 0xFF, 0xBD, 0xFF, 0xBD, 0xFF, 0xBD, 0xFF, 0xBD, 0xFF, 0xBD, 0xFF, 0xBD, 0xFF, 0xBD, 0xFF,
    0xBD, 0xFF, 0xBD, 0xFF, 0xBD, 0xFF, 0x9D, 0xF7, 0x7C, 0xF7, 0x5C, 0xF7, 0x3B, 0xF7, 0x3D, 0xFF,
    0x5E, 0xFF, 0x3D, 0xFF, 0x1D, 0xF6, 0xFD, 0xF6, 0xDC, 0xEE, 0xBC, 0xDE, 0x7B, 0xD6, 0x3B, 0xDE,
    0x7C, 0xDE, 0x7B, 0xDE, 0x7B, 0xDE, 0x7B, 0xDE, 0x7C, 0xDE, 0x7C, 0xDE, 0x5C, 0xD6, 0x3B, 0xD6,
    0x3B, 0xD6, 0x1B, 0xCD, 0xFA, 0xC5, 0xDA, 0xC5, 0xBA, 0xBD, 0xBA, 0xBD, 0xBA, 0xC5, 0xBA, 0xC5,
    0xBA, 0xBD, 0x9A, 0xB5, 0x99, 0xB5, 0x79, 0xBD, 0xDA, 0xBD, 0xDA, 0xAD, 0x58, 0xAD, 0x58, 0xBD,
    0xBA, 0xAD, 0x58, 0xB5, 0x78, 0xB5, 0x78, 0xAD, 0x58, 0xAD, 0x58, 0xAD, 0x58, 0xB5, 0x99, 0xBD,
    0xDA, 0xC5, 0xFA, 0xCE, 0x3B, 0xBD, 0xDA, 0xBD, 0xB9, 0xB5, 0x99, 0xBD, 0xFF, 0x99, 0xBD, 0x79,
    0xBD, 0x79, 0xBD, 0x79, 0xBD, 0x79, 0xC5, 0x99, 0xC5, 0x9A, 0xC5, 0xBA, 0xCD, 0xB9, 0xCD, 0x98,
    0xD5, 0xB9, 0xE6, 0x3B, 0xF6, 0x7C, 0xFE, 0xBE, 0xFD, 0xBA, 0xFD, 0xD9, 0xFD, 0xDA, 0xFD, 0x99,
    0xED, 0x58, 0xF7, 0x5D, 0xF7, 0x5D, 0xF7, 0x5D, 0xF7, 0x5D, 0xF7, 0x5D, 0xF7, 0x5D, 0xF7, 0x5D,
    0xF7, 0x5D, 0xF7, 0x5D, 0xF7, 0x5D, 0xF7, 0x5D, 0xF7, 0x5D, 0xF7, 0x5D, 0xF7, 0x5D, 0xF7, 0x5D,
    0xEF, 0x5E, 0xEF, 0x5D, 0xEF, 0x5D, 0xEF, 0x5D, 0xE7, 0x5D, 0xE7, 0x5D, 0xE7, 0x5D, 0xE7, 0x5D,
    0xE7, 0x5D, 0xE7, 0x5D, 0xE7, 0x5D, 0xDF, 0x3D, 0xDF, 0x3D, 0xDF, 0x3D, 0xDF, 0x3E, 0xDF, 0x5E,
    0xDF, 0x5E, 0xDF, 0x3E, 0xD7, 0x3D, 0xDF, 0x3D, 0xDF, 0x3D, 0xD7, 0x3D, 0xD7, 0x3D, 0xD7, 0x3D,
    0xD7, 0x3D, 0xD7, 0x3D, 0xD7, 0x3D, 0xD7, 0x3D, 0xCF, 0x5E, 0xCF, 0x5E, 0xCF, 0xFF, 0x5E, 0xCF,
    0x5E, 0xCF, 0x5E, 0xCF, 0x5E, 0xCF, 0x5E, 0xCF, 0x5E, 0xCF, 0x5E, 0xCF, 0x5E, 0xCF, 0x5E, 0xCF,
    0x5E, 0xCF, 0x5E, 0xC7, 0x7E, 0xC7, 0x7F, 0xC7, 0x7F, 0xC7, 0x7F, 0xBF, 0x7E, 0xBF, 0x7E, 0xBF,
    0x7E, 0xB7, 0x7F, 0xB7, 0x7F, 0xB7, 0x7F, 0xB7, 0x9F, 0xB7, 0x9F, 0xB7, 0x9F, 0xB7, 0x9F, 0xAF,
    0x9F, 0xAF, 0x9F, 0xAF, 0x9F, 0xB7, 0x9F, 0xAF, 0x7F, 0xAF, 0x7F, 0xAF, 0x7F, 0xA7, 0x9F, 0xA7,
    0x9F, 0xAF, 0x9F, 0xAF, 0x9F, 0xAF, 0x9F, 0xAF, 0x9F, 0xAF, 0x9F, 0xA7, 0x9F, 0xA7, 0x9F, 0xAF,
    0x7F, 0xAF, 0x7F, 0xAF, 0x7F, 0xB7, 0x7F, 0xB7, 0x7E, 0xAF, 0x5E, 0xAF, 0x7E, 0xA7, 0x7E, 0xA7,
    0x7F, 0xA7, 0x7F, 0xA7, 0x7F, 0xAF, 0x5E, 0xAF, 0x5E, 0xAF, 0x5E, 0xAF, 0x7E, 0xA7, 0x7F, 0xA7,
    0x7F, 0xA7, 0x7F, 0xA7, 0x7E, 0xA7, 0x7E, 0xA7, 0x9E, 0x9F, 0x7E, 0x9F, 0x7E, 0x9F, 0xFF, 0x5E,
    0x9F, 0x5E, 0xAF, 0x9F, 0xAF, 0x9F, 0xAF, 0x9F, 0xAF, 0x9F, 0xAF, 0x9F, 0xAF, 0x9F, 0xA7, 0x7F,
    0xA7, 0x7F, 0xA7, 0x7F, 0xA7, 0x7F, 0xA7, 0x7F, 0xA7, 0x7F, 0xA7, 0x7F, 0xA7, 0x7E, 0xA7, 0x5E,
    0xAF, 0x5E, 0xAF, 0x5E, 0xB7, 0x7F, 0xB7, 0x5F, 0xBF, 0x5F, 0xA7, 0x9F, 0xA7, 0x9F, 0xA7, 0x9F,
    0xA7, 0x9F, 0xA7, 0x7E, 0xA7, 0x7E, 0xA7, 0x7E, 0xA7, 0x9F, 0xAF, 0x9F, 0xAF, 0x9F, 0xA7, 0x7F,
    0xA7, 0x7E, 0xA7, 0x7E, 0xA7, 0x7E, 0xAF, 0x5F, 0xAF, 0x5F, 0xAF, 0x5F, 0xAF, 0x5F, 0xAF, 0x9F,
    0xA7, 0x9F, 0xAF, 0x9F, 0xAF, 0x7F, 0xAF, 0x7F, 0xAF, 0x7F, 0xB7, 0x9F, 0xB7, 0x9F, 0xB7, 0x7F,
    0xB7, 0x7F, 0xB7, 0x9F, 0xB7, 0x7F, 0xB7, 0x7F, 0xB7, 0x7F, 0xBF, 0x7F, 0xBF, 0x7F, 0xB7, 0x7F,
    0xB7, 0x9F, 0xB7, 0x9F, 0xB7, 0x9E, 0xB7, 0x9E, 0xB7, 0x9E, 0xBF, 0x9E, 0xBF, 0x9E, 0xC7, 0x9D,
    0x7E, 0xC7, 0x7E, 0xC7, 0x9F, 0xC7, 0x9F, 0xBF, 0x5E, 0xB7, 0x3D, 0x9F, 0x5E, 0x97, 0x5E, 0x97,
    0x7E, 0x97, 0x7E, 0x97, 0x7E, 0x97, 0x7E, 0x97, 0x7D, 0xB7, 0x3B, 0xDF, 0xDE, 0xF7, 0x05, 0xFF,
    0xBD, 0xF7, 0xFF, 0xF7, 0xFF, 0xEF, 0xFF, 0xD7, 0x9E, 0xD7, 0xDF, 0xD7, 0xBF, 0xCF, 0x7F, 0xCF,
    0x5F, 0xCF, 0x1F, 0xCF, 0x3E, 0xC7, 0x5E, 0xD7, 0x3D, 0xE7, 0x1D, 0xEF, 0x3D, 0xEF, 0x7E, 0xEF,
    0x9E, 0xEF, 0x9E, 0xEF, 0x9E, 0xEF, 0x9E, 0xEF, 0x7E, 0xEF, 0x7F, 0xEF, 0x7F, 0xDE, 0xDD, 0xDE,
    0xDC, 0xDE, 0xDC, 0xDE, 0xDC, 0xDE, 0xDC, 0xDE, 0xDC, 0xDE, 0xDC, 0xDE, 0xFB, 0xF7, 0x9E, 0x03,
    0xFF, 0xFF, 0xFE, 0xFF, 0xFE, 0xFF, 0xFE, 0xFF, 0xDE, 0xFF, 0xBE, 0xFF, 0xBE, 0xFF, 0xBE, 0xFF,
    0x9E, 0xFF, 0x9E, 0xFF, 0x9E, 0xFF, 0x7E, 0xFF, 0x7E, 0xF7, 0x5D, 0xF7, 0x3D, 0xF7, 0x5D, 0xF7,
    0x3D, 0xF7, 0x3D, 0xF7, 0x3C, 0xF7, 0x5C, 0xFF, 0x7C, 0xFF, 0x9D, 0xFF, 0xBD, 0xFF, 0xBC, 0xFF,
    0xBC, 0xFF, 0xBD, 0xFF, 0x9D, 0xFF, 0x5D, 0xFF, 0x5C, 0xF7, 0x5C, 0xF7, 0x5C, 0xF7, 0x5C, 0xFF,
    0x5D, 0xFF, 0x3D, 0xF7, 0x1C, 0xF6, 0xFC, 0xF7, 0x1C, 0xEE, 0xDB, 0xE6, 0x5B, 0xE6, 0x9D, 0xE6,
    0x9D, 0xE6, 0x9D, 0xE6, 0x7C, 0xE6, 0x7C, 0xDE, 0x3C, 0xDE, 0x5C, 0xDE, 0x5C, 0xDE, 0x5C, 0xDE,
    0x5D, 0xD6, 0x1B, 0xCD, 0xFB, 0xD6, 0x1B, 0xBD, 0x79, 0xBD, 0x99, 0xBD, 0x9A, 0xBD, 0x9A, 0xBD,
    0x99, 0xBD, 0x99, 0xBD, 0x99, 0xB5, 0x99, 0xB5, 0x99, 0xB5, 0x59, 0xB5, 0x59, 0xB5, 0x79, 0xB5,
    0x79, 0xB5, 0xB6, 0x79, 0xBD, 0x9A, 0xB5, 0x59, 0xAD, 0x39, 0xA5, 0x39, 0xA5, 0x39, 0xA5, 0x19,
    0x9C, 0xF8, 0x8C, 0xD7, 0x9D, 0x18, 0xA5, 0x59, 0xA5, 0x38, 0xAD, 0x37, 0xA5, 0x37, 0xAD, 0x36,
    0xAD, 0x36, 0xC5, 0x97, 0xCD, 0xB8, 0xFE, 0xBD, 0xFE, 0x9C, 0xFE, 0x9C, 0xFE, 0x1B, 0xFD, 0x78,
    0xFD, 0x37, 0xF4, 0xB6, 0xEC, 0x75, 0xEC, 0x54, 0xEC, 0x34, 0x03, 0xF3, 0xFF, 0xD3, 0xEB, 0xD2,
    0xE3, 0xB2, 0xE3, 0x91, 0xF7, 0x5D, 0xF7, 0x5D, 0xF7, 0x5D, 0xF7, 0x5D, 0xF7, 0x5D, 0xF7, 0x5D,
    0xF7, 0x5D, 0xF7, 0x5D, 0xF7, 0x5D, 0xF7, 0x5D, 0xF7, 0x5D, 0xF7, 0x5D, 0xF7, 0x5D, 0xF7, 0x5D,
    0xF7, 0x5D, 0xEF, 0x5E, 0xEF, 0x5D, 0xEF, 0x5D, 0xEF, 0x5D, 0xEF, 0x3D, 0xEF, 0x3D, 0xEF, 0x3D,
    0xE7, 0x5D, 0xE7, 0x5D, 0xE7, 0x5D, 0xE7, 0x5D, 0xE7, 0x3D, 0xE7, 0x3D, 0xE7, 0x3D, 0xDF, 0x3E,
    0xDF, 0x3E, 0xDF, 0x3E, 0xDF, 0x3D, 0xDF, 0x3D, 0xDF, 0x3D, 0xDF, 0x3D, 0xD7, 0x3D, 0xD7, 0x3D,
    0xD7, 0x3D, 0xD7, 0x3D, 0xD7, 0x3D, 0xD7, 0x3D, 0xD7, 0x3D, 0xD7, 0x3E, 0xD7, 0x3E, 0xD7, 0x3E,
    0xD7, 0x3E, 0xD7, 0x3E, 0xD7, 0x3E, 0xCF, 0x5E, 0xCF, 0x5E, 0xCF, 0x5E, 0xCF, 0x5E, 0xCF, 0x5E,
    0xCF, 0x5E, 0xCF, 0x5E, 0xC7, 0x7E, 0xC7, 0x7E, 0xC7, 0x7E, 0xC7, 0x7E, 0xBF, 0xFF, 0x5E, 0xBF,
    0x5E, 0xBF, 0x5E, 0xB7, 0x9F, 0xB7, 0x9F, 0xB7, 0x9F, 0xB7, 0x9F, 0xB7, 0x9F, 0xB7, 0x9F, 0xB7,
    0x9F, 0xB7, 0x9F, 0xB7, 0x9F, 0xB7, 0x9F, 0xB7, 0x9F, 0xAF, 0x7F, 0xAF, 0x7F, 0xAF, 0x7F, 0xAF,
    0x9F, 0xAF, 0x9F, 0xAF, 0x9F, 0xAF, 0x9F, 0xAF, 0x9F, 0xAF, 0x9F, 0xAF, 0x9F, 0xA7, 0x9F, 0xA7,
    0x9F, 0xA7, 0x9F, 0xA7, 0x9F, 0xA7, 0x9F, 0xA7, 0x9F, 0xA7, 0x9F, 0xA7, 0x7F, 0xA7, 0x7F, 0xA7,
    0x7F, 0xA7, 0x7F, 0xA7, 0x7F, 0xA7, 0x7F, 0xA7, 0x7F, 0xA7, 0x7F, 0xA7, 0x7F, 0xA7, 0x7F, 0xA7,
    0x7F, 0xA7, 0x7F, 0xA7, 0x7F, 0xA7, 0x7E, 0xA7, 0x7E, 0xA7, 0x7E, 0xA7, 0x7E, 0xA7, 0x7E, 0xA7,
    0x7E, 0xA7, 0x7E, 0xAF, 0x9F, 0xAF, 0x9F, 0xAF, 0x9F, 0xAF, 0x9F, 0xAF, 0x9F, 0xAF, 0x9F, 0xA7,
    0x9F, 0xA7, 0x7F, 0xA7, 0x7F, 0xA7, 0x7F, 0xA7, 0x7F, 0xA7, 0x7F, 0xA7, 0x7F, 0xA7, 0xFF, 0x7F,
    0xA7, 0x9E, 0xAF, 0x7E, 0xAF, 0x7E, 0xB7, 0x7E, 0xB7, 0x5E, 0xBF, 0x5E, 0xB7, 0x7E, 0xB7, 0x7E,
    0xB7, 0x7E, 0xB7, 0x5E, 0xAF, 0x5E, 0xAF, 0x5E, 0xAF, 0x5E, 0xAF, 0x9E, 0xAF, 0x9E, 0xAF, 0x9E,
    0xA7, 0x9E, 0xA7, 0x7E, 0xA7, 0x9E, 0xAF, 0x7E, 0xAF, 0x7F, 0xAF, 0x7F, 0xAF, 0x7F, 0xAF, 0x7F,
    0xAF, 0x9F, 0xA7, 0x9F, 0xAF, 0x7F, 0xB7, 0x7F, 0xB7, 0x7F, 0xB7, 0x7F, 0xB7, 0x9F, 0xB7, 0x9F,
    0xB7, 0x9F, 0xB7, 0x9F, 0xB7, 0x9F, 0xB7, 0x9F, 0xB7, 0x9F, 0xB7, 0x9F, 0xB7, 0x9F, 0xB7, 0x9F,
    0xB7, 0x9F, 0xAF, 0x9F, 0xAF, 0x9F, 0xAF, 0x9F, 0xAF, 0x9F, 0xAF, 0x9F, 0xAF, 0x9F, 0xAF, 0x5E,
    0xAF, 0x5E, 0xAF, 0x5E, 0xAF, 0x7F, 0xAF, 0x7F, 0xA7, 0x3E, 0x9F, 0x1D, 0x97, 0x7E, 0x97, 0x7E,
    0x97, 0x7E, 0x97, 0x7E, 0x97, 0x7E, 0x97, 0x7E, 0x97, 0x7E, 0xAF, 0x7C, 0xD7, 0xDE, 0xEF, 0xC2,
    0xDF, 0xF7, 0x7E, 0xFF, 0x9F, 0xF7, 0xFF, 0xEF, 0xDF, 0xE7, 0x7E, 0xCF, 0x5D, 0xC7, 0x7E, 0xB7,
    0x3D, 0xB7, 0x3E, 0xBF, 0x3F, 0xCF, 0x3F, 0xCF, 0x3E, 0xC7, 0x5D, 0xCF, 0x5D, 0xEF, 0x3C, 0xF7,
    0x3D, 0xF7, 0x7E, 0xF7, 0x9D, 0xEF, 0x7D, 0xF7, 0x9E, 0xF7, 0x7E, 0xF7, 0x7F, 0xEF, 0x5E, 0xEF,
    0x3E, 0xDE, 0xDD, 0xDE, 0xDC, 0xDE, 0xDC, 0xDE, 0xDC, 0xDE, 0xDC, 0xDE, 0xDC, 0xDE, 0xDC, 0xE7,
    0x3C, 0xF7, 0xBF, 0x03, 0xFF, 0xFF, 0xFE, 0xFF, 0xFE, 0xFF, 0xFE, 0xFF, 0xDE, 0xFF, 0x9E, 0xFF,
    0xBE, 0xFF, 0x9E, 0xFF, 0x9E, 0xFF, 0x9E, 0xFF, 0x9E, 0xFF, 0x7E, 0xFF, 0x3D, 0xFF, 0x3D, 0xF7,
    0x1D, 0xF7, 0x3D, 0xFF, 0x1D, 0xF7, 0x3D, 0xF7, 0x5D, 0xFF, 0x7D, 0xFF, 0x9D, 0xFF, 0xBD, 0xFF,
    0xBC, 0xFF, 0xBC, 0xFF, 0xBC, 0xFF, 0x9D, 0xFF, 0x7D, 0xFF, 0x5D, 0xFF, 0x3C, 0xF7, 0x3C, 0xF7,
    0x3C, 0xF7, 0x3C, 0xFF, 0x5D, 0xFF, 0x3D, 0xFF, 0x3C, 0xF7, 0x1C, 0xF7, 0x1C, 0xEE, 0xFB, 0xE6,
    0x7B, 0xE6, 0x7D, 0xE6, 0x7D, 0xE6, 0x7D, 0xE6, 0x7D, 0xE6, 0x7C, 0xDE, 0x5C, 0xDE, 0x5C, 0xDE,
    0x5C, 0xDE, 0x5C, 0xDE, 0x5C, 0xD6, 0x1B, 0xCD, 0xFB, 0xCD, 0xDA, 0xCE, 0x1B, 0xCE, 0x1B, 0xCD,
    0xFB, 0xC5, 0xDA, 0xBD, 0xBA, 0xBD, 0xBA, 0xBD, 0xBA, 0xBD, 0x9A, 0xBD, 0x7A, 0xBD, 0x5A, 0xBD,
    0x5A, 0xBD, 0x7A, 0xBD, 0x7A, 0xBD, 0xFF, 0x7A, 0xB5, 0x9A, 0xAD, 0x79, 0xA5, 0x59, 0xA5, 0x19,
    0xA5, 0x19, 0xA5, 0x39, 0xA5, 0x3A, 0xA5, 0x59, 0xA4, 0xF8, 0x9C, 0x95, 0xBD, 0x38, 0xC5, 0x58,
    0xDD, 0xB9, 0xEE, 0x1A, 0xFE, 0x5B, 0xFE, 0x3B, 0xFE, 0x3B, 0xED, 0x37, 0xEC, 0xB6, 0xEC, 0x75,
    0xEC, 0x54, 0xE4, 0x13, 0xE3, 0xD2, 0xE3, 0x92, 0xE3, 0x92, 0xE3, 0x71, 0xE3, 0x31, 0xDB, 0x30,
    0xDB, 0x30, 0xDB, 0x10, 0xD2, 0xEF, 0xD2, 0xEF, 0xF7, 0x5D, 0xF7, 0x5D, 0xF7, 0x5D, 0xF7, 0x5D,
    0xF7, 0x5D, 0xF7, 0x5D, 0xF7, 0x5D, 0xF7, 0x5D, 0xF7, 0x5D, 0xF7, 0x5D, 0xF7, 0x5D, 0xF7, 0x5D,
    0xF7, 0x5D, 0xF7, 0x5D, 0xF7, 0x5D, 0xEF, 0x5E, 0xEF, 0x5D, 0xEF, 0x5D, 0xEF, 0x5D, 0xEF, 0x3D,
    0xEF, 0x3D, 0xEF, 0x3D, 0xE7, 0x5D, 0xE7, 0x5D, 0xE7, 0x5D, 0xE7, 0x5D, 0xE7, 0x3D, 0xE7, 0x3D,
    0xE7, 0x3D, 0xDF, 0x3E, 0xDF, 0x3E, 0xDF, 0xFF, 0x3E, 0xDF, 0x3D, 0xDF, 0x3D, 0xDF, 0x3D, 0xDF,
    0x3D, 0xD7, 0x3D, 0xD7, 0x3D, 0xD7, 0x3D, 0xD7, 0x3D, 0xD7, 0x3D, 0xD7, 0x3D, 0xD7, 0x3D, 0xD7,
    0x3E, 0xD7, 0x3E, 0xD7, 0x3E, 0xD7, 0x3E, 0xD7, 0x3E, 0xD7, 0x3E, 0xCF, 0x5E, 0xCF, 0x5E, 0xCF,
    0x5E, 0xCF, 0x5E, 0xCF, 0x5E, 0xCF, 0x5E, 0xCF, 0x5E, 0xCF, 0x5E, 0xC7, 0x7E, 0xC7, 0x7E, 0xC7,
    0x7E, 0xC7, 0x5E, 0xBF, 0x5E, 0xC7, 0x5E, 0xBF, 0x7F, 0xBF, 0x7F, 0xBF, 0x7F, 0xBF, 0x7F, 0xBF,
    0x7F, 0xBF, 0x7F, 0xBF, 0x7F, 0xB7, 0x7F, 0xB7, 0x9F, 0xB7, 0x9F, 0xB7, 0x7F, 0xB7, 0x7F, 0xB7,
    0x7F, 0xB7, 0x7F, 0xAF, 0x7F, 0xAF, 0x7F, 0xAF, 0x7F, 0xAF, 0x7F, 0xAF, 0x7F, 0xAF, 0x7F, 0xAF,
    0x7F, 0xAF, 0x7F, 0xAF, 0x7F, 0xAF, 0x7F, 0xAF, 0x7F, 0xAF, 0x7F, 0xAF, 0x7F, 0xAF, 0x7F, 0xA7,
    0x7F, 0xA7, 0x7F, 0xA7, 0x7F, 0xA7, 0x7F, 0xA7, 0xFF, 0x7F, 0xA7, 0x7F, 0xA7, 0x7F, 0xA7, 0x7F,
    0xA7, 0x7F, 0xA7, 0x7F, 0xA7, 0x7F, 0xA7, 0x7F, 0xA7, 0x7F, 0xA7, 0x7E, 0xA7, 0x7E, 0xA7, 0x7E,
    0xAF, 0x7E, 0xA7, 0x9E, 0xAF, 0x7E, 0xAF, 0x7E, 0xAF, 0x7F, 0xAF, 0x7F, 0xAF, 0x7F, 0xAF, 0x7F,
    0xAF, 0x7F, 0xAF, 0x7F, 0xAF, 0x9F, 0xAF, 0x9F, 0xAF, 0x9F, 0xAF, 0x9F, 0xAF, 0x9F, 0xAF, 0x9F,
    0xAF, 0x9F, 0xAF, 0xBF, 0xA7, 0xBE, 0xA7, 0xBE, 0xAF, 0xBE, 0xAF, 0x9E, 0xB7, 0x7E, 0xB7, 0x7E,
    0xB7, 0x5E, 0xBF, 0x5E, 0xBF, 0x5E, 0xBF, 0x5E, 0xBF, 0x7E, 0xBF, 0x7E, 0xBF, 0x7E, 0xB7, 0x7E,
    0xAF, 0x7E, 0xAF, 0x7E, 0xB7, 0x7E, 0xB7, 0x9E, 0xB7, 0x9E, 0xB7, 0x9E, 0xAF, 0x9F, 0xAF, 0xBF,
    0xAF, 0xBF, 0xAF, 0x9F, 0xAF, 0x9F, 0xAF, 0x9F, 0xAF, 0x7E, 0xB7, 0x7F, 0xB7, 0x7F, 0xB7, 0x7F,
    0xB7, 0x9F, 0xB7, 0x9F, 0xB7, 0x9F, 0xB7, 0x9F, 0xB7, 0xFA, 0x9F, 0xB7, 0x9F, 0xB7, 0x9F, 0xB7,
    0x9F, 0xB7, 0x9F, 0xB7, 0x9F, 0xB7, 0x9F, 0xAF, 0x9F, 0xAF, 0x9F, 0xAF, 0x9F, 0xAF, 0x7E, 0xAF,
    0x7E, 0xAF, 0x7E, 0x9F, 0x5E, 0x9F, 0x7E, 0x9F, 0x7E, 0x9F, 0x5E, 0x9F, 0x5E, 0x9F, 0x5E, 0x9F,
    0x5E, 0x97, 0x7E, 0x97, 0x7E, 0x97, 0x7E, 0x97, 0x7E, 0x97, 0x5E, 0x97, 0x5E, 0x97, 0x7E, 0xBF,
    0x7D, 0xD7, 0xBE, 0xE7, 0x7E, 0xE6, 0xFD, 0xE7, 0x3E, 0xE7, 0x7E, 0xDF, 0x5E, 0xDF, 0x3E, 0xC7,
    0x5D, 0xB7, 0x3D, 0xAF, 0x5E, 0x9E, 0xFC, 0xAF, 0x1D, 0xCF, 0x5E, 0xD7, 0x5D, 0xCF, 0x9D, 0xD7,
    0x7C, 0xFF, 0x9D, 0xFF, 0x7D, 0xFF, 0x9D, 0xF7, 0x9D, 0xF7, 0x9D, 0xF7, 0x9E, 0xF7, 0x9E, 0xF7,
    0x7F, 0xE7, 0x1E, 0xDE, 0xFD, 0xDE, 0xDD, 0xDE, 0xDC, 0xDE, 0xDC, 0xDE, 0xDC, 0xDE, 0xDC, 0xDE,
    0xDC, 0xDE, 0xDC, 0xF7, 0x9E, 0x05, 0xFF, 0xFF, 0xFE, 0xFF, 0xFE, 0xFF, 0xFE, 0xFF, 0xDE, 0xFF,
    0x9E, 0xFF, 0x7D, 0xF7, 0x5D, 0xFF, 0x7D, 0xFF, 0x7D, 0xFF, 0x7D, 0xFF, 0x5D, 0xF7, 0x1D, 0xF7,
    0x1C, 0xF6, 0xFC, 0xF7, 0x1C, 0xF7, 0x1C, 0xF7, 0x1C, 0xF7, 0x3D, 0xFF, 0x5D, 0xFF, 0x7D, 0xFF,
    0x9D, 0xFF, 0x9C, 0xFF, 0x9C, 0xFF, 0x9C, 0xFF, 0x9D, 0xFF, 0x5D, 0xF7, 0x3C, 0xF7, 0x1C, 0xF7,
    0x1C, 0xF7, 0x1C, 0xF7, 0x1C, 0xF7, 0x3C, 0xFF, 0x3D, 0xFF, 0x5D, 0xF7, 0x3C, 0xFF, 0x3D, 0xF6,
    0xFB, 0xE6, 0x7B, 0xE6, 0x9C, 0xE6, 0x9C, 0xE6, 0x9C, 0xEE, 0x9D, 0xE6, 0x9C, 0xE6, 0x7C, 0xE6,
    0x5C, 0xDE, 0x5C, 0xDE, 0x5C, 0xDE, 0x5C, 0xDE, 0x5C, 0xDE, 0x5C, 0xDE, 0x5C, 0xD6, 0x5B, 0xCE,
    0x3B, 0xC5, 0xFA, 0xC5, 0xDA, 0xC5, 0xFA, 0xC5, 0xFA, 0xC5, 0xFA, 0xCD, 0xBB, 0xCD, 0x9C, 0xC5,
    0x9B, 0xC5, 0x7B, 0xC5, 0x7B, 0xBD, 0x9B, 0xBD, 0xFF, 0x9B, 0xAD, 0xDB, 0xA5, 0x99, 0xA5, 0x59,
    0xAC, 0xF7, 0xB4, 0xF7, 0xBD, 0x18, 0xDD, 0x9A, 0xF6, 0x3C, 0xFE, 0x5C, 0xFE, 0x3C, 0xFD, 0x59,
    0xFC, 0xF7, 0xE4, 0x14, 0xF3, 0xD4, 0xFB, 0xD5, 0xF3, 0x73, 0xF3, 0x32, 0xF3, 0x32, 0xE2, 0xF1,
    0xE2, 0xB0, 0xD2, 0xCF, 0xC2, 0xEF, 0xC2, 0xEF, 0xBA, 0xAE, 0xB2, 0x6D, 0xB2, 0x6D, 0xB2, 0x2C,
    0xAA, 0x4C, 0xAA, 0x6C, 0xAA, 0x4C, 0xA2, 0x2C, 0xA2, 0x2C, 0xF7, 0x5D, 0xF7, 0x5D, 0xF7, 0x5D,
    0xF7, 0x5D, 0xF7, 0x5D, 0xF7, 0x5D, 0xF7, 0x5D, 0xF7, 0x5D, 0xF7, 0x5D, 0xF7, 0x5D, 0xF7, 0x5D,
    0xF7, 0x5D, 0xF7, 0x5D, 0xF7, 0x5D, 0xF7, 0x5D, 0xEF, 0x5E, 0xEF, 0x5D, 0xEF, 0x5D, 0xEF, 0x5D,
    0xEF, 0x3D, 0xEF, 0x3D, 0xEF, 0x3D, 0xE7, 0x5D, 0xE7, 0x5D, 0xE7, 0x5D, 0xE7, 0x5D, 0xE7, 0x3D,
    0xE7, 0x3D, 0xE7, 0x3D, 0xDF, 0x3E, 0xDF, 0x3E, 0xDF, 0xFF, 0x3E, 0xDF, 0x3D, 0xDF, 0x3D, 0xDF,
    0x3D, 0xDF, 0x3D, 0xD7, 0x3D, 0xD7, 0x3D, 0xD7, 0x3D, 0xD7, 0x3D, 0xD7, 0x3D, 0xD7, 0x3D, 0xD7,
    0x3D, 0xD7, 0x3E, 0xD7, 0x3E, 0xD7, 0x3E, 0xD7, 0x3E, 0xD7, 0x3E, 0xD7, 0x3E, 0xCF, 0x5E, 0xCF,
    0x5E, 0xCF, 0x5E, 0xCF, 0x5E, 0xCF, 0x5E, 0xCF, 0x5E, 0xCF, 0x5E, 0xCF, 0x5E, 0xC7, 0x5E, 0xC7,
    0x5E, 0xC7, 0x5E, 0xC7, 0x5E, 0xC7, 0x5E, 0xC7, 0x5E, 0xBF, 0x5F, 0xBF, 0x7F, 0xBF, 0x7F, 0xBF,
    0x7F, 0xBF, 0x7F, 0xBF, 0x7F, 0xBF, 0x7F, 0xBF, 0x7F, 0xB7, 0x7F, 0xB7, 0x7F, 0xB7, 0x5F, 0xB7,
    0x5E, 0xB7, 0x5F, 0xB7, 0x5F, 0xAF, 0x7F, 0xAF, 0x7F, 0xAF, 0x7F, 0xAF, 0x7F, 0xB7, 0x7F, 0xAF,
    0x7F, 0xAF, 0x7F, 0xAF, 0x7F, 0xAF, 0x7F, 0xAF, 0x7F, 0xAF, 0x7F, 0xAF, 0x7F, 0xAF, 0x7F, 0xAF,
    0x7F, 0xAF, 0x5F, 0xAF, 0x5F, 0xAF, 0x5F, 0xAF, 0x5F, 0xAF, 0xFF, 0x5F, 0xAF, 0x5F, 0xAF, 0x5F,
    0xAF, 0x5F, 0xAF, 0x5F, 0xAF, 0x5F, 0xAF, 0x5F, 0xAF, 0x5F, 0xAF, 0x5F, 0xAF, 0x5E, 0xAF, 0x7E,
    0xAF, 0x7E, 0xAF, 0x7E, 0xAF, 0x9F, 0xAF, 0x9F, 0xAF, 0x9F, 0xB7, 0x7F, 0xB7, 0x7F, 0xB7, 0x7F,
    0xB7, 0x7F, 0xB7, 0x7F, 0xB7, 0x7F, 0xB7, 0x7F, 0xB7, 0x9E, 0xB7, 0x9E, 0xB7, 0x9E, 0xB7, 0x9E,
    0xB7, 0x9E, 0xB7, 0x9E, 0xAF, 0xBE, 0xAF, 0xDE, 0xAF, 0xBE, 0xB7, 0xBE, 0xAF, 0x7D, 0xB7, 0x7D,
    0xB7, 0x7D, 0xB7, 0x5D, 0xB7, 0x5D, 0xB7, 0x5D, 0xB7, 0x7D, 0xBF, 0x9E, 0xBF, 0x7E, 0xBF, 0x7E,
    0xBF, 0x5D, 0xBF, 0x5D, 0xBF, 0x5D, 0xBF, 0x7E, 0xBF, 0x7E, 0xBF, 0x7E, 0xBF, 0x7E, 0xB7, 0xBE,
    0xAF, 0xBE, 0xAF, 0xBE, 0xAF, 0x9E, 0xAF, 0x9E, 0xAF, 0x9E, 0xAF, 0x7E, 0xAF, 0x7F, 0xB7, 0x7F,
    0xB7, 0x7F, 0xB7, 0x9F, 0xB7, 0x9F, 0xB7, 0x9F, 0xB7, 0x9F, 0xB7, 0x99, 0x9F, 0xB7, 0x9F, 0xB7,
    0x9F, 0xB7, 0x9F, 0xB7, 0x9F, 0xB7, 0x9F, 0xB7, 0x9F, 0xAF, 0x9F, 0xAF, 0x9F, 0xAF, 0x9F, 0xAF,
    0x5E, 0xAF, 0x5E, 0xA7, 0x5E, 0xA7, 0x03, 0x9F, 0x81, 0xA7, 0xBF, 0x03, 0x9F, 0x80, 0x7F, 0x05,
    0x9F, 0xD2, 0x5E, 0x9F, 0x5E, 0x9F, 0x5E, 0x9F, 0x5E, 0x9F, 0x5E, 0x9F, 0x5E, 0x9F, 0x5E, 0xC7,
    0x9E, 0xCF, 0xBE, 0xD7, 0x7E, 0xDF, 0x3E, 0xDF, 0x3E, 0xD7, 0x3E, 0xCF, 0x3E, 0xDF, 0x7F, 0xC7,
    0x9F, 0xB7, 0x5E, 0xB7, 0xDF, 0x9F, 0x1C, 0xA7, 0x3D, 0xC7, 0x5E, 0xD7, 0x7D, 0xCF, 0x9D, 0xCF,
    0x9C, 0xFF, 0xDE, 0xFF, 0xBE, 0xFF, 0x9D, 0xF7, 0x9D, 0xF7, 0x9D, 0xF7, 0x9E, 0xF7, 0x9E, 0xEF,
    0x7F, 0xE6, 0xFD, 0xDE, 0xDC, 0xDE, 0xDD, 0xDE, 0xDC, 0xDE, 0xDC, 0xDE, 0xDC, 0xDE, 0xDC, 0xDE,
    0xDC, 0xDE, 0xDC, 0xF7, 0xBF, 0x05, 0xFF, 0xFF, 0xFE, 0xFF, 0xFE, 0xFF, 0xFE, 0xFF, 0xDE, 0xFF,
    0x9E, 0xFF, 0x7D, 0xF7, 0x5D, 0xFF, 0x5D, 0xFF, 0x5D, 0xFF, 0x5D, 0xFF, 0x3D, 0xF7, 0x1C, 0xF6,
    0xFC, 0xEE, 0xFC, 0xF6, 0xFC, 0xF6, 0xFC, 0xF6, 0xFC, 0xEE, 0xFC, 0xF7, 0x1D, 0xF7, 0x3C, 0xFF,
    0x7D, 0xFF, 0x7C, 0xFF, 0x7C, 0xFF, 0x7C, 0xFF, 0x7D, 0xFF, 0x5D, 0xF7, 0x3C, 0xF7, 0x1C, 0xF6,
    0xFB, 0xF6, 0xFB, 0xF6, 0xFB, 0xF7, 0x1C, 0xFF, 0x3D, 0xFF, 0x5D, 0xFF, 0x3C, 0xFF, 0x5D, 0xF7,
    0x1C, 0xE6, 0x9B, 0xE6, 0x9C, 0xE6, 0x9C, 0xE6, 0x9C, 0xEE, 0xBC, 0xEE, 0x9C, 0xE6, 0x7B, 0xDE,
    0x7B, 0xDE, 0x7B, 0xDE, 0x7B, 0xDE, 0x7B, 0xDE, 0x9C, 0xE6, 0xDD, 0xEF, 0x1E, 0xEF, 0x5F, 0xEF,
    0x1E, 0xE6, 0xFD, 0xD6, 0x7B, 0xCE, 0x1A, 0xCE, 0x1A, 0xCE, 0x1A, 0xC5, 0xFC, 0xC5, 0xFC, 0xC5,
    0xDB, 0xBD, 0xBB, 0xBD, 0x9B, 0xBD, 0x9B, 0xBD, 0xFF, 0xBB, 0xBD, 0x9A, 0xBD, 0x39, 0xBC, 0xF8,
    0xF6, 0x1C, 0xFE, 0x1C, 0xFE, 0x1C, 0xFD, 0x9A, 0xF4, 0xD6, 0xEC, 0x55, 0xDB, 0xB2, 0xEB, 0xF3,
    0xEB, 0xB3, 0xE3, 0x72, 0xE2, 0xF0, 0xDA, 0x6F, 0xD2, 0x4E, 0xCA, 0x2E, 0xC2, 0x0D, 0xBA, 0x2D,
    0xBA, 0x2D, 0xB2, 0x2D, 0xA2, 0x2C, 0xA2, 0x2C, 0xA2, 0x4C, 0xA2, 0x6D, 0xA2, 0x4C, 0x9A, 0x2C,
    0xA2, 0x4D, 0x9A, 0x4C, 0x9A, 0x4C, 0x9A, 0x2C, 0x9A, 0x4C, 0xF7, 0x7E, 0xF7, 0x7E, 0xF7, 0x7E,
    0xF7, 0x7E, 0xF7, 0x7E, 0xF7, 0x7D, 0xF7, 0x5D, 0xF7, 0x5D, 0xF7, 0x5D, 0xF7, 0x5D, 0xF7, 0x5D,
    0xF7, 0x5D, 0xF7, 0x5D, 0xF7, 0x5D, 0xF7, 0x5D, 0xF7, 0x5E, 0xEF, 0x7E, 0xEF, 0x7E, 0xEF, 0x7E,
    0xEF, 0x5D, 0xEF, 0x5D, 0xEF, 0x5D, 0xEF, 0x5D, 0xE7, 0x5D, 0xE7, 0x5D, 0xE7, 0x5D, 0xE7, 0x5D,
    0xE7, 0x5D, 0xE7, 0x5D, 0xDF, 0x3E, 0xDF, 0x3E, 0xDF, 0xFF, 0x3E, 0xDF, 0x3E, 0xDF, 0x3E, 0xDF,
    0x3E, 0xDF, 0x3E, 0xDF, 0x5E, 0xDF, 0x5E, 0xDF, 0x5E, 0xDF, 0x5E, 0xDF, 0x5E, 0xDF, 0x5E, 0xDF,
    0x5E, 0xD7, 0x5E, 0xD7, 0x5E, 0xD7, 0x5E, 0xD7, 0x5E, 0xD7, 0x5E, 0xD7, 0x5E, 0xD7, 0x7E, 0xCF,
    0x7E, 0xCF, 0x7E, 0xCF, 0x7E, 0xCF, 0x5E, 0xCF, 0x5E, 0xCF, 0x5E, 0xCF, 0x5E, 0xCF, 0x5E, 0xCF,
    0x5E, 0xCF, 0x5E, 0xCF, 0x5E, 0xCF, 0x5E, 0xCF, 0x5E, 0xC7, 0x7F, 0xC7, 0x7F, 0xC7, 0x7F, 0xC7,
    0x7F, 0xC7, 0x7F, 0xC7, 0x7F, 0xC7, 0x7F, 0xBF, 0x7F, 0xBF, 0x7F, 0xBF, 0x7F, 0xBF, 0x7F, 0xBF,
    0x7F, 0xBF, 0x7F, 0xBF, 0x7F, 0xB7, 0x7F, 0xB7, 0x7F, 0xB7, 0x7F, 0xB7, 0x7F, 0xB7, 0x7F, 0xB7,
    0x7F, 0xB7, 0x7F, 0xB7, 0x9F, 0xB7, 0x9F, 0xB7, 0x9F, 0xAF, 0x7F, 0xAF, 0x7F, 0xAF, 0x7F, 0xAF,
    0x7F, 0xAF, 0x7F, 0xAF, 0x7F, 0xAF, 0x7F, 0xAF, 0x7F, 0xAF, 0xE8, 0x7F, 0xAF, 0x7F, 0xAF, 0x7F,
    0xAF, 0x7F, 0xAF, 0x7F, 0xAF, 0x7F, 0xAF, 0x7F, 0xAF, 0x7F, 0xAF, 0x7F, 0xAF, 0x7F, 0xB7, 0x7F,
    0xB7, 0x7F, 0xB7, 0x7F, 0xB7, 0x9F, 0xB7, 0x9F, 0xB7, 0x9F, 0xB7, 0x7F, 0xB7, 0x7F, 0xB7, 0x7F,
    0xB7, 0x5E, 0xB7, 0x5E, 0xB7, 0x5E, 0xB7, 0x5E, 0xBF, 0x5D, 0xBF, 0x9E, 0xCF, 0xFF, 0xBF, 0x7E,
    0xBF, 0x7E, 0xB7, 0x5D, 0xBF, 0x9E, 0xBF, 0xBE, 0xB7, 0x3C, 0xB7, 0x3D, 0xC7, 0x7E, 0xD7, 0xDF,
    0xE7, 0xFF, 0xCF, 0x3D, 0xCE, 0xFC, 0xC6, 0xBC, 0xBE, 0xBC, 0xC6, 0xDC, 0xC6, 0xDC, 0xC6, 0xDC,
    0xD7, 0x5E, 0xD7, 0x7F, 0xDF, 0x9F, 0xE7, 0xBF, 0xE7, 0xDF, 0xD7, 0x7E, 0xCF, 0x3D, 0xBF, 0x5D,
    0xB7, 0x5D, 0xBF, 0xBE, 0x02, 0xBF, 0xE4, 0xB7, 0x9E, 0xB7, 0x9E, 0xB7, 0x9E, 0xB7, 0x9F, 0xB7,
    0x9F, 0xB7, 0x9F, 0xB7, 0x9F, 0xB7, 0x9F, 0xB7, 0x9F, 0xB7, 0x7F, 0xB7, 0x7F, 0xB7, 0x7F, 0xB7,
    0x7F, 0xB7, 0x7F, 0xB7, 0x7F, 0xB7, 0x7F, 0xAF, 0x7F, 0xAF, 0x7F, 0xAF, 0x7F, 0xAF, 0x7F, 0xAF,
    0x7E, 0xAF, 0x7E, 0xAF, 0x7E, 0x9F, 0x7F, 0x9F, 0x7F, 0x9F, 0x7F, 0x9F, 0x7F, 0x9F, 0x5E, 0x9F,
    0x5E, 0x9F, 0x3E, 0x9F, 0x3E, 0x9F, 0x3E, 0x9F, 0x5E, 0x9F, 0x5E, 0x9F, 0x5F, 0x9F, 0x5F, 0xA7,
    0x5E, 0xBF, 0x9E, 0xC7, 0x7E, 0xC7, 0x7E, 0xCF, 0x5E, 0xCF, 0x5E, 0xC7, 0x7E, 0xC7, 0x5F, 0xC7,
    0x3F, 0xB7, 0x7F, 0xAF, 0x9F, 0xA7, 0x7E, 0x9F, 0x1C, 0xA7, 0x1D, 0xD7, 0x02, 0xDF, 0xA6, 0xFF,
    0xAF, 0x1B, 0xC7, 0xBD, 0xF7, 0xDF, 0xFF, 0xBE, 0xFF, 0xBE, 0xF7, 0x9D, 0xF7, 0x9D, 0xEF, 0x7E,
    0xEF, 0x5D, 0xE7, 0x1D, 0xDE, 0xDD, 0xDE, 0xDC, 0xDE, 0xDD, 0xDE, 0xDC, 0xDE, 0xDC, 0xDE, 0xFD,
    0xDE, 0xBC, 0xE7, 0x1D, 0xF7, 0xBF, 0x09, 0xFF, 0xFF, 0xFE, 0xFF, 0xFD, 0xFF, 0xDD, 0xFF, 0x9E,
    0xFF, 0x7D, 0xFF, 0x5D, 0xFF, 0x7D, 0xFF, 0x5D, 0xFF, 0x5D, 0xFF, 0x3D, 0xF7, 0x3D, 0xF7, 0x1C,
    0xF6, 0xFC, 0xF6, 0xFC, 0xF6, 0xFC, 0xF6, 0xFC, 0xF6, 0xFD, 0xF6, 0xFD, 0xF6, 0xFC, 0xF7, 0x3C,
    0xFF, 0x7D, 0xFF, 0x7D, 0xFF, 0x9D, 0xFF, 0x5D, 0xFF, 0x5D, 0xFF, 0x5D, 0xFF, 0x7D, 0xFF, 0x5D,
    0xFF, 0x3C, 0xF7, 0x3C, 0xFF, 0x3D, 0xFF, 0x5D, 0xFF, 0x5D, 0xFF, 0x5D, 0xFF, 0x5D, 0xFF, 0x5D,
    0xFF, 0x3D, 0xEE, 0xDC, 0xEE, 0xBC, 0xE6, 0x7B, 0xE6, 0x9B, 0xE6, 0x9B, 0xE6, 0x9B, 0xE6, 0x9B,
    0xE6, 0x9C, 0xEE, 0xDD, 0xEF, 0x1E, 0xEF, 0x1E, 0xF7, 0x5F, 0xFF, 0x9F, 0xFF, 0xDF, 0xFF, 0xBF,
    0xF7, 0x9F, 0xEF, 0x3E, 0xE6, 0xFD, 0xE6, 0xDC, 0xDE, 0xBC, 0xCE, 0x5B, 0xC6, 0x3B, 0xC6, 0x1B,
    0xBD, 0xBA, 0xBD, 0x99, 0xCD, 0xFB, 0xD6, 0x3C, 0xFE, 0xFF, 0x5E, 0xFE, 0x1D, 0xFD, 0xDC, 0xFD,
    0x19, 0xFC, 0xB7, 0xF4, 0x36, 0xF3, 0xD3, 0xEB, 0xB2, 0xE3, 0x71, 0xD3, 0x10, 0xD2, 0xF0, 0xCA,
    0xCF, 0xC2, 0x8E, 0xBA, 0x6E, 0xB2, 0x4D, 0xB2, 0x6D, 0xAA, 0x6D, 0xA2, 0x4C, 0x9A, 0x4C, 0x9A,
    0x6C, 0x9A, 0x4C, 0x9A, 0x2C, 0x9A, 0x2C, 0x92, 0x4C, 0x92, 0x4C, 0x92, 0x4C, 0x92, 0x4C, 0x92,
    0x4C, 0x92, 0x4C, 0x92, 0x4C, 0x92, 0x4C, 0x92, 0x4C, 0xF7, 0x7E, 0xF7, 0x7E, 0xF7, 0x7E, 0xF7,
    0x7E, 0xF7, 0x7E, 0xF7, 0x7D, 0xF7, 0x5D, 0xF7, 0x5D, 0xF7, 0x5D, 0xF7, 0x5D, 0xF7, 0x5D, 0xF7,
    0x5D, 0xF7, 0x5D, 0xF7, 0x5D, 0xF7, 0x5D, 0xF7, 0x5E, 0xEF, 0x7E, 0xEF, 0x7E, 0xEF, 0x7E, 0xEF,
    0x5D, 0xEF, 0x5D, 0xEF, 0x5D, 0xEF, 0x5D, 0xE7, 0x5D, 0xE7, 0x5D, 0xE7, 0x5D, 0xE7, 0x5D, 0xE7,
    0x5D, 0xE7, 0x5D, 0xDF, 0x3E, 0xDF, 0x3E, 0xDF, 0x3E, 0xDF, 0xFF, 0x3E, 0xDF, 0x3E, 0xDF, 0x3E,
    0xDF, 0x3E, 0xDF, 0x5E, 0xDF, 0x5E, 0xDF, 0x5E, 0xDF, 0x5E, 0xDF, 0x5E, 0xDF, 0x5E, 0xDF, 0x5E,
    0xD7, 0x5E, 0xD7, 0x5E, 0xD7, 0x5E, 0xD7, 0x5E, 0xD7, 0x5E, 0xD7, 0x5E, 0xD7, 0x7E, 0xCF, 0x7E,
    0xCF, 0x7E, 0xCF, 0x7E, 0xCF, 0x5E, 0xCF, 0x5E, 0xCF, 0x5E, 0xCF, 0x5E, 0xCF, 0x5E, 0xCF, 0x5E,
    0xCF, 0x5E, 0xCF, 0x5E, 0xCF, 0x5E, 0xCF, 0x5E, 0xCF, 0x5F, 0xC7, 0x5F, 0xC7, 0x5F, 0xC7, 0x5F,
    0xC7, 0x5F, 0xC7, 0x5F, 0xC7, 0x5F, 0xBF, 0x5F, 0xBF, 0x5F, 0xBF, 0x5F, 0xBF, 0x5F, 0xBF, 0x5F,
    0xBF, 0x5F, 0xBF, 0x5F, 0xBF, 0x7F, 0xBF, 0x7F, 0xBF, 0x7F, 0xBF, 0x7F, 0xBF, 0x7F, 0xBF, 0x7F,
    0xBF, 0x7F, 0xB7, 0x7F, 0xB7, 0x7F, 0xB7, 0x7F, 0xB7, 0x5F, 0xB7, 0x5F, 0xB7, 0x5F, 0xB7, 0x5F,
    0xB7, 0x5F, 0xB7, 0x5F, 0xB7, 0x5F, 0xB7, 0x5F, 0xB7, 0x5F, 0xB7, 0xFF, 0x5F, 0xB7, 0x5F, 0xB7,
    0x5F, 0xB7, 0x5F, 0xB7, 0x5F, 0xB7, 0x5F, 0xB7, 0x5F, 0xB7, 0x5F, 0xB7, 0x5F, 0xB7, 0x5F, 0xB7,
    0x5F, 0xB7, 0x7F, 0xB7, 0x7F, 0xBF, 0x7F, 0xBF, 0x7F, 0xBF, 0x7F, 0xBF, 0x7F, 0xBF, 0x7F, 0xBF,
    0x7F, 0xBF, 0x7F, 0xBF, 0x7F, 0xC7, 0x7E, 0xCF, 0x5D, 0xC7, 0x5D, 0xC7, 0x3C, 0xC7, 0x5D, 0xC7,
    0x5D, 0xC7, 0x3D, 0xD7, 0x7E, 0xEF, 0x9F, 0xA5, 0x36, 0x6B, 0x6F, 0x52, 0x6B, 0x52, 0x2A, 0x49,
    0xEA, 0x59, 0xCA, 0x59, 0xCA, 0x61, 0xEA, 0x61, 0xEA, 0x61, 0xCA, 0x61, 0xCA, 0x59, 0xCA, 0x49,
    0x88, 0x49, 0xA9, 0x49, 0xC9, 0x52, 0x09, 0x5A, 0x4B, 0x62, 0x8C, 0x62, 0xAC, 0x9D, 0x15, 0xE7,
    0x5E, 0xDF, 0x9E, 0xCF, 0x3D, 0xBF, 0x7D, 0xBF, 0x9D, 0xB7, 0x9E, 0xB7, 0x9F, 0xB7, 0x9F, 0xB7,
    0x9F, 0xB7, 0x9F, 0xB7, 0x9F, 0xB7, 0x9F, 0xB7, 0x7F, 0xB7, 0x7F, 0xB7, 0xF6, 0x7F, 0xB7, 0x7F,
    0xB7, 0x7F, 0xB7, 0x7F, 0xB7, 0x7F, 0xAF, 0x7F, 0xAF, 0x7F, 0xAF, 0x7F, 0xAF, 0x7F, 0xAF, 0x7E,
    0xAF, 0x7E, 0xAF, 0x7E, 0xA7, 0x5E, 0xA7, 0x5E, 0xA7, 0x5E, 0xA7, 0x5E, 0xA7, 0x5E, 0xAF, 0x9F,
    0xAF, 0x9F, 0xAF, 0x9F, 0xAF, 0x7F, 0xA7, 0x5F, 0xA7, 0x5F, 0xA7, 0x5F, 0xA7, 0x5F, 0xA7, 0x5E,
    0x9F, 0x5D, 0xA7, 0x3D, 0xA7, 0x3D, 0xA7, 0x3D, 0xA7, 0x3D, 0x9F, 0x3D, 0xA7, 0x1E, 0x9F, 0x1F,
    0x97, 0x3E, 0x97, 0x3E, 0x97, 0x5E, 0x9F, 0x1C, 0xB7, 0x5D, 0xD7, 0xFF, 0xC7, 0xBF, 0x9F, 0x5C,
    0xA7, 0x7D, 0xD7, 0xBF, 0xEF, 0xDF, 0xEF, 0xBF, 0xEF, 0x7D, 0xF7, 0x9D, 0xEF, 0x5D, 0xDE, 0xDB,
    0xDE, 0xFC, 0xDE, 0xFD, 0xE6, 0xFD, 0xDE, 0xDD, 0xDE, 0xDC, 0xDE, 0xDC, 0xDE, 0xDC, 0xE6, 0xFD,
    0xF7, 0x7F, 0xFF, 0xDF, 0x07, 0xFF, 0xE6, 0xFE, 0xFF, 0xFD, 0xFF, 0xDD, 0xFF, 0xBD, 0xFF, 0x9E,
    0xFF, 0x7D, 0xFF, 0x5D, 0xFF, 0x5D, 0xFF, 0x3D, 0xFF, 0x3C, 0xF7, 0x1C, 0xF7, 0x1C, 0xF6, 0xFC,
    0xEE, 0xDC, 0xEE, 0xDC, 0xEE, 0xDC, 0xEE, 0xDC, 0xEE, 0xBC, 0xEE, 0xBC, 0xEE, 0xBC, 0xEE, 0xDC,
    0xEE, 0xDB, 0xF7, 0x1C, 0xFF, 0x5D, 0xFF, 0x5D, 0xFF, 0x5D, 0xFF, 0x5D, 0xFF, 0x5D, 0xFF, 0x3C,
    0xF7, 0x1C, 0xF7, 0x1C, 0xF7, 0x1C, 0xFF, 0x3D, 0xFF, 0x5D, 0xFF, 0x5D, 0xFF, 0x5D, 0xFF, 0x5D,
    0xFF, 0x7D, 0xFF, 0x5D, 0xF6, 0xFC, 0xE6, 0x7A, 0xE6, 0x7A, 0xE6, 0x7A, 0xE6, 0x7A, 0xDE, 0x7A,
    0xE6, 0xBB, 0xFF, 0x7E, 0xFF, 0xBF, 0xFF, 0xDF, 0xFF, 0xDF, 0xFF, 0xDF, 0xFF, 0xDF, 0x05, 0xFF,
    0xFF, 0xDF, 0xFF, 0xDF, 0xFF, 0xDF, 0xFF, 0xDF, 0xFF, 0xDF, 0xFF, 0x9E, 0xFE, 0xFD, 0xFE, 0xBC,
    0xFE, 0x5B, 0xF5, 0x58, 0xEC, 0xB6, 0xE3, 0xF3, 0xDB, 0x92, 0xDB, 0x72, 0xD3, 0x11, 0xD2, 0xF0,
    0xCA, 0x90, 0xC2, 0x6E, 0xBA, 0x8D, 0xBA, 0x4D, 0xAA, 0x4C, 0xAA, 0x2D, 0xA2, 0x2D, 0xA2, 0x2D,
    0x9A, 0x0C, 0x92, 0x2B, 0x92, 0x2B, 0x92, 0x2B, 0x92, 0x4C, 0x8A, 0x6C, 0x8A, 0x6C, 0x92, 0x4D,
    0x9A, 0x2D, 0x9A, 0x2D, 0x9A, 0x2D, 0x9A, 0x2D, 0x9A, 0x2D, 0x9A, 0x2D, 0x92, 0x2D, 0x92, 0x4D,
    0x92, 0x4D, 0x92, 0x4D, 0x92, 0x4D, 0xF7, 0x7E, 0xF7, 0x7E, 0xF7, 0x7E, 0xF7, 0x7E, 0xF7, 0x7E,
    0xF7, 0x7D, 0xF7, 0x5D, 0xF7, 0x5D, 0xF7, 0x5D, 0xF7, 0x5D, 0xF7, 0x5D, 0xF7, 0x5D, 0xF7, 0x5D,
    0xF7, 0x5D, 0xF7, 0x5D, 0xF7, 0x5E, 0xEF, 0x7E, 0xEF, 0x7E, 0xEF, 0x7E, 0xEF, 0x5D, 0xEF, 0x5D,
    0xEF, 0xFF, 0x5D, 0xEF, 0x5D, 0xE7, 0x5D, 0xE7, 0x5D, 0xE7, 0x5D, 0xE7, 0x5D, 0xE7, 0x5D, 0xE7,
    0x5D, 0xDF, 0x3E, 0xDF, 0x3E, 0xDF, 0x3E, 0xDF, 0x3E, 0xDF, 0x3E, 0xDF, 0x3E, 0xDF, 0x3E, 0xDF,
    0x5E, 0xDF, 0x5E, 0xDF, 0x5E, 0xDF, 0x5E, 0xDF, 0x5E, 0xDF, 0x5E, 0xDF, 0x5E, 0xD7, 0x5E, 0xD7,
    0x5E, 0xD7, 0x5E, 0xD7, 0x5E, 0xD7, 0x5E, 0xD7, 0x5E, 0xD7, 0x7E, 0xCF, 0x7E, 0xCF, 0x7E, 0xCF,
    0x7E, 0xCF, 0x5E, 0xCF, 0x5E, 0xCF, 0x5E, 0xCF, 0x5E, 0xCF, 0x5E, 0xCF, 0x5E, 0xCF, 0x5E, 0xCF,
    0x5E, 0xCF, 0x5E, 0xCF, 0x5E, 0xCF, 0x5F, 0xCF, 0x5F, 0xCF, 0x5F, 0xCF, 0x5F, 0xCF, 0x5F, 0xCF,
    0x5F, 0xCF, 0x5F, 0xC7, 0x5F, 0xC7, 0x5F, 0xC7, 0x5F, 0xC7, 0x5F, 0xC7, 0x5F, 0xC7, 0x5F, 0xC7,
    0x5F, 0xBF, 0x5F, 0xBF, 0x5F, 0xBF, 0x5F, 0xBF, 0x5F, 0xBF, 0x5F, 0xBF, 0x7F, 0xBF, 0x7F, 0xB7,
    0x7F, 0xB7, 0xFF, 0x7F, 0xB7, 0x7F, 0xB7, 0x5F, 0xB7, 0x5F, 0xB7, 0x5F, 0xB7, 0x5F, 0xB7, 0x5F,
    0xB7, 0x5F, 0xB7, 0x5F, 0xB7, 0x5F, 0xB7, 0x5F, 0xB7, 0x5F, 0xB7, 0x5F, 0xB7, 0x5F, 0xB7, 0x5F,
    0xB7, 0x5F, 0xB7, 0x5F, 0xB7, 0x5F, 0xB7, 0x5F, 0xB7, 0x5F, 0xB7, 0x5F, 0xB7, 0x5F, 0xB7, 0x5F,
    0xBF, 0x7F, 0xBF, 0x7F, 0xBF, 0x7F, 0xBF, 0x5F, 0xBF, 0x5F, 0xBF, 0x5F, 0xC7, 0x7F, 0xC7, 0x7F,
    0xC7, 0x7F, 0xC7, 0x7F, 0xCF, 0x7D, 0xCF, 0x5D, 0xC7, 0x3C, 0xC6, 0xFC, 0xB6, 0xBA, 0xA5, 0xF8,
    0x8C, 0xB3, 0x62, 0xAC, 0x49, 0xC9, 0x62, 0x6B, 0x6A, 0x8C, 0x6A, 0x4B, 0x6A, 0x2B, 0x59, 0xC9,
    0x61, 0xEA, 0x62, 0x0A, 0x62, 0x0A, 0x62, 0x0A, 0x62, 0x0A, 0x6A, 0x0A, 0x6A, 0x2B, 0x6A, 0x4B,
    0x6A, 0x6C, 0x6A, 0x4B, 0x62, 0x0A, 0x6A, 0x4B, 0x6A, 0x4B, 0x49, 0xA9, 0x73, 0x4F, 0xA5, 0x56,
    0xC6, 0xDB, 0xC7, 0xB8, 0x7D, 0xBF, 0x9D, 0xB7, 0x9E, 0xB7, 0x9F, 0xB7, 0x9F, 0xB7, 0x9F, 0xB7,
    0x9F, 0xB7, 0x9F, 0xB7, 0x9F, 0xB7, 0x7F, 0xB7, 0x7F, 0xB7, 0x7F, 0xB7, 0x7F, 0xB7, 0x7F, 0xB7,
    0x7F, 0xB7, 0x7F, 0xAF, 0x7F, 0xAF, 0x7F, 0xAF, 0x7F, 0xAF, 0x7F, 0xAF, 0x7E, 0xAF, 0x7E, 0xAF,
    0x7E, 0xAF, 0x3E, 0xAF, 0x3E, 0xAF, 0x3E, 0xAF, 0x3E, 0xAF, 0x5E, 0xB7, 0x9F, 0x03, 0xBF, 0xCE,
    0xDF, 0xB7, 0x9F, 0xAF, 0x7F, 0xA7, 0x5F, 0xA7, 0x5F, 0xA7, 0x3F, 0xA7, 0x5E, 0x9F, 0x7E, 0x9F,
    0x7E, 0x9F, 0x7E, 0x9F, 0x7E, 0x97, 0x7E, 0x97, 0x7E, 0x9F, 0x5F, 0x9F, 0x3F, 0x97, 0x5F, 0x97,
    0x7E, 0x97, 0x3D, 0xA7, 0x3D, 0xBF, 0x9E, 0xD7, 0xFF, 0xB7, 0x9F, 0x97, 0x7E, 0x97, 0x7E, 0xB7,
    0x3E, 0xD7, 0x9F, 0xD7, 0x5F, 0xE7, 0x5D, 0xF7, 0xBE, 0xF7, 0xBE, 0xE6, 0xFC, 0xDE, 0xDC, 0xE6,
    0xFD, 0xE7, 0x1E, 0xDE, 0xDD, 0xDE, 0xDC, 0xDE, 0xDC, 0xDE, 0xDC, 0xE7, 0x3E, 0xFF, 0xDF, 0x09,
    0xFF, 0xE8, 0xDE, 0xFF, 0xDD, 0xF7, 0xDD, 0xFF, 0xBD, 0xFF, 0x9E, 0xFF, 0x7D, 0xFF, 0x5D, 0xFF,
    0x3D, 0xFF, 0x3C, 0xFF, 0x1C, 0xF7, 0x1C, 0xF6, 0xFC, 0xEE, 0xDC, 0xEE, 0xDB, 0xEE, 0xDB, 0xEE,
    0xDB, 0xEE, 0xDB, 0xE6, 0x9C, 0xE6, 0x9C, 0xE6, 0x9B, 0xE6, 0x9B, 0xE6, 0x9A, 0xEE, 0xDB, 0xFF,
    0x3C, 0xFF, 0x5D, 0xFF, 0x5D, 0xFF, 0x5D, 0xFF, 0x5D, 0xF7, 0x1C, 0xF7, 0x1C, 0xF6, 0xFB, 0xF7,
    0x1C, 0xF7, 0x3C, 0xFF, 0x3D, 0xFF, 0x5D, 0xFF, 0x5D, 0xFF, 0x5D, 0xFF, 0x5D, 0xFF, 0x5D, 0xF7,
    0x3C, 0xEE, 0xFB, 0xEE, 0xDB, 0xEE, 0xDB, 0xEE, 0xDA, 0xEE, 0xDB, 0xEF, 0x1D, 0xFF, 0x9F, 0xFF,
    0xBF, 0xFF, 0xBF, 0xFF, 0xBF, 0xFF, 0xDF, 0xFF, 0xDF, 0xFF, 0xDF, 0x07, 0xFF, 0xFF, 0xDF, 0xFF,
    0xBF, 0xFE, 0xDB, 0xFE, 0x5A, 0xF5, 0x77, 0xF4, 0xD5, 0xEC, 0x33, 0xF3, 0xB2, 0xEB, 0x71, 0xE3,
    0x71, 0xD3, 0x30, 0xCA, 0xCF, 0xBA, 0x8E, 0xB2, 0x6E, 0xAA, 0x4E, 0xA2, 0x4C, 0x9A, 0x6B, 0x9A,
    0x6C, 0x9A, 0x2C, 0x9A, 0x2D, 0xA2, 0x2E, 0xA2, 0x2E, 0x9A, 0x0D, 0x9A, 0x0C, 0x9A, 0x2C, 0x9A,
    0x2C, 0x9A, 0x0C, 0x92, 0x2C, 0x92, 0x2C, 0x9A, 0x2C, 0x9A, 0x0D, 0x9A, 0x0D, 0x9A, 0x0D, 0xA2,
    0x0D, 0x9A, 0x0D, 0xA2, 0x0D, 0x9A, 0x2D, 0x9A, 0x2D, 0x9A, 0x2D, 0x9A, 0x2D, 0x9A, 0x2D, 0xF7,
    0x7D, 0xF7, 0x7D, 0xF7, 0x7D, 0xF7, 0x7D, 0xF7, 0x7D, 0xF7, 0x7D, 0xF7, 0x7D, 0xF7, 0x7D, 0xF7,
    0x7D, 0xF7, 0x7D, 0xF7, 0x7D, 0xF7, 0x7D, 0xF7, 0x5D, 0xF7, 0x5D, 0xF7, 0x5D, 0xF7, 0x5D, 0xF7,
    0x5D, 0xF7, 0x5D, 0xF7, 0x5D, 0xF7, 0x5D, 0xF7, 0x5D, 0xF7, 0x5D, 0xEF, 0x7D, 0xEF, 0xFF, 0x5D,
    0xEF, 0x5D, 0xEF, 0x5D, 0xE7, 0x5D, 0xE7, 0x5D, 0xE7, 0x5D, 0xE7, 0x5D, 0xE7, 0x3D, 0xE7, 0x5D,
    0xE7, 0x5D, 0xE7, 0x5D, 0xE7, 0x3D, 0xE7, 0x5D, 0xDF, 0x7D, 0xDF, 0x7D, 0xDF, 0x7D, 0xDF, 0x7D,
    0xDF, 0x7D, 0xDF, 0x7D, 0xDF, 0x7D, 0xD7, 0x7D, 0xD7, 0x7E, 0xDF, 0x7E, 0xD7, 0x7D, 0xD7, 0x7D,
    0xD7, 0x7D, 0xD7, 0x7D, 0xD7, 0x5E, 0xD7, 0x5E, 0xD7, 0x5E, 0xD7, 0x5E, 0xD7, 0x5E, 0xD7, 0x5E,
    0xD7, 0x7E, 0xCF, 0x7E, 0xCF, 0x7E, 0xCF, 0x7E, 0xCF, 0x7E, 0xCF, 0x7E, 0xD7, 0x7E, 0xCF, 0x9E,
    0xCF, 0x9E, 0xCF, 0x9E, 0xC7, 0x7E, 0xC7, 0x7E, 0xC7, 0x7E, 0xC7, 0x7E, 0xC7, 0x7E, 0xC7, 0x7E,
    0xC7, 0x7E, 0xC7, 0x7E, 0xC7, 0x7E, 0xC7, 0x7E, 0xC7, 0x7E, 0xBF, 0x9F, 0xBF, 0x9F, 0xBF, 0x9F,
    0xBF, 0x7E, 0xBF, 0x7E, 0xBF, 0x7E, 0xB7, 0x7F, 0xB7, 0x9F, 0xB7, 0x9F, 0xB7, 0x7F, 0xB7, 0xFF,
    0x7F, 0xB7, 0x7F, 0xB7, 0x9F, 0xB7, 0x9F, 0xB7, 0x7F, 0xB7, 0x7F, 0xB7, 0x7F, 0xB7, 0x9F, 0xB7,
    0x9F, 0xB7, 0x9F, 0xB7, 0x7F, 0xB7, 0x7F, 0xB7, 0x7F, 0xB7, 0x9F, 0xB7, 0x9F, 0xB7, 0x9F, 0xB7,
    0x7F, 0xBF, 0x9F, 0xBF, 0x9F, 0xBF, 0x9F, 0xBF, 0x7F, 0xBF, 0x7F, 0xBF, 0x7F, 0xBF, 0x5F, 0xBF,
    0x7F, 0xBF, 0x7F, 0xBF, 0x5E, 0xCF, 0x5E, 0xE7, 0x9F, 0xEF, 0x3E, 0xC5, 0x77, 0x8B, 0x90, 0x62,
    0x2A, 0x49, 0xA8, 0x52, 0x09, 0x52, 0x09, 0x52, 0x2A, 0x5A, 0x4B, 0x62, 0x8C, 0x5A, 0x4B, 0x5A,
    0x2B, 0x5A, 0x2B, 0x51, 0xCA, 0x49, 0x89, 0x41, 0x48, 0x39, 0x68, 0x39, 0x48, 0x39, 0x47, 0x39,
    0x27, 0x39, 0x27, 0x39, 0x27, 0x41, 0x88, 0x49, 0xA9, 0x51, 0xEA, 0x5A, 0x0B, 0x5A, 0x2B, 0x5A,
    0x2C, 0x62, 0x4B, 0x62, 0x0A, 0x62, 0x4B, 0x5A, 0x6B, 0x5A, 0xAB, 0xCE, 0xFC, 0xD7, 0x9E, 0xBF,
    0xFF, 0x3D, 0xBF, 0xFF, 0xB7, 0xBF, 0xB7, 0x9F, 0xB7, 0x7F, 0xB7, 0x7F, 0xBF, 0x7F, 0xB7, 0x7F,
    0xAF, 0x7E, 0xAF, 0x7E, 0xAF, 0x7E, 0xAF, 0x7E, 0xAF, 0x7E, 0xAF, 0x7E, 0xAF, 0x9E, 0xAF, 0x9E,
    0xAF, 0x9E, 0xAF, 0x9E, 0xA7, 0x7E, 0xA7, 0x7E, 0xA7, 0x7E, 0xA7, 0x9E, 0xA7, 0x7E, 0xAF, 0x7E,
    0xB7, 0x7F, 0xC7, 0x9F, 0xCF, 0x7F, 0xCF, 0x7F, 0xD7, 0x7F, 0xCF, 0x5E, 0xC7, 0x5F, 0xBF, 0x5F,
    0xAF, 0x5F, 0xA7, 0x5F, 0xA7, 0x7F, 0x9F, 0x7F, 0x9F, 0x7F, 0x9F, 0x7F, 0x9F, 0x7F, 0x9F, 0x7F,
    0x9F, 0x7F, 0x9F, 0x7E, 0x9F, 0x5E, 0x9F, 0x5E, 0x9F, 0x5E, 0x9F, 0x5D, 0x9F, 0x1D, 0xB7, 0xBF,
    0xB7, 0xBF, 0x9F, 0x5F, 0x97, 0x5F, 0x97, 0x7F, 0x9F, 0x5E, 0x9F, 0x5E, 0x9F, 0x5E, 0xB7, 0x7F,
    0xBF, 0x7E, 0xC7, 0x5E, 0xCF, 0x1E, 0xD6, 0xFD, 0xDE, 0xDD, 0xE6, 0xBC, 0xDE, 0xBC, 0xE6, 0xFE,
    0xDE, 0x84, 0xBC, 0xE6, 0xFD, 0xF7, 0xBE, 0x05, 0xFF, 0xFF, 0xFE, 0xFF, 0xFE, 0xFF, 0xFE, 0xFF,
    0xBD, 0xFF, 0xBD, 0xFF, 0xBD, 0xFF, 0x9D, 0xFF, 0x7D, 0xFF, 0x5D, 0xFF, 0x3C, 0xFF, 0x3C, 0xF7,
    0x1C, 0xF6, 0xFC, 0xF6, 0xFC, 0xF6, 0xDC, 0xEE, 0xBB, 0xEE, 0x9B, 0xEE, 0xBB, 0xEE, 0xBB, 0xEE,
    0xBB, 0xE6, 0x9B, 0xE6, 0x9B, 0xE6, 0x9B, 0xE6, 0x7B, 0xE6, 0x9B, 0xEE, 0xDC, 0xFF, 0x3E, 0xF7,
    0x1D, 0xF6, 0xFD, 0xEE, 0xBB, 0xE6, 0x9B, 0xEE, 0xBC, 0xE6, 0x9B, 0xE6, 0x9B, 0xEE, 0xFD, 0xF7,
    0x3E, 0xF7, 0x3E, 0xFF, 0x5E, 0xF7, 0x1D, 0xF7, 0x3E, 0xFF, 0x9E, 0xFF, 0x7D, 0xFF, 0x7D, 0xFF,
    0x7E, 0xFF, 0x7E, 0xFF, 0x7E, 0xFF, 0x7E, 0xFF, 0x5E, 0xFF, 0x1E, 0xFF, 0x1E, 0xFF, 0x7F, 0xFF,
    0xBF, 0xFF, 0xDF, 0xFF, 0xDF, 0xF7, 0xDF, 0xF7, 0xDF, 0xFF, 0xDF, 0xFF, 0x7F, 0xFF, 0x1E, 0xFE,
    0x5C, 0xFD, 0x58, 0xFC, 0x55, 0xF4, 0x13, 0xEB, 0xB1, 0xE3, 0xFF, 0x50, 0xDB, 0x30, 0xD2, 0xCE,
    0xCA, 0xAD, 0xBA, 0x8E, 0xB2, 0x8D, 0xAA, 0x6D, 0xAA, 0x4D, 0xAA, 0x4D, 0xAA, 0x4D, 0xA2, 0x4D,
    0x9A, 0x4E, 0x9A, 0x4E, 0x9A, 0x4E, 0x9A, 0x2E, 0x9A, 0x2E, 0x9A, 0x2E, 0x9A, 0x2E, 0x9A, 0x2D,
    0x9A, 0x2D, 0x9A, 0x2D, 0x92, 0x2D, 0x92, 0x2D, 0x92, 0x2D, 0x9A, 0x2D, 0x9A, 0x2D, 0x9A, 0x2D,
    0xA2, 0x2D, 0xA2, 0x2D, 0xA2, 0x2D, 0xA2, 0x2D, 0x9A, 0x4D, 0x9A, 0x4D, 0x9A, 0x4D, 0x9A, 0x4D,
    0x9A, 0x6D, 0xFF, 0x7D, 0xFF, 0x7D, 0xFF, 0x7D, 0xFF, 0x7D, 0xFF, 0x7D, 0xFF, 0x7D, 0xFF, 0x7D,
    0xFF, 0x7D, 0xFF, 0x7D, 0xFF, 0x7D, 0xFF, 0x7D, 0xFF, 0x7D, 0xF7, 0x5D, 0xF7, 0x5D, 0xF7, 0x5D,
    0xF7, 0x5D, 0xF7, 0x5D, 0xF7, 0x5D, 0xF7, 0x5D, 0xF7, 0x5D, 0xF7, 0x5D, 0xF7, 0x5D, 0xEF, 0x5D,
    0xEF, 0x5D, 0xEF, 0x5D, 0xEF, 0x5D, 0xEF, 0x5D, 0xEF, 0x5D, 0xEF, 0xFF, 0x5D, 0xEF, 0x3D, 0xEF,
    0x3D, 0xEF, 0x3D, 0xEF, 0x3D, 0xEF, 0x3D, 0xEF, 0x3D, 0xEF, 0x3D, 0xDF, 0x7D, 0xDF, 0x7D, 0xDF,
    0x7D, 0xDF, 0x7D, 0xDF, 0x7D, 0xDF, 0x7D, 0xDF, 0x7D, 0xDF, 0x7D, 0xDF, 0x7D, 0xDF, 0x7D, 0xD7,
    0x5D, 0xD7, 0x5D, 0xD7, 0x5D, 0xD7, 0x5D, 0xDF, 0x5E, 0xDF, 0x5E, 0xDF, 0x5E, 0xDF, 0x5E, 0xDF,
    0x5E, 0xDF, 0x5E, 0xD7, 0x5E, 0xCF, 0x7E, 0xCF, 0x7E, 0xCF, 0x7E, 0xCF, 0x7E, 0xCF, 0x7E, 0xCF,
    0x7E, 0xCF, 0x9E, 0xCF, 0x9E, 0xCF, 0x7E, 0xCF, 0x7E, 0xC7, 0x7E, 0xC7, 0x7E, 0xC7, 0x7E, 0xC7,
    0x7E, 0xC7, 0x9E, 0xC7, 0x9E, 0xC7, 0x9E, 0xC7, 0x9E, 0xC7, 0x7E, 0xC7, 0x9E, 0xBF, 0x9E, 0xBF,
    0x9E, 0xBF, 0x9E, 0xBF, 0x7E, 0xBF, 0x7E, 0xBF, 0x7E, 0xB7, 0x7E, 0xB7, 0x9F, 0xB7, 0x9F, 0xB7,
    0x7F, 0xB7, 0x7F, 0xB7, 0x7F, 0xB7, 0x9F, 0xB7, 0x9F, 0xB7, 0x7F, 0xB7, 0xF2, 0x7F, 0xB7, 0x7F,
    0xB7, 0x9F, 0xB7, 0x9F, 0xB7, 0x9F, 0xB7, 0x7F, 0xB7, 0x7F, 0xB7, 0x7F, 0xB7, 0x9F, 0xB7, 0x9F,
    0xB7, 0x9F, 0xB7, 0x7F, 0xBF, 0x9E, 0xBF, 0x9F, 0xBF, 0x9F, 0xBF, 0x9F, 0xBF, 0x9F, 0xBF, 0x9F,
    0xBF, 0x7F, 0xBF, 0x1D, 0xD7, 0x7F, 0xD7, 0x5E, 0x94, 0x72, 0x6A, 0xCC, 0x5A, 0x08, 0x82, 0xAC,
    0x7A, 0x8C, 0x72, 0x4B, 0x59, 0xC9, 0x6A, 0x6B, 0x6A, 0x4B, 0x5A, 0x0A, 0x51, 0xEA, 0x49, 0xCA,
    0x39, 0x48, 0x31, 0x07, 0x31, 0x27, 0x29, 0x06, 0x28, 0xE6, 0x28, 0xE6, 0x28, 0xE6, 0x28, 0xE6,
    0x31, 0x07, 0x31, 0x27, 0x31, 0x27, 0x31, 0x27, 0x28, 0xC6, 0x28, 0xC6, 0x29, 0x06, 0x31, 0x07,
    0x31, 0x27, 0x41, 0xA9, 0x49, 0xCA, 0x5A, 0x0A, 0x62, 0x4B, 0x62, 0x6B, 0x62, 0xCC, 0x4A, 0x2A,
    0x02, 0x4A, 0xFF, 0xCE, 0xDC, 0xC7, 0x5E, 0xC7, 0x7F, 0xBF, 0x9F, 0xB7, 0x9E, 0xB7, 0x7E, 0xBF,
    0x7E, 0xB7, 0x7E, 0xAF, 0x7E, 0xAF, 0x7E, 0xAF, 0x7E, 0xAF, 0x7E, 0xAF, 0x7E, 0xAF, 0x7E, 0xAF,
    0x9E, 0xAF, 0x9E, 0xAF, 0x9E, 0xAF, 0x9E, 0xA7, 0x9E, 0xA7, 0x7E, 0xA7, 0x7E, 0xA7, 0x7E, 0xA7,
    0x9E, 0xAF, 0x7E, 0xB7, 0x7E, 0xC7, 0x9F, 0xCF, 0x7F, 0xCF, 0x7F, 0xCF, 0x5E, 0xCF, 0x5E, 0xC7,
    0x7E, 0xBF, 0x9F, 0xAF, 0x7F, 0xA7, 0x5F, 0xA7, 0x7F, 0x9F, 0x7F, 0x9F, 0x7F, 0x9F, 0x7F, 0x9F,
    0x7F, 0x9F, 0x7F, 0x9F, 0x7F, 0x9F, 0x5E, 0x9F, 0x5D, 0x9F, 0x5D, 0x9F, 0x5D, 0xA7, 0x5E, 0x9F,
    0x3D, 0xAF, 0x9F, 0xA7, 0x9F, 0x97, 0x5F, 0x9F, 0x5F, 0x9F, 0x5F, 0x9F, 0x5E, 0x9F, 0x5E, 0x9F,
    0x5E, 0x9F, 0x5E, 0xA7, 0x3E, 0xAF, 0x3D, 0xBF, 0x1D, 0xCF, 0x1D, 0xD6, 0xFD, 0xDE, 0xDD, 0xDE,
    0xDD, 0xDE, 0xFD, 0x85, 0xE7, 0x1D, 0xEF, 0x5D, 0xFF, 0xDF, 0x05, 0xFF, 0xF5, 0xFE, 0xFF, 0xFE,
    0xFF, 0xFE, 0xFF, 0xBD, 0xFF, 0xBD, 0xFF, 0x9D, 0xFF, 0x9D, 0xFF, 0x7D, 0xFF, 0x5D, 0xFF, 0x3C,
    0xFF, 0x3C, 0xF7, 0x1C, 0xF7, 0x1C, 0xF6, 0xFC, 0xF6, 0xDC, 0xEE, 0xBB, 0xEE, 0x9B, 0xEE, 0x9B,
    0xEE, 0x9B, 0xEE, 0x9B, 0xE6, 0x7B, 0xE6, 0x9B, 0xE6, 0x9B, 0xE6, 0x7B, 0xE6, 0x9B, 0xEE, 0xBC,
    0xF6, 0xFD, 0xF6, 0xFD, 0xF7, 0x1D, 0xFF, 0x5E, 0xFF, 0x5E, 0xEE, 0xDC, 0xE6, 0x9B, 0xDE, 0x5A,
    0xDE, 0x5B, 0xE6, 0x9C, 0xEF, 0x1E, 0xFF, 0x9F, 0xFF, 0x9F, 0xFF, 0x9F, 0xFF, 0xBF, 0xFF, 0xBF,
    0xFF, 0xBF, 0xFF, 0xBF, 0xF7, 0x5E, 0xF7, 0x5E, 0xF7, 0x5E, 0xF7, 0x5E, 0xEF, 0x1D, 0xE6, 0xDC,
    0xE6, 0xDC, 0xDE, 0x7B, 0xE6, 0x9C, 0xEE, 0xBC, 0xFE, 0xDD, 0xFE, 0x7C, 0xFD, 0xFA, 0xED, 0x17,
    0xE4, 0x34, 0xDB, 0x02, 0xD3, 0xFF, 0x31, 0xD3, 0x10, 0xD2, 0xF0, 0xC2, 0xAF, 0xBA, 0x8E, 0xB2,
    0x6D, 0xAA, 0x4D, 0xAA, 0x2C, 0x92, 0x4C, 0x92, 0x2C, 0x92, 0x2C, 0x9A, 0x0C, 0x9A, 0x0C, 0x9A,
    0x0C, 0x9A, 0x0C, 0x9A, 0x0D, 0x9A, 0x0D, 0x9A, 0x0D, 0x9A, 0x2D, 0x9A, 0x2D, 0x9A, 0x2D, 0xA2,
    0x2D, 0xA2, 0x0D, 0xA2, 0x2D, 0xA2, 0x0D, 0xAA, 0x2E, 0xAA, 0x2E, 0xAA, 0x2E, 0xA2, 0x4D, 0xA2,
    0x6D, 0xA2, 0x6D, 0xA2, 0x6D, 0xA2, 0x6D, 0xA2, 0x6D, 0xA2, 0x6D, 0xAA, 0x6D, 0xAA, 0x6D, 0xAA,
    0x6D, 0xAA, 0x6D, 0xAA, 0x6D, 0xFF, 0x7D, 0xFF, 0x7D, 0xFF, 0x7D, 0xFF, 0x7D, 0xFF, 0x7D, 0xFF,
    0x7D, 0xFF, 0x7D, 0xFF, 0x7D, 0xFF, 0x7D, 0xFF, 0x7D, 0xFF, 0x7D, 0xFF, 0x7D, 0xF7, 0x5D, 0xF7,
    0x5D, 0xF7, 0x5D, 0xF7, 0x5D, 0xF7, 0x5D, 0xF7, 0x5D, 0xF7, 0x5D, 0xF7, 0x5D, 0xF7, 0x5D, 0xF7,
    0x5D, 0xEF, 0x5D, 0xEF, 0x5D, 0xEF, 0xFF, 0x5D, 0xEF, 0x5D, 0xEF, 0x5D, 0xEF, 0x5D, 0xEF, 0x5D,
    0xEF, 0x3D, 0xEF, 0x3D, 0xEF, 0x3D, 0xEF, 0x3D, 0xEF, 0x3D, 0xEF, 0x3D, 0xEF, 0x3D, 0xE7, 0x5D,
    0xDF, 0x7D, 0xDF, 0x7D, 0xDF, 0x7D, 0xE7, 0x5D, 0xE7, 0x5D, 0xE7, 0x5D, 0xDF, 0x7D, 0xDF, 0x7D,
    0xDF, 0x7D, 0xDF, 0x5D, 0xDF, 0x5D, 0xDF, 0x5D, 0xDF, 0x5D, 0xDF, 0x5E, 0xDF, 0x5E, 0xDF, 0x5E,
    0xDF, 0x5E, 0xDF, 0x5E, 0xDF, 0x5E, 0xD7, 0x5E, 0xD7, 0x7E, 0xD7, 0x7E, 0xD7, 0x7E, 0xD7, 0x7E,
    0xD7, 0x7E, 0xD7, 0x7E, 0xCF, 0x7E, 0xCF, 0x7E, 0xCF, 0x7E, 0xCF, 0x7E, 0xCF, 0x7E, 0xCF, 0x7E,
    0xCF, 0x7E, 0xC7, 0x7E, 0xC7, 0x7E, 0xC7, 0x7E, 0xC7, 0x7E, 0xC7, 0x7E, 0xC7, 0x7E, 0xC7, 0x7E,
    0xBF, 0x9E, 0xBF, 0x9E, 0xBF, 0x9E, 0xBF, 0x7E, 0xBF, 0x7E, 0xBF, 0x7E, 0xBF, 0x7E, 0xBF, 0x7F,
    0xBF, 0x7F, 0xBF, 0x7F, 0xBF, 0x7F, 0xBF, 0xA4, 0x7F, 0xBF, 0x7F, 0xBF, 0x7F, 0xBF, 0x7F, 0xBF,
    0x7F, 0xBF, 0x7F, 0xBF, 0x7F, 0xBF, 0x7F, 0xBF, 0x7F, 0xBF, 0x7F, 0xBF, 0x7F, 0xBF, 0x7F, 0xBF,
    0x7F, 0xBF, 0x7F, 0xBF, 0x7F, 0xBF, 0x7F, 0xBF, 0x7F, 0xBF, 0x9F, 0xBF, 0x9F, 0x03, 0xBF, 0xD9,
    0xBE, 0xC7, 0x9E, 0xC7, 0x9E, 0xDF, 0x7D, 0xA5, 0x55, 0x6B, 0x2D, 0x7A, 0xEC, 0x8B, 0x4D, 0x83,
    0x0D, 0x6A, 0x2A, 0x61, 0xEA, 0x59, 0x88, 0x49, 0x48, 0x49, 0x47, 0x39, 0x26, 0x39, 0x06, 0x31,
    0x27, 0x31, 0x27, 0x31, 0x07, 0x28, 0xE6, 0x28, 0xE6, 0x28, 0xE6, 0x28, 0xE6, 0x28, 0xE6, 0x28,
    0xE6, 0x28, 0xE6, 0x28, 0xE6, 0x31, 0x07, 0x31, 0x07, 0x29, 0x06, 0x31, 0x47, 0x31, 0x47, 0x31,
    0x47, 0x31, 0x27, 0x31, 0x07, 0x31, 0x27, 0x31, 0x27, 0x41, 0x88, 0x49, 0xE9, 0x52, 0x2A, 0x52,
    0x4B, 0x52, 0x2A, 0x6A, 0xED, 0x52, 0x6C, 0xBE, 0x1A, 0xDF, 0x02, 0xBF, 0xFC, 0x5D, 0xBF, 0x7E,
    0xB7, 0x9E, 0xBF, 0x7E, 0xB7, 0x7E, 0xB7, 0x7E, 0xB7, 0x7E, 0xB7, 0x7E, 0xB7, 0x7E, 0xB7, 0x7E,
    0xB7, 0x7E, 0xAF, 0x7E, 0xAF, 0x7E, 0xAF, 0x7E, 0xAF, 0x7E, 0xAF, 0x7E, 0xAF, 0x7E, 0xAF, 0x7E,
    0xA7, 0x7E, 0xA7, 0x9E, 0xAF, 0x5E, 0xB7, 0x7E, 0xC7, 0x9F, 0xCF, 0x7F, 0xCF, 0x7F, 0xC7, 0x5D,
    0xC7, 0x9E, 0xC7, 0x9E, 0xC7, 0xDF, 0xB7, 0x9E, 0xA7, 0x5E, 0xA7, 0x7E, 0x9F, 0x7E, 0x9F, 0x7E,
    0x9F, 0x7E, 0x9F, 0x7E, 0x9F, 0x7E, 0x9F, 0x7E, 0xA7, 0x5E, 0x9F, 0x5D, 0x9F, 0x5D, 0x9F, 0x5D,
    0xA7, 0x5E, 0x9F, 0x5D, 0xA7, 0x5E, 0x9F, 0x5E, 0x9F, 0x5E, 0x9F, 0x5E, 0x9F, 0x5E, 0x9F, 0x5E,
    0x9F, 0x5E, 0xA7, 0x3E, 0xA7, 0x7E, 0xA7, 0x7E, 0xAF, 0x5E, 0xB7, 0x3D, 0xC7, 0x3D, 0xCF, 0x1D,
    0xCF, 0x1D, 0xD6, 0xFD, 0xD6, 0xFD, 0xDF, 0x3E, 0xEF, 0x9E, 0x07, 0xFF, 0xFF, 0xFE, 0xFF, 0xFE,
    0xFF, 0xFE, 0xFF, 0xBD, 0xFF, 0xBD, 0xFF, 0x9D, 0xFF, 0x9D, 0xFF, 0x7D, 0xFF, 0x5D, 0xFF, 0x3C,
    0xFF, 0x3C, 0xF7, 0x1C, 0xF7, 0x1C, 0xF6, 0xFC, 0xF6, 0xDC, 0xEE, 0xBB, 0xEE, 0x9B, 0xEE, 0x9B,
    0xEE, 0x9B, 0xEE, 0x9B, 0xE6, 0x7B, 0xE6, 0x7B, 0xE6, 0x7B, 0xE6, 0x7B, 0xE6, 0x7B, 0xE6, 0x9B,
    0xEE, 0xBC, 0xEE, 0xDC, 0xF6, 0xFD, 0xFF, 0x5E, 0xFF, 0x7F, 0xFF, 0x3E, 0xF7, 0x1D, 0xEE, 0xDC,
    0xE6, 0xBC, 0xDE, 0x9C, 0xEE, 0xFD, 0xFF, 0x7F, 0xFF, 0x9F, 0xFF, 0x9F, 0xF7, 0x3F, 0xF7, 0x3F,
    0xF7, 0x1F, 0xEE, 0xFE, 0xE6, 0xDD, 0xE6, 0xDD, 0xE6, 0xDD, 0xDE, 0xFC, 0xD6, 0xDB, 0xD6, 0x7A,
    0xE6, 0x9B, 0xE6, 0x3A, 0xEE, 0x5B, 0xFE, 0x5C, 0xFD, 0x18, 0xFC, 0xB7, 0xEC, 0x15, 0xDB, 0x72,
    0xD3, 0x31, 0xCB, 0x11, 0xCA, 0xD0, 0xB2, 0x6E, 0xAA, 0x6E, 0xAA, 0x4E, 0xA2, 0xFF, 0x2D, 0xA2,
    0x2D, 0x9A, 0x2D, 0x9A, 0x2D, 0x92, 0x2C, 0x92, 0x4C, 0x9A, 0x4C, 0xA2, 0x2C, 0xA2, 0x2C, 0xAA,
    0x0C, 0xAA, 0x2D, 0xB2, 0x4D, 0xB2, 0x4D, 0xB2, 0x4D, 0xB2, 0x6E, 0xB2, 0x6E, 0xB2, 0x6E, 0xBA,
    0x6E, 0xC2, 0x8E, 0xC2, 0x8E, 0xC2, 0x8E, 0xCA, 0xAF, 0xCA, 0xAF, 0xCA, 0xAF, 0xCA, 0xAF, 0xC2,
    0xCF, 0xC2, 0xCF, 0xCA, 0xEF, 0xCA, 0xEF, 0xCA, 0xEF, 0xCA, 0xEF, 0xD2, 0xCF, 0xD2, 0xCF, 0xD2,
    0xCF, 0xDA, 0xD0, 0xDA, 0xF0, 0xFF, 0x9D, 0xFF, 0x9D, 0xFF, 0x9D, 0xFF, 0x9D, 0xFF, 0x9D, 0xFF,
    0x7D, 0xFF, 0x7D, 0xFF, 0x7D, 0xFF, 0x7D, 0xFF, 0x7D, 0xFF, 0x7D, 0xFF, 0x7D, 0xFF, 0x7D, 0xFF,
    0x7D, 0xFF, 0x7D, 0xF7, 0x7D, 0xF7, 0x5D, 0xF7, 0x5D, 0xF7, 0x5D, 0xF7, 0x5D, 0xF7, 0x5D, 0xF7,
    0x5D, 0xEF, 0x5D, 0xEF, 0x5D, 0xEF, 0x5D, 0xEF, 0x5D, 0xEF, 0x5D, 0xEF, 0x5D, 0xEF, 0xFF, 0x5D,
    0xEF, 0x5D, 0xEF, 0x5D, 0xEF, 0x5D, 0xEF, 0x5D, 0xEF, 0x3D, 0xEF, 0x3D, 0xEF, 0x3D, 0xE7, 0x5D,
    0xE7, 0x3D, 0xE7, 0x3D, 0xE7, 0x3D, 0xE7, 0x5D, 0xE7, 0x5D, 0xE7, 0x5D, 0xE7, 0x7D, 0xE7, 0x7D,
    0xE7, 0x7D, 0xEF, 0x9E, 0xE7, 0x9E, 0xE7, 0x7E, 0xDF, 0x5D, 0xD7, 0x5D, 0xD7, 0x5D, 0xD7, 0x5D,
    0xDF, 0x7E, 0xDF, 0x7E, 0xDF, 0x7E, 0xDF, 0x7E, 0xDF, 0x7F, 0xDF, 0x7F, 0xDF, 0x7F, 0xDF, 0x7F,
    0xDF, 0x7F, 0xDF, 0x7F, 0xD7, 0x7F, 0xD7, 0x9F, 0xD7, 0x9F, 0xD7, 0x7E, 0xCF, 0x7E, 0xD7, 0x7E,
    0xD7, 0x7E, 0xCF, 0x7E, 0xCF, 0x7E, 0xCF, 0x7E, 0xCF, 0x7E, 0xCF, 0x7E, 0xCF, 0x7E, 0xCF, 0x7E,
    0xC7, 0x9F, 0xC7, 0x9F, 0xC7, 0x9F, 0xC7, 0x7E, 0xC7, 0x7E, 0xC7, 0x7E, 0xC7, 0x7F, 0xBF, 0x7F,
    0xC7, 0x7F, 0xC7, 0x7F, 0xC7, 0x7F, 0xC7, 0x7F, 0xC7, 0x7F, 0xC7, 0x7F, 0xC7, 0x7F, 0xC7, 0xA1,
    0x7F, 0xC7, 0x7F, 0xC7, 0x7F, 0xC7, 0x7F, 0xC7, 0x7F, 0xC7, 0x7F, 0xC7, 0x7F, 0xC7, 0x7F, 0xC7,
    0x7F, 0xC7, 0x7F, 0xC7, 0x7F, 0xC7, 0x7F, 0xC7, 0x7F, 0xC7, 0x7F, 0xBF, 0x9E, 0xB7, 0x3C, 0xCF,
    0xDF, 0xE7, 0x02, 0xBE, 0xFF, 0x38, 0x73, 0x0C, 0x83, 0x2D, 0x8A, 0xEC, 0x82, 0x8B, 0x71, 0xE9,
    0x59, 0x46, 0x49, 0x06, 0x40, 0xE7, 0x40, 0xE6, 0x38, 0xE6, 0x38, 0xE6, 0x39, 0x06, 0x31, 0x06,
    0x31, 0x07, 0x28, 0xE7, 0x29, 0x06, 0x29, 0x06, 0x29, 0x06, 0x29, 0x06, 0x29, 0x06, 0x29, 0x06,
    0x29, 0x06, 0x29, 0x06, 0x29, 0x06, 0x29, 0x06, 0x29, 0x06, 0x29, 0x06, 0x31, 0x07, 0x31, 0x07,
    0x31, 0x07, 0x31, 0x07, 0x31, 0x07, 0x31, 0x07, 0x31, 0x07, 0x29, 0x47, 0x29, 0x27, 0x29, 0x07,
    0x31, 0x27, 0x49, 0xCA, 0x5A, 0x2C, 0x72, 0x8D, 0x49, 0x89, 0x5A, 0xAD, 0xCF, 0x3E, 0xC7, 0x5D,
    0xD7, 0xFF, 0xAE, 0xDB, 0xCF, 0xDF, 0xBF, 0x7F, 0xBF, 0x7F, 0xBF, 0x7F, 0xBF, 0x7F, 0xBF, 0x7F,
    0xBF, 0x7F, 0xB7, 0x7E, 0xAF, 0x5E, 0xAF, 0x5E, 0xAF, 0x5E, 0xB7, 0x7E, 0xB7, 0x7E, 0xB7, 0x7E,
    0xAF, 0x7E, 0xAF, 0x7E, 0xB7, 0xBE, 0x7E, 0xB7, 0x7E, 0xBF, 0x7F, 0xBF, 0x7F, 0xC7, 0x7F, 0xB7,
    0x5D, 0xB7, 0x9D, 0xB7, 0x9D, 0xB7, 0x5D, 0xB7, 0x5D, 0xBF, 0x7D, 0xBF, 0x7D, 0xA6, 0xFC, 0xA7,
    0x1C, 0xA7, 0x1C, 0xAF, 0x3C, 0xB7, 0x5D, 0xAF, 0x3D, 0xA7, 0x3C, 0x9F, 0x5D, 0x9F, 0x5D, 0x9F,
    0x5D, 0x9F, 0x5D, 0x9F, 0x5D, 0x9F, 0x5D, 0x9F, 0x5E, 0xA7, 0x5E, 0xA7, 0x5E, 0xA7, 0x5E, 0xAF,
    0x1D, 0xAE, 0xFD, 0xB7, 0x5E, 0x02, 0xBF, 0x92, 0xAF, 0x5D, 0xAF, 0x3D, 0xBF, 0x7E, 0xBF, 0x7E,
    0xBF, 0x7E, 0xC7, 0x5E, 0xCF, 0x3E, 0xD7, 0x3E, 0xE7, 0xBF, 0xF7, 0x08, 0xFF, 0xFF, 0xFE, 0xFF,
    0xFE, 0xFF, 0xDD, 0xFF, 0xBD, 0xFF, 0xBD, 0xFF, 0x9D, 0xFF, 0x9D, 0xFF, 0x9E, 0xFF, 0x7D, 0xFF,
    0x5D, 0xFF, 0x3C, 0xF7, 0x1C, 0xF7, 0x1C, 0xF6, 0xFC, 0xF6, 0xDC, 0xEE, 0xBB, 0xEE, 0x9B, 0xEE,
    0x9B, 0xEE, 0x9B, 0xE6, 0x7A, 0xE6, 0x9B, 0xE6, 0x9B, 0xE6, 0x7B, 0xE6, 0x7B, 0xE6, 0x7B, 0xE6,
    0x7B, 0xE6, 0x7B, 0xEE, 0xBC, 0xE6, 0x9B, 0xE6, 0x7B, 0xEE, 0xBC, 0xFF, 0x5E, 0xFF, 0x9F, 0xFF,
    0xBF, 0xFF, 0x9F, 0xFF, 0x5F, 0xEF, 0x1E, 0xEE, 0xFD, 0xEE, 0xFD, 0xEE, 0xFD, 0xF6, 0xFE, 0xE6,
    0x7D, 0xCD, 0xDA, 0xE6, 0x7D, 0xE6, 0x5D, 0xDE, 0x3C, 0xCD, 0xDB, 0xD5, 0xD9, 0xEE, 0x1A, 0xFE,
    0x7B, 0xFE, 0x1B, 0xF4, 0xD6, 0xEC, 0x34, 0xE3, 0x92, 0xDA, 0xF1, 0xD2, 0xD0, 0xCA, 0xAF, 0xBA,
    0x8E, 0xB2, 0x6D, 0xAA, 0x6D, 0xA2, 0x6D, 0x9A, 0x6E, 0x9A, 0x4E, 0x9A, 0x4E, 0x9A, 0xFF, 0x4E,
    0x9A, 0x4E, 0x9A, 0x6E, 0xA2, 0x6E, 0xAA, 0x2D, 0xB2, 0x2D, 0xB2, 0x2D, 0xB2, 0x0D, 0xC2, 0x2D,
    0xCA, 0x8F, 0xD2, 0xAF, 0xD2, 0x8F, 0xDA, 0xD0, 0xE3, 0x11, 0xE2, 0xF0, 0xE3, 0x31, 0xEB, 0x72,
    0xEB, 0x92, 0xE3, 0x92, 0xE3, 0xB2, 0xE3, 0xB3, 0xEB, 0xF3, 0xEC, 0x14, 0xF4, 0x14, 0xFC, 0x34,
    0xF3, 0xF4, 0xF3, 0xF4, 0xF3, 0xF4, 0xEB, 0x92, 0xEB, 0xB3, 0xF3, 0xF4, 0xFC, 0x15, 0xFC, 0x15,
    0xFC, 0x15, 0xFC, 0x15, 0xFC, 0x15, 0xFF, 0x9D, 0xFF, 0x9D, 0xFF, 0x9D, 0xFF, 0x9D, 0xFF, 0x9D,
    0xFF, 0x7D, 0xFF, 0x7D, 0xFF, 0x7D, 0xFF, 0x7D, 0xFF, 0x7D, 0xFF, 0x7D, 0xFF, 0x7D, 0xFF, 0x7D,
    0xFF, 0x7D, 0xFF, 0x7D, 0xF7, 0x7D, 0xF7, 0x5D, 0xF7, 0x5D, 0xF7, 0x5D, 0xF7, 0x5D, 0xF7, 0x5D,
    0xF7, 0x5D, 0xEF, 0x5D, 0xEF, 0x5D, 0xEF, 0x5D, 0xEF, 0x5D, 0xEF, 0x5D, 0xEF, 0x5D, 0xEF, 0xFF,
    0x5D, 0xEF, 0x5D, 0xEF, 0x5D, 0xEF, 0x5D, 0xEF, 0x5D, 0xEF, 0x3D, 0xEF, 0x3D, 0xEF, 0x3D, 0xEF,
    0x3D, 0xEF, 0x5D, 0xEF, 0x5D, 0xEF, 0x5E, 0xEF, 0x7E, 0xEF, 0x7E, 0xEF, 0x7E, 0xEF, 0x7E, 0xEF,
    0x7E, 0xEF, 0x7E, 0xE7, 0x5D, 0xE7, 0x3D, 0xE7, 0x3D, 0xDF, 0x3D, 0xDF, 0x5E, 0xDF, 0x5E, 0xDF,
    0x5E, 0xDF, 0x7E, 0xDF, 0x7E, 0xDF, 0x7E, 0xDF, 0x7E, 0xDF, 0x7F, 0xDF, 0x7F, 0xDF, 0x7F, 0xDF,
    0x7F, 0xDF, 0x7F, 0xDF, 0x7F, 0xD7, 0x7F, 0xD7, 0x7F, 0xD7, 0x7F, 0xD7, 0x7E, 0xD7, 0x5E, 0xD7,
    0x5E, 0xD7, 0x5E, 0xCF, 0x7E, 0xCF, 0x7E, 0xCF, 0x7E, 0xCF, 0x7E, 0xCF, 0x7E, 0xCF, 0x7E, 0xCF,
    0x7E, 0xCF, 0x7F, 0xCF, 0x7F, 0xCF, 0x7F, 0xC7, 0x5E, 0xC7, 0x5E, 0xC7, 0x5E, 0xC7, 0x7F, 0xC7,
    0x7F, 0xC7, 0x7F, 0xC7, 0x7F, 0xC7, 0x7F, 0xC7, 0x7F, 0xC7, 0x7F, 0xC7, 0x7F, 0xC7, 0x7F, 0xC7,
    0xFF, 0x7F, 0xC7, 0x7F, 0xC7, 0x7F, 0xC7, 0x7F, 0xC7, 0x7F, 0xC7, 0x7F, 0xC7, 0x7F, 0xC7, 0x7F,
    0xC7, 0x7F, 0xC7, 0x7F, 0xC7, 0x7F, 0xC7, 0x7F, 0xCF, 0x5F, 0xC7, 0x7F, 0xC7, 0x9E, 0xD7, 0xBE,
    0xC6, 0xFB, 0xB5, 0x55, 0x59, 0xE8, 0x8A, 0xEC, 0x8A, 0xCC, 0x82, 0x4B, 0x79, 0xEA, 0x61, 0x68,
    0x51, 0x07, 0x49, 0x07, 0x41, 0x07, 0x41, 0x07, 0x38, 0xE7, 0x39, 0x07, 0x31, 0x07, 0x31, 0x07,
    0x31, 0x07, 0x29, 0x06, 0x29, 0x06, 0x29, 0x06, 0x29, 0x06, 0x29, 0x06, 0x29, 0x06, 0x29, 0x06,
    0x29, 0x06, 0x29, 0x06, 0x29, 0x06, 0x29, 0x06, 0x29, 0x06, 0x29, 0x06, 0x31, 0x07, 0x31, 0x07,
    0x31, 0x07, 0x31, 0x07, 0x31, 0x07, 0x31, 0x07, 0x31, 0x07, 0x29, 0x27, 0x29, 0x27, 0x29, 0x27,
    0x31, 0x07, 0x41, 0x48, 0x51, 0xAA, 0x62, 0x2C, 0x6A, 0x8D, 0x51, 0xEA, 0xAD, 0x56, 0xE7, 0x7F,
    0xCF, 0xF7, 0x5D, 0xCF, 0xBE, 0xBF, 0x3D, 0xBF, 0x7F, 0xBF, 0x7F, 0xBF, 0x7F, 0xBF, 0x7F, 0xBF,
    0x7F, 0xBF, 0x7F, 0xBF, 0x5E, 0xB7, 0x5E, 0xB7, 0x5E, 0xB7, 0x5E, 0xB7, 0x7E, 0xB7, 0x7E, 0xB7,
    0x5E, 0xB7, 0x7E, 0xB7, 0x7E, 0xB7, 0x7E, 0xB7, 0x7E, 0xBF, 0x7E, 0xBF, 0x7E, 0xBF, 0x5E, 0xAF,
    0x3D, 0xB7, 0x5D, 0xBF, 0x5D, 0xBF, 0x7D, 0xD7, 0xBE, 0xD7, 0xDE, 0xDF, 0xDE, 0xDF, 0xFF, 0xDF,
    0xFF, 0xDF, 0xFF, 0xD7, 0xBE, 0xD7, 0xDF, 0xC7, 0x5D, 0xB7, 0x3D, 0xA7, 0x5E, 0xA7, 0x5E, 0xA7,
    0x5E, 0xA7, 0x5E, 0xA7, 0x5E, 0xA7, 0x5E, 0xA7, 0x7D, 0xA7, 0x7E, 0xA7, 0x5E, 0xAF, 0x5D, 0xBF,
    0x7E, 0xC7, 0x7F, 0xD7, 0xDF, 0xD7, 0xFF, 0xC7, 0x9F, 0xBF, 0x5D, 0xBF, 0x5E, 0xBF, 0x7F, 0xBF,
    0x7F, 0xBF, 0x7F, 0xC7, 0x7E, 0xCF, 0x5E, 0xDF, 0xBF, 0xEF, 0x08, 0xFF, 0xFF, 0xFE, 0xFF, 0xFE,
    0xFF, 0xDD, 0xFF, 0xBD, 0xFF, 0xBD, 0xFF, 0x9D, 0xFF, 0x9D, 0xFF, 0x9E, 0xFF, 0x7D, 0xFF, 0x5D,
    0xFF, 0x3C, 0xF7, 0x1C, 0xF7, 0x1C, 0xF6, 0xFC, 0xF6, 0xDC, 0xEE, 0xBB, 0xEE, 0x9B, 0xEE, 0x9B,
    0xEE, 0x9B, 0xE6, 0x7A, 0xE6, 0x9B, 0xE6, 0x9B, 0xE6, 0x7B, 0xE6, 0x7B, 0xE6, 0x7B, 0xE6, 0x7B,
    0xE6, 0x7B, 0xE6, 0x9B, 0xE6, 0x7B, 0xE6, 0x7B, 0xE6, 0x7B, 0xEE, 0xBC, 0xEE, 0xDC, 0xEE, 0xFD,
    0xEE, 0xFD, 0xEE, 0xFD, 0xE6, 0xDD, 0xDE, 0x9C, 0xDE, 0x9C, 0xDE, 0x9C, 0xD6, 0x3B, 0xCD, 0xBA,
    0xD5, 0xDA, 0xCD, 0x79, 0xC5, 0x38, 0xDD, 0x9A, 0xF6, 0x5D, 0xFE, 0x7C, 0xFE, 0x1A, 0xFC, 0xD6,
    0xE4, 0x13, 0xEB, 0xB3, 0xE3, 0x51, 0xDA, 0xD0, 0xC2, 0xAF, 0xBA, 0x8E, 0xB2, 0x8D, 0xAA, 0x6D,
    0xA2, 0x6D, 0xA2, 0x6D, 0x9A, 0x6D, 0xA2, 0x6D, 0xA2, 0x6D, 0xA2, 0x4D, 0xA2, 0xFF, 0x6E, 0xAA,
    0x8E, 0xB2, 0x8F, 0xB2, 0xAF, 0xD2, 0xF0, 0xD3, 0x11, 0xDB, 0x31, 0xEB, 0xB3, 0xEB, 0xB3, 0xEB,
    0xB3, 0xE3, 0x93, 0xE3, 0x93, 0xEB, 0xB3, 0xF3, 0xF4, 0xEB, 0xB3, 0xEB, 0xD4, 0xF4, 0x15, 0xF4,
    0x76, 0xF4, 0xF7, 0xF5, 0x17, 0xF5, 0x17, 0xFD, 0x79, 0xFD, 0x79, 0xFD, 0x99, 0xFD, 0xDA, 0xFD,
    0xDA, 0xFD, 0xDA, 0xFE, 0x3C, 0xFE, 0x5C, 0xFE, 0x3C, 0xFE, 0x1B, 0xFE, 0x9E, 0xFE, 0x9E, 0xFE,
    0x9E, 0xFE, 0x9E, 0xFE, 0x9E, 0xFF, 0x9D, 0xFF, 0x9D, 0xFF, 0x9D, 0xFF, 0x9D, 0xFF, 0x9D, 0xFF,
    0x7D, 0xFF, 0x7D, 0xFF, 0x7D, 0xFF, 0x7D, 0xFF, 0x7D, 0xFF, 0x7D, 0xFF, 0x7D, 0xFF, 0x7D, 0xFF,
    0x7D, 0xFF, 0x7D, 0xF7, 0x7D, 0xF7, 0x5D, 0xF7, 0x5D, 0xF7, 0x5D, 0xF7, 0x5D, 0xF7, 0x5D, 0xF7,
    0x5D, 0xEF, 0x5D, 0xEF, 0x5D, 0xEF, 0x5D, 0xEF, 0x5D, 0xEF, 0x5D, 0xEF, 0x5D, 0xEF, 0xFF, 0x5D,
    0xEF, 0x5D, 0xEF, 0x5D, 0xEF, 0x5D, 0xEF, 0x5D, 0xEF, 0x3D, 0xEF, 0x3D, 0xEF, 0x3D, 0xEF, 0x5D,
    0xF7, 0x7E, 0xF7, 0x7E, 0xF7, 0x9F, 0xF7, 0x9F, 0xFF, 0x9F, 0xF7, 0x9F, 0xF7, 0xBF, 0xF7, 0xBF,
    0xF7, 0xBF, 0xEF, 0x5E, 0xEF, 0x5D, 0xEF, 0x3D, 0xE7, 0x5D, 0xDF, 0x7E, 0xDF, 0x7E, 0xDF, 0x7E,
    0xDF, 0x7E, 0xDF, 0x7E, 0xDF, 0x7E, 0xDF, 0x7E, 0xDF, 0x5F, 0xDF, 0x5F, 0xDF, 0x5F, 0xDF, 0x5F,
    0xDF, 0x5F, 0xDF, 0x5F, 0xDF, 0x7F, 0xDF, 0x7F, 0xDF, 0x7F, 0xDF, 0x5E, 0xD7, 0x5E, 0xD7, 0x5E,
    0xD7, 0x5E, 0xD7, 0x7E, 0xD7, 0x7E, 0xD7, 0x7E, 0xD7, 0x7E, 0xD7, 0x7E, 0xD7, 0x7E, 0xD7, 0x5E,
    0xCF, 0x7F, 0xCF, 0x7F, 0xCF, 0x7F, 0xCF, 0x5E, 0xCF, 0x5E, 0xCF, 0x5E, 0xC7, 0x5F, 0xC7, 0x5F,
    0xC7, 0x5F, 0xC7, 0x5F, 0xC7, 0x5F, 0xC7, 0x5F, 0xC7, 0x5F, 0xC7, 0x5F, 0xC7, 0x5F, 0xC7, 0xFF,
    0x5F, 0xC7, 0x5F, 0xC7, 0x5F, 0xC7, 0x5F, 0xC7, 0x5F, 0xC7, 0x5F, 0xC7, 0x5F, 0xC7, 0x5F, 0xC7,
    0x5F, 0xC7, 0x5F, 0xC7, 0x5F, 0xC7, 0x5F, 0xD7, 0x7F, 0xCF, 0x7F, 0xCF, 0x9E, 0xCF, 0x3C, 0xE7,
    0x1C, 0x72, 0x4A, 0xA3, 0x0D, 0x92, 0xAD, 0x8A, 0x6C, 0x71, 0xCA, 0x59, 0x69, 0x51, 0x28, 0x49,
    0x08, 0x49, 0x29, 0x41, 0x28, 0x41, 0x28, 0x39, 0x08, 0x31, 0x07, 0x31, 0x07, 0x31, 0x27, 0x31,
    0x07, 0x30, 0xE6, 0x29, 0x06, 0x29, 0x06, 0x29, 0x06, 0x29, 0x06, 0x29, 0x06, 0x29, 0x06, 0x29,
    0x06, 0x29, 0x06, 0x29, 0x06, 0x29, 0x06, 0x29, 0x06, 0x29, 0x06, 0x31, 0x07, 0x31, 0x07, 0x31,
    0x07, 0x31, 0x07, 0x31, 0x07, 0x31, 0x07, 0x31, 0x07, 0x29, 0x07, 0x31, 0x28, 0x31, 0x48, 0x39,
    0x28, 0x30, 0xE7, 0x41, 0x49, 0x5A, 0x0B, 0x62, 0x4B, 0x6A, 0x6C, 0x62, 0x4B, 0xB5, 0x57, 0xE7,
    0xF7, 0x9E, 0xC7, 0x3C, 0xCF, 0x9E, 0xC7, 0x7F, 0xC7, 0x7F, 0xC7, 0x7F, 0xBF, 0x5F, 0xBF, 0x5F,
    0xBF, 0x5F, 0xBF, 0x5E, 0xBF, 0x5E, 0xBF, 0x5E, 0xBF, 0x5E, 0xBF, 0x5E, 0xBF, 0x5E, 0xBF, 0x5E,
    0xB7, 0x5E, 0xB7, 0x5E, 0xB7, 0x5E, 0xB7, 0x5E, 0xB7, 0x5E, 0xB7, 0x5E, 0xB7, 0x5E, 0xAF, 0x1C,
    0xBF, 0x7D, 0xCF, 0xBE, 0xDF, 0xDE, 0xEF, 0xFF, 0xF7, 0xFF, 0xF7, 0xFF, 0xF7, 0xFF, 0xF7, 0xFF,
    0xF7, 0xFF, 0xF7, 0xFF, 0xF7, 0xFF, 0xE7, 0x9E, 0xC7, 0x5E, 0xA7, 0x7E, 0xA7, 0x7E, 0xA7, 0x7E,
    0xA7, 0x7E, 0xA7, 0x7E, 0xA7, 0x7E, 0xA7, 0x7E, 0xAF, 0x9D, 0xAF, 0x7D, 0xB7, 0x5D, 0xCF, 0xBF,
    0xDF, 0xFF, 0xE7, 0xFF, 0xE7, 0xFF, 0xDF, 0xBF, 0xCF, 0x5E, 0xC7, 0x5F, 0xC7, 0x7F, 0xC7, 0x7F,
    0xBF, 0x7F, 0xCF, 0xBF, 0xC7, 0x5E, 0xD7, 0xBE, 0xEF, 0x08, 0xFF, 0xFF, 0xFE, 0xFF, 0xFE, 0xFF,
    0xDD, 0xFF, 0xBD, 0xFF, 0xBD, 0xFF, 0x9D, 0xFF, 0x9D, 0xFF, 0x9E, 0xFF, 0x7D, 0xFF, 0x5D, 0xFF,
    0x3C, 0xF7, 0x1C, 0xF7, 0x1C, 0xF6, 0xFC, 0xF6, 0xDC, 0xEE, 0xBB, 0xEE, 0x9B, 0xEE, 0x9B, 0xEE,
    0x9B, 0xE6, 0x7A, 0xE6, 0x9B, 0xE6, 0x9B, 0xE6, 0x7B, 0xE6, 0x7B, 0xDE, 0x5A, 0xDE, 0x5A, 0xDE,
    0x5A, 0xE6, 0x7B, 0xE6, 0x7B, 0xDE, 0x5A, 0xDE, 0x3A, 0xD6, 0x19, 0xDE, 0x3A, 0xDE, 0x3A, 0xD6,
    0x5B, 0xDE, 0x5B, 0xDE, 0x7B, 0xD6, 0x3A, 0xD6, 0x3A, 0xD6, 0x3A, 0xDE, 0x3B, 0xDE, 0x3A, 0xE6,
    0x3A, 0xF6, 0x5C, 0xFE, 0xBE, 0xFE, 0x3C, 0xF5, 0x79, 0xF4, 0xD6, 0xEC, 0x13, 0xE3, 0xB2, 0xE3,
    0x92, 0xCA, 0xAE, 0xCA, 0x6E, 0xC2, 0x4D, 0xB2, 0x4D, 0xAA, 0x4D, 0xAA, 0x4D, 0xAA, 0x4C, 0xAA,
    0x4D, 0xAA, 0x6D, 0xB2, 0x8E, 0xB2, 0xAE, 0xB2, 0xAE, 0xBA, 0xCF, 0xC2, 0x8C, 0xEF, 0xCB, 0x10,
    0xDB, 0x51, 0xDB, 0x51, 0xDB, 0x92, 0xE3, 0xB3, 0xE4, 0x14, 0x02, 0xD3, 0xFF, 0xDC, 0x13, 0xE4,
    0x75, 0xED, 0x18, 0xF5, 0x9A, 0xF5, 0x9A, 0xFD, 0xBB, 0xFE, 0x5D, 0xFE, 0x5D, 0xFE, 0x7E, 0xFE,
    0x5C, 0xEE, 0x1B, 0xF6, 0x3B, 0xF6, 0x3B, 0xDD, 0x99, 0xE5, 0xB9, 0xE5, 0xDA, 0xD5, 0x99, 0xB5,
    0x17, 0xB5, 0x17, 0xB5, 0x37, 0xAC, 0xD6, 0xA4, 0x95, 0x94, 0x34, 0x94, 0x55, 0x94, 0x55, 0x94,
    0x55, 0x94, 0x55, 0x94, 0x55, 0xFF, 0x9D, 0xFF, 0x9D, 0xFF, 0x9D, 0xFF, 0x9D, 0xFF, 0x9D, 0xFF,
    0x7D, 0xFF, 0x7D, 0xFF, 0x7D, 0xFF, 0x7D, 0xFF, 0x7D, 0xFF, 0x7D, 0xFF, 0x7D, 0xFF, 0x7D, 0xFF,
    0x7D, 0xFF, 0x7D, 0xF7, 0x7D, 0xF7, 0x5D, 0xF7, 0x5D, 0xF7, 0x5D, 0xF7, 0x5D, 0xF7, 0x5D, 0xF7,
    0x5D, 0xEF, 0x5D, 0xEF, 0x5D, 0xEF, 0x5D, 0xEF, 0x5D, 0xEF, 0x5D, 0xEF, 0x5D, 0xEF, 0x5D, 0xEF,
    0x5D, 0xEF, 0x5D, 0xEF, 0x5D, 0xEF, 0x5D, 0xEF, 0x3D, 0xEF, 0x3D, 0xEF, 0x3D, 0x8D, 0xEF, 0x5E,
    0xFF, 0x9F, 0xFF, 0xBF, 0xFF, 0xDF, 0xFF, 0xDF, 0xFF, 0xDF, 0xFF, 0xDF, 0x09, 0xFF, 0xFF, 0xDF,
    0xFF, 0xDF, 0xF7, 0x9F, 0xE7, 0x7E, 0xE7, 0x7E, 0xE7, 0x7E, 0xDF, 0x5E, 0xDF, 0x5E, 0xDF, 0x5E,
    0xDF, 0x5E, 0xDF, 0x5E, 0xDF, 0x5E, 0xDF, 0x5E, 0xDF, 0x7E, 0xDF, 0x7E, 0xDF, 0x7E, 0xDF, 0x7E,
    0xDF, 0x7E, 0xDF, 0x7E, 0xDF, 0x5E, 0xD7, 0x5E, 0xD7, 0x5E, 0xD7, 0x5E, 0xD7, 0x7E, 0xD7, 0x7E,
    0xD7, 0x7E, 0xD7, 0x7E, 0xD7, 0x7E, 0xD7, 0x7E, 0xD7, 0x7E, 0xCF, 0x7E, 0xCF, 0x7E, 0xCF, 0x7E,
    0xCF, 0x5E, 0xCF, 0x5E, 0xCF, 0x5E, 0xCF, 0x5E, 0xCF, 0x5E, 0xCF, 0x5E, 0xCF, 0x5E, 0xCF, 0x5E,
    0xCF, 0x5E, 0xCF, 0x5E, 0xCF, 0x5E, 0xC7, 0x5E, 0xC7, 0x5E, 0xC7, 0x5E, 0xC7, 0x5E, 0xC7, 0x5E,
    0xC7, 0x5E, 0xCF, 0x5E, 0xCF, 0x5E, 0xCF, 0x5E, 0xCF, 0x5E, 0xCF, 0x5E, 0xC7, 0x5E, 0xCF, 0x5E,
    0xD7, 0x7F, 0xD7, 0x7F, 0xDF, 0x7E, 0xAD, 0x56, 0x72, 0xAB, 0xA2, 0xAC, 0xA2, 0x6B, 0x8A, 0x8C,
    0x4C, 0x7A, 0x0B, 0x61, 0x89, 0x51, 0x49, 0x51, 0x49, 0x59, 0x6A, 0x59, 0xAB, 0x02, 0x49, 0xFF,
    0x41, 0x28, 0x39, 0x28, 0x31, 0x07, 0x31, 0x07, 0x31, 0x27, 0x31, 0x07, 0x29, 0x06, 0x29, 0x06,
    0x29, 0x06, 0x29, 0x06, 0x29, 0x06, 0x29, 0x06, 0x29, 0x06, 0x29, 0x06, 0x29, 0x06, 0x29, 0x06,
    0x29, 0x06, 0x29, 0x06, 0x29, 0x06, 0x31, 0x07, 0x31, 0x07, 0x31, 0x07, 0x31, 0x07, 0x31, 0x07,
    0x31, 0x07, 0x31, 0x07, 0x29, 0x07, 0x39, 0x29, 0x39, 0x69, 0x49, 0xAB, 0x39, 0x49, 0x39, 0x08,
    0x51, 0xEB, 0x5A, 0x2B, 0x59, 0xEA, 0x83, 0x2F, 0x59, 0xEA, 0xA4, 0xD4, 0xE7, 0xBE, 0xC7, 0x3D,
    0xCF, 0x7F, 0xCF, 0x7F, 0xCF, 0x7F, 0xC7, 0x5F, 0xBF, 0x5F, 0xBF, 0x5F, 0xBF, 0x5E, 0xC7, 0x7F,
    0xBF, 0x7F, 0xBF, 0x7F, 0xB7, 0x5E, 0xBF, 0x5E, 0xB7, 0x5E, 0xB7, 0x5E, 0xB7, 0x5E, 0xB7, 0x5E,
    0xB7, 0x5E, 0xAF, 0x5D, 0xAF, 0x5D, 0xB7, 0x5D, 0xBF, 0x7E, 0xD7, 0xFF, 0xDF, 0xFF, 0xE7, 0xFF,
    0x80, 0xF7, 0x0B, 0xFF, 0x81, 0xF7, 0xBF, 0x02, 0xFF, 0xB4, 0xF7, 0xDF, 0xD7, 0x9F, 0xA7, 0x7E,
    0xAF, 0x7E, 0xAF, 0x7E, 0xAF, 0x7E, 0xA7, 0x7E, 0xA7, 0x7E, 0xAF, 0x7E, 0xAF, 0x9E, 0xB7, 0x7E,
    0xBF, 0x7E, 0xCF, 0x9F, 0xD7, 0xBF, 0xCF, 0x5E, 0xDF, 0x9F, 0xCF, 0x3D, 0xCF, 0x3D, 0xCF, 0x7F,
    0xCF, 0x7F, 0xC7, 0x9F, 0xC7, 0x9F, 0xCF, 0xDF, 0xC7, 0x7E, 0xD7, 0xBE, 0xE7, 0xDF, 0xF7, 0x06,
    0xFF, 0xFF, 0xFE, 0xFF, 0xFD, 0xFF, 0xFD, 0xFF, 0xBD, 0xFF, 0xBD, 0xFF, 0xBD, 0xFF, 0x9D, 0xFF,
    0x9D, 0xFF, 0x9D, 0xFF, 0x5C, 0xFF, 0x3C, 0xF7, 0x1B, 0xF7, 0x1B, 0xF6, 0xFB, 0xF6, 0xDB, 0xEE,
    0xBB, 0xEE, 0x9B, 0xEE, 0x9B, 0xEE, 0x9A, 0xEE, 0x7A, 0xEE, 0x9B, 0xE6, 0x9B, 0xE6, 0x7B, 0xDE,
    0x5A, 0xDE, 0x5A, 0xDE, 0x5B, 0xDE, 0x3A, 0xE6, 0x5B, 0xE6, 0x5A, 0xDE, 0x3A, 0xDE, 0x3A, 0xE6,
    0x7B, 0xDE, 0x5A, 0xDE, 0x5A, 0xDE, 0x5B, 0xDE, 0x3B, 0xD6, 0x1A, 0xD6, 0x3B, 0xD6, 0x3B, 0xD6,
    0x3A, 0xD5, 0xF9, 0xE6, 0x19, 0xFE, 0xBD, 0xFD, 0xFA, 0xE4, 0x34, 0xE3, 0xF3, 0xE3, 0xD3, 0xDB,
    0x71, 0xCA, 0xCE, 0xBA, 0x6D, 0xC2, 0xAD, 0xB2, 0x4C, 0xAA, 0x4C, 0xAA, 0x6C, 0xB2, 0x4D, 0xBA,
    0x4D, 0xBA, 0x6D, 0xBA, 0x8E, 0xCA, 0xAF, 0xCA, 0xEF, 0xD3, 0x30, 0xD3, 0x71, 0xDB, 0x91, 0xE3,
    0xF2, 0xEC, 0x99, 0x13, 0xEC, 0x33, 0xFC, 0x95, 0xFC, 0xD6, 0xFD, 0x99, 0xFE, 0x1B, 0xFE, 0x7C,
    0xEE, 0x1A, 0xDD, 0xD9, 0xCD, 0x97, 0xB5, 0x16, 0xA4, 0xB5, 0x9C, 0xB5, 0x9C, 0x02, 0xB5, 0xFF,
    0x58, 0xB5, 0x58, 0xB5, 0x37, 0xBD, 0x78, 0xBD, 0xB9, 0xC5, 0xDA, 0xC5, 0xFA, 0xCE, 0x1A, 0xCE,
    0x3B, 0xCE, 0x3B, 0xC5, 0xFA, 0xAD, 0x38, 0xA5, 0x38, 0xB5, 0xBA, 0xC6, 0x1C, 0xBE, 0x1B, 0xBD,
    0xDB, 0xC5, 0xDD, 0xCD, 0xBD, 0xCD, 0xDD, 0xCD, 0xDD, 0xCD, 0xDD, 0xFF, 0x9D, 0xFF, 0x9D, 0xFF,
    0x9D, 0xFF, 0x9D, 0xFF, 0x9D, 0xFF, 0x9D, 0xFF, 0x9D, 0xFF, 0x9D, 0xFF, 0x9D, 0xFF, 0x7D, 0xFF,
    0x7D, 0xFF, 0x7D, 0xFF, 0x7D, 0xFF, 0x7D, 0xFF, 0x7D, 0xFF, 0x7D, 0xFF, 0x7D, 0xFF, 0x7D, 0xFF,
    0x7D, 0xFF, 0x7D, 0xFF, 0x7D, 0xFF, 0x7D, 0xF7, 0x5D, 0xF7, 0x7D, 0xF7, 0x7D, 0xF7, 0x7D, 0xF7,
    0x7D, 0xF7, 0x7D, 0xF7, 0x7D, 0xEF, 0x5D, 0xEF, 0x5D, 0xEF, 0x5D, 0xEF, 0x5D, 0xEF, 0x5D, 0xEF,
    0x5D, 0xEF, 0x5D, 0xEF, 0x5D, 0xF7, 0x9E, 0xFF, 0xDF, 0xFF, 0xDF, 0xFF, 0xDF, 0xFF, 0xDF, 0xFF,
    0x8C, 0xDF, 0xFF, 0xDF, 0xFF, 0xDF, 0xFF, 0xDF, 0xFF, 0xDF, 0xFF, 0xDF, 0xFF, 0xDF, 0x04, 0xFF,
    0xFF, 0xF7, 0x9E, 0xEF, 0x7E, 0xE7, 0x3D, 0xE7, 0x3D, 0xEF, 0x3D, 0xE7, 0x5D, 0xDF, 0x7D, 0xDF,
    0x7D, 0xDF, 0x7D, 0xDF, 0x7D, 0xDF, 0x7D, 0xDF, 0x7D, 0xD7, 0x7E, 0xD7, 0x7E, 0xD7, 0x7E, 0xD7,
    0x7E, 0xD7, 0x7E, 0xD7, 0x7E, 0xD7, 0x9E, 0xD7, 0x9E, 0xD7, 0x9E, 0xD7, 0x9E, 0xD7, 0x9E, 0xD7,
    0x9E, 0xD7, 0x9E, 0xD7, 0x9E, 0xCF, 0x9E, 0xCF, 0x9E, 0xCF, 0x9E, 0xCF, 0x9E, 0xCF, 0x9E, 0xCF,
    0x9E, 0xCF, 0x9E, 0xCF, 0x9E, 0xCF, 0x9E, 0xCF, 0x9E, 0xCF, 0x9E, 0xCF, 0x9E, 0xCF, 0x9E, 0xCF,
    0x9E, 0xC7, 0x9E, 0xC7, 0x9E, 0xC7, 0x9E, 0xC7, 0x9E, 0xC7, 0x9E, 0xC7, 0x9E, 0xCF, 0x9E, 0xCF,
    0x9E, 0xCF, 0x9E, 0xCF, 0x9E, 0xCF, 0x9E, 0xCF, 0x9E, 0xCF, 0x9E, 0xCF, 0x9E, 0xD7, 0x3D, 0xE6,
    0x9B, 0x82, 0xCD, 0x8A, 0x8C, 0x9A, 0xAC, 0x8A, 0x4A, 0x7A, 0x6C, 0x61, 0xC9, 0x69, 0xEA, 0x59,
    0x68, 0xFF, 0x51, 0x27, 0x69, 0xEA, 0x61, 0xEA, 0x49, 0x48, 0x41, 0x07, 0x39, 0x27, 0x31, 0x06,
    0x31, 0x06, 0x31, 0x26, 0x29, 0x26, 0x29, 0x06, 0x29, 0x06, 0x29, 0x06, 0x29, 0x06, 0x29, 0x06,
    0x29, 0x06, 0x20, 0xE6, 0x20, 0xE6, 0x20, 0xE6, 0x29, 0x06, 0x29, 0x06, 0x29, 0x06, 0x29, 0x06,
    0x29, 0x06, 0x29, 0x07, 0x29, 0x27, 0x29, 0x27, 0x31, 0x27, 0x31, 0x27, 0x31, 0x27, 0x28, 0xE7,
    0x31, 0x28, 0x49, 0xCB, 0x52, 0x0C, 0x49, 0xEB, 0x49, 0xEB, 0x4A, 0x0B, 0x52, 0x0C, 0x52, 0x2C,
    0x5A, 0x4C, 0x5A, 0x8C, 0x5A, 0x8C, 0xFF, 0x5F, 0xDE, 0xFD, 0xCF, 0x5F, 0xCF, 0x5F, 0xC7, 0x5F,
    0xC7, 0x7F, 0xBF, 0x7F, 0xBF, 0x9F, 0xC7, 0x7F, 0xC7, 0x5E, 0xC7, 0x5E, 0xBF, 0x7E, 0xB7, 0x7F,
    0xB7, 0x9E, 0xB7, 0x9E, 0xB7, 0x7D, 0xB7, 0x7D, 0xB7, 0x7D, 0xB7, 0x7D, 0xB7, 0x7D, 0xB7, 0x7D,
    0xB7, 0x5D, 0x94, 0xB7, 0x1C, 0xC7, 0x5D, 0xCF, 0x9E, 0xCF, 0xBF, 0xCF, 0xBF, 0xCF, 0xBF, 0xCF,
    0xBF, 0xDF, 0xBF, 0xDF, 0xBF, 0xDF, 0xBF, 0xE7, 0x02, 0xDF, 0x9E, 0xBF, 0xD7, 0x5E, 0xC7, 0x5E,
    0xAF, 0x5D, 0xAF, 0x5D, 0xAF, 0x5D, 0xAF, 0x5D, 0xAF, 0x5D, 0xAF, 0x5D, 0xB7, 0x5D, 0xB7, 0x5E,
    0xB7, 0x5E, 0xB7, 0x5E, 0xBF, 0x7F, 0xBF, 0x7F, 0xBF, 0x7F, 0x03, 0xBF, 0x94, 0x9F, 0xC7, 0x9F,
    0xC7, 0x7F, 0xCF, 0x7F, 0xCF, 0x7F, 0xCF, 0x7F, 0xCF, 0xBF, 0xCF, 0xBF, 0xD7, 0x9F, 0xDF, 0x7E,
    0xF7, 0xDF, 0x03, 0xFF, 0xFF, 0xDF, 0xFF, 0xFD, 0xFF, 0xDC, 0xFF, 0xDC, 0xFF, 0xDC, 0xFF, 0xDC,
    0xFF, 0xDC, 0xFF, 0xBC, 0xFF, 0x9C, 0xFF, 0x9C, 0xFF, 0x9C, 0xFF, 0x5B, 0xFF, 0x3B, 0xFF, 0x1B,
    0xFE, 0xFB, 0xFE, 0xDB, 0xF6, 0xDB, 0xF6, 0xBB, 0xEE, 0x7A, 0xEE, 0x9A, 0xF6, 0xDB, 0xF6, 0xFC,
    0xE6, 0x9A, 0xDE, 0x5A, 0xDE, 0x5A, 0xDE, 0x5B, 0xDE, 0x5B, 0xDE, 0x3B, 0xE6, 0x3A, 0xE6, 0x3A,
    0xE6, 0x3A, 0xDE, 0x5A, 0xDE, 0x3A, 0xDE, 0x5A, 0xD6, 0x5A, 0xDD, 0xFB, 0xDD, 0xFB, 0xDE, 0x1B,
    0xDE, 0x7B, 0xD6, 0x19, 0xDE, 0x3A, 0xFE, 0xDC, 0xFE, 0x1A, 0xFD, 0x37, 0xFB, 0xF4, 0xF3, 0x52,
    0xEB, 0x11, 0xD2, 0xCF, 0xC2, 0xCE, 0xC2, 0xAD, 0xBA, 0x8D, 0xB2, 0x6C, 0xBA, 0x8D, 0xBA, 0xAD,
    0xBA, 0xAD, 0xE2, 0xD0, 0xE2, 0xF1, 0xE3, 0x31, 0xE3, 0x72, 0xDB, 0xB2, 0xE4, 0x14, 0xEC, 0x95,
    0xF4, 0xF7, 0xFD, 0x37, 0xFD, 0xFF, 0xB9, 0xF6, 0x1A, 0xF6, 0x5A, 0xE6, 0x7A, 0xE6, 0x9A, 0xD6,
    0x3B, 0xCD, 0xFA, 0xC5, 0xDA, 0xBD, 0x78, 0xBD, 0x58, 0xB5, 0x58, 0xB5, 0x38, 0xB5, 0x18, 0xB5,
    0x18, 0xB5, 0x18, 0xAD, 0x18, 0xB5, 0x38, 0xB5, 0x59, 0xBD, 0x58, 0xBD, 0x78, 0xBD, 0x79, 0xC5,
    0x99, 0xC5, 0xB9, 0xCD, 0xFA, 0xCD, 0xFB, 0xB5, 0x79, 0xAD, 0x79, 0xAD, 0x79, 0xAD, 0x79, 0xB5,
    0x9A, 0xB5, 0xDA, 0xC5, 0xFC, 0xBD, 0x7A, 0xB5, 0x59, 0xAD, 0x18, 0xAC, 0xF8, 0xA4, 0xD7, 0xFF,
    0x9D, 0xFF, 0x9D, 0xFF, 0x9D, 0xFF, 0x9D, 0xFF, 0x9D, 0xFF, 0x9D, 0xFF, 0x9D, 0xFF, 0x9D, 0xFF,
    0x9D, 0xFF, 0x7D, 0xFF, 0x7D, 0xFF, 0x7D, 0xFF, 0x7D, 0xFF, 0x7D, 0xFF, 0x7D, 0xFF, 0x7D, 0xFF,
    0x7D, 0xFF, 0x7D, 0xFF, 0x7D, 0xFF, 0x7D, 0xFF, 0x7D, 0xFF, 0x7D, 0xF7, 0x5D, 0xF7, 0x7D, 0xF7,
    0x7D, 0xF7, 0x7D, 0xF7, 0x7D, 0xF7, 0xFF, 0x7D, 0xF7, 0x7D, 0xEF, 0x5D, 0xEF, 0x5D, 0xEF, 0x5D,
    0xEF, 0x5D, 0xEF, 0x5D, 0xEF, 0x5D, 0xEF, 0x5D, 0xF7, 0x5D, 0xF7, 0x7E, 0xFF, 0x9E, 0xFF, 0x9E,
    0xFF, 0xBE, 0xFF, 0xBF, 0xFF, 0xDF, 0xFF, 0xDF, 0xFF, 0xDF, 0xFF, 0xDF, 0xFF, 0xDF, 0xFF, 0xDF,
    0xFF, 0xDF, 0xFF, 0xDF, 0xFF, 0xDF, 0xF7, 0x9F, 0xF7, 0x9E, 0xEF, 0x7E, 0xEF, 0x7E, 0xEF, 0x7E,
    0xE7, 0x7E, 0xDF, 0x9E, 0xDF, 0x7D, 0xDF, 0x7D, 0xDF, 0x7D, 0xDF, 0x7D, 0xDF, 0x7D, 0xDF, 0x7E,
    0xDF, 0x7E, 0xDF, 0x7E, 0xDF, 0x9E, 0xDF, 0x7E, 0xD7, 0x7E, 0xDF, 0x7E, 0xD7, 0x7E, 0xD7, 0x9E,
    0xD7, 0x9E, 0xD7, 0x9E, 0xD7, 0x9E, 0xD7, 0x9E, 0xD7, 0x9E, 0xCF, 0x9E, 0xCF, 0x9E, 0xCF, 0x9E,
    0xCF, 0x7E, 0xCF, 0x7E, 0xCF, 0x7E, 0xCF, 0x9E, 0xCF, 0x9E, 0xCF, 0x9E, 0xCF, 0x7E, 0xCF, 0x7E,
    0xCF, 0x7E, 0xCF, 0x9E, 0xCF, 0x9E, 0xCF, 0xA5, 0x9E, 0xCF, 0x9E, 0xCF, 0x9E, 0xCF, 0x9E, 0xCF,
    0x9E, 0xCF, 0x9E, 0xCF, 0x7E, 0xCF, 0x7E, 0xCF, 0x7E, 0xCF, 0x9E, 0xCF, 0x9E, 0xCF, 0x7E, 0xCF,
    0x9E, 0xD7, 0x9E, 0xDF, 0x5E, 0x8B, 0x8F, 0x72, 0x4A, 0x92, 0xCC, 0x8A, 0x2A, 0x8A, 0x02, 0x6A,
    0xFF, 0x0A, 0x69, 0xEA, 0x72, 0x0B, 0x59, 0x68, 0x51, 0x47, 0x72, 0x2B, 0x6A, 0x2B, 0x62, 0x0B,
    0x51, 0x89, 0x41, 0x68, 0x39, 0x47, 0x31, 0x26, 0x31, 0x26, 0x29, 0x26, 0x29, 0x06, 0x29, 0x06,
    0x29, 0x06, 0x29, 0x06, 0x29, 0x06, 0x29, 0x06, 0x29, 0x06, 0x29, 0x06, 0x29, 0x06, 0x29, 0x27,
    0x31, 0x27, 0x29, 0x06, 0x31, 0x47, 0x29, 0x07, 0x31, 0x47, 0x39, 0xA9, 0x39, 0xA9, 0x39, 0x88,
    0x39, 0x88, 0x39, 0x88, 0x31, 0x48, 0x41, 0x89, 0x49, 0xEB, 0x52, 0x0B, 0x52, 0x0B, 0x52, 0x0B,
    0x52, 0x0C, 0x52, 0x0C, 0x52, 0x2C, 0x5A, 0x4C, 0x62, 0x8D, 0x62, 0xAC, 0xB5, 0x56, 0xEF, 0x7F,
    0xD7, 0x5E, 0xCF, 0x5E, 0xCF, 0x7E, 0xC7, 0x7E, 0xC7, 0x9E, 0xC7, 0x9E, 0xC7, 0x7E, 0xC7, 0x5E,
    0xC7, 0x5E, 0xC7, 0x7E, 0xBF, 0x9E, 0xBF, 0x9E, 0xB7, 0x9E, 0xBF, 0x7E, 0xBF, 0x7D, 0xBF, 0x7D,
    0xBF, 0xD6, 0x7D, 0xBF, 0x7D, 0xBF, 0x7D, 0xBF, 0x7D, 0xBF, 0x3D, 0xC7, 0x5D, 0xC7, 0x7E, 0xC7,
    0x7E, 0xBF, 0x5D, 0xBF, 0x5D, 0xBF, 0x5D, 0xBF, 0x1C, 0xBE, 0xFC, 0xBF, 0x1C, 0xC7, 0x3D, 0xC7,
    0x3D, 0xC7, 0x5D, 0xBF, 0x5E, 0xB7, 0x7E, 0xB7, 0x7E, 0xB7, 0x7E, 0xB7, 0x7E, 0xB7, 0x7E, 0xB7,
    0x7E, 0xB7, 0x7E, 0xBF, 0x7E, 0xBF, 0x7E, 0xBF, 0x7E, 0xBF, 0x9F, 0xBF, 0x9F, 0xBF, 0x9F, 0xC7,
    0xBF, 0xC7, 0xBF, 0xC7, 0xBF, 0xCF, 0x9F, 0xCF, 0x9F, 0xD7, 0x7F, 0xD7, 0x7F, 0xCF, 0xBF, 0xCF,
    0xBF, 0xD7, 0x9E, 0xDF, 0x9E, 0xEF, 0x9F, 0xFF, 0xDF, 0x03, 0xFF, 0xFF, 0xFD, 0xFF, 0xDC, 0xFF,
    0xDC, 0xFF, 0xDC, 0xFF, 0xDC, 0xFF, 0xDC, 0xFF, 0xBC, 0xFF, 0x9C, 0xFF, 0x9C, 0xFF, 0x9C, 0xFF,
    0x9C, 0xFF, 0x7C, 0xFF, 0x5C, 0xFF, 0x1B, 0xF6, 0xDB, 0xF6, 0xBB, 0xF6, 0x9A, 0xEE, 0x9A, 0xF6,
    0xBB, 0xFE, 0xDB, 0xF7, 0x1C, 0xE6, 0x9A, 0xDE, 0x5A, 0xDE, 0x5A, 0xDE, 0x5B, 0xDE, 0x5B, 0xDE,
    0x5B, 0xE6, 0x3A, 0xE6, 0x3A, 0xE6, 0x3A, 0xDE, 0x3A, 0xDE, 0x3A, 0xDE, 0x5A, 0xDE, 0x5A, 0xE5,
    0xFB, 0xDD, 0xFB, 0xCE, 0x1A, 0xD6, 0x5A, 0xFE, 0xDD, 0xFE, 0xBD, 0xF5, 0x17, 0xE4, 0x74, 0xDB,
    0xF3, 0xD3, 0x30, 0xC2, 0xCF, 0xCA, 0x8E, 0xCA, 0x4D, 0xCA, 0x2D, 0xCA, 0x4D, 0xCA, 0x4D, 0xC2,
    0x6D, 0xDB, 0x10, 0xDB, 0x30, 0xDB, 0x91, 0xE3, 0xB3, 0xEB, 0xD3, 0xEC, 0x34, 0xF4, 0xD6, 0xFD,
    0x58, 0xFD, 0xB9, 0xFE, 0x1B, 0xFE, 0x3C, 0xFE, 0x5C, 0xFE, 0x5C, 0xF6, 0xFF, 0x5B, 0xE6, 0x3A,
    0xD5, 0xF8, 0xC5, 0xB8, 0xC5, 0xB9, 0xC5, 0xB9, 0xCD, 0xDA, 0xC5, 0xBA, 0xC5, 0x99, 0xBD, 0x78,
    0xBD, 0x58, 0xB5, 0x38, 0xB5, 0x38, 0xB5, 0x38, 0xB5, 0x38, 0xB5, 0x38, 0xBD, 0x59, 0xBD, 0x79,
    0xC5, 0x78, 0xC5, 0x99, 0xC5, 0x99, 0xCD, 0xB9, 0xD5, 0xFA, 0xD6, 0x1A, 0xB5, 0x58, 0xA5, 0x38,
    0xA5, 0x18, 0x9C, 0xF7, 0x9C, 0xF7, 0xA4, 0xF8, 0xAD, 0x18, 0xAC, 0xF8, 0xA4, 0xD7, 0xA4, 0xB7,
    0x9C, 0x96, 0x9C, 0x96, 0xFF, 0x9D, 0xFF, 0x9D, 0xFF, 0x9D, 0xFF, 0x9D, 0xFF, 0x9D, 0xFF, 0x9D,
    0xFF, 0x9D, 0xFF, 0x9D, 0xFF, 0x9D, 0xFF, 0x7D, 0xFF, 0x7D, 0xFF, 0x7D, 0xFF, 0x7D, 0xFF, 0x7D,
    0xFF, 0x7D, 0xFF, 0x7D, 0xFF, 0x7D, 0xFF, 0x7D, 0xFF, 0x7D, 0xFF, 0x7D, 0xFF, 0x7D, 0xFF, 0x7D,
    0xF7, 0x5D, 0xF7, 0x7D, 0xF7, 0x7D, 0xF7, 0x7D, 0xF7, 0x7D, 0xF7, 0x7D, 0xF7, 0xFF, 0x7D, 0xEF,
    0x5D, 0xEF, 0x5D, 0xEF, 0x5D, 0xEF, 0x5D, 0xEF, 0x5D, 0xEF, 0x5D, 0xEF, 0x5D, 0xF7, 0x5D, 0xF7,
    0x7D, 0xF7, 0x5D, 0xEF, 0x5D, 0xF7, 0x5D, 0xF7, 0x9E, 0xFF, 0xBF, 0xFF, 0xDF, 0xFF, 0xDF, 0xFF,
    0xDF, 0xFF, 0xBE, 0xFF, 0xBE, 0xFF, 0xBE, 0xF7, 0xBF, 0xF7, 0xBF, 0xF7, 0xBF, 0xF7, 0xBF, 0xFF,
    0xDF, 0xFF, 0xDF, 0xFF, 0xDF, 0xF7, 0xDF, 0xEF, 0x9E, 0xE7, 0x7D, 0xDF, 0x5D, 0xE7, 0x5D, 0xE7,
    0x5D, 0xE7, 0x5D, 0xDF, 0x7E, 0xDF, 0x7E, 0xDF, 0x7E, 0xDF, 0x7E, 0xDF, 0x7E, 0xDF, 0x7E, 0xDF,
    0x7E, 0xDF, 0x7E, 0xDF, 0x7E, 0xDF, 0x7E, 0xDF, 0x7E, 0xDF, 0x7E, 0xDF, 0x7E, 0xDF, 0x7E, 0xD7,
    0x7E, 0xD7, 0x7E, 0xD7, 0x7E, 0xD7, 0x7E, 0xD7, 0x7E, 0xD7, 0x7E, 0xD7, 0x7E, 0xD7, 0x7E, 0xD7,
    0x7E, 0xD7, 0x7E, 0xD7, 0x7E, 0xD7, 0x7E, 0xD7, 0x7E, 0xCF, 0x7E, 0xCF, 0x7E, 0xCF, 0xFF, 0x7E,
    0xCF, 0x7E, 0xCF, 0x9E, 0xCF, 0x9E, 0xCF, 0x9E, 0xD7, 0x7E, 0xD7, 0x7E, 0xD7, 0x7E, 0xD7, 0x7E,
    0xD7, 0x7E, 0xD7, 0x7E, 0xD7, 0x7E, 0xE7, 0x7D, 0xB5, 0x96, 0x7A, 0xED, 0x8A, 0xED, 0x82, 0x6B,
    0x82, 0x4B, 0x82, 0x6B, 0x6A, 0x0A, 0x72, 0x2B, 0x59, 0x88, 0x59, 0x68, 0x59, 0x88, 0x7A, 0x6C,
    0x6A, 0x2B, 0x62, 0x2B, 0x59, 0xCA, 0x52, 0x0A, 0x49, 0xC9, 0x31, 0x27, 0x31, 0x26, 0x31, 0x47,
    0x29, 0x06, 0x29, 0x06, 0x29, 0x06, 0x29, 0x06, 0x29, 0x06, 0x29, 0x06, 0x29, 0x27, 0x29, 0x27,
    0x29, 0x27, 0x31, 0x68, 0x39, 0x68, 0x29, 0x07, 0x39, 0xA9, 0x41, 0xCA, 0x41, 0xCA, 0x41, 0xEA,
    0x41, 0xEA, 0x49, 0xEA, 0x49, 0xEA, 0x49, 0xEA, 0x49, 0xEA, 0x52, 0x2C, 0x52, 0x0B, 0x49, 0xEB,
    0x52, 0x2C, 0x52, 0x2C, 0x52, 0x0C, 0x52, 0x0C, 0x52, 0x2C, 0x5A, 0x4C, 0x5A, 0x6C, 0x5A, 0xFC,
    0x4B, 0x5A, 0x4B, 0xB5, 0x77, 0xE7, 0x5F, 0xDF, 0x7F, 0xD7, 0x9F, 0xCF, 0x9F, 0xCF, 0x9E, 0xD7,
    0x9E, 0xD7, 0x7E, 0xD7, 0x7E, 0xD7, 0x7E, 0xCF, 0x7E, 0xCF, 0x9E, 0xC7, 0x9E, 0xC7, 0xBE, 0xC7,
    0x9E, 0xC7, 0x9E, 0xC7, 0x9E, 0xC7, 0x9E, 0xC7, 0x9E, 0xC7, 0x9E, 0xC7, 0x9E, 0xC7, 0x7E, 0xC7,
    0x5D, 0xC7, 0x5D, 0xC7, 0x5D, 0xC7, 0x7E, 0xC7, 0x7E, 0xC7, 0x7E, 0xBF, 0x9E, 0xBF, 0x9E, 0xBF,
    0x9E, 0xBF, 0x9D, 0xBF, 0x9D, 0xB7, 0x7D, 0xBF, 0x7E, 0xBF, 0x7E, 0xBF, 0x7E, 0xBF, 0x7E, 0xBF,
    0x7E, 0xBF, 0x7E, 0xBF, 0x7E, 0xBF, 0x7E, 0xC7, 0x9E, 0xC7, 0x9E, 0xC7, 0x9E, 0xC7, 0x9E, 0xC7,
    0x9E, 0xC7, 0x9E, 0xCF, 0xDF, 0xCF, 0xDF, 0xCF, 0xDF, 0xD7, 0xBF, 0xD7, 0xBF, 0xDF, 0x9F, 0xDF,
    0x9F, 0xD7, 0x9E, 0xD7, 0x9E, 0xDF, 0x9E, 0xE7, 0x9E, 0xE7, 0x5D, 0xF7, 0x9E, 0x03, 0xFF, 0xE3,
    0xFE, 0xFF, 0xDD, 0xFF, 0xDD, 0xFF, 0xBD, 0xFF, 0xBD, 0xFF, 0xBD, 0xFF, 0xBD, 0xFF, 0x9C, 0xFF,
    0x9C, 0xFF, 0x9C, 0xFF, 0x5B, 0xFF, 0x3B, 0xFF, 0x1B, 0xFE, 0xFB, 0xF6, 0xBB, 0xEE, 0x9A, 0xEE,
    0x7A, 0xF6, 0x9A, 0xF6, 0xDB, 0xFE, 0xFC, 0xFF, 0x7E, 0xEE, 0xDB, 0xDE, 0x5A, 0xDE, 0x5A, 0xDE,
    0x5B, 0xDE, 0x5B, 0xDE, 0x5B, 0xDE, 0x5A, 0xE6, 0x5A, 0xDE, 0x5A, 0xDE, 0x5A, 0xDE, 0x3A, 0xDE,
    0x3A, 0xDE, 0x3A, 0xE6, 0x3B, 0xEE, 0x7C, 0xF6, 0xBC, 0xFE, 0x3B, 0xE4, 0xD6, 0xE3, 0xB2, 0xEB,
    0x52, 0xE2, 0xF0, 0xD2, 0xCF, 0xC2, 0xAE, 0xC2, 0x8E, 0xCA, 0xAF, 0xDA, 0xAF, 0xE2, 0xD0, 0xEB,
    0x31, 0xF3, 0xB3, 0xF3, 0x02, 0xF4, 0xFF, 0x55, 0xFC, 0xF6, 0xFD, 0x58, 0xFE, 0x3B, 0xFE, 0x5C,
    0xFE, 0x7C, 0xF6, 0x7B, 0xEE, 0x3A, 0xE6, 0x1A, 0xDD, 0xF9, 0xD5, 0xDA, 0xD5, 0xFA, 0xD5, 0xFA,
    0xCD, 0xFA, 0xCD, 0xD9, 0xCE, 0x1A, 0xD6, 0x3B, 0xCD, 0xDA, 0xD6, 0x1A, 0xDE, 0x3B, 0xDE, 0x5B,
    0xD6, 0x1A, 0xCD, 0xB9, 0xC5, 0x78, 0xBD, 0x58, 0xBD, 0x58, 0xBD, 0x58, 0xBD, 0x58, 0xBD, 0x58,
    0xC5, 0x99, 0xC5, 0x98, 0xCD, 0x98, 0xCD, 0xB9, 0xCD, 0xB9, 0xCD, 0xB9, 0xD6, 0x1A, 0xDE, 0x1A,
    0xC5, 0x99, 0xB5, 0x59, 0xAD, 0x18, 0xA4, 0xF7, 0xA4, 0xF7, 0xA4, 0xF7, 0xA4, 0xD7, 0xA4, 0xB7,
    0xA4, 0xD7, 0xA4, 0xD7, 0xA4, 0xD7, 0xA4, 0xD7, 0xFF, 0xBD, 0xFF, 0xBD, 0xFF, 0x9D, 0xFF, 0x9D,
    0xFF, 0x9D, 0xFF, 0x9D, 0xFF, 0x9D, 0xFF, 0x9D, 0xFF, 0x9D, 0xFF, 0x9D, 0xFF, 0x9D, 0xFF, 0x9D,
    0xF7, 0x7D, 0xFF, 0x7D, 0xFF, 0x9E, 0xFF, 0xCA, 0xBE, 0xFF, 0xBE, 0xFF, 0xBE, 0xFF, 0xBE, 0xFF,
    0x9D, 0xFF, 0x9D, 0xFF, 0x9D, 0xFF, 0x9D, 0xF7, 0x9D, 0xF7, 0x9D, 0xF7, 0x9D, 0xF7, 0x5D, 0xF7,
    0x5D, 0xF7, 0x5D, 0xF7, 0x5D, 0xF7, 0x5D, 0xF7, 0x5D, 0xF7, 0x7D, 0xF7, 0x7E, 0xF7, 0x7E, 0xF7,
    0x7E, 0xEF, 0x5D, 0xEF, 0x5D, 0xEF, 0x5D, 0xEF, 0x5D, 0xF7, 0x5D, 0xF7, 0x5D, 0xF7, 0x5D, 0xF7,
    0x7D, 0xF7, 0x7D, 0xF7, 0x7D, 0xF7, 0x7D, 0xF7, 0x7D, 0xF7, 0x7D, 0xEF, 0x7E, 0xF7, 0x7E, 0xF7,
    0x7E, 0xF7, 0x9E, 0x07, 0xFF, 0xFF, 0xDF, 0xEF, 0x9F, 0xE7, 0x7E, 0xE7, 0x5D, 0xE7, 0x5D, 0xE7,
    0x5D, 0xE7, 0x5D, 0xE7, 0x5E, 0xE7, 0x5E, 0xE7, 0x5E, 0xE7, 0x5E, 0xE7, 0x5E, 0xE7, 0x5E, 0xE7,
    0x5E, 0xDF, 0x7E, 0xDF, 0x7E, 0xDF, 0x7E, 0xDF, 0x7E, 0xDF, 0x7E, 0xDF, 0x7E, 0xDF, 0x7E, 0xD7,
    0x7E, 0xD7, 0x7E, 0xD7, 0x7E, 0xD7, 0x7E, 0xD7, 0x7E, 0xD7, 0x7E, 0xD7, 0x7E, 0xD7, 0x7E, 0xD7,
    0x7E, 0xD7, 0x7E, 0xD7, 0x7E, 0xD7, 0x7E, 0xD7, 0x7E, 0xD7, 0x7E, 0xD7, 0x9E, 0xD7, 0x9E, 0xD7,
    0x9E, 0xD7, 0x9E, 0xD7, 0x9E, 0xD7, 0x9E, 0xD7, 0x5D, 0xD7, 0x5D, 0xD7, 0x5D, 0xDF, 0x9E, 0xDF,
    0x9E, 0xD7, 0x3D, 0xDF, 0x7E, 0xEF, 0x5D, 0x7B, 0x6E, 0x82, 0xED, 0x82, 0x8B, 0x8A, 0xAC, 0x82,
    0x6C, 0x69, 0xE9, 0x7A, 0x4C, 0x72, 0x0B, 0x51, 0x07, 0x59, 0x68, 0x59, 0x88, 0x7A, 0x8C, 0x72,
    0x6C, 0x59, 0xEA, 0x51, 0x68, 0x5A, 0xD2, 0x0A, 0x51, 0xEA, 0x31, 0x47, 0x29, 0x06, 0x31, 0x27,
    0x29, 0x06, 0x29, 0x06, 0x29, 0x06, 0x28, 0xE6, 0x28, 0xE6, 0x28, 0xE6, 0x39, 0xA9, 0x29, 0x27,
    0x29, 0x07, 0x41, 0xCA, 0x39, 0x88, 0x29, 0x07, 0x39, 0x88, 0x41, 0xC9, 0x41, 0xC9, 0x41, 0xC9,
    0x41, 0xEA, 0x4A, 0x2B, 0x4A, 0x0A, 0x4A, 0x0A, 0x49, 0xEA, 0x49, 0xEB, 0x49, 0xEB, 0x52, 0x0B,
    0x5A, 0x4C, 0x5A, 0x4C, 0x52, 0x2C, 0x52, 0x0C, 0x52, 0x2C, 0x5A, 0x6C, 0x49, 0xCA, 0x5A, 0x4B,
    0x5A, 0x6B, 0x62, 0xAC, 0xEF, 0x7E, 0xDF, 0x5E, 0xDF, 0xBF, 0x02, 0xDF, 0xEB, 0xD7, 0x7E, 0xD7,
    0x5D, 0xD7, 0x5E, 0xDF, 0x7E, 0xDF, 0x7E, 0xD7, 0x7E, 0xCF, 0x7D, 0xC7, 0x7D, 0xC7, 0x9E, 0xC7,
    0x7E, 0xC7, 0x7E, 0xC7, 0x7E, 0xC7, 0x7E, 0xC7, 0x7E, 0xC7, 0x7E, 0xC7, 0x7E, 0xC7, 0x7E, 0xC7,
    0x7E, 0xC7, 0x7E, 0xC7, 0x7E, 0xCF, 0x9E, 0xCF, 0x9E, 0xCF, 0x9E, 0xBF, 0xBE, 0xBF, 0xBE, 0xBF,
    0xBE, 0xBF, 0xBE, 0xBF, 0xBE, 0xBF, 0xBE, 0xBF, 0x9E, 0xBF, 0x7E, 0xBF, 0x7E, 0xBF, 0x7E, 0xBF,
    0x7E, 0xBF, 0x7E, 0xBF, 0x7E, 0xC7, 0x7E, 0xC7, 0x7E, 0xC7, 0x7E, 0xC7, 0x7E, 0xCF, 0x9E, 0xCF,
    0x9E, 0xCF, 0x9E, 0xCF, 0xBF, 0xCF, 0xBF, 0xCF, 0xBE, 0xD7, 0x7E, 0xD7, 0x5D, 0xDF, 0x5E, 0xDF,
    0x7E, 0xE7, 0xDF, 0xE7, 0xDF, 0xEF, 0xDF, 0xF7, 0xDF, 0x07, 0xFF, 0xFF, 0xFE, 0xFF, 0xFE, 0xFF,
    0xFE, 0xFF, 0xBD, 0xFF, 0xDE, 0xFF, 0xFE, 0xFF, 0xFD, 0xFF, 0xDD, 0xFF, 0xBC, 0xFF, 0x9C, 0xFF,
    0x9C, 0xFF, 0x3B, 0xF6, 0xFA, 0xF6, 0xBA, 0xF6, 0xBB, 0xF6, 0xBB, 0xF6, 0xDB, 0xF6, 0xBB, 0xFE,
    0xFC, 0xFF, 0x1C, 0xFF, 0x5D, 0xF7, 0x1C, 0xE6, 0x7B, 0xDE, 0x3A, 0xDE, 0x5B, 0xDE, 0x5B, 0xDE,
    0x5B, 0xDE, 0x5A, 0xDE, 0x5A, 0xDE, 0x5A, 0xDE, 0x3A, 0xE6, 0x7B, 0xE6, 0x5A, 0xCD, 0xB8, 0xF6,
    0xBD, 0xFF, 0x1E, 0xFD, 0xDA, 0xEC, 0x14, 0xEB, 0xB3, 0xE3, 0x31, 0xDA, 0x8F, 0xDA, 0x4E, 0xDA,
    0x6F, 0xE2, 0x6F, 0xDA, 0x8F, 0xE2, 0xF0, 0xF3, 0xD3, 0xEC, 0x14, 0xEC, 0x55, 0xFD, 0x18, 0xFD,
    0x99, 0xFE, 0x5C, 0xFE, 0x5B, 0xFE, 0x3B, 0xE5, 0xFA, 0xDE, 0x1A, 0xDE, 0x1A, 0xDE, 0x1A, 0xDE,
    0x3A, 0xD6, 0x3A, 0xCE, 0x19, 0xCE, 0x1A, 0xCE, 0x1A, 0xCE, 0x1A, 0xCE, 0xFF, 0x1B, 0xD6, 0x1B,
    0xCD, 0xDA, 0xC5, 0xB9, 0xCD, 0xB9, 0xD5, 0xD9, 0xD5, 0xF9, 0xDE, 0x1B, 0xDE, 0x1A, 0xDE, 0x1A,
    0xD5, 0xFA, 0xD5, 0xDA, 0xCD, 0xB9, 0xC5, 0x79, 0xC5, 0x57, 0xC5, 0x58, 0xC5, 0x78, 0xCD, 0x98,
    0xDD, 0xF9, 0xE6, 0x5B, 0xE6, 0x3A, 0xE6, 0x5B, 0xE6, 0x3A, 0xDE, 0x1A, 0xD5, 0xFB, 0xBD, 0x59,
    0xAC, 0xF8, 0xAC, 0xF8, 0xAD, 0x18, 0xAC, 0xF8, 0xAC, 0xF8, 0xAD, 0x18, 0xAD, 0x18, 0xAD, 0x18,
    0xAC, 0xF8, 0xAC, 0xF8, 0xFF, 0xBD, 0xFF, 0xBD, 0xFF, 0x9D, 0xFF, 0x9D, 0xFF, 0x9D, 0xFF, 0x9D,
    0xFF, 0x9D, 0xFF, 0x9D, 0xFF, 0x9D, 0xFF, 0x9D, 0xFF, 0x9D, 0xFF, 0x9D, 0xF7, 0x7D, 0xFF, 0x7D,
    0xFF, 0x9E, 0xFF, 0xBE, 0xFF, 0xBE, 0xFF, 0xBE, 0xFF, 0xBE, 0xFF, 0x9D, 0xFF, 0x9D, 0xFF, 0x9D,
    0xFF, 0x9D, 0xFF, 0x9E, 0xFF, 0x9E, 0xFF, 0x9E, 0xF7, 0x7D, 0xF7, 0x7D, 0xF7, 0xFF, 0x7D, 0xF7,
    0x5D, 0xF7, 0x5D, 0xF7, 0x5D, 0xF7, 0x7D, 0xF7, 0x7E, 0xF7, 0x7E, 0xF7, 0x7E, 0xEF, 0x5D, 0xEF,
    0x5D, 0xEF, 0x5D, 0xF7, 0x5D, 0xF7, 0x5D, 0xF7, 0x5D, 0xF7, 0x5D, 0xF7, 0x7D, 0xF7, 0x7D, 0xF7,
    0x7D, 0xF7, 0x7D, 0xF7, 0x7D, 0xF7, 0x7D, 0xEF, 0x7E, 0xEF, 0x7E, 0xEF, 0x7E, 0xEF, 0x7E, 0xFF,
    0xDF, 0xFF, 0xDF, 0xFF, 0xDF, 0xFF, 0xDF, 0xF7, 0xBF, 0xF7, 0x9F, 0xEF, 0x7E, 0xEF, 0x5D, 0xEF,
    0x5D, 0xEF, 0x5D, 0xE7, 0x5E, 0xE7, 0x5E, 0xE7, 0x5E, 0xE7, 0x5E, 0xE7, 0x5E, 0xE7, 0x5E, 0xE7,
    0x5E, 0xE7, 0x5E, 0xE7, 0x5E, 0xE7, 0x5E, 0xE7, 0x5E, 0xE7, 0x5E, 0xE7, 0x5E, 0xE7, 0x5E, 0xDF,
    0x7E, 0xDF, 0x7E, 0xDF, 0x7E, 0xDF, 0x7E, 0xDF, 0x7E, 0xDF, 0x7E, 0xDF, 0x7E, 0xDF, 0x7E, 0xDF,
    0x7E, 0xDF, 0x7E, 0xDF, 0x7E, 0xDF, 0x7E, 0xDF, 0x7E, 0xDF, 0x7E, 0xD7, 0x7E, 0xD7, 0xFF, 0x7E,
    0xD7, 0x7E, 0xD7, 0x7E, 0xD7, 0x9E, 0xD7, 0x7E, 0xD7, 0x7E, 0xDF, 0x5E, 0xDF, 0x5E, 0xDF, 0x5E,
    0xDF, 0x5E, 0xD7, 0x5D, 0xE7, 0x7E, 0xCD, 0xD7, 0x7A, 0xCC, 0x8A, 0xCC, 0x8A, 0x8C, 0x82, 0x6C,
    0x61, 0xC9, 0x51, 0x68, 0x7A, 0x4C, 0x61, 0xA9, 0x48, 0xE6, 0x40, 0xC5, 0x59, 0x88, 0x7A, 0x8C,
    0x61, 0xC9, 0x59, 0xA9, 0x49, 0x68, 0x51, 0xC9, 0x49, 0xC9, 0x31, 0x27, 0x29, 0x06, 0x29, 0x26,
    0x29, 0x06, 0x29, 0x06, 0x29, 0x06, 0x28, 0xE6, 0x28, 0xE6, 0x28, 0xE6, 0x39, 0x88, 0x29, 0x27,
    0x29, 0x06, 0x41, 0xC9, 0x41, 0xA9, 0x29, 0x27, 0x29, 0x27, 0x41, 0xCA, 0x41, 0xCA, 0x41, 0xCA,
    0x41, 0xC9, 0x39, 0xA9, 0x41, 0xEA, 0x4A, 0x0A, 0x49, 0xEB, 0x49, 0xEB, 0x49, 0xEB, 0x49, 0xEB,
    0x41, 0x89, 0x41, 0x89, 0x52, 0x0C, 0x52, 0x2D, 0x52, 0x2C, 0x49, 0xCA, 0x52, 0x2B, 0x52, 0x83,
    0x2B, 0x62, 0x8C, 0x62, 0x02, 0xAC, 0x91, 0xF5, 0xE7, 0x7E, 0xDF, 0xBE, 0xD7, 0x9E, 0xE7, 0x9E,
    0xEF, 0x9E, 0xEF, 0x9F, 0xEF, 0xBF, 0xEF, 0xDF, 0xEF, 0x02, 0xDF, 0xDB, 0x9E, 0xD7, 0x9D, 0xCF,
    0x7D, 0xCF, 0x7E, 0xCF, 0x7E, 0xCF, 0x7E, 0xCF, 0x7E, 0xCF, 0x7E, 0xCF, 0x7E, 0xCF, 0x7E, 0xC7,
    0x7E, 0xC7, 0x7E, 0xC7, 0x7E, 0xC7, 0x9E, 0xCF, 0x9E, 0xCF, 0x9E, 0xCF, 0x9E, 0xC7, 0xBE, 0xC7,
    0xBE, 0xC7, 0xBE, 0xBF, 0x9E, 0xBF, 0x9E, 0xBF, 0x9E, 0xBF, 0x7E, 0xC7, 0x7E, 0xC7, 0x5E, 0xC7,
    0x5E, 0xC7, 0x5E, 0xC7, 0x7E, 0xC7, 0x7E, 0xC7, 0x7E, 0xCF, 0x7D, 0xCF, 0x7D, 0xCF, 0x7D, 0xCF,
    0x9E, 0xCF, 0x9E, 0xCF, 0x9E, 0xD7, 0xBE, 0xD7, 0xDE, 0xD7, 0xBE, 0xDF, 0xBE, 0xE7, 0xBE, 0xEF,
    0xDF, 0xEF, 0xDF, 0xF7, 0xFF, 0xF7, 0xFF, 0xF7, 0x0A, 0xFF, 0xFF, 0xFE, 0xFF, 0xFE, 0xFF, 0xFE,
    0xFF, 0xDE, 0xFF, 0xDE, 0xFF, 0xDE, 0xFF, 0xFE, 0xFF, 0xFD, 0xFF, 0xDD, 0xFF, 0x9C, 0xFF, 0x7C,
    0xFF, 0x3B, 0xF6, 0xFA, 0xF6, 0xBA, 0xF6, 0xBB, 0xF6, 0xDB, 0xF6, 0xDB, 0xFF, 0x1C, 0xFF, 0x1C,
    0xFF, 0x3D, 0xFF, 0x3D, 0xEE, 0xFC, 0xE6, 0x7A, 0xDE, 0x3A, 0xDE, 0x5B, 0xDE, 0x5B, 0xDE, 0x5B,
    0xDE, 0x5B, 0xDE, 0x7A, 0xDE, 0x5A, 0xE6, 0x7B, 0xDD, 0xF9, 0xE6, 0x3A, 0xFF, 0x1E, 0xFE, 0x9C,
    0xED, 0x17, 0xEC, 0x14, 0xF3, 0x11, 0xEA, 0xF0, 0xDA, 0xCF, 0xD2, 0xAE, 0xDA, 0x8F, 0xE2, 0xB0,
    0xEA, 0xF1, 0xF3, 0x93, 0xF3, 0xF4, 0xE4, 0x95, 0xED, 0x37, 0xF5, 0xFA, 0xFE, 0x5C, 0xF6, 0x9C,
    0xE6, 0x7B, 0xE6, 0x5A, 0xD6, 0x3A, 0xD6, 0x1A, 0xD6, 0x1A, 0xD6, 0x3A, 0xD6, 0x3A, 0xD6, 0x3A,
    0xD6, 0x3A, 0xD6, 0x3A, 0xCE, 0x3A, 0xCE, 0x3A, 0xD6, 0x3A, 0xD6, 0xFF, 0x3A, 0xD6, 0x1A, 0xD6,
    0x1A, 0xD5, 0xFA, 0xD5, 0xF9, 0xDD, 0xF9, 0xDE, 0x1A, 0xE6, 0x3B, 0xE6, 0x3B, 0xE6, 0x3B, 0xE6,
    0x5B, 0xE6, 0x5B, 0xDD, 0xFA, 0xCD, 0x99, 0xCD, 0x78, 0xCD, 0x78, 0xCD, 0x78, 0xCD, 0x98, 0xDD,
    0xF9, 0xEE, 0x5A, 0xE6, 0x3A, 0xEE, 0x5A, 0xEE, 0x3A, 0xE6, 0x19, 0xDD, 0xFA, 0xBD, 0x5A, 0xB4,
    0xF8, 0xB4, 0xF8, 0xB4, 0xF8, 0xB5, 0x18, 0xB4, 0xF8, 0xAD, 0x18, 0xAD, 0x18, 0xAD, 0x18, 0xAC,
    0xF8, 0xAC, 0xF8, 0xFF, 0xBD, 0xFF, 0xBD, 0xFF, 0x9D, 0xFF, 0x9D, 0xFF, 0x9D, 0xFF, 0x9D, 0xFF,
    0x9D, 0xFF, 0x9D, 0xFF, 0x9D, 0xFF, 0x9D, 0xFF, 0x9D, 0xFF, 0x9D, 0xF7, 0x7D, 0xFF, 0x7D, 0xFF,
    0x9E, 0xFF, 0xBE, 0xFF, 0xBE, 0xFF, 0xBE, 0xFF, 0xBE, 0xFF, 0xBE, 0xFF, 0xBE, 0xFF, 0xBE, 0xFF,
    0xBE, 0xFF, 0xBE, 0xFF, 0xBE, 0xFF, 0xBE, 0xF7, 0x9D, 0xF7, 0x9D, 0xF7, 0xFF, 0x9D, 0xF7, 0x5D,
    0xF7, 0x5D, 0xF7, 0x5D, 0xF7, 0x7D, 0xF7, 0x7E, 0xF7, 0x7E, 0xF7, 0x7E, 0xF7, 0x7D, 0xF7, 0x7D,
    0xF7, 0x7D, 0xF7, 0x7D, 0xF7, 0x5D, 0xF7, 0x5D, 0xF7, 0x5D, 0xF7, 0x7D, 0xF7, 0x7D, 0xF7, 0x7D,
    0xF7, 0x7D, 0xF7, 0x7D, 0xF7, 0x7D, 0xEF, 0x5D, 0xEF, 0x5D, 0xEF, 0x5D, 0xEF, 0x5D, 0xEF, 0x7E,
    0xEF, 0x7E, 0xEF, 0x7E, 0xF7, 0x7E, 0xF7, 0x7E, 0xF7, 0x7E, 0xF7, 0x7E, 0xEF, 0x5D, 0xEF, 0x5D,
    0xEF, 0x5D, 0xEF, 0x3E, 0xE7, 0x3E, 0xE7, 0x3E, 0xE7, 0x3E, 0xE7, 0x3E, 0xE7, 0x3E, 0xE7, 0x3E,
    0xE7, 0x5E, 0xE7, 0x5E, 0xE7, 0x5E, 0xE7, 0x5E, 0xE7, 0x5E, 0xE7, 0x5E, 0xE7, 0x5E, 0xDF, 0x5E,
    0xDF, 0x5E, 0xDF, 0x5E, 0xDF, 0x5E, 0xDF, 0x5E, 0xDF, 0x5E, 0xDF, 0x5E, 0xDF, 0x5E, 0xDF, 0x5E,
    0xDF, 0x5E, 0xDF, 0x5E, 0xDF, 0x5E, 0xDF, 0x5E, 0xDF, 0x7E, 0xDF, 0x7E, 0xDF, 0xFF, 0x7E, 0xDF,
    0x7E, 0xDF, 0x7E, 0xDF, 0x7E, 0xDF, 0x7E, 0xE7, 0x7E, 0xE7, 0x7E, 0xE7, 0x7E, 0xDF, 0x7E, 0xE7,
    0x7E, 0xE7, 0x7E, 0xDF, 0x1D, 0x83, 0x0C, 0x82, 0xAB, 0x69, 0xA8, 0x7A, 0x0A, 0x72, 0x0B, 0x49,
    0x07, 0x49, 0x68, 0x61, 0xA9, 0x51, 0x47, 0x51, 0x07, 0x38, 0x84, 0x59, 0x88, 0x7A, 0x4C, 0x49,
    0x07, 0x49, 0x27, 0x41, 0x07, 0x39, 0x27, 0x39, 0x47, 0x31, 0x26, 0x29, 0x26, 0x29, 0x26, 0x29,
    0x06, 0x29, 0x06, 0x29, 0x06, 0x28, 0xE6, 0x28, 0xE6, 0x28, 0xE6, 0x29, 0x07, 0x29, 0x06, 0x28,
    0xE6, 0x31, 0x68, 0x39, 0x89, 0x29, 0x27, 0x20, 0xE6, 0x31, 0x47, 0x31, 0x47, 0x31, 0x47, 0x29,
    0x27, 0x29, 0x06, 0x31, 0x47, 0x31, 0x48, 0x39, 0x69, 0x39, 0x69, 0x39, 0x69, 0x39, 0x69, 0x28,
    0xE7, 0x28, 0xE7, 0x41, 0x8A, 0x49, 0xEC, 0x51, 0xEB, 0x31, 0x27, 0x41, 0xC9, 0x49, 0x8D, 0xE9,
    0x5A, 0x6B, 0x62, 0x6B, 0x59, 0xE9, 0xDF, 0x1C, 0xE7, 0xBE, 0xDF, 0xBE, 0xF7, 0x0B, 0xFF, 0xD4,
    0xEF, 0xFF, 0xE7, 0xFE, 0xDF, 0x9D, 0xD7, 0x7E, 0xD7, 0x7E, 0xD7, 0x7E, 0xD7, 0x7E, 0xD7, 0x7E,
    0xD7, 0x7E, 0xD7, 0x7E, 0xCF, 0x9E, 0xCF, 0x9E, 0xCF, 0x9E, 0xCF, 0x9E, 0xCF, 0x9E, 0xCF, 0x9E,
    0xCF, 0x9E, 0xCF, 0x7E, 0xCF, 0x7E, 0xCF, 0x7E, 0xCF, 0x7E, 0xCF, 0x7E, 0xCF, 0x7E, 0xCF, 0x7E,
    0xCF, 0x7F, 0xCF, 0x7F, 0xCF, 0x7F, 0xCF, 0x7F, 0xCF, 0x7F, 0xCF, 0x7F, 0xCF, 0x7E, 0xD7, 0x9E,
    0xD7, 0x9E, 0xD7, 0x9E, 0xD7, 0xBE, 0xD7, 0xBE, 0xD7, 0xBE, 0xDF, 0xDE, 0xDF, 0xDE, 0xDF, 0xDE,
    0xE7, 0xDE, 0xEF, 0xFF, 0xF7, 0x1A, 0xFF, 0xFF, 0xDF, 0xFF, 0xDE, 0xFF, 0xBD, 0xFF, 0x9C, 0xFF,
    0x9C, 0xFF, 0x5B, 0xFF, 0x3B, 0xF7, 0x1A, 0xF6, 0xDA, 0xF6, 0xDA, 0xF6, 0xDB, 0xFE, 0xFC, 0xFE,
    0xFC, 0xFF, 0x1C, 0xF6, 0xDB, 0xF6, 0xBB, 0xEE, 0xBB, 0xE6, 0x9A, 0xE6, 0x7A, 0xDE, 0x5A, 0xDE,
    0x5B, 0xDE, 0x5B, 0xDE, 0x5B, 0xD6, 0x7A, 0xD6, 0x7A, 0xDE, 0x7A, 0xDE, 0x3A, 0xFE, 0xFD, 0xFE,
    0xDD, 0xE5, 0xD9, 0xF3, 0xF4, 0xF3, 0x93, 0xEB, 0x11, 0xE2, 0x8E, 0xE2, 0xCF, 0xE3, 0x30, 0xEB,
    0x91, 0xF3, 0xF4, 0xFC, 0x95, 0xF5, 0x98, 0xFE, 0x9B, 0xFE, 0xBB, 0xF6, 0x9A, 0xEE, 0x7B, 0xDE,
    0x5B, 0xD6, 0x1A, 0xD5, 0xF9, 0xD6, 0x3A, 0xD6, 0x3A, 0xD6, 0x3A, 0xD6, 0x1B, 0xD6, 0x1A, 0xDE,
    0x1A, 0xDE, 0x1A, 0xDE, 0x1A, 0xE6, 0x3B, 0xE6, 0x5C, 0xEE, 0x7B, 0xEE, 0x7A, 0xEE, 0x7A, 0xE6,
    0x7A, 0xE6, 0x7A, 0xDE, 0x39, 0xD6, 0x18, 0xDD, 0xFF, 0xF9, 0xDD, 0xD9, 0xDD, 0xD9, 0xDD, 0xF9,
    0xDE, 0x19, 0xE6, 0x3A, 0xEE, 0x7B, 0xEE, 0x5B, 0xE6, 0x3B, 0xDE, 0x1A, 0xDE, 0x1A, 0xDD, 0xFA,
    0xD5, 0xB9, 0xDD, 0xB8, 0xE6, 0x19, 0xF6, 0x7A, 0xF6, 0x5A, 0xF6, 0x7A, 0xEE, 0x5A, 0xEE, 0x39,
    0xE6, 0x3B, 0xCD, 0x9B, 0xBD, 0x39, 0xBD, 0x39, 0xBD, 0x19, 0xBD, 0x19, 0xBD, 0x19, 0xAD, 0x18,
    0xAD, 0x18, 0xAD, 0x18, 0xAC, 0xF8, 0xAC, 0xF8, 0xFF, 0xBD, 0xFF, 0xBD, 0xFF, 0x9D, 0xFF, 0x9D,
    0xFF, 0x9D, 0xFF, 0x9D, 0xFF, 0x9D, 0xFF, 0x9D, 0xFF, 0x9D, 0xFF, 0x9D, 0xFF, 0x7D, 0xFF, 0x7D,
    0xFF, 0x5D, 0xFF, 0x7D, 0xFF, 0x9D, 0xFF, 0x9E, 0xFF, 0x9E, 0xFF, 0xBE, 0xFF, 0xBE, 0xFF, 0xBE,
    0xFF, 0xBE, 0xFF, 0xBE, 0xFF, 0xBE, 0xFF, 0xBE, 0xFF, 0xDE, 0xFF, 0xDE, 0xFF, 0x9E, 0xFF, 0x9E,
    0xFF, 0x9E, 0xF7, 0x5D, 0xF7, 0x5D, 0xF7, 0x5D, 0xF7, 0xFF, 0x5D, 0xF7, 0x7E, 0xF7, 0x7E, 0xF7,
    0x7E, 0xF7, 0x7E, 0xF7, 0x7E, 0xF7, 0x7E, 0xF7, 0x7D, 0xF7, 0x5D, 0xF7, 0x5D, 0xF7, 0x5D, 0xF7,
    0x7D, 0xF7, 0x7D, 0xF7, 0x7D, 0xF7, 0x7D, 0xF7, 0x7D, 0xF7, 0x7D, 0xEF, 0x5D, 0xEF, 0x5D, 0xEF,
    0x5D, 0xEF, 0x5D, 0xEF, 0x5D, 0xEF, 0x5D, 0xEF, 0x5D, 0xEF, 0x3D, 0xE7, 0x3D, 0xEF, 0x3D, 0xEF,
    0x3D, 0xEF, 0x5D, 0xEF, 0x5D, 0xEF, 0x5D, 0xE7, 0x3D, 0xE7, 0x3E, 0xE7, 0x3E, 0xE7, 0x5D, 0xE7,
    0x5D, 0xE7, 0x5E, 0xE7, 0x3E, 0xE7, 0x5E, 0xE7, 0x5E, 0xE7, 0x5E, 0xE7, 0x5E, 0xE7, 0x5E, 0xE7,
    0x5E, 0xE7, 0x5E, 0xE7, 0x5E, 0xE7, 0x5E, 0xE7, 0x5E, 0xE7, 0x5E, 0xE7, 0x5E, 0xE7, 0x5E, 0xE7,
    0x5E, 0xE7, 0x5E, 0xE7, 0x5E, 0xE7, 0x5E, 0xDF, 0x5E, 0xDF, 0x5E, 0xDF, 0x5E, 0xDF, 0x5E, 0xDF,
    0x5E, 0xE7, 0x5D, 0xE7, 0x5D, 0xE7, 0x5D, 0xE7, 0x5D, 0xE7, 0xFF, 0x5D, 0xE7, 0x7E, 0xE7, 0x7E,
    0xE7, 0x7E, 0xEF, 0x7E, 0xEF, 0x9F, 0xEF, 0x9E, 0xD6, 0xBB, 0x72, 0x49, 0x9B, 0x2D, 0x50, 0xC5,
    0x69, 0xA9, 0x71, 0xEA, 0x49, 0x27, 0x59, 0xEA, 0x51, 0x27, 0x59, 0x88, 0x59, 0x68, 0x49, 0x06,
    0x59, 0x88, 0x72, 0x4B, 0x49, 0x27, 0x39, 0x07, 0x39, 0x06, 0x30, 0xE6, 0x31, 0x06, 0x31, 0x26,
    0x29, 0x06, 0x29, 0x06, 0x29, 0x06, 0x29, 0x06, 0x29, 0x06, 0x28, 0xE6, 0x28, 0xE6, 0x28, 0xE6,
    0x20, 0xE6, 0x20, 0xE6, 0x20, 0xE6, 0x29, 0x06, 0x31, 0x47, 0x29, 0x27, 0x29, 0x06, 0x20, 0xE6,
    0x20, 0xE6, 0x20, 0xE6, 0x20, 0xE6, 0x28, 0xE6, 0x20, 0xE6, 0x20, 0xC5, 0x29, 0x07, 0x28, 0xE7,
    0x28, 0xE7, 0x29, 0x07, 0x31, 0x28, 0x31, 0x28, 0x31, 0x28, 0x41, 0xAA, 0x49, 0xEB, 0x31, 0x27,
    0x29, 0x07, 0x41, 0xC9, 0x52, 0x2A, 0x62, 0x4C, 0x62, 0x0A, 0xD6, 0x83, 0x7A, 0xEF, 0xBE, 0xEF,
    0x04, 0xFF, 0x82, 0xDF, 0xFF, 0xDF, 0x06, 0xFF, 0xD2, 0xF7, 0xFF, 0xF7, 0xFF, 0xE7, 0x9E, 0xD7,
    0x7E, 0xD7, 0x7E, 0xD7, 0x7E, 0xD7, 0x7E, 0xD7, 0x7E, 0xD7, 0x7E, 0xD7, 0x7E, 0xD7, 0x9E, 0xCF,
    0x9F, 0xCF, 0x9F, 0xCF, 0x9E, 0xCF, 0x7E, 0xCF, 0x7E, 0xCF, 0x7E, 0xD7, 0x7E, 0xCF, 0x7E, 0xCF,
    0x7E, 0xCF, 0x5E, 0xCF, 0x5E, 0xCF, 0x5E, 0xCF, 0x7E, 0xCF, 0x7E, 0xCF, 0x7F, 0xCF, 0x7F, 0xCF,
    0x7F, 0xCF, 0x7E, 0xCF, 0x7E, 0xCF, 0x9E, 0xD7, 0x9D, 0xD7, 0x9D, 0xD7, 0x9D, 0xDF, 0xBE, 0xDF,
    0xBE, 0xDF, 0xBE, 0xDF, 0xDE, 0xDF, 0xDE, 0xE7, 0xBE, 0xEF, 0xDE, 0xF7, 0x06, 0xFF, 0x84, 0xDE,
    0xFF, 0xDE, 0xFF, 0xDE, 0x11, 0xFF, 0xFF, 0xDF, 0xFF, 0xBE, 0xFF, 0x7D, 0xF7, 0x5B, 0xF7, 0x3B,
    0xF7, 0x1B, 0xF7, 0x1B, 0xF6, 0xFB, 0xF6, 0xDA, 0xF6, 0xDA, 0xFE, 0xDB, 0xFE, 0xFB, 0xFE, 0xFC,
    0xF6, 0xDB, 0xEE, 0x7A, 0xE6, 0x39, 0xE6, 0x7A, 0xE6, 0x7A, 0xE6, 0x7B, 0xE6, 0x7B, 0xDE, 0x5B,
    0xDE, 0x5B, 0xDE, 0x3B, 0xD6, 0x7A, 0xD6, 0x7A, 0xDE, 0x7A, 0xEE, 0x9C, 0xFF, 0x1E, 0xFD, 0xFA,
    0xD4, 0x34, 0xFB, 0x73, 0xEA, 0xD0, 0xDA, 0x8F, 0xE3, 0x10, 0xE3, 0x70, 0xF3, 0xF2, 0xF4, 0x74,
    0xF4, 0xF7, 0xF5, 0xD9, 0xF7, 0x1C, 0xCE, 0x38, 0xC6, 0x38, 0xCD, 0xF8, 0xD6, 0x19, 0xDE, 0x5B,
    0xDE, 0x5B, 0xDE, 0x3B, 0xDE, 0x3B, 0xDE, 0x3B, 0xDE, 0x5B, 0xDE, 0x1A, 0xDE, 0x1A, 0xDE, 0x1A,
    0xDD, 0xFA, 0xDD, 0xFA, 0xE6, 0x3B, 0xEE, 0x5C, 0xF6, 0x9B, 0xF6, 0x9B, 0xF6, 0x9B, 0xF6, 0xBB,
    0xF6, 0xDB, 0xDE, 0x19, 0xD5, 0xD8, 0xD5, 0xFF, 0xD8, 0xCD, 0x98, 0xCD, 0x77, 0xCD, 0x98, 0xD5,
    0xD8, 0xDE, 0x19, 0xDE, 0x1A, 0xDD, 0xFA, 0xDE, 0x1B, 0xE6, 0x3B, 0xE6, 0x3B, 0xDE, 0x1B, 0xD5,
    0xD9, 0xDD, 0xB9, 0xEE, 0x19, 0xF6, 0x7B, 0xF6, 0x5A, 0xF6, 0x7B, 0xF6, 0x5A, 0xEE, 0x5A, 0xE6,
    0x3B, 0xCD, 0xBB, 0xC5, 0x5A, 0xBD, 0x39, 0xBD, 0x19, 0xBD, 0x19, 0xBD, 0x19, 0xAC, 0xF8, 0xAC,
    0xF8, 0xAD, 0x18, 0xAC, 0xF8, 0xAC, 0xF8, 0xFF, 0x9D, 0xFF, 0x9D, 0xFF, 0xBD, 0xFF, 0xBD, 0xFF,
    0xBD, 0xFF, 0x9D, 0xFF, 0x9D, 0xFF, 0x9D, 0xFF, 0x9D, 0xFF, 0x7D, 0xFF, 0x7D, 0xFF, 0x7D, 0xFF,
    0x7D, 0xFF, 0x7D, 0xFF, 0x7D, 0xFF, 0x7D, 0xFF, 0x5D, 0xFF, 0x7D, 0xFF, 0x7D, 0xFF, 0x9E, 0xFF,
    0xBE, 0xFF, 0xBE, 0xFF, 0x9E, 0xFF, 0x9E, 0xFF, 0x9F, 0xFF, 0xBF, 0xFF, 0x9E, 0xFF, 0x9E, 0xFF,
    0x9E, 0xFF, 0x7E, 0xFF, 0x7E, 0xFF, 0x7E, 0xFF, 0xFF, 0x7E, 0xFF, 0x7E, 0xFF, 0x7E, 0xFF, 0x7E,
    0xFF, 0x7E, 0xFF, 0x7E, 0xFF, 0x7E, 0xFF, 0x7E, 0xFF, 0x9E, 0xFF, 0x9E, 0xFF, 0x7E, 0xF7, 0x7E,
    0xF7, 0x7E, 0xF7, 0x7E, 0xF7, 0x9E, 0xF7, 0x9E, 0xF7, 0x7D, 0xF7, 0x7D, 0xF7, 0x7D, 0xF7, 0x7D,
    0xF7, 0x7D, 0xEF, 0x5D, 0xEF, 0x5D, 0xEF, 0x5D, 0xEF, 0x5D, 0xEF, 0x5D, 0xEF, 0x5D, 0xEF, 0x5D,
    0xEF, 0x5D, 0xEF, 0x5D, 0xEF, 0x5D, 0xE7, 0x7D, 0xE7, 0x7D, 0xE7, 0x7D, 0xE7, 0x7D, 0xE7, 0x7D,
    0xE7, 0x7D, 0xE7, 0x7D, 0xE7, 0x7D, 0xE7, 0x7D, 0xE7, 0x7D, 0xE7, 0x7D, 0xE7, 0x7D, 0xE7, 0x7D,
    0xE7, 0x7D, 0xE7, 0x5D, 0xE7, 0x5D, 0xE7, 0x5D, 0xE7, 0x7D, 0xE7, 0x7D, 0xE7, 0x7D, 0xE7, 0x7D,
    0xE7, 0x7D, 0xE7, 0x7D, 0xE7, 0x7D, 0xE7, 0x7D, 0xDF, 0x7D, 0xDF, 0x9D, 0xE7, 0x7D, 0xE7, 0x5C,
    0xE7, 0x5C, 0xE7, 0x3C, 0xF7, 0x7E, 0xF7, 0x7E, 0xF7, 0xF7, 0x7E, 0xEF, 0x5D, 0xEF, 0x7D, 0xF7,
    0x9D, 0xF7, 0x9E, 0xF7, 0x9D, 0xF7, 0x7D, 0xAD, 0x13, 0x7A, 0x4A, 0x7A, 0x6A, 0x51, 0x46, 0x7A,
    0xAC, 0x59, 0xA9, 0x49, 0x68, 0x49, 0x68, 0x51, 0x89, 0x51, 0x27, 0x51, 0x05, 0x82, 0x6B, 0x40,
    0x84, 0x59, 0xAA, 0x39, 0x07, 0x39, 0x48, 0x31, 0x27, 0x31, 0x07, 0x29, 0x06, 0x29, 0x06, 0x29,
    0x06, 0x29, 0x06, 0x28, 0xE6, 0x28, 0xE6, 0x28, 0xE6, 0x28, 0xE6, 0x28, 0xE6, 0x28, 0xE6, 0x28,
    0xE6, 0x28, 0xE6, 0x28, 0xE6, 0x28, 0xE6, 0x28, 0xE6, 0x28, 0xE6, 0x28, 0xE6, 0x28, 0xE6, 0x28,
    0xE6, 0x28, 0xE6, 0x29, 0x06, 0x29, 0x06, 0x29, 0x06, 0x29, 0x06, 0x29, 0x07, 0x29, 0x07, 0x29,
    0x07, 0x29, 0x07, 0x29, 0x27, 0x29, 0x27, 0x29, 0x28, 0x31, 0x28, 0x31, 0x28, 0x31, 0x28, 0x31,
    0x49, 0x31, 0x02, 0x49, 0x8A, 0xEB, 0x5A, 0x2D, 0x72, 0xAF, 0xAC, 0xB4, 0xFF, 0xBE, 0xFF, 0xDE,
    0x0F, 0xFF, 0xC9, 0xDF, 0xEF, 0x9E, 0xEF, 0xBE, 0xE7, 0xBE, 0xDF, 0x7C, 0xDF, 0x7C, 0xDF, 0x7D,
    0xDF, 0x7C, 0xDF, 0x5C, 0xD7, 0x5E, 0xD7, 0x7E, 0xD7, 0x7E, 0xD7, 0x5E, 0xD7, 0x5E, 0xD7, 0x5E,
    0xD7, 0x5E, 0xCF, 0x9E, 0xCF, 0x9E, 0xCF, 0x9E, 0xCF, 0x9E, 0xCF, 0x9E, 0xCF, 0x9E, 0xCF, 0x9E,
    0xCF, 0x9E, 0xCF, 0x9E, 0xCF, 0x9E, 0xCF, 0x9E, 0xCF, 0x9E, 0xCF, 0x9E, 0xCF, 0xBE, 0xCF, 0xDD,
    0xCF, 0xBD, 0xD7, 0xBD, 0xDF, 0x9D, 0xDF, 0x9E, 0xE7, 0x9E, 0xF7, 0xFF, 0xF7, 0x08, 0xFF, 0x88,
    0xDF, 0xFF, 0xDF, 0xFF, 0xDF, 0xFF, 0xDF, 0xFF, 0xDF, 0x0F, 0xFF, 0xB5, 0xDF, 0xFF, 0x9E, 0xFF,
    0x5D, 0xF6, 0xFC, 0xFE, 0xDB, 0xFE, 0xDB, 0xFE, 0xDB, 0xFE, 0xDB, 0xFE, 0xDC, 0xFE, 0xFC, 0xFE,
    0xFB, 0xFE, 0xFB, 0xFF, 0x1C, 0xFF, 0x1C, 0xF6, 0xBB, 0xEE, 0x5B, 0xEE, 0x5B, 0xE6, 0x5B, 0xE6,
    0x7B, 0xE6, 0x7B, 0xDE, 0x5A, 0xDE, 0x5A, 0xDE, 0x5A, 0xDE, 0x5A, 0xE6, 0x5A, 0xD6, 0x39, 0xDE,
    0x9B, 0xF6, 0x02, 0xFD, 0xFF, 0x9A, 0xFC, 0x16, 0xFB, 0x53, 0xFA, 0xF1, 0xF2, 0xD0, 0xF3, 0x11,
    0xF3, 0xD3, 0xEC, 0x54, 0xED, 0x36, 0xF6, 0x5A, 0xE6, 0x7B, 0xDE, 0x5A, 0xD6, 0x19, 0xDE, 0x1A,
    0xDE, 0x3A, 0xDE, 0x3A, 0xDE, 0x1A, 0xDE, 0x1A, 0xDE, 0x1A, 0xDE, 0x1A, 0xDE, 0x1A, 0xDE, 0x1A,
    0xDE, 0x1A, 0xD5, 0xF9, 0xD5, 0xF9, 0xDD, 0xF9, 0xDD, 0xF9, 0xDE, 0x1A, 0xEE, 0x7B, 0xE6, 0x5A,
    0xE6, 0x5B, 0xEE, 0x9C, 0xE6, 0x5B, 0xE6, 0x5A, 0xEE, 0x7B, 0xDD, 0xF9, 0xCD, 0x77, 0xC5, 0xB8,
    0xCE, 0x1A, 0xC5, 0xF9, 0xC5, 0xD9, 0xBD, 0xB8, 0xBD, 0xB8, 0xBD, 0x78, 0xBD, 0x79, 0xBD, 0x79,
    0xBD, 0x79, 0xCD, 0xDA, 0xCD, 0xDA, 0xCD, 0xFB, 0xDD, 0xFA, 0xE6, 0x1A, 0xEE, 0x3B, 0xEE, 0x5B,
    0xEE, 0x7C, 0xDD, 0xB9, 0xD5, 0x98, 0xCD, 0x99, 0xC5, 0x79, 0xC5, 0x59, 0xBD, 0x58, 0xBD, 0x79,
    0xBD, 0x58, 0xBD, 0x58, 0xB5, 0xDE, 0x38, 0xBD, 0x18, 0xB5, 0x18, 0xB5, 0x18, 0xB5, 0x18, 0xFF,
    0x9D, 0xFF, 0x9D, 0xFF, 0xBD, 0xFF, 0xBD, 0xFF, 0xBD, 0xFF, 0x9D, 0xFF, 0x9D, 0xFF, 0x9D, 0xFF,
    0x9D, 0xFF, 0x7D, 0xFF, 0x7D, 0xFF, 0x7D, 0xFF, 0x7D, 0xFF, 0x7D, 0xFF, 0x7D, 0xFF, 0x7D, 0xFF,
    0x5D, 0xFF, 0x7D, 0xFF, 0x7D, 0xFF, 0xBE, 0xFF, 0xDE, 0xFF, 0xDE, 0xFF, 0xDF, 0xFF, 0xBF, 0xFF,
    0xBF, 0xFF, 0xBF, 0xFF, 0x9E, 0xFF, 0x9E, 0xFF, 0x9E, 0xFF, 0x9E, 0xFF, 0x9E, 0xFF, 0x9E, 0xFF,
    0x9E, 0xFF, 0x9E, 0xFF, 0x9E, 0xFF, 0x9E, 0xFF, 0xBE, 0xFF, 0xBE, 0xFF, 0xBE, 0xFF, 0xBF, 0xFF,
    0xBF, 0xFF, 0xBF, 0xFF, 0xBF, 0x07, 0xFF, 0xFF, 0xDF, 0xFF, 0xDF, 0xFF, 0xBE, 0xF7, 0x9E, 0xF7,
    0x9E, 0xF7, 0x9E, 0xF7, 0x9E, 0xF7, 0x9E, 0xF7, 0x9E, 0xF7, 0x9E, 0xEF, 0x7D, 0xEF, 0x5D, 0xEF,
    0x5D, 0xEF, 0x5D, 0xEF, 0x5D, 0xEF, 0x5D, 0xEF, 0x5D, 0xE7, 0x7D, 0xE7, 0x7D, 0xE7, 0x7D, 0xE7,
    0x7D, 0xE7, 0x7D, 0xE7, 0x7D, 0xE7, 0x7D, 0xE7, 0x7D, 0xE7, 0x7D, 0xE7, 0x7D, 0xE7, 0x7D, 0xE7,
    0x5D, 0xE7, 0x5D, 0xE7, 0x5D, 0xE7, 0x5D, 0xE7, 0x5D, 0xE7, 0x5D, 0xE7, 0x7D, 0xE7, 0x7D, 0xE7,
    0x7D, 0xE7, 0x5D, 0xEF, 0x5D, 0xEF, 0x5D, 0xEF, 0x5D, 0xEF, 0x5D, 0xEF, 0x5D, 0xEF, 0x5D, 0xE7,
    0x7D, 0xDF, 0xBD, 0xDF, 0x9D, 0xDF, 0x9D, 0xEF, 0xDE, 0xF7, 0xBE, 0xF7, 0xBE, 0xF7, 0x9D, 0xF7,
    0x9D, 0xF7, 0x7D, 0xF7, 0x5D, 0xFF, 0x9E, 0xFF, 0xBE, 0x94, 0x10, 0x8A, 0xCB, 0x51, 0x25, 0x69,
    0xC8, 0x72, 0x2A, 0x51, 0x67, 0x51, 0x88, 0x41, 0xE8, 0x48, 0x49, 0x68, 0x49, 0x06, 0x69, 0xC9,
    0xAB, 0xB0, 0x51, 0x06, 0x40, 0xC6, 0x39, 0x07, 0x39, 0x48, 0x31, 0x27, 0x31, 0x07, 0x29, 0x06,
    0x29, 0x06, 0x29, 0x06, 0x28, 0xE6, 0x28, 0xE6, 0x28, 0xE6, 0x28, 0xE6, 0x28, 0xE6, 0x28, 0xE6,
    0x28, 0xE6, 0x28, 0xE6, 0x28, 0xE6, 0x28, 0xE6, 0x28, 0xE6, 0x28, 0xE6, 0x28, 0xE6, 0x28, 0xE6,
    0x28, 0xE6, 0x28, 0xE6, 0x28, 0xE6, 0x29, 0x06, 0x29, 0x06, 0x29, 0x06, 0x29, 0x06, 0x29, 0x07,
    0x29, 0x07, 0x29, 0x07, 0x29, 0x07, 0x29, 0x27, 0x29, 0x27, 0x29, 0x28, 0x31, 0x28, 0x31, 0x28,
    0x31, 0x28, 0x31, 0x28, 0x29, 0x28, 0x39, 0x8A, 0x5A, 0x2D, 0x62, 0x2D, 0x49, 0xC9, 0xE6, 0xDB,
    0xFF, 0xDE, 0x11, 0xFF, 0xC4, 0xDF, 0xF7, 0xFF, 0xF7, 0xFF, 0xEF, 0xDE, 0xEF, 0xDE, 0xEF, 0xDE,
    0xEF, 0xBE, 0xE7, 0x9E, 0xDF, 0x5E, 0xDF, 0x5E, 0xDF, 0x5E, 0xDF, 0x7E, 0xDF, 0x7E, 0xDF, 0x7E,
    0xDF, 0x7E, 0xD7, 0x9E, 0xD7, 0x9E, 0xD7, 0x9E, 0xCF, 0x7E, 0xCF, 0x7E, 0xCF, 0x7E, 0xCF, 0x9E,
    0xD7, 0x9E, 0xD7, 0x9E, 0xD7, 0x9E, 0xD7, 0x9E, 0xD7, 0x9E, 0xD7, 0x9E, 0xD7, 0xBE, 0xCF, 0xBD,
    0xD7, 0xBD, 0xD7, 0xBD, 0xDF, 0x9E, 0xE7, 0xBE, 0xEF, 0xBF, 0x09, 0xFF, 0x92, 0xDF, 0xFF, 0xBF,
    0xFF, 0xBF, 0xFF, 0xBF, 0xFF, 0xBE, 0xFF, 0xBE, 0xFF, 0xBE, 0xFF, 0xDF, 0xFF, 0xDF, 0xFF, 0xDF,
    0x07, 0xFF, 0xFF, 0x9E, 0xFF, 0x5D, 0xF7, 0x1C, 0xF6, 0xDB, 0xFE, 0xDB, 0xFE, 0xDB, 0xFE, 0xDB,
    0xFE, 0xDB, 0xFE, 0xDB, 0xFE, 0xFC, 0xFF, 0x1C, 0xFF, 0x5C, 0xFF, 0x3C, 0xFF, 0x1D, 0xF6, 0xBB,
    0xE6, 0x5A, 0xE6, 0x5A, 0xE6, 0x5B, 0xDE, 0x7B, 0xE6, 0x7B, 0xDE, 0x5A, 0xDE, 0x5A, 0xDE, 0x5A,
    0xDE, 0x5A, 0xE6, 0x9B, 0xDE, 0x3A, 0xFF, 0x5E, 0xF6, 0x5B, 0xEC, 0x36, 0xEB, 0x33, 0xF2, 0xD2,
    0xF2, 0xF1, 0xF3, 0x72, 0xF4, 0x34, 0xFD, 0xB9, 0xFE, 0x3A, 0xFE, 0x7A, 0xE6, 0x39, 0xDE, 0x5A,
    0xDE, 0x3A, 0xDE, 0x3A, 0xDE, 0x3A, 0xDE, 0x3A, 0xDE, 0x3A, 0xDE, 0x1A, 0xDE, 0x1A, 0xDE, 0x1A,
    0xDE, 0x1A, 0xDE, 0x1A, 0xDE, 0x1A, 0xDE, 0x1A, 0xD5, 0xF9, 0xDD, 0xF9, 0xDD, 0xF9, 0xDD, 0xF9,
    0xDE, 0x3A, 0xE6, 0x5B, 0xDD, 0xF9, 0xDE, 0x3A, 0xD5, 0xFA, 0xCD, 0x98, 0xC5, 0x98, 0xC5, 0x78,
    0xBD, 0x37, 0xBD, 0xFF, 0x37, 0xBD, 0x78, 0xC5, 0xD9, 0xBD, 0xB8, 0xAD, 0x37, 0xAD, 0x16, 0xAD,
    0x16, 0xAC, 0xF6, 0xAC, 0xF7, 0xAC, 0xF7, 0xAC, 0xF7, 0xB5, 0x17, 0xB5, 0x17, 0xB5, 0x38, 0xBD,
    0x17, 0xC5, 0x37, 0xD5, 0x99, 0xDD, 0xFA, 0xE6, 0x5B, 0xCD, 0x98, 0xC5, 0x58, 0xC5, 0x78, 0xC5,
    0x99, 0xC5, 0x99, 0xC5, 0xB9, 0xC5, 0x99, 0xC5, 0x99, 0xBD, 0x99, 0xBD, 0x78, 0xBD, 0x78, 0xB5,
    0x37, 0xB5, 0x16, 0xAC, 0xF6, 0xFF, 0xBD, 0xFF, 0xBD, 0xFF, 0xBD, 0xFF, 0xBD, 0xFF, 0xBD, 0xFF,
    0x9D, 0xFF, 0x9D, 0xFF, 0x9D, 0xFF, 0x9D, 0xFF, 0x7D, 0xFF, 0x7D, 0xFF, 0x7D, 0xFF, 0x7D, 0xFF,
    0x7D, 0xFF, 0x7D, 0xFF, 0x7D, 0xFF, 0x5D, 0xFF, 0x7D, 0xFF, 0x7D, 0xFF, 0xDE, 0xFF, 0xDF, 0xFF,
    0xDF, 0xFF, 0xDF, 0xFF, 0xBF, 0xFF, 0xBF, 0xFF, 0x9E, 0xFF, 0x9E, 0xFF, 0xBE, 0xFF, 0xBE, 0xFF,
    0xBF, 0xFF, 0xBF, 0xFF, 0x9C, 0xDF, 0xFF, 0xDF, 0xFF, 0xDF, 0xFF, 0xBF, 0xFF, 0xBF, 0xFF, 0xDF,
    0xFF, 0xDF, 0xFF, 0xDF, 0xFF, 0xDF, 0xFF, 0xDF, 0xFF, 0xDF, 0xFF, 0xDF, 0xFF, 0xDF, 0xFF, 0xDF,
    0xFF, 0xDF, 0x05, 0xFF, 0xFD, 0xDF, 0xFF, 0xDF, 0xFF, 0xDF, 0xFF, 0xDF, 0xFF, 0xDF, 0xFF, 0xBE,
    0xFF, 0xBE, 0xFF, 0xBE, 0xF7, 0xBE, 0xF7, 0xBE, 0xF7, 0xBE, 0xF7, 0xBE, 0xEF, 0x5D, 0xEF, 0x5D,
    0xEF, 0x5D, 0xEF, 0x5D, 0xE7, 0x5D, 0xE7, 0x5D, 0xE7, 0x5D, 0xE7, 0x5D, 0xE7, 0x5D, 0xE7, 0x5D,
    0xE7, 0x5D, 0xE7, 0x5D, 0xE7, 0x5D, 0xE7, 0x5D, 0xE7, 0x5D, 0xE7, 0x5D, 0xE7, 0x5D, 0xE7, 0x5D,
    0xE7, 0x5D, 0xE7, 0x5D, 0xE7, 0x5D, 0xE7, 0x5D, 0xE7, 0x5D, 0xE7, 0x5D, 0xE7, 0x7D, 0xE7, 0x7D,
    0xE7, 0x5D, 0xEF, 0x5D, 0xEF, 0x5D, 0xEF, 0x5D, 0xEF, 0x7D, 0xE7, 0x9D, 0xE7, 0x9D, 0xEF, 0x7D,
    0xFF, 0x9E, 0xFF, 0x9E, 0xFF, 0x9E, 0xFF, 0x3D, 0xFF, 0x1D, 0xFF, 0x1C, 0xFE, 0xFC, 0xFF, 0x1D,
    0xFF, 0x1C, 0x93, 0x8F, 0x82, 0xAB, 0x69, 0xE8, 0x7A, 0x6B, 0x6A, 0x0A, 0x49, 0x27, 0x51, 0x88,
    0x41, 0x27, 0x49, 0x02, 0x48, 0xE4, 0xE6, 0x7A, 0x4B, 0xA3, 0x6F, 0x59, 0x88, 0x40, 0xE6, 0x39,
    0x07, 0x39, 0x48, 0x31, 0x27, 0x31, 0x07, 0x29, 0x06, 0x29, 0x06, 0x29, 0x06, 0x28, 0xE6, 0x28,
    0xE6, 0x28, 0xE6, 0x28, 0xE6, 0x28, 0xE6, 0x28, 0xE6, 0x28, 0xE6, 0x28, 0xE6, 0x28, 0xE6, 0x28,
    0xE6, 0x28, 0xE6, 0x28, 0xE6, 0x28, 0xE6, 0x28, 0xE6, 0x28, 0xE6, 0x28, 0xE6, 0x28, 0xE6, 0x29,
    0x06, 0x29, 0x06, 0x29, 0x06, 0x29, 0x06, 0x29, 0x07, 0x29, 0x07, 0x29, 0x07, 0x29, 0x07, 0x29,
    0x27, 0x29, 0x27, 0x29, 0x28, 0x31, 0x28, 0x31, 0x28, 0x31, 0x28, 0x31, 0x28, 0x29, 0x08, 0x31,
    0x69, 0x49, 0xCB, 0x62, 0x0C, 0x51, 0xE9, 0xB5, 0x55, 0xFF, 0xDE, 0x14, 0xFF, 0xC1, 0xF7, 0xFF,
    0xF7, 0xFF, 0xF7, 0xFF, 0xF7, 0xFF, 0xF7, 0xDF, 0xF7, 0xDF, 0xEF, 0xBF, 0xEF, 0xBF, 0xEF, 0xBF,
    0xE7, 0xBF, 0xE7, 0x7E, 0xE7, 0x7E, 0xE7, 0x9E, 0xD7, 0x9E, 0xD7, 0x9E, 0xD7, 0x9E, 0xD7, 0x7E,
    0xD7, 0x7E, 0xD7, 0x7E, 0xD7, 0x7E, 0xD7, 0x9E, 0xD7, 0x9E, 0xD7, 0x9E, 0xD7, 0x9E, 0xD7, 0x9E,
    0xD7, 0x9E, 0xD7, 0x9E, 0xD7, 0xBD, 0xD7, 0xBD, 0xDF, 0x9D, 0xE7, 0xBE, 0xEF, 0xBF, 0xEF, 0xDF,
    0x07, 0xFF, 0x94, 0xDF, 0xFF, 0xBF, 0xFF, 0x9E, 0xFF, 0x9E, 0xFF, 0x9E, 0xFF, 0xBE, 0xFF, 0xBE,
    0xFF, 0xBE, 0xFF, 0x9E, 0xFF, 0x9E, 0xFF, 0x9E, 0x05, 0xFF, 0xFF, 0xDF, 0xFF, 0x5D, 0xFF, 0x3C,
    0xF6, 0xDB, 0xF6, 0xBB, 0xFE, 0xDB, 0xFE, 0xDB, 0xFE, 0xDB, 0xFE, 0xDB, 0xFE, 0xDC, 0xFE, 0xFC,
    0xFF, 0x1C, 0xFF, 0x1B, 0xFE, 0xFB, 0xF6, 0xDB, 0xF6, 0x9B, 0xE6, 0x3A, 0xE6, 0x3A, 0xE6, 0x5B,
    0xE6, 0x7B, 0xE6, 0x7B, 0xDE, 0x5A, 0xDE, 0x5A, 0xDE, 0x5A, 0xDE, 0x5A, 0xD6, 0x5A, 0xDE, 0x5A,
    0xFE, 0xDD, 0xED, 0x18, 0xE3, 0xB4, 0xEB, 0x12, 0xFA, 0xD2, 0xFB, 0x73, 0xFC, 0x35, 0xFD, 0x58,
    0xF6, 0x5A, 0xE6, 0x39, 0xDE, 0x39, 0xDE, 0x39, 0xD6, 0x19, 0xDE, 0x3A, 0xDE, 0x3A, 0xDE, 0x3A,
    0xDE, 0x3A, 0xDE, 0x3A, 0xDE, 0x1A, 0xDE, 0x1A, 0xDE, 0x1A, 0xDE, 0x1A, 0xDE, 0x1A, 0xDE, 0x1A,
    0xDE, 0x1A, 0xD5, 0xF9, 0xDD, 0xF9, 0xDD, 0xF9, 0xDD, 0xF9, 0xDE, 0x3A, 0xE6, 0x3A, 0xD5, 0xD8,
    0xCD, 0xB9, 0xC5, 0x78, 0xC5, 0x78, 0xC5, 0x98, 0xBD, 0x57, 0xBD, 0xEC, 0x37, 0xC5, 0x78, 0xB5,
    0x58, 0xBD, 0xB9, 0xBD, 0x78, 0xB5, 0x37, 0xAD, 0x17, 0xAD, 0x17, 0xAC, 0xF7, 0xB5, 0x17, 0xB5,
    0x17, 0xB5, 0x17, 0xAC, 0xF7, 0xB5, 0x17, 0xB5, 0x38, 0xBD, 0x17, 0xBC, 0xF6, 0xBD, 0x17, 0xBD,
    0x37, 0xD5, 0xDA, 0xC5, 0x78, 0xC5, 0x78, 0xCD, 0x99, 0xC5, 0x99, 0xCD, 0xB9, 0xC5, 0xD9, 0xC5,
    0xD9, 0xD6, 0x3B, 0xDE, 0x9C, 0xDE, 0xBC, 0xE6, 0xBD, 0xEE, 0xFD, 0xE6, 0xBD, 0xD6, 0x7B, 0xFF,
    0x9D, 0xFF, 0x9D, 0xFF, 0x9D, 0xFF, 0x9D, 0xFF, 0x9D, 0xFF, 0x9D, 0xFF, 0xBD, 0xFF, 0xBD, 0xFF,
    0xBD, 0xFF, 0x7D, 0xFF, 0x7D, 0xFF, 0x7D, 0xFF, 0x7D, 0xFF, 0x7D, 0xFF, 0x7D, 0xFF, 0x7D, 0xFF,
    0x7D, 0xFF, 0x9E, 0xFF, 0x9E, 0xFF, 0xBE, 0xFF, 0xDF, 0x1F, 0xFF, 0x86, 0xDF, 0xFF, 0xDF, 0xFF,
    0xDF, 0xFF, 0xDF, 0x07, 0xFF, 0x9A, 0xDF, 0xFF, 0xDF, 0xFF, 0xDF, 0xFF, 0xDF, 0xFF, 0xDF, 0xFF,
    0xDF, 0xFF, 0xDF, 0xFF, 0xDF, 0xFF, 0xDF, 0xFF, 0xDF, 0xFF, 0xDF, 0xFF, 0xDF, 0xFF, 0xDF, 0xFF,
    0xDF, 0x06, 0xFF, 0xFF, 0xF7, 0xBE, 0xF7, 0x9E, 0xEF, 0x7D, 0xEF, 0x5D, 0xEF, 0x5D, 0xEF, 0x5D,
    0xEF, 0x7D, 0xF7, 0x9E, 0xF7, 0x9E, 0xF7, 0x7E, 0xEF, 0x7D, 0xEF, 0x7D, 0xEF, 0x7D, 0xEF, 0x7D,
    0xEF, 0x7D, 0xEF, 0x7D, 0xEF, 0x7D, 0xEF, 0x5D, 0xEF, 0x5D, 0xEF, 0x5D, 0xDE, 0xDC, 0xDE, 0xFC,
    0xE7, 0x3D, 0xEF, 0x9E, 0xE7, 0xBE, 0xE7, 0x7E, 0xDF, 0x3D, 0xE7, 0x1D, 0xEF, 0x7D, 0xFF, 0xDF,
    0xFF, 0xBF, 0xFF, 0x5E, 0xFF, 0x3D, 0xFE, 0xFD, 0xFE, 0x7B, 0xFE, 0x5B, 0xFE, 0x3A, 0xFD, 0x99,
    0xF5, 0x78, 0xF5, 0x57, 0xF5, 0x78, 0xED, 0x37, 0xF5, 0x37, 0xA2, 0xEE, 0x8A, 0xAB, 0x93, 0x0C,
    0x82, 0x8B, 0x6A, 0x0A, 0x51, 0x67, 0x41, 0x27, 0x49, 0x68, 0x49, 0x48, 0x40, 0xA5, 0x9B, 0x6F,
    0xAB, 0xB0, 0x72, 0x0A, 0x30, 0x44, 0x39, 0x27, 0x31, 0x07, 0x31, 0x07, 0x31, 0x27, 0x28, 0xE6,
    0x28, 0xE6, 0x28, 0xE6, 0xCF, 0x28, 0xE6, 0x28, 0xE6, 0x28, 0xE6, 0x28, 0xE6, 0x28, 0xE6, 0x28,
    0xE6, 0x28, 0xE6, 0x28, 0xE6, 0x28, 0xE6, 0x28, 0xE6, 0x28, 0xE6, 0x28, 0xE6, 0x28, 0xE6, 0x28,
    0xE6, 0x28, 0xE6, 0x28, 0xE6, 0x28, 0xE6, 0x28, 0xE6, 0x28, 0xE6, 0x28, 0xE6, 0x28, 0xE6, 0x29,
    0x07, 0x29, 0x07, 0x29, 0x07, 0x29, 0x07, 0x29, 0x07, 0x29, 0x07, 0x29, 0x07, 0x29, 0x08, 0x29,
    0x08, 0x29, 0x08, 0x31, 0x28, 0x31, 0x28, 0x31, 0x28, 0x41, 0x69, 0x62, 0x2D, 0x62, 0x4B, 0x83,
    0x8E, 0xFF, 0xFE, 0xFF, 0xDE, 0x1E, 0xFF, 0xB5, 0xF7, 0xFF, 0xF7, 0xFF, 0xF7, 0xFF, 0xF7, 0xFF,
    0xEF, 0xBE, 0xE7, 0x7E, 0xE7, 0x5D, 0xDF, 0xBF, 0xDF, 0xBE, 0xDF, 0x9E, 0xDF, 0x9E, 0xDF, 0x9E,
    0xDF, 0x9E, 0xDF, 0x9E, 0xDF, 0x9E, 0xDF, 0x9E, 0xDF, 0x9E, 0xDF, 0x9E, 0xDF, 0x9E, 0xDF, 0x9E,
    0xDF, 0x9E, 0xDF, 0xBE, 0xDF, 0xBE, 0xDF, 0x9E, 0xE7, 0x7E, 0xE7, 0x5D, 0xF7, 0xBF, 0x07, 0xFF,
    0xD4, 0xDF, 0xFF, 0xBE, 0xFF, 0x9E, 0xFF, 0x9E, 0xFF, 0x9E, 0xFF, 0x9E, 0xFF, 0x9E, 0xFF, 0x9D,
    0xFF, 0x7D, 0xFF, 0x7D, 0xFF, 0x7D, 0xF7, 0x7D, 0xF7, 0x7D, 0xFF, 0x7D, 0xF6, 0xFC, 0xF6, 0xDC,
    0xF6, 0xBB, 0xF6, 0x9B, 0xF6, 0x9A, 0xF6, 0xBB, 0xFE, 0xDB, 0xFE, 0xDC, 0xFE, 0xDC, 0xFE, 0xDC,
    0xFE, 0xFB, 0xFE, 0xFB, 0xF6, 0xDB, 0xF6, 0xBB, 0xEE, 0x9B, 0xEE, 0x7B, 0xEE, 0x5B, 0xDE, 0x5A,
    0xDE, 0x5A, 0xDE, 0x5A, 0xDE, 0x5A, 0xDE, 0x5A, 0xDE, 0x5A, 0xDE, 0x5A, 0xDE, 0x7A, 0xEE, 0xBC,
    0xF5, 0xDA, 0xE4, 0x55, 0xEB, 0x33, 0x02, 0xF2, 0xFF, 0xFA, 0xF3, 0xFC, 0x15, 0xFD, 0x59, 0xF5,
    0xF9, 0xDE, 0x7A, 0xDE, 0x7A, 0xDE, 0x7A, 0xDE, 0x5A, 0xDE, 0x3A, 0xDE, 0x3A, 0xDE, 0x3A, 0xDE,
    0x3A, 0xDE, 0x3A, 0xDE, 0x3A, 0xD6, 0x1A, 0xD5, 0xFA, 0xD5, 0xFA, 0xD5, 0xFA, 0xD5, 0xFA, 0xD5,
    0xFA, 0xD5, 0xFA, 0xD5, 0xF9, 0xDD, 0xF9, 0xDD, 0xF9, 0xDE, 0x1A, 0xDE, 0x3A, 0xDE, 0x19, 0xD5,
    0xD9, 0xCD, 0xD9, 0xBD, 0x99, 0xBD, 0x78, 0xBD, 0x78, 0xBD, 0x58, 0xBD, 0x58, 0xBD, 0x58, 0xB5,
    0x38, 0xAD, 0x38, 0xAD, 0x38, 0xAC, 0xF7, 0xAC, 0xF7, 0xAC, 0xF7, 0xAC, 0xF7, 0xB5, 0x17, 0xB5,
    0x17, 0xB5, 0x17, 0xAC, 0xF7, 0xB5, 0x17, 0xB5, 0x38, 0xBD, 0x58, 0xC5, 0x78, 0xC5, 0x58, 0xC5,
    0x58, 0xBD, 0x58, 0xC5, 0x79, 0xCD, 0x99, 0xCD, 0xB9, 0xBD, 0x77, 0xCD, 0xD9, 0xEE, 0xDD, 0xEE,
    0xFD, 0xF7, 0x3E, 0xEF, 0x3E, 0xFF, 0xBF, 0xFF, 0xDF, 0x03, 0xFF, 0xAC, 0xDF, 0xFF, 0xDF, 0xFF,
    0xBD, 0xFF, 0xBD, 0xFF, 0x9D, 0xFF, 0x9D, 0xFF, 0x9D, 0xFF, 0x9D, 0xFF, 0xBD, 0xFF, 0xBD, 0xFF,
    0xBD, 0xFF, 0x7D, 0xFF, 0x7D, 0xFF, 0x7D, 0xFF, 0x7D, 0xFF, 0x7D, 0xFF, 0x7D, 0xFF, 0x7D, 0xFF,
    0x7D, 0xFF, 0x9E, 0xFF, 0x9E, 0xFF, 0xBE, 0xFF, 0xDF, 0x2D, 0xFF, 0x9A, 0xDF, 0xFF, 0xDF, 0xFF,
    0xDF, 0xFF, 0xDF, 0xFF, 0xDF, 0xFF, 0xDF, 0xFF, 0xDF, 0xFF, 0xDF, 0xFF, 0xDF, 0xFF, 0xDF, 0xFF,
    0xDF, 0xFF, 0xDF, 0xFF, 0xDF, 0xFF, 0xDF, 0x0B, 0xFF, 0xFF, 0xDF, 0xF7, 0x5D, 0xF7, 0x5D, 0xF7,
    0x5D, 0xF7, 0x5D, 0xF7, 0x7E, 0xF7, 0x7E, 0xF7, 0x7E, 0xF7, 0x5D, 0xF7, 0x5D, 0xF7, 0x5D, 0xF7,
    0x5D, 0xF7, 0x5D, 0xF7, 0x5D, 0xF7, 0x5D, 0xF7, 0x5E, 0xF7, 0x5E, 0xF7, 0x3E, 0xF7, 0x5E, 0xFF,
    0x9F, 0xFF, 0x9F, 0xF7, 0x7E, 0xFF, 0x7F, 0xFF, 0x7F, 0xFF, 0x7F, 0xFF, 0x1E, 0xFE, 0xBC, 0xE5,
    0xB9, 0xE5, 0x37, 0xF4, 0xD6, 0xEC, 0xB6, 0xF4, 0x96, 0xF4, 0x96, 0xFC, 0x76, 0xFC, 0x76, 0xFC,
    0x96, 0xF4, 0xB6, 0xF4, 0x96, 0xF4, 0xD6, 0xEC, 0x95, 0xF4, 0xD6, 0xA2, 0x4C, 0xB3, 0xF0, 0x9B,
    0x4E, 0x82, 0xAB, 0x59, 0xA8, 0x49, 0x06, 0x41, 0x27, 0x41, 0x48, 0x41, 0x07, 0x49, 0x06, 0x82,
    0xAC, 0x82, 0x8B, 0x7A, 0x6C, 0x49, 0x27, 0x28, 0x85, 0x28, 0xC6, 0x31, 0x07, 0x31, 0x07, 0x28,
    0xE6, 0x28, 0xE6, 0x28, 0xE6, 0x28, 0xE6, 0x28, 0xE6, 0x28, 0xCE, 0xE6, 0x28, 0xE6, 0x28, 0xE6,
    0x28, 0xE6, 0x28, 0xE6, 0x28, 0xE6, 0x28, 0xE6, 0x28, 0xE6, 0x28, 0xE6, 0x28, 0xE6, 0x28, 0xE6,
    0x28, 0xE6, 0x28, 0xE6, 0x28, 0xE6, 0x28, 0xE6, 0x28, 0xE6, 0x28, 0xE6, 0x28, 0xE6, 0x28, 0xE6,
    0x29, 0x07, 0x29, 0x07, 0x29, 0x07, 0x29, 0x07, 0x29, 0x07, 0x29, 0x07, 0x29, 0x07, 0x29, 0x08,
    0x29, 0x08, 0x29, 0x08, 0x31, 0x28, 0x31, 0x28, 0x31, 0x28, 0x31, 0x08, 0x41, 0x49, 0x62, 0x6B,
    0x5A, 0x6A, 0xF7, 0x5D, 0xEF, 0x5C, 0xF7, 0xBF, 0xFF, 0xDF, 0x26, 0xFF, 0x80, 0xF7, 0x02, 0xDF,
    0xA6, 0x9E, 0xDF, 0x7E, 0xDF, 0x7E, 0xDF, 0x5D, 0xDF, 0x5D, 0xDF, 0x5D, 0xDF, 0x7E, 0xDF, 0x9E,
    0xDF, 0x9E, 0xDF, 0x9E, 0xDF, 0x7E, 0xDF, 0x7E, 0xDF, 0x7E, 0xDF, 0x9E, 0xDF, 0xBE, 0xE7, 0x9E,
    0xE7, 0x9E, 0xEF, 0x7E, 0xF7, 0x9E, 0xFF, 0xBF, 0x07, 0xFF, 0xFF, 0xDF, 0xFF, 0x9E, 0xFF, 0x9E,
    0xFF, 0x7E, 0xFF, 0x9D, 0xFF, 0x9D, 0xFF, 0x9D, 0xFF, 0x7C, 0xFF, 0x7C, 0xFF, 0x5C, 0xFF, 0x7C,
    0xFF, 0x7D, 0xFF, 0x7D, 0xFF, 0x5D, 0xFE, 0xFC, 0xFE, 0xDC, 0xFE, 0xBB, 0xF6, 0x9B, 0xF6, 0x9A,
    0xF6, 0xBB, 0xFE, 0xDB, 0xFE, 0xDC, 0xFE, 0xDC, 0xFE, 0xDC, 0xFE, 0xFB, 0xF6, 0xDA, 0xF6, 0xBA,
    0xF6, 0x9A, 0xEE, 0x7A, 0xEE, 0x5A, 0xE6, 0x3A, 0xDE, 0x5A, 0xDE, 0x5A, 0xDE, 0x5A, 0xDE, 0x5A,
    0xDE, 0x5A, 0xDE, 0x5A, 0xDE, 0x5A, 0xDE, 0x7A, 0xF6, 0xDD, 0xF5, 0x18, 0xF3, 0xF5, 0xF3, 0x33,
    0xF3, 0x13, 0xFB, 0x54, 0xEC, 0xB7, 0xFD, 0xBA, 0xEE, 0x3A, 0xD6, 0x7A, 0xD6, 0x7A, 0xDE, 0x7A,
    0xDE, 0x5A, 0xDE, 0x3A, 0xDE, 0x3A, 0xDE, 0x3A, 0xDE, 0x3A, 0xDE, 0x3A, 0xDE, 0x3A, 0xD6, 0x1A,
    0xD5, 0xFA, 0xD5, 0xFA, 0xD5, 0xFA, 0xD5, 0xFA, 0xD5, 0xFA, 0xD5, 0xD2, 0xFA, 0xE6, 0x7B, 0xE6,
    0x7B, 0xE6, 0x7B, 0xE6, 0x5A, 0xDE, 0x1A, 0xDD, 0xF9, 0xCD, 0xB8, 0xBD, 0x79, 0xB5, 0x59, 0xBD,
    0xBA, 0xC5, 0xBA, 0xB5, 0x79, 0xB5, 0x58, 0xB5, 0x59, 0xAD, 0x18, 0xAD, 0x18, 0xAD, 0x18, 0xAC,
    0xF8, 0xAC, 0xF8, 0xAC, 0xF8, 0xAC, 0xF7, 0xB5, 0x17, 0xB5, 0x17, 0xB5, 0x17, 0xAC, 0xF7, 0xB5,
    0x17, 0xB5, 0x38, 0xB5, 0x38, 0xB5, 0x18, 0xB5, 0x38, 0xB5, 0x58, 0xBD, 0x79, 0xBD, 0x79, 0xBD,
    0x99, 0xC5, 0x98, 0xCE, 0x19, 0xD6, 0x3A, 0xDE, 0x9B, 0xF7, 0x3E, 0xFF, 0xBF, 0xFF, 0xDF, 0x0B,
    0xFF, 0xA8, 0xDD, 0xFF, 0xDD, 0xFF, 0xBD, 0xFF, 0xBD, 0xFF, 0xBD, 0xFF, 0xBD, 0xFF, 0xBD, 0xFF,
    0xBD, 0xFF, 0xBD, 0xFF, 0x7D, 0xFF, 0x7D, 0xFF, 0x7D, 0xFF, 0x7D, 0xFF, 0x7D, 0xFF, 0x7D, 0xFF,
    0x7D, 0xFF, 0x7D, 0xFF, 0x9E, 0xFF, 0x9E, 0xFF, 0xBE, 0xFF, 0xDF, 0x2D, 0xFF, 0x9A, 0xDF, 0xFF,
    0xDF, 0xFF, 0xDF, 0xFF, 0xDF, 0xFF, 0xDF, 0xFF, 0xDF, 0xFF, 0xDF, 0xFF, 0xDF, 0xFF, 0xDF, 0xFF,
    0xDF, 0xFF, 0xDF, 0xFF, 0xDF, 0xFF, 0xDF, 0xFF, 0xDF, 0x09, 0xFF, 0xFF, 0xDF, 0xF7, 0xBE, 0xF7,
    0x7D, 0xF7, 0x5D, 0xF7, 0x5D, 0xF7, 0x5D, 0xF7, 0x7E, 0xF7, 0x7E, 0xF7, 0x7E, 0xF7, 0x5D, 0xF7,
    0x5D, 0xF7, 0x5D, 0xF7, 0x5D, 0xF7, 0x5D, 0xF7, 0x5D, 0xF7, 0x5D, 0xF7, 0x5E, 0xF7, 0x5E, 0xF7,
    0x5E, 0xE6, 0xDC, 0xFF, 0x7F, 0xFF, 0xBF, 0xFF, 0x3E, 0xFE, 0x9D, 0xFE, 0x1B, 0xED, 0x38, 0xE4,
    0xB6, 0xEC, 0x96, 0xF4, 0x76, 0xF4, 0x96, 0xFC, 0xB7, 0xFC, 0xB7, 0xFC, 0xB7, 0xF4, 0x55, 0xFC,
    0x55, 0xFC, 0x56, 0xFC, 0xD6, 0xF4, 0xF6, 0xF5, 0x17, 0xFD, 0x37, 0xF5, 0x37, 0xFD, 0x98, 0xA2,
    0xAD, 0xDD, 0x35, 0xA3, 0x8F, 0x82, 0xCC, 0x51, 0x26, 0x38, 0xC5, 0x41, 0x27, 0x41, 0x27, 0x41,
    0x27, 0x72, 0x4B, 0x9B, 0x6F, 0x69, 0xA8, 0x72, 0x0A, 0x40, 0xE7, 0x18, 0x44, 0x20, 0x85, 0x31,
    0x07, 0x28, 0xE6, 0x28, 0xE6, 0x28, 0xE6, 0x28, 0xE6, 0x28, 0xE6, 0x28, 0xCC, 0xE6, 0x28, 0xE6,
    0x28, 0xE6, 0x28, 0xE6, 0x28, 0xE6, 0x28, 0xE6, 0x28, 0xE6, 0x28, 0xE6, 0x28, 0xE6, 0x28, 0xE6,
    0x28, 0xE6, 0x28, 0xE6, 0x28, 0xE6, 0x28, 0xE6, 0x28, 0xE6, 0x28, 0xE6, 0x28, 0xE6, 0x28, 0xE6,
    0x28, 0xE6, 0x28, 0xE6, 0x29, 0x07, 0x29, 0x07, 0x29, 0x07, 0x29, 0x07, 0x29, 0x07, 0x29, 0x07,
    0x29, 0x07, 0x29, 0x08, 0x29, 0x08, 0x29, 0x08, 0x31, 0x28, 0x31, 0x28, 0x31, 0x28, 0x31, 0x08,
    0x38, 0xC8, 0x62, 0x4B, 0x5A, 0x49, 0xCE, 0x17, 0xFF, 0xBE, 0x2C, 0xFF, 0xA7, 0xEF, 0xDF, 0xEF,
    0xBF, 0xE7, 0xBE, 0xE7, 0x9E, 0xE7, 0x9E, 0xE7, 0x9E, 0xE7, 0x9F, 0xE7, 0x9F, 0xE7, 0x9F, 0xE7,
    0x9F, 0xE7, 0x7E, 0xE7, 0x7E, 0xE7, 0x7E, 0xDF, 0x9E, 0xDF, 0x9E, 0xE7, 0x9E, 0xE7, 0x9E, 0xEF,
    0x7E, 0xFF, 0xBF, 0xFF, 0xDF, 0x07, 0xFF, 0xCC, 0xDF, 0xFF, 0x9E, 0xFF, 0x9E, 0xFF, 0x7E, 0xFF,
    0x5C, 0xFF, 0x7C, 0xFF, 0x7C, 0xFF, 0x7C, 0xFF, 0x5C, 0xFF, 0x5C, 0xFF, 0x5C, 0xFF, 0x5D, 0xFF,
    0x5D, 0xFF, 0x5D, 0xFE, 0xDC, 0xFE, 0xBB, 0xFE, 0x9B, 0xFE, 0x9B, 0xF6, 0x9B, 0xF6, 0xBB, 0xFE,
    0xDB, 0xFE, 0xDC, 0xFE, 0xDC, 0xFE, 0xDC, 0xFE, 0xDB, 0xF6, 0xBA, 0xEE, 0x9A, 0xEE, 0x9A, 0xEE,
    0x5A, 0xE6, 0x3A, 0xE6, 0x3A, 0xDE, 0x5A, 0xDE, 0x5A, 0xDE, 0x5A, 0xDE, 0x5A, 0xDE, 0x5A, 0xDE,
    0x5A, 0xDE, 0x5A, 0xDE, 0x7B, 0x02, 0xFE, 0xFF, 0xF4, 0x96, 0xF3, 0xB4, 0xFB, 0x13, 0xF3, 0x33,
    0xFB, 0xB4, 0xED, 0x38, 0xF6, 0x1B, 0xEE, 0x5B, 0xDE, 0x5A, 0xDE, 0x5B, 0xDE, 0x5B, 0xDE, 0x3A,
    0xDE, 0x3A, 0xDE, 0x3A, 0xDE, 0x3A, 0xDE, 0x3A, 0xDE, 0x3A, 0xDE, 0x3A, 0xD6, 0x1A, 0xD5, 0xFA,
    0xD5, 0xFA, 0xD5, 0xFA, 0xD5, 0xFA, 0xD5, 0xFA, 0xD5, 0xFA, 0xE6, 0x7B, 0xE6, 0x7B, 0xE6, 0x7B,
    0xE6, 0x5A, 0xDD, 0xF9, 0xD5, 0xD9, 0xCD, 0x98, 0xBD, 0x99, 0xB5, 0x79, 0xBD, 0x9A, 0xBD, 0xBA,
    0xB5, 0x99, 0xB5, 0x59, 0xAD, 0x38, 0xAC, 0xF8, 0xAC, 0xF8, 0xAC, 0xF8, 0xAC, 0xF8, 0xAC, 0xF8,
    0xAC, 0xF8, 0xAC, 0xF8, 0xB5, 0x17, 0xB5, 0x17, 0xB5, 0x17, 0xAC, 0xF7, 0xB5, 0x17, 0xB5, 0x38,
    0xB5, 0x38, 0xB5, 0x38, 0xBD, 0x79, 0xC5, 0x9A, 0xC5, 0x9A, 0xBD, 0x99, 0xBD, 0x79, 0xBD, 0x98,
    0xCD, 0xD8, 0xD6, 0x5A, 0xE6, 0xDC, 0xEF, 0x3D, 0x83, 0xFF, 0x9F, 0xFF, 0xDF, 0x07, 0xFF, 0xAC,
    0xDF, 0xF7, 0x9E, 0xFF, 0xDE, 0xFF, 0xDE, 0xFF, 0xBD, 0xFF, 0xBD, 0xFF, 0xBD, 0xFF, 0xBD, 0xFF,
    0xBD, 0xFF, 0xBD, 0xFF, 0xBD, 0xFF, 0x7D, 0xFF, 0x7D, 0xFF, 0x7D, 0xFF, 0x7D, 0xFF, 0x7D, 0xFF,
    0x7D, 0xFF, 0x7D, 0xFF, 0x7E, 0xFF, 0x9E, 0xFF, 0x9E, 0xFF, 0xBE, 0xFF, 0xDF, 0x2D, 0xFF, 0xFF,
    0xDF, 0xFF, 0xDF, 0xFF, 0xDF, 0xFF, 0xDF, 0xFF, 0xDF, 0xFF, 0xDF, 0xFF, 0xDF, 0xFF, 0xDF, 0xFF,
    0xDF, 0xFF, 0xDF, 0xFF, 0xDF, 0xFF, 0xDF, 0xFF, 0xDF, 0xFF, 0xDF, 0xFF, 0xDF, 0xFF, 0xDF, 0xFF,
    0xDF, 0xF7, 0x9E, 0xF7, 0x9E, 0xEF, 0x7D, 0xF7, 0x7E, 0xFF, 0x7E, 0xFF, 0x7E, 0xF7, 0x7E, 0xF7,
    0x7E, 0xF7, 0x7E, 0xFF, 0x7E, 0xF7, 0x5D, 0xF7, 0x5D, 0xF7, 0x5D, 0xF7, 0x5D, 0xFF, 0x5D, 0xFF,
    0x5D, 0xFF, 0x5D, 0xFF, 0x7E, 0xFF, 0x7E, 0xFF, 0x7E, 0xFF, 0x7F, 0xFF, 0x9F, 0xFF, 0x1E, 0xED,
    0x79, 0xF4, 0xB7, 0xF4, 0x96, 0xEC, 0x55, 0xFC, 0xB7, 0xFC, 0xB7, 0xFC, 0x77, 0xF4, 0x96, 0xEC,
    0xB6, 0xEC, 0xB6, 0xF4, 0xB6, 0xFD, 0x17, 0xFD, 0x18, 0xFD, 0x38, 0xF5, 0xB8, 0xF5, 0xD8, 0xF5,
    0xF9, 0xFE, 0x1A, 0xF6, 0x19, 0xFE, 0x9B, 0xA3, 0x90, 0xED, 0xF8, 0xA3, 0xCF, 0x82, 0xCC, 0x48,
    0xF4, 0xE5, 0x38, 0xA4, 0x41, 0x27, 0x39, 0x07, 0x49, 0x48, 0x9B, 0x70, 0xCC, 0xB4, 0xAB, 0xB0,
    0x93, 0x2E, 0x49, 0x07, 0x10, 0x02, 0x18, 0x44, 0x30, 0xE6, 0x28, 0xC6, 0x28, 0xE6, 0x28, 0xE6,
    0x28, 0xE6, 0x28, 0xE6, 0x20, 0xE6, 0x20, 0xE6, 0x20, 0xE6, 0x20, 0xE6, 0x20, 0xE6, 0x20, 0xE6,
    0x28, 0xE6, 0x28, 0xE6, 0x28, 0xE6, 0x28, 0xE6, 0x28, 0xE6, 0x28, 0xE6, 0x28, 0xE6, 0x20, 0xE6,
    0x20, 0xE6, 0x20, 0xE6, 0x20, 0xE6, 0x20, 0xE6, 0x20, 0xE6, 0x20, 0xE6, 0x29, 0x07, 0x29, 0x07,
    0x29, 0x07, 0x29, 0x07, 0x29, 0x07, 0x29, 0x07, 0x29, 0x08, 0x29, 0x28, 0x29, 0x08, 0x29, 0x08,
    0x31, 0x29, 0x31, 0x29, 0x31, 0x28, 0x39, 0x6A, 0x30, 0xE7, 0x5A, 0x4B, 0x62, 0xAB, 0x94, 0x31,
    0xF7, 0xBE, 0xFF, 0xDF, 0xF7, 0xBF, 0x28, 0xFF, 0xA7, 0xF7, 0xFF, 0xF7, 0xFF, 0xF7, 0xDF, 0xF7,
    0xDF, 0xF7, 0xFF, 0xF7, 0xFF, 0xEF, 0xDF, 0xEF, 0x9F, 0xEF, 0x9F, 0xEF, 0x9F, 0xE7, 0x5E, 0xE7,
    0x7E, 0xE7, 0x7E, 0xE7, 0x7E, 0xE7, 0x9E, 0xE7, 0x9E, 0xEF, 0x7E, 0xF7, 0x7E, 0xFF, 0xDF, 0xFF,
    0xDF, 0x07, 0xFF, 0xFF, 0xDF, 0xFF, 0xBE, 0xFF, 0x9F, 0xFF, 0x7E, 0xFF, 0x7C, 0xFF, 0x5C, 0xFF,
    0x5C, 0xFF, 0x5C, 0xFF, 0x5C, 0xFF, 0x5C, 0xFF, 0x5C, 0xFF, 0x5D, 0xFF, 0x5D, 0xFF, 0x5D, 0xFE,
    0xDC, 0xFE, 0xDB, 0xFE, 0xBB, 0xF6, 0x9B, 0xF6, 0x9A, 0xF6, 0xBB, 0xFE, 0xDB, 0xFE, 0xDB, 0xFE,
    0xDB, 0xFE, 0xDB, 0xFE, 0xDB, 0xF6, 0x9A, 0xEE, 0x7A, 0xEE, 0x7A, 0xE6, 0x5A, 0xE6, 0x3A, 0xE6,
    0x1A, 0xE6, 0x5A, 0xE6, 0x5A, 0xE6, 0x5A, 0xDE, 0x5A, 0xDE, 0x5A, 0xDE, 0x5A, 0xDE, 0x5A, 0xDE,
    0x7B, 0xFF, 0x1E, 0xEC, 0x55, 0xF3, 0x94, 0xFB, 0x13, 0xFB, 0x54, 0xFB, 0xD5, 0xED, 0x79, 0xF6,
    0x3B, 0xEE, 0x5B, 0xDE, 0x5A, 0xDE, 0x5A, 0xE6, 0x5A, 0xDE, 0x5A, 0xDE, 0x3A, 0xDE, 0x3A, 0xDE,
    0x3A, 0xDE, 0x3A, 0xDE, 0x3A, 0xDE, 0x3A, 0xDE, 0x19, 0xD5, 0xF9, 0xD5, 0xF9, 0xD5, 0xFA, 0xD5,
    0xFA, 0xD5, 0xFA, 0xD5, 0xD2, 0xFA, 0xE6, 0x3A, 0xE6, 0x3A, 0xE6, 0x3A, 0xDE, 0x1A, 0xD5, 0xF9,
    0xD5, 0xB8, 0xCD, 0x98, 0xC5, 0xDA, 0xBD, 0x7A, 0xB5, 0x79, 0xBD, 0x9A, 0xBD, 0x9A, 0xAD, 0x39,
    0xAD, 0x18, 0xAC, 0xF8, 0xAC, 0xF8, 0xAC, 0xF8, 0xAC, 0xF8, 0xAC, 0xF8, 0xAC, 0xF8, 0xAC, 0xF8,
    0xB4, 0xF8, 0xB4, 0xF7, 0xB5, 0x17, 0xAC, 0xF7, 0xB5, 0x17, 0xB5, 0x38, 0xBD, 0x58, 0xBD, 0x79,
    0xC5, 0xDB, 0xCE, 0x1B, 0xC5, 0xBA, 0xBD, 0x99, 0xB5, 0x79, 0xBD, 0x98, 0xBD, 0x97, 0xD6, 0x5A,
    0xFF, 0xBF, 0xFF, 0xDF, 0xFF, 0xDF, 0xFF, 0xDF, 0x05, 0xFF, 0xB0, 0xDF, 0xF7, 0x9E, 0xEF, 0x3D,
    0xFF, 0xDF, 0xFF, 0xDF, 0xFF, 0xDE, 0xFF, 0xFE, 0xFF, 0xFE, 0xFF, 0xDD, 0xFF, 0xDD, 0xFF, 0xDD,
    0xFF, 0xDD, 0xFF, 0xBE, 0xFF, 0xBE, 0xFF, 0xBE, 0xFF, 0xDE, 0xFF, 0xDE, 0xFF, 0xDE, 0xFF, 0xDF,
    0xFF, 0xDF, 0xFF, 0xDF, 0xFF, 0xDF, 0xFF, 0xDF, 0xFF, 0xDF, 0xFF, 0xDF, 0x2B, 0xFF, 0x80, 0xDF,
    0x03, 0xFF, 0xFF, 0xDF, 0xFF, 0xBF, 0xFF, 0xBF, 0xFF, 0xBF, 0xFF, 0xDF, 0xFF, 0xDF, 0xFF, 0xDF,
    0xFF, 0xDF, 0xFF, 0xDF, 0xFF, 0xDF, 0xFF, 0xDF, 0xFF, 0xDF, 0xFF, 0x9E, 0xFF, 0x7E, 0xF7, 0x7E,
    0xFF, 0x9E, 0xF7, 0x7D, 0xF7, 0x5D, 0xF7, 0x7E, 0xF7, 0x7E, 0xF7, 0x7E, 0xF7, 0x7E, 0xFF, 0x7E,
    0xFF, 0x7E, 0xFF, 0x7E, 0xF7, 0x5D, 0xF7, 0x5D, 0xF7, 0x5D, 0xFF, 0x5D, 0xFF, 0x5D, 0xFF, 0x5D,
    0xFF, 0x5D, 0xF7, 0x5C, 0xFF, 0x9D, 0xFF, 0x5D, 0xED, 0xDA, 0xED, 0x39, 0xF4, 0xD8, 0xFC, 0xB8,
    0xF4, 0xB6, 0xF4, 0xD7, 0xF5, 0x38, 0xF5, 0x99, 0xF5, 0xFA, 0xFE, 0x9C, 0xFE, 0xDD, 0xFF, 0x5E,
    0xFF, 0x7F, 0xFF, 0x9F, 0xFF, 0x9F, 0xFF, 0x9F, 0xFF, 0x9F, 0xFF, 0x9E, 0xFF, 0xBE, 0xF7, 0xBE,
    0xF7, 0xBE, 0xEF, 0x7D, 0xFF, 0xDF, 0xEF, 0x3C, 0xF7, 0x5C, 0xBD, 0x55, 0x72, 0x8B, 0x49, 0x26,
    0x38, 0xC5, 0x41, 0xDE, 0x47, 0x31, 0x05, 0x51, 0x46, 0xBC, 0x32, 0xB3, 0x90, 0xB3, 0x90, 0xA3,
    0x6F, 0x82, 0xAC, 0x38, 0xC4, 0x39, 0x06, 0x20, 0x44, 0x18, 0x44, 0x20, 0x85, 0x20, 0xE7, 0x20,
    0xE7, 0x20, 0xE6, 0x21, 0x06, 0x21, 0x06, 0x21, 0x06, 0x21, 0x06, 0x21, 0x06, 0x21, 0x06, 0x20,
    0xE6, 0x20, 0xE6, 0x20, 0xE6, 0x20, 0xE6, 0x28, 0xE6, 0x28, 0xE6, 0x28, 0xE6, 0x21, 0x06, 0x21,
    0x06, 0x21, 0x06, 0x21, 0x06, 0x21, 0x06, 0x21, 0x06, 0x21, 0x06, 0x20, 0xE7, 0x28, 0xE7, 0x28,
    0xE7, 0x28, 0xE7, 0x29, 0x08, 0x29, 0x08, 0x29, 0x08, 0x21, 0x08, 0x21, 0x08, 0x21, 0x08, 0x29,
    0x28, 0x29, 0x28, 0x03, 0x29, 0x80, 0x28, 0x02, 0x29, 0x89, 0x51, 0xEB, 0x62, 0x6D, 0x5A, 0x0B,
    0xFF, 0xBF, 0xFF, 0xBF, 0x05, 0xFF, 0x80, 0xDF, 0x04, 0xFF, 0x84, 0xF7, 0xFF, 0xF7, 0xFF, 0xF7,
    0x0C, 0xFF, 0x86, 0xDF, 0xFF, 0xBE, 0xFF, 0xDF, 0xFF, 0xDF, 0x08, 0xFF, 0x80, 0xF7, 0x04, 0xFF,
    0x85, 0xDF, 0xFF, 0xDF, 0xFF, 0xDF, 0xF7, 0x04, 0xFF, 0x80, 0xDF, 0x05, 0xFF, 0x80, 0xDF, 0x07,
    0xFF, 0x84, 0xDF, 0xF7, 0xBE, 0xF7, 0x9E, 0x0D, 0xFF, 0xFF, 0xDE, 0xFF, 0xBE, 0xFF, 0x9E, 0xFF,
    0x7D, 0xFF, 0x3C, 0xFF, 0x3C, 0xFF, 0x3C, 0xFF, 0x3C, 0xFF, 0x3C, 0xFF, 0x3C, 0xFF, 0x3C, 0xFF,
    0x5D, 0xFF, 0x3C, 0xFF, 0x3C, 0xFE, 0xFB, 0xFE, 0xFB, 0xFE, 0xFB, 0xFE, 0xDB, 0xFE, 0xDA, 0xFE,
    0xDA, 0xFE, 0xDA, 0xFE, 0xFB, 0xFE, 0xFB, 0xFE, 0xFB, 0xFE, 0xDC, 0xFE, 0xBC, 0xFE, 0x9C, 0xF6,
    0x9B, 0xEE, 0x1A, 0xEE, 0x3A, 0xEE, 0x1A, 0xEE, 0x7B, 0xEE, 0x7A, 0xEE, 0x7A, 0xEE, 0x7A, 0xEE,
    0x7B, 0xEE, 0x7A, 0xEE, 0x7B, 0xE6, 0x9B, 0xFF, 0x1E, 0xEC, 0xB7, 0xF3, 0x94, 0xFA, 0xF3, 0xFB,
    0x13, 0xFB, 0x94, 0xFD, 0xBB, 0xFE, 0xBD, 0xE6, 0x9B, 0xDE, 0x59, 0xE6, 0x59, 0xE6, 0x59, 0xDE,
    0x79, 0xE6, 0x7B, 0xDE, 0x5A, 0xDE, 0x3A, 0xDE, 0x39, 0xDE, 0x39, 0xDE, 0x39, 0xDE, 0x39, 0xE6,
    0x39, 0xE6, 0x39, 0xE6, 0x3A, 0xDD, 0xFA, 0xDD, 0xFA, 0xDD, 0xFF, 0xFB, 0xDD, 0xFA, 0xDE, 0x1A,
    0xDE, 0x1A, 0xDE, 0x1A, 0xD5, 0xF9, 0xCD, 0x98, 0xC5, 0x58, 0xBD, 0x79, 0xB5, 0x59, 0xB5, 0x38,
    0xAD, 0x18, 0xAD, 0x18, 0xAD, 0x18, 0xAD, 0x18, 0xAC, 0xF8, 0xAC, 0xF8, 0xAC, 0xF8, 0xAC, 0xF8,
    0xAC, 0xF8, 0xAC, 0xF8, 0xAC, 0xF8, 0xAC, 0xD8, 0xB4, 0xF8, 0xB5, 0x18, 0xB5, 0x17, 0xBD, 0x58,
    0xC5, 0xB8, 0xC5, 0xB8, 0xC5, 0xF9, 0xE6, 0xDD, 0xF7, 0x5F, 0xFF, 0xDF, 0xFF, 0x9F, 0xF7, 0x3F,
    0xEE, 0xFD, 0xDE, 0x9B, 0xE6, 0xBC, 0xF7, 0x3E, 0xFF, 0x9F, 0xFF, 0xBF, 0xFF, 0xBF, 0xFF, 0x9F,
    0xFF, 0x3F, 0xE6, 0x7C, 0xDE, 0x3B, 0xDE, 0x1B, 0xFF, 0xDF, 0xFF, 0xDF, 0xFF, 0xDD, 0xFF, 0xDD,
    0xFF, 0xDD, 0xFF, 0xBD, 0xFF, 0xBD, 0xFF, 0xBD, 0xFF, 0xBD, 0xFF, 0xBE, 0xFF, 0xBE, 0xFF, 0xBE,
    0xFF, 0xBE, 0xFF, 0xBE, 0xFF, 0xBE, 0xFF, 0xDE, 0xFF, 0xDF, 0xFF, 0x8A, 0xDF, 0xFF, 0xDF, 0xFF,
    0xDF, 0xFF, 0xDF, 0xFF, 0xDF, 0xFF, 0xDF, 0x2F, 0xFF, 0xDA, 0xDF, 0xFF, 0xDF, 0xFF, 0xDF, 0xFF,
    0xDF, 0xFF, 0xDF, 0xFF, 0xDF, 0xFF, 0xDF, 0xFF, 0xDF, 0xFF, 0xDF, 0xFF, 0xDF, 0xFF, 0xDF, 0xFF,
    0xBE, 0xF7, 0x9E, 0xF7, 0x7E, 0xF7, 0x9E, 0xF7, 0x7D, 0xF7, 0x5D, 0xF7, 0x7E, 0xF7, 0x7E, 0xF7,
    0x7E, 0xF7, 0x7E, 0xF7, 0x7D, 0xF7, 0x7D, 0xF7, 0x7D, 0xF7, 0x5D, 0xF7, 0x5D, 0xF7, 0x5D, 0xF7,
    0x5D, 0xF7, 0x5D, 0xFF, 0x7E, 0xFF, 0x9E, 0xFF, 0x9E, 0xFF, 0x3E, 0xF6, 0x3B, 0xED, 0x39, 0xE4,
    0xB7, 0xEC, 0x77, 0xF5, 0x18, 0xF5, 0xB9, 0xF6, 0x1A, 0xFE, 0xBC, 0xFF, 0x1D, 0xFF, 0x5E, 0xFF,
    0xBF, 0xFF, 0xDF, 0xFF, 0xDF, 0x03, 0xFF, 0x80, 0xDF, 0x03, 0xFF, 0xFF, 0xDF, 0xF7, 0xBE, 0xFF,
    0xDF, 0xFF, 0xDF, 0xFF, 0xDF, 0xFF, 0xDF, 0xEF, 0x5D, 0xE7, 0x3C, 0xF7, 0x9D, 0xFF, 0x9D, 0xDE,
    0x58, 0x72, 0x8B, 0x51, 0x46, 0x38, 0xC5, 0x41, 0x26, 0x39, 0x26, 0x6A, 0x29, 0xCC, 0xB4, 0xB3,
    0xB1, 0xA2, 0xEE, 0xA3, 0x6F, 0xAB, 0xD0, 0x30, 0x83, 0x59, 0xE9, 0x20, 0x64, 0x18, 0x44, 0x20,
    0x85, 0x20, 0xE7, 0x20, 0xE7, 0x20, 0xE6, 0x21, 0x06, 0x21, 0x06, 0x21, 0x06, 0x21, 0x06, 0x21,
    0x06, 0x21, 0x06, 0x20, 0xE6, 0x20, 0xE6, 0x20, 0xC5, 0x20, 0xC5, 0x28, 0xE6, 0x28, 0xE6, 0x28,
    0xE6, 0x21, 0x06, 0x21, 0x06, 0x21, 0x06, 0x21, 0x06, 0x21, 0x06, 0x21, 0x06, 0x21, 0x06, 0x20,
    0xE7, 0x28, 0xE7, 0x28, 0xE7, 0x28, 0xE7, 0x29, 0x08, 0x29, 0x08, 0x29, 0x08, 0x21, 0x08, 0x21,
    0x08, 0x21, 0x08, 0x29, 0x28, 0x29, 0x28, 0x29, 0x28, 0x29, 0x48, 0x29, 0x92, 0x28, 0x41, 0x8A,
    0x62, 0x2C, 0x59, 0xCA, 0xF6, 0xDD, 0xFF, 0x1E, 0xFF, 0x7F, 0xFF, 0xBF, 0xFF, 0xDF, 0xFF, 0xDF,
    0x06, 0xFF, 0x82, 0xF7, 0xFF, 0xF7, 0x05, 0xFF, 0x84, 0xF7, 0xFF, 0xF7, 0xFF, 0xF7, 0x02, 0xFF,
    0x84, 0xDF, 0xFF, 0xDF, 0xFF, 0xDF, 0x06, 0xFF, 0x82, 0xF7, 0xFF, 0xF7, 0x04, 0xFF, 0x8C, 0xDF,
    0xFF, 0xBF, 0xFF, 0xBF, 0xFF, 0xDF, 0xFF, 0xDF, 0xFF, 0xBF, 0xFF, 0xDF, 0x1B, 0xFF, 0xDC, 0xDE,
    0xFF, 0xBE, 0xFF, 0xBE, 0xFF, 0x7E, 0xFF, 0x7D, 0xFF, 0x3C, 0xFF, 0x3C, 0xFF, 0x3C, 0xFF, 0x3C,
    0xFF, 0x3C, 0xFF, 0x3C, 0xFF, 0x3C, 0xFF, 0x5C, 0xFF, 0x3C, 0xFF, 0x3C, 0xFF, 0x1B, 0xFF, 0x1B,
    0xFF, 0x1B, 0xFF, 0x1B, 0xFE, 0xFA, 0xFE, 0xFA, 0xFE, 0xFB, 0xFF, 0x1B, 0xFF, 0x1B, 0xFF, 0x1B,
    0xFE, 0xFB, 0xFE, 0xDC, 0xF6, 0xBB, 0xF6, 0xBB, 0xEE, 0x39, 0xEE, 0x39, 0xEE, 0x39, 0xF6, 0xBB,
    0xF6, 0xBB, 0xF6, 0xBB, 0xF6, 0xBB, 0xEE, 0xBB, 0xEE, 0xBB, 0xEE, 0x9B, 0xE6, 0xBB, 0xFF, 0x3E,
    0xEC, 0xB7, 0xFB, 0x94, 0xFA, 0xF3, 0xFB, 0x13, 0xFB, 0x94, 0xFD, 0xBB, 0x02, 0xFE, 0xDF, 0xE6,
    0xBB, 0xE6, 0x7A, 0xE6, 0x79, 0xE6, 0x79, 0xDE, 0x99, 0xE6, 0x7B, 0xDE, 0x5A, 0xDE, 0x3A, 0xDE,
    0x39, 0xDE, 0x39, 0xDE, 0x39, 0xDE, 0x59, 0xE6, 0x79, 0xE6, 0x7A, 0xE6, 0x5B, 0xDD, 0xFA, 0xDD,
    0xFA, 0xDD, 0xFB, 0xD5, 0xFA, 0xD5, 0xFA, 0xD5, 0xFA, 0xD5, 0xFA, 0xD5, 0xD9, 0xC5, 0x98, 0xBD,
    0x17, 0xB5, 0x59, 0xB5, 0x39, 0xAD, 0x38, 0xAD, 0x18, 0xAD, 0x18, 0xAD, 0x18, 0xAD, 0x18, 0xAC,
    0xF8, 0xAC, 0xF8, 0xAC, 0xF8, 0xAC, 0xF8, 0xAC, 0xF8, 0xAC, 0xF8, 0xAC, 0xF8, 0xAC, 0xD8, 0xB4,
    0xF8, 0xB5, 0x18, 0xBD, 0x58, 0xC5, 0xB9, 0xDE, 0x7C, 0xDE, 0xBB, 0xDE, 0xDB, 0xF7, 0x9E, 0x03,
    0xFF, 0xE4, 0xDF, 0xFF, 0xDF, 0xFF, 0xDF, 0xFF, 0xBF, 0xFF, 0x9F, 0xFF, 0x7F, 0xFF, 0x7F, 0xFF,
    0x9F, 0xFF, 0xBF, 0xF7, 0x3E, 0xEE, 0xDE, 0xE6, 0x7D, 0xCD, 0xDA, 0xCD, 0x99, 0xCD, 0xB9, 0xFF,
    0xDE, 0xFF, 0xDE, 0xFF, 0xBD, 0xFF, 0xBD, 0xFF, 0xBD, 0xFF, 0xBD, 0xFF, 0xBD, 0xFF, 0xBD, 0xFF,
    0xBD, 0xFF, 0xBE, 0xFF, 0xBE, 0xFF, 0xBE, 0xFF, 0xBE, 0xFF, 0xBE, 0xFF, 0xBE, 0xFF, 0xBE, 0xFF,
    0xBE, 0xFF, 0xBE, 0xFF, 0xBE, 0xFF, 0xBE, 0xFF, 0xBE, 0xFF, 0xBE, 0xFF, 0xBE, 0xFF, 0xDE, 0xFF,
    0xBE, 0xFF, 0xBE, 0xFF, 0xDE, 0xFF, 0xDF, 0xFF, 0xDE, 0xFF, 0xDF, 0xFF, 0xDF, 0xFF, 0xDF, 0xFF,
    0xDF, 0xFF, 0xDF, 0xFF, 0xDF, 0xFF, 0xDF, 0x1D, 0xFF, 0x8C, 0xDF, 0xFF, 0xDF, 0xFF, 0xDF, 0xFF,
    0xDF, 0xFF, 0xDF, 0xFF, 0xDF, 0xFF, 0xDF, 0x09, 0xFF, 0xB0, 0xDF, 0xFF, 0xDF, 0xF7, 0x7E, 0xF7,
    0x7E, 0xF7, 0x7E, 0xF7, 0x7D, 0xF7, 0x5D, 0xF7, 0x5D, 0xF7, 0x5D, 0xF7, 0x5D, 0xF7, 0x5D, 0xF7,
    0x5D, 0xEF, 0x5E, 0xF7, 0x7F, 0xFF, 0x9F, 0xFF, 0xBF, 0xFE, 0x3D, 0xED, 0x9B, 0xF5, 0x7A, 0xE4,
    0xD8, 0xED, 0x3A, 0xFE, 0x1D, 0xFF, 0x5F, 0xFF, 0xBF, 0xFF, 0xDF, 0x06, 0xFF, 0x8A, 0xF7, 0xFF,
    0xF7, 0xFF, 0xF7, 0xFF, 0xF7, 0xFF, 0xF7, 0xFF, 0xF7, 0x14, 0xFF, 0xFF, 0xDE, 0xF7, 0x5C, 0x72,
    0x8B, 0x51, 0x67, 0x40, 0xA4, 0x41, 0x06, 0x41, 0x26, 0x82, 0xED, 0xDD, 0x36, 0xBB, 0xF1, 0xC3,
    0xF2, 0x7A, 0x2A, 0x61, 0xA8, 0x49, 0x67, 0x6A, 0x6C, 0x28, 0x64, 0x28, 0xC5, 0x20, 0x85, 0x20,
    0xE7, 0x20, 0xE7, 0x20, 0xE6, 0x21, 0x06, 0x21, 0x06, 0x21, 0x06, 0x21, 0x06, 0x21, 0x06, 0x21,
    0x06, 0x29, 0x06, 0x20, 0xE6, 0x18, 0xA5, 0x18, 0xA5, 0x28, 0xE6, 0x28, 0xE6, 0x28, 0xE6, 0x21,
    0x06, 0x21, 0x06, 0x21, 0x06, 0x21, 0x06, 0x21, 0x06, 0x21, 0x06, 0x21, 0x06, 0x20, 0xE7, 0x28,
    0xE7, 0x28, 0xE7, 0x28, 0xE7, 0x29, 0x08, 0x29, 0x08, 0x29, 0x08, 0x21, 0x08, 0x21, 0x08, 0x21,
    0x08, 0x29, 0x28, 0x29, 0x28, 0x29, 0x28, 0x29, 0x49, 0x21, 0x28, 0x39, 0x49, 0x59, 0xEB, 0x7A,
    0x8D, 0xAB, 0xB2, 0xFD, 0xDA, 0xF5, 0x59, 0xF5, 0x39, 0xF5, 0x7A, 0xF5, 0xB6, 0xBA, 0xF5, 0xFB,
    0xFE, 0x3C, 0xFE, 0x9D, 0xFE, 0xDD, 0xFE, 0xFD, 0xFF, 0x5F, 0xFF, 0x7F, 0xFF, 0x9F, 0xFF, 0xBF,
    0xFF, 0xBF, 0xFF, 0x7F, 0xFF, 0x9F, 0xFF, 0x9F, 0xFF, 0x9F, 0xF7, 0x7E, 0xF7, 0x7E, 0xF7, 0x7E,
    0xEF, 0x5D, 0xF7, 0x5D, 0xF7, 0x3D, 0xF7, 0x3D, 0xFF, 0x3D, 0xFF, 0x1D, 0xF7, 0x1D, 0xF7, 0x3D,
    0xFF, 0x7E, 0xFF, 0xBE, 0x09, 0xFF, 0x80, 0xDF, 0x0D, 0xFF, 0xFF, 0xDE, 0xFF, 0x9E, 0xFF, 0x5D,
    0xFF, 0x3D, 0xFF, 0x1C, 0xFF, 0x1C, 0xFF, 0x3C, 0xFF, 0x3C, 0xFF, 0x3C, 0xFF, 0x3C, 0xFF, 0x3C,
    0xFF, 0x3C, 0xFF, 0x3C, 0xFF, 0x5C, 0xFF, 0x3B, 0xFF, 0x3B, 0xFF, 0x3B, 0xFF, 0x3B, 0xFF, 0x3B,
    0xFF, 0x3B, 0xFF, 0x3A, 0xFF, 0x1A, 0xFF, 0x1A, 0xFF, 0x3A, 0xFF, 0x3A, 0xFF, 0x3A, 0xFF, 0x3B,
    0xFF, 0x1B, 0xF6, 0xFA, 0xF6, 0xDA, 0xF6, 0xFA, 0xF6, 0xFA, 0xF6, 0xFA, 0xF7, 0x1B, 0xF7, 0x1B,
    0xF7, 0x1B, 0xF7, 0x1A, 0xF6, 0xFA, 0xEE, 0xFA, 0xF6, 0xFA, 0xE6, 0xDB, 0xFF, 0x5F, 0xF4, 0xD7,
    0xFB, 0xB4, 0xFA, 0xF3, 0xFB, 0x13, 0xFB, 0x94, 0xFD, 0xDB, 0xFF, 0x3F, 0xE6, 0xBC, 0xE6, 0x7A,
    0xEE, 0x7A, 0xE6, 0x79, 0xDE, 0x9A, 0xE6, 0x7B, 0xDE, 0x5A, 0xDE, 0x3A, 0xDE, 0x39, 0xDE, 0x39,
    0xDE, 0x39, 0xDE, 0x39, 0xDE, 0x18, 0xDE, 0x19, 0xDE, 0x19, 0xDD, 0xBC, 0xFA, 0xDD, 0xFB, 0xDD,
    0xFB, 0xDE, 0x3C, 0xD6, 0x1B, 0xC5, 0x99, 0xBD, 0x58, 0xBD, 0x78, 0xBD, 0x78, 0xBD, 0x58, 0xB5,
    0x38, 0xB5, 0x38, 0xAD, 0x18, 0xAD, 0x18, 0xAD, 0x18, 0xAD, 0x18, 0xAD, 0x18, 0xAC, 0xF8, 0xAC,
    0xF8, 0xAC, 0xF8, 0xAC, 0xF8, 0xAC, 0xF8, 0xAC, 0xF8, 0xAC, 0xF8, 0xAC, 0xD8, 0xB4, 0xF8, 0xB5,
    0x18, 0xC5, 0x99, 0xD6, 0x3B, 0xFF, 0x5F, 0xFF, 0xDF, 0x0D, 0xFF, 0xE0, 0xBF, 0xFF, 0x9F, 0xFF,
    0x9F, 0xF7, 0x3F, 0xF7, 0x1E, 0xEE, 0xFE, 0xD6, 0x3B, 0xC5, 0x9A, 0xCD, 0x9A, 0xC5, 0x79, 0xC5,
    0x59, 0xBD, 0x38, 0xFF, 0xDE, 0xFF, 0xDE, 0xFF, 0xBD, 0xFF, 0xBD, 0xFF, 0xBD, 0xFF, 0xBD, 0xFF,
    0xBD, 0xFF, 0xBD, 0xFF, 0xBD, 0xFF, 0x9D, 0xFF, 0x9D, 0xFF, 0x9D, 0xFF, 0x9D, 0xFF, 0x9D, 0xFF,
    0x9D, 0xFF, 0x9D, 0xFF, 0x7D, 0xFF, 0x7D, 0xFF, 0x7D, 0xFF, 0x7D, 0xFF, 0x7D, 0xFF, 0x7D, 0xFF,
    0x7D, 0xFF, 0x7D, 0xFF, 0x7D, 0xFF, 0x7D, 0xFF, 0x9D, 0xFF, 0x9D, 0xFF, 0x7D, 0xFF, 0x7D, 0xFF,
    0x7E, 0xFF, 0x7E, 0xFF, 0x7E, 0xFF, 0x9E, 0xFF, 0xBF, 0xFF, 0xBF, 0xFF, 0xDF, 0x03, 0xFF, 0x82,
    0xDF, 0xFF, 0xDF, 0x31, 0xFF, 0xA1, 0xDF, 0xFF, 0xBE, 0xF7, 0x9E, 0xF7, 0x7E, 0xF7, 0x7D, 0xEF,
    0x5D, 0xF7, 0xBD, 0xEF, 0x3C, 0xF7, 0x3E, 0xF7, 0x5E, 0xFF, 0x9F, 0xFF, 0x5F, 0xEE, 0x7D, 0xF5,
    0x7B, 0xF5, 0x5A, 0xFD, 0x9B, 0xFE, 0x5D, 0xFE, 0x02, 0xFF, 0x82, 0x7F, 0xFF, 0xDF, 0x0A, 0xFF,
    0x82, 0xF7, 0xFF, 0xF7, 0x1B, 0xFF, 0xFF, 0xF7, 0xDD, 0xFF, 0xFE, 0x72, 0xAB, 0x6A, 0x4A, 0x38,
    0x84, 0x49, 0x27, 0x38, 0xE6, 0x9B, 0x8F, 0xED, 0xD8, 0xB3, 0xB0, 0x61, 0x06, 0x7A, 0x2A, 0x9B,
    0x6F, 0x72, 0xAC, 0x7B, 0x0E, 0x28, 0xA5, 0x30, 0xE6, 0x20, 0x85, 0x20, 0xE6, 0x20, 0xE7, 0x20,
    0xE6, 0x21, 0x06, 0x21, 0x06, 0x21, 0x06, 0x21, 0x06, 0x21, 0x06, 0x21, 0x06, 0x29, 0x06, 0x20,
    0xE6, 0x20, 0xA5, 0x20, 0xA5, 0x28, 0xE6, 0x28, 0xE6, 0x28, 0xE6, 0x21, 0x06, 0x21, 0x06, 0x21,
    0x06, 0x21, 0x06, 0x21, 0x06, 0x21, 0x06, 0x21, 0x06, 0x20, 0xE7, 0x28, 0xE7, 0x28, 0xE7, 0x28,
    0xE7, 0x28, 0xE7, 0x28, 0xE7, 0x20, 0xE8, 0x21, 0x08, 0x21, 0x08, 0x21, 0x08, 0x21, 0x08, 0x21,
    0x08, 0x21, 0x08, 0x29, 0x28, 0x21, 0x28, 0x29, 0x07, 0x49, 0xA9, 0x6A, 0x2C, 0x92, 0xCF, 0xED,
    0x38, 0xEC, 0xB7, 0xFC, 0xB8, 0xFC, 0xB8, 0xB7, 0xFC, 0xB8, 0xFC, 0xB8, 0xFC, 0xD9, 0xF4, 0xD8,
    0xF4, 0xF8, 0xF5, 0x19, 0xF5, 0x59, 0xFD, 0x7A, 0xFD, 0xBA, 0xFD, 0xFB, 0xFE, 0x3C, 0xFE, 0x9D,
    0xFE, 0xBE, 0xFE, 0xDE, 0xFF, 0x1F, 0xFF, 0x1E, 0xFF, 0x3F, 0xFF, 0x3F, 0xFF, 0x1D, 0xFF, 0x3D,
    0xF7, 0x1D, 0xFF, 0x3D, 0xF6, 0xDC, 0xF6, 0xFC, 0xFF, 0x1D, 0xFF, 0x3D, 0xFF, 0x7E, 0xFF, 0xBE,
    0x15, 0xFF, 0xFF, 0xBE, 0xFF, 0x9E, 0xFF, 0x7D, 0xFF, 0x3D, 0xFF, 0x3D, 0xFF, 0x3D, 0xFF, 0x1D,
    0xFF, 0x5C, 0xFF, 0x1B, 0xFF, 0x3C, 0xFF, 0x5C, 0xFF, 0x3C, 0xFF, 0x3C, 0xFF, 0x3C, 0xFF, 0x3B,
    0xFF, 0x3B, 0xFF, 0x3B, 0xFF, 0x5B, 0xFF, 0x5B, 0xFF, 0x5B, 0xFF, 0x5B, 0xFF, 0x59, 0xFF, 0x5A,
    0xFF, 0x7A, 0xFF, 0x5A, 0xFF, 0x5A, 0xFF, 0x5A, 0xFF, 0x5A, 0xFF, 0x7B, 0xFF, 0x3A, 0xEE, 0xF9,
    0xF6, 0xF9, 0xF7, 0x1A, 0xF7, 0x3A, 0xFF, 0x7A, 0xF7, 0x7B, 0xF7, 0x7B, 0xFF, 0x7B, 0xFF, 0x7B,
    0xFF, 0x9B, 0xFF, 0x7B, 0xFF, 0x7E, 0xFF, 0x3E, 0xF4, 0xF8, 0xF3, 0xB4, 0xFA, 0xF3, 0xFB, 0x33,
    0xFB, 0x94, 0xF5, 0x9A, 0xFE, 0xDD, 0xDE, 0x9B, 0xE6, 0x9A, 0xEE, 0x7A, 0xE6, 0x79, 0xDE, 0x9A,
    0xE6, 0x7B, 0xDE, 0x5A, 0xDE, 0x3A, 0xDE, 0x39, 0xDE, 0x39, 0xDE, 0x39, 0xD6, 0x18, 0xE6, 0x39,
    0xEE, 0xBB, 0xEE, 0xBE, 0x9B, 0xEE, 0x7C, 0xE6, 0x3B, 0xDD, 0xFB, 0xCD, 0xFA, 0xC5, 0xBA, 0xBD,
    0x59, 0xB5, 0x38, 0xBD, 0x58, 0xB5, 0x38, 0xB5, 0x17, 0xAD, 0x17, 0xAD, 0x18, 0xAD, 0x18, 0xAD,
    0x18, 0xAD, 0x18, 0xAD, 0x18, 0xAD, 0x18, 0xAC, 0xF8, 0xAC, 0xF8, 0xAC, 0xF8, 0xA4, 0xD7, 0xA4,
    0xD7, 0xA4, 0xD7, 0xAC, 0xD8, 0xAC, 0xD8, 0xAC, 0xD8, 0xAC, 0xF7, 0xBD, 0x58, 0xCD, 0xDA, 0xF7,
    0x3E, 0xFF, 0xDF, 0x0D, 0xFF, 0x83, 0xBF, 0xF7, 0x1F, 0xEE, 0x02, 0xDE, 0xE6, 0x7D, 0xD6, 0x3C,
    0xCD, 0xDA, 0xBD, 0x78, 0xB4, 0xF8, 0xB4, 0xF8, 0xB4, 0xF8, 0xB4, 0xF8, 0xB4, 0xF8, 0xFF, 0xDD,
    0xFF, 0xDD, 0xFF, 0xBD, 0xFF, 0xBD, 0xFF, 0xBD, 0xFF, 0xBD, 0xFF, 0xBD, 0xFF, 0xBD, 0xFF, 0xBD,
    0xFF, 0x7D, 0xFF, 0x7D, 0xFF, 0x7D, 0xFF, 0x7D, 0xFF, 0x7D, 0xFF, 0x7D, 0xFF, 0x7D, 0xFF, 0x7C,
    0xFF, 0x7C, 0xFF, 0x7C, 0xFF, 0x7C, 0xFF, 0x7C, 0xFF, 0x7C, 0xFF, 0x5C, 0xFF, 0x3C, 0xFF, 0x3C,
    0xFF, 0x3C, 0xF7, 0x3B, 0xF7, 0x1B, 0xF7, 0x1B, 0xEE, 0xFC, 0xEE, 0xFC, 0xEE, 0xFC, 0xEE, 0xFC,
    0xF6, 0xFC, 0xFF, 0x3D, 0xFF, 0x5D, 0xFF, 0x9E, 0xFF, 0xBF, 0xFF, 0xBF, 0xFF, 0xDF, 0xFF, 0xDF,
    0xFF, 0xDF, 0xFF, 0xDF, 0x0F, 0xFF, 0x84, 0xDF, 0xFF, 0xDF, 0xFF, 0xDF, 0x17, 0xFF, 0xA2, 0xDF,
    0xFF, 0xDF, 0xFF, 0xBE, 0xFF, 0xBE, 0xF7, 0xBE, 0xF7, 0x9E, 0xF7, 0x9D, 0xFF, 0xBE, 0xFF, 0x9F,
    0xFF, 0x9F, 0xFE, 0xBF, 0xEE, 0x1D, 0xE5, 0xBC, 0xF5, 0x7A, 0xFE, 0x1C, 0xFE, 0xBE, 0xFF, 0x7F,
    0xFF, 0xBF, 0x03, 0xFF, 0x80, 0xDF, 0x28, 0xFF, 0xFF, 0xF7, 0xFE, 0xFF, 0xFE, 0xB4, 0xD3, 0x62,
    0x09, 0x49, 0x06, 0x49, 0x07, 0x51, 0x47, 0xB4, 0x52, 0xEE, 0x5A, 0xBB, 0xD1, 0x9A, 0xCD, 0x58,
    0xE5, 0x61, 0x87, 0x93, 0x8F, 0x93, 0x90, 0x41, 0x27, 0x28, 0x85, 0x28, 0xC6, 0x20, 0xE7, 0x20,
    0xE7, 0x21, 0x07, 0x21, 0x06, 0x21, 0x06, 0x21, 0x06, 0x21, 0x06, 0x21, 0x06, 0x21, 0x06, 0x29,
    0x06, 0x20, 0xE6, 0x20, 0xA5, 0x20, 0xA5, 0x28, 0xE6, 0x28, 0xE6, 0x28, 0xE6, 0x21, 0x06, 0x21,
    0x06, 0x21, 0x06, 0x21, 0x06, 0x21, 0x06, 0x21, 0x06, 0x21, 0x06, 0x20, 0xE7, 0x28, 0xE7, 0x28,
    0xE7, 0x28, 0xE7, 0x28, 0xE7, 0x28, 0xE7, 0x20, 0xE8, 0x21, 0x08, 0x21, 0x08, 0x21, 0x08, 0x21,
    0x08, 0x21, 0x08, 0x21, 0x08, 0x29, 0x28, 0x21, 0x08, 0x21, 0x27, 0x39, 0x68, 0x51, 0xEA, 0x69,
    0xEA, 0xDC, 0xF6, 0xEC, 0xD8, 0xFC, 0xB9, 0xFC, 0x98, 0xB7, 0xFC, 0x78, 0xFC, 0x58, 0xFC, 0x38,
    0xFC, 0x17, 0xF4, 0x37, 0xF4, 0x37, 0xF4, 0x57, 0xF4, 0x36, 0xEC, 0x16, 0xF4, 0x36, 0xF4, 0x57,
    0xEC, 0x97, 0xF4, 0xF8, 0xF5, 0x39, 0xFD, 0x9A, 0xFD, 0xDB, 0xFE, 0x3C, 0xFE, 0x5D, 0xFE, 0xFD,
    0xFF, 0x3E, 0xFE, 0xFD, 0xEE, 0xDC, 0xEE, 0xBB, 0xF6, 0xFC, 0xFF, 0x3D, 0xFF, 0x5E, 0xFF, 0xBF,
    0xFF, 0xDF, 0x15, 0xFF, 0xFF, 0xDF, 0xFF, 0xDE, 0xFF, 0x9E, 0xFF, 0x5D, 0xFF, 0x3D, 0xFF, 0x1D,
    0xFF, 0x1C, 0xFF, 0x3C, 0xFF, 0x3C, 0xFF, 0x5C, 0xFF, 0x5C, 0xFF, 0x3C, 0xFF, 0x3C, 0xFF, 0x5C,
    0xFF, 0x5B, 0xFF, 0x5B, 0xFF, 0x5B, 0xFF, 0x5B, 0xFF, 0x5B, 0xFF, 0x5B, 0xFF, 0x7A, 0xFF, 0x7A,
    0xFF, 0x9A, 0xFF, 0x9A, 0xFF, 0x7A, 0xFF, 0x7A, 0xFF, 0x7A, 0xFF, 0x7A, 0xFF, 0x9A, 0xFF, 0x9A,
    0xF7, 0x39, 0xEF, 0x39, 0xF7, 0x7A, 0xFF, 0xBB, 0xFF, 0xDB, 0xFF, 0xDB, 0xFF, 0xDB, 0xFF, 0xDB,
    0xFF, 0xBB, 0xFF, 0xBB, 0xFF, 0xBB, 0xFF, 0xDF, 0xFF, 0x7F, 0xFD, 0x39, 0xF3, 0xB4, 0xFA, 0xF3,
    0xFB, 0x13, 0xFB, 0x94, 0xFD, 0xBB, 0xFE, 0xDE, 0xE6, 0x9B, 0xE6, 0x9A, 0xEE, 0x9A, 0xE6, 0x79,
    0xDE, 0x9A, 0xE6, 0x7B, 0xDE, 0x5A, 0xDE, 0x3A, 0xDE, 0x3A, 0xDE, 0x3A, 0xDE, 0x3A, 0xDE, 0x39,
    0xE6, 0x39, 0xEE, 0x9B, 0xE6, 0xC0, 0x7B, 0xE6, 0x5B, 0xDE, 0x1B, 0xDD, 0xDB, 0xC5, 0xFB, 0xC5,
    0xDB, 0xBD, 0x9A, 0xB5, 0x79, 0xB5, 0x59, 0xB5, 0x59, 0xB5, 0x59, 0xB5, 0x38, 0xB5, 0x38, 0xAD,
    0x18, 0xAD, 0x18, 0xAD, 0x18, 0xAD, 0x18, 0xAD, 0x18, 0xAC, 0xF8, 0xAC, 0xF8, 0xAC, 0xF8, 0xA4,
    0xD7, 0xA4, 0xD7, 0xA4, 0xD7, 0xAC, 0xB8, 0xA4, 0xB8, 0xA4, 0xB7, 0xA4, 0xB7, 0xA4, 0xB6, 0xAC,
    0xF6, 0xCD, 0xFA, 0xEE, 0xFD, 0xFF, 0xBF, 0x05, 0xFF, 0xFF, 0xDF, 0xFF, 0xBF, 0xF7, 0x9E, 0xF7,
    0x3E, 0xE6, 0x9E, 0xD6, 0x1C, 0xC5, 0x9A, 0xBD, 0x79, 0xB5, 0x38, 0xAC, 0xD7, 0xAC, 0xD8, 0xB4,
    0xD8, 0xB4, 0xD8, 0xB4, 0xD8, 0xB4, 0xD8, 0xFF, 0xDD, 0xFF, 0xDD, 0xFF, 0xBD, 0xFF, 0xBD, 0xFF,
    0xBD, 0xFF, 0xBD, 0xFF, 0xBD, 0xFF, 0xBD, 0xFF, 0xBD, 0xFF, 0x7D, 0xFF, 0x7D, 0xFF, 0x7D, 0xFF,
    0x7D, 0xFF, 0x7D, 0xFF, 0x7D, 0xFF, 0x7D, 0xFF, 0x7C, 0xFF, 0x7C, 0xFF, 0x7C, 0xFF, 0x7C, 0xFF,
    0x7C, 0xFF, 0x7C, 0xFF, 0x7C, 0xFF, 0x5C, 0xFF, 0x5C, 0xFF, 0x5C, 0xFF, 0x1B, 0xFF, 0x1B, 0xF6,
    0xFA, 0xF6, 0xBB, 0xF6, 0xBC, 0xF6, 0xBB, 0xF6, 0xDC, 0xFE, 0xFC, 0xF6, 0xBB, 0xEE, 0x9B, 0xEE,
    0xBB, 0xF6, 0xFC, 0xF7, 0x3D, 0xFF, 0x3D, 0xFF, 0x3D, 0xFF, 0x3D, 0xFF, 0x3D, 0xF7, 0x7E, 0xF7,
    0x7E, 0xF7, 0x7E, 0xFF, 0x9E, 0xFF, 0x9E, 0xFF, 0x9E, 0xFF, 0x86, 0x9E, 0xFF, 0xBF, 0xFF, 0xBF,
    0xFF, 0xBF, 0x21, 0xFF, 0xA8, 0xDF, 0xFF, 0xDE, 0xFF, 0xBE, 0xFF, 0x1E, 0xF6, 0x5D, 0xED, 0x5B,
    0xF5, 0x3C, 0xFD, 0x7E, 0xFF, 0x3E, 0xFF, 0x9F, 0xFF, 0xBF, 0xF7, 0xFE, 0xF7, 0xFD, 0xFF, 0xFD,
    0xFF, 0xDE, 0xFF, 0xDF, 0xFF, 0xDF, 0xFF, 0xDF, 0xFF, 0xDF, 0xFF, 0xDF, 0xFF, 0xDF, 0x1C, 0xFF,
    0xFF, 0xF7, 0xFE, 0xF7, 0xDE, 0xFF, 0x5D, 0xBC, 0xB4, 0xDD, 0x78, 0x61, 0xA9, 0x51, 0x48, 0xDD,
    0xD8, 0xE5, 0xB8, 0xBB, 0xF1, 0x92, 0x4B, 0x59, 0x06, 0x51, 0x26, 0x49, 0x46, 0x6A, 0x8C, 0x6A,
    0x8C, 0x18, 0x44, 0x39, 0x48, 0x28, 0xE7, 0x20, 0xE7, 0x21, 0x07, 0x21, 0x06, 0x21, 0x06, 0x21,
    0x06, 0x21, 0x06, 0x21, 0x06, 0x21, 0x06, 0x29, 0x06, 0x20, 0xE6, 0x20, 0xA5, 0x20, 0xA5, 0x28,
    0xE6, 0x28, 0xE6, 0x28, 0xE6, 0x21, 0x06, 0x21, 0x06, 0x21, 0x06, 0x21, 0x06, 0x21, 0x06, 0x21,
    0x06, 0x21, 0x06, 0x20, 0xE7, 0x28, 0xE7, 0x28, 0xE7, 0x28, 0xE7, 0x28, 0xE7, 0x28, 0xE7, 0x20,
    0xE8, 0x21, 0x08, 0x21, 0x08, 0x21, 0x08, 0x21, 0x08, 0x21, 0x08, 0x29, 0x08, 0x21, 0x08, 0x21,
    0x28, 0x19, 0x27, 0x21, 0x27, 0x39, 0x88, 0x51, 0xC9, 0x9B, 0x70, 0xFE, 0x5D, 0xFD, 0xDD, 0xFD,
    0x9C, 0xB7, 0xFD, 0x5B, 0xFD, 0x1B, 0xFC, 0xBA, 0xFC, 0x79, 0xFC, 0x99, 0xFC, 0x78, 0xFC, 0x58,
    0xFC, 0x37, 0xFC, 0x17, 0xFB, 0xF7, 0xFB, 0xF7, 0xFB, 0xB6, 0xFB, 0xB6, 0xF3, 0xB6, 0xF3, 0xB6,
    0xEB, 0xB5, 0xEB, 0xD5, 0xE3, 0xF5, 0xE4, 0xB6, 0xE5, 0x58, 0xFE, 0x9B, 0xFF, 0x9F, 0xF7, 0x5D,
    0xEF, 0x1C, 0xF6, 0xFC, 0xF6, 0xFC, 0xFF, 0x3D, 0xFF, 0x7E, 0x15, 0xFF, 0xE0, 0x7E, 0xFF, 0x5D,
    0xFF, 0x3C, 0xFF, 0x1C, 0xFF, 0x1D, 0xFF, 0x1C, 0xFE, 0xFC, 0xFF, 0x1B, 0xFF, 0x9D, 0xFF, 0x9D,
    0xFF, 0x7C, 0xFF, 0x7C, 0xFF, 0x7C, 0xFF, 0x7C, 0xFF, 0x7B, 0xFF, 0x7B, 0xFF, 0x7B, 0xFF, 0x7A,
    0xFF, 0x7A, 0xFF, 0x7A, 0xFF, 0x9A, 0xFF, 0xBA, 0xFF, 0xDA, 0xFF, 0xFA, 0xFF, 0xBA, 0xFF, 0xBA,
    0xFF, 0xBA, 0xFF, 0xBA, 0xFF, 0xDA, 0xFF, 0xFA, 0xFF, 0xBA, 0xFF, 0xDA, 0xFF, 0xDA, 0xFF, 0xFA,
    0xFF, 0xFA, 0xFF, 0xFA, 0xFF, 0xFA, 0xFF, 0xFA, 0xFF, 0xFA, 0xFF, 0xFA, 0xFF, 0xFB, 0xFF, 0xDF,
    0xFF, 0x7F, 0xF4, 0xF8, 0xF3, 0x94, 0xFA, 0xF3, 0xFB, 0x33, 0xFB, 0x94, 0xFD, 0xDB, 0x02, 0xFE,
    0xFF, 0xE6, 0xBC, 0xE6, 0x9A, 0xEE, 0x9A, 0xE6, 0x79, 0xDE, 0x9A, 0xE6, 0x7B, 0xDE, 0x5A, 0xDE,
    0x3A, 0xDE, 0x5A, 0xDE, 0x5A, 0xDE, 0x5A, 0xDE, 0x39, 0xE6, 0x59, 0xE6, 0x5A, 0xDE, 0x19, 0xCD,
    0x99, 0xC5, 0x58, 0xC5, 0x18, 0xB5, 0x39, 0xAD, 0x39, 0xAD, 0x38, 0xAD, 0x39, 0xB5, 0x79, 0xB5,
    0x7A, 0xBD, 0x9A, 0xBD, 0x9A, 0xB5, 0x59, 0xAD, 0x18, 0xAC, 0xF7, 0xAD, 0x18, 0xAD, 0x18, 0xAD,
    0x18, 0xAC, 0xF8, 0xAC, 0xF8, 0xAC, 0xF8, 0xA4, 0xD7, 0xA4, 0xD7, 0xA4, 0xD7, 0xAC, 0xD8, 0xB4,
    0xF9, 0xB5, 0x19, 0xB5, 0x18, 0xB5, 0x17, 0xAC, 0xF6, 0xB5, 0x16, 0xBD, 0x98, 0xCE, 0x1A, 0xE6,
    0xBD, 0xDE, 0x7C, 0xD6, 0x3B, 0xCD, 0xFA, 0xBD, 0x98, 0xBD, 0x78, 0xBD, 0x59, 0xB5, 0x39, 0xB5,
    0x18, 0xAC, 0xD7, 0xA4, 0xB7, 0x9C, 0x76, 0xAC, 0x97, 0xAC, 0x97, 0xAC, 0x97, 0xAC, 0x98, 0xAC,
    0x98, 0xFF, 0xFF, 0xDD, 0xFF, 0xDD, 0xFF, 0xBD, 0xFF, 0xBD, 0xFF, 0xBD, 0xFF, 0xBD, 0xFF, 0xBD,
    0xFF, 0xBD, 0xFF, 0xBD, 0xFF, 0x9D, 0xFF, 0x9D, 0xFF, 0x9D, 0xFF, 0x9D, 0xFF, 0x9D, 0xFF, 0x9D,
    0xFF, 0x9D, 0xFF, 0x9C, 0xFF, 0x7D, 0xFF, 0x7D, 0xFF, 0x7D, 0xFF, 0x9C, 0xFF, 0x9C, 0xFF, 0x9C,
    0xFF, 0x7C, 0xFF, 0x7D, 0xFF, 0x7D, 0xFF, 0x7C, 0xFF, 0x7C, 0xFF, 0x9D, 0xF6, 0xFB, 0xF6, 0xFB,
    0xF6, 0xFB, 0xF7, 0x1B, 0xFF, 0x3C, 0xFF, 0x3C, 0xFF, 0x1C, 0xEE, 0xDB, 0xEE, 0xDB, 0xEE, 0xDB,
    0xEE, 0xBB, 0xEE, 0xBB, 0xEE, 0x9A, 0xEE, 0x9A, 0xF7, 0x3C, 0xF7, 0x3C, 0xF7, 0x1C, 0xFF, 0x5D,
    0xFF, 0x3D, 0xFF, 0x3D, 0xFF, 0x3D, 0xFF, 0x9E, 0xFF, 0x9E, 0xFF, 0xBE, 0xFF, 0x7D, 0xFF, 0x9E,
    0xFF, 0xBE, 0xFF, 0xDF, 0xF7, 0xFF, 0xF7, 0xFF, 0xF7, 0xFF, 0xF7, 0xFF, 0xF7, 0xFF, 0xF7, 0xFF,
    0xF7, 0xFE, 0x83, 0xF7, 0xFE, 0xFF, 0xFE, 0x07, 0xFF, 0xAA, 0xDF, 0xFF, 0x3F, 0xFE, 0x7E, 0xF6,
    0x1D, 0xED, 0xBB, 0xE5, 0xBB, 0xF6, 0x5D, 0xFF, 0x3F, 0xFF, 0xBF, 0xFF, 0x9E, 0xFF, 0x7D, 0xFF,
    0x9E, 0xFF, 0x9D, 0xFF, 0x7D, 0xFF, 0x7D, 0xFF, 0x9D, 0xFF, 0x9D, 0xFF, 0x9D, 0xFF, 0xBE, 0xFF,
    0xBE, 0xFF, 0xBE, 0xFF, 0xDE, 0x21, 0xFF, 0xFC, 0x9F, 0xFF, 0x9F, 0x9B, 0xF1, 0x51, 0xA8, 0xEE,
    0x59, 0xCC, 0xF4, 0xB4, 0x52, 0xE5, 0xD8, 0x9B, 0x8F, 0x40, 0xE5, 0x8B, 0x0E, 0x49, 0x05, 0x93,
    0x4F, 0x20, 0x23, 0x41, 0x68, 0x28, 0xE6, 0x18, 0x85, 0x29, 0x27, 0x21, 0x06, 0x21, 0x06, 0x21,
    0x06, 0x20, 0xE6, 0x20, 0xE6, 0x20, 0xE6, 0x18, 0xE7, 0x19, 0x07, 0x08, 0x65, 0x21, 0x07, 0x20,
    0xE7, 0x20, 0xC7, 0x20, 0xC6, 0x20, 0xE6, 0x20, 0xE6, 0x20, 0xE6, 0x20, 0xE6, 0x20, 0xE6, 0x20,
    0xE6, 0x20, 0xE6, 0x20, 0xE7, 0x20, 0xE7, 0x20, 0xE7, 0x20, 0xE7, 0x20, 0xE7, 0x20, 0xE7, 0x20,
    0xE8, 0x21, 0x08, 0x21, 0x08, 0x21, 0x08, 0x21, 0x08, 0x21, 0x08, 0x21, 0x08, 0x21, 0x08, 0x21,
    0x28, 0x21, 0x08, 0x21, 0x07, 0x31, 0x48, 0x6A, 0xCD, 0x51, 0xCA, 0xDD, 0xFA, 0xFF, 0x7F, 0xFF,
    0x1F, 0xFF, 0x5F, 0xFF, 0x1F, 0x03, 0xFE, 0xB8, 0xDE, 0xF5, 0xFB, 0xED, 0xBA, 0xED, 0x19, 0xEC,
    0xF8, 0xF4, 0xD8, 0xEC, 0x57, 0xEC, 0x16, 0xFC, 0x77, 0xF3, 0x74, 0xF3, 0x33, 0xFB, 0x54, 0xF3,
    0x33, 0xEB, 0x33, 0xEB, 0x74, 0xEB, 0x94, 0xF3, 0xF5, 0xFC, 0xD8, 0xFE, 0xBE, 0xFF, 0x9F, 0xEE,
    0xBC, 0xEE, 0xBD, 0xEE, 0xDD, 0xF7, 0x1E, 0xF7, 0x3E, 0xFF, 0x5F, 0xFF, 0x9F, 0xFF, 0xBF, 0xFF,
    0xDF, 0x0D, 0xFF, 0xFF, 0xBE, 0xFF, 0xBE, 0xFF, 0x9E, 0xFF, 0x9E, 0xFF, 0x9E, 0xFF, 0x9E, 0xFF,
    0x9E, 0xFF, 0x5D, 0xFF, 0xDE, 0xFF, 0xBE, 0xFF, 0x9D, 0xFF, 0x7D, 0xFF, 0x7C, 0xFF, 0x5C, 0xF7,
    0x7A, 0xF7, 0x7A, 0xF7, 0x7A, 0xFF, 0x9B, 0xFF, 0x9B, 0xFF, 0xBB, 0xFF, 0xDB, 0xFF, 0xFB, 0xFF,
    0xFB, 0xFF, 0xFB, 0xFF, 0xFB, 0xFF, 0xFB, 0xFF, 0xFB, 0xFF, 0xFA, 0xFF, 0xFA, 0xFF, 0xFA, 0xFF,
    0xFA, 0xFF, 0xFA, 0xFF, 0xFA, 0xFF, 0xFA, 0xFF, 0xF9, 0xFF, 0xF9, 0xFF, 0xD9, 0xFF, 0xDB, 0xFF,
    0xFC, 0xFF, 0xFD, 0xFF, 0xFE, 0xFF, 0xDF, 0xFE, 0xFD, 0xF4, 0x36, 0xFB, 0x13, 0xFA, 0xF3, 0xFB,
    0x33, 0xFB, 0xF5, 0xF6, 0xDD, 0xFF, 0x7F, 0xE6, 0xBB, 0xEE, 0xFB, 0xEE, 0xDA, 0xEE, 0xB9, 0xEE,
    0x99, 0xE6, 0x79, 0xE6, 0x39, 0xE6, 0x7A, 0xE6, 0x5B, 0xDD, 0xF9, 0xDD, 0xD9, 0xDD, 0xFA, 0xD5,
    0xDA, 0xD5, 0xFA, 0xD5, 0xFF, 0xDA, 0xCD, 0x99, 0xC5, 0x58, 0xBD, 0x18, 0xA4, 0xB7, 0xA4, 0x97,
    0x9C, 0x77, 0x9C, 0x77, 0xA4, 0xB7, 0xA4, 0xD8, 0xAC, 0xF9, 0xBD, 0x7A, 0xBD, 0x7A, 0xBD, 0x7A,
    0xB5, 0x39, 0xAC, 0xF8, 0xAC, 0xF8, 0xAC, 0xF8, 0xA4, 0xD7, 0xB5, 0x39, 0xBD, 0x9A, 0xBD, 0x7A,
    0xB5, 0x59, 0xAD, 0x18, 0xB5, 0x19, 0xBD, 0x7B, 0xBD, 0x7B, 0xBD, 0x7A, 0xBD, 0x5A, 0xB5, 0x39,
    0xB5, 0x18, 0xB5, 0x18, 0xB5, 0x59, 0xB5, 0x59, 0xB5, 0x59, 0xAC, 0xF8, 0xAC, 0xF8, 0xAC, 0xF8,
    0xAC, 0xF8, 0xAC, 0xF8, 0xAC, 0xD7, 0xA4, 0x97, 0x9C, 0x76, 0x9C, 0x76, 0xA4, 0x76, 0xA4, 0x97,
    0xA4, 0x97, 0xA4, 0x97, 0xA4, 0x97, 0xA4, 0x97, 0xFF, 0xDD, 0xFF, 0xDD, 0xFF, 0xBD, 0xFF, 0xBD,
    0xFF, 0xBD, 0xFF, 0xBD, 0xFF, 0xBD, 0xFF, 0xBD, 0xFF, 0xBD, 0xFF, 0xBD, 0xFF, 0xBD, 0xFF, 0xBD,
    0xFF, 0xBD, 0xFF, 0xBD, 0xFF, 0xD0, 0xBD, 0xFF, 0x9D, 0xFF, 0x9D, 0xFF, 0x9D, 0xFF, 0x9D, 0xFF,
    0x9D, 0xFF, 0x9D, 0xFF, 0x9D, 0xFF, 0x9D, 0xFF, 0x7D, 0xFF, 0x7D, 0xFF, 0x7D, 0xFF, 0x7D, 0xFF,
    0x7D, 0xFF, 0x7D, 0xFF, 0x5C, 0xFF, 0x5C, 0xFF, 0x5C, 0xFF, 0x5C, 0xFF, 0x3C, 0xFF, 0x3C, 0xFF,
    0x3C, 0xFF, 0x1C, 0xFE, 0xFC, 0xFF, 0x1C, 0xF6, 0xFC, 0xF6, 0xFB, 0xEE, 0xDB, 0xEE, 0xFB, 0xE6,
    0x9A, 0xE6, 0x9A, 0xEE, 0xBA, 0xE6, 0x39, 0xE6, 0x7A, 0xF6, 0xDB, 0xF7, 0x3C, 0xEF, 0x3C, 0xF7,
    0x5D, 0xF7, 0x7D, 0xFF, 0xBE, 0xFF, 0xDE, 0x03, 0xFF, 0x85, 0xDE, 0xF7, 0xBE, 0xF7, 0xDF, 0xF7,
    0x05, 0xFF, 0x85, 0xF7, 0xFF, 0xEF, 0xDE, 0xF7, 0xFE, 0x05, 0xFF, 0xBA, 0xBF, 0xFF, 0xBF, 0xFF,
    0x7F, 0xFE, 0x5E, 0xED, 0xBC, 0xE5, 0x7A, 0xE5, 0x9A, 0xF6, 0x7D, 0xFF, 0x3F, 0xFF, 0x9F, 0xF7,
    0x3C, 0xFF, 0x5D, 0xFF, 0x7D, 0xFF, 0x9E, 0xFF, 0x9E, 0xFF, 0x9E, 0xFF, 0x9D, 0xFF, 0x9D, 0xFF,
    0x9D, 0xFF, 0x9D, 0xFF, 0xBE, 0xFF, 0xBE, 0xFF, 0xBE, 0xFF, 0xBE, 0xFF, 0xDE, 0xFF, 0xDE, 0xFF,
    0xDE, 0xFF, 0xDE, 0xFF, 0xDE, 0xFF, 0xDE, 0x15, 0xFF, 0xFF, 0xDF, 0xFF, 0xBF, 0xE6, 0x7B, 0x6A,
    0x6B, 0xFE, 0xDB, 0xC4, 0xD3, 0xB4, 0x51, 0xAC, 0x11, 0x72, 0x4A, 0x51, 0x88, 0x93, 0x6F, 0x82,
    0x8C, 0x40, 0xA4, 0x41, 0x27, 0x49, 0xA9, 0x28, 0xC6, 0x18, 0xA5, 0x29, 0x27, 0x21, 0x06, 0x21,
    0x06, 0x21, 0x06, 0x20, 0xE6, 0x20, 0xE6, 0x20, 0xE6, 0x19, 0x07, 0x19, 0x07, 0x08, 0x85, 0x21,
    0x07, 0x20, 0xE7, 0x20, 0xC7, 0x28, 0xC7, 0x20, 0xE6, 0x20, 0xE6, 0x20, 0xE6, 0x20, 0xE6, 0x20,
    0xE6, 0x20, 0xE6, 0x20, 0xE6, 0x21, 0x07, 0x20, 0xE7, 0x20, 0xE7, 0x20, 0xE7, 0x20, 0xE7, 0x20,
    0xE7, 0x21, 0x08, 0x21, 0x08, 0x21, 0x08, 0x21, 0x08, 0x21, 0x08, 0x21, 0x08, 0x21, 0x08, 0x21,
    0x08, 0x21, 0x28, 0x21, 0x08, 0x29, 0x07, 0x31, 0x27, 0x62, 0x8D, 0x51, 0xEA, 0xA4, 0x94, 0xFF,
    0xBF, 0xFF, 0x3E, 0xFF, 0x3E, 0xFF, 0x5E, 0xFF, 0x3E, 0xF7, 0xFF, 0x1D, 0xFF, 0x7F, 0xFF, 0x7F,
    0xFF, 0x3F, 0xFF, 0x1F, 0xFE, 0xBE, 0xFD, 0xDB, 0xF5, 0x5A, 0xEC, 0x76, 0xF3, 0xD5, 0xFB, 0x94,
    0xFB, 0x54, 0xEA, 0xD1, 0xE2, 0xD1, 0xE2, 0xF2, 0xEB, 0x13, 0xF3, 0x54, 0xFC, 0x37, 0xFE, 0x3C,
    0xFF, 0x7F, 0xEE, 0xFE, 0xEE, 0xDD, 0xEE, 0xBD, 0xF6, 0xDD, 0xF6, 0xFE, 0xF7, 0x1E, 0xFF, 0x3F,
    0xFF, 0x7F, 0xFF, 0x9F, 0xFF, 0xDF, 0xFF, 0xDF, 0xFF, 0xDF, 0xFF, 0xDF, 0xFF, 0xDF, 0xFF, 0xDF,
    0xFF, 0xDE, 0xFF, 0xBF, 0xFF, 0xBF, 0xFF, 0xBF, 0xFF, 0xBF, 0xFF, 0xBF, 0xFF, 0xBF, 0xFF, 0xBE,
    0xFF, 0xDF, 0xFF, 0xDE, 0xFF, 0xBE, 0xFF, 0x9E, 0xFF, 0x9E, 0xFF, 0x7D, 0xF7, 0x7B, 0xF7, 0x7B,
    0xF7, 0x7B, 0xFF, 0x9B, 0xFF, 0xBB, 0xFF, 0xDB, 0xFF, 0xFB, 0xFF, 0xFB, 0xFF, 0xFB, 0xFF, 0xFB,
    0xFF, 0xFB, 0xFF, 0xFB, 0xFF, 0xFB, 0xFF, 0xFA, 0xFF, 0xFA, 0xFF, 0xFF, 0xFA, 0xFF, 0xFA, 0xFF,
    0xFB, 0xFF, 0xFA, 0xFF, 0xFA, 0xFF, 0xF9, 0xFF, 0xF9, 0xFF, 0xFA, 0xFF, 0xFC, 0xFF, 0xFD, 0xFF,
    0xFD, 0xFF, 0xFE, 0xFF, 0x5E, 0xFD, 0xFA, 0xFB, 0xB4, 0xFA, 0xF3, 0xFA, 0xD2, 0xF3, 0x53, 0xF4,
    0x15, 0xF6, 0xFD, 0xFF, 0x9F, 0xFF, 0x9F, 0xF7, 0x3C, 0xF7, 0x1B, 0xEE, 0xDA, 0xF6, 0xBA, 0xEE,
    0x79, 0xE6, 0x39, 0xE6, 0x5A, 0xE6, 0x5A, 0xDD, 0xD9, 0xD5, 0xB9, 0xD5, 0xDA, 0xD5, 0xDA, 0xD5,
    0xDA, 0xD5, 0xDA, 0xC5, 0x79, 0xC5, 0x58, 0xBD, 0x38, 0xAC, 0xD8, 0xA4, 0xB8, 0xA4, 0xB8, 0x9C,
    0x97, 0x9C, 0x97, 0xA4, 0x97, 0xA4, 0xB8, 0xA4, 0xD7, 0xA4, 0xD7, 0xA4, 0xD7, 0xAC, 0xF8, 0xAC,
    0xF8, 0xAC, 0xF8, 0xAC, 0xF8, 0xA4, 0xD7, 0xB5, 0x39, 0xB5, 0x59, 0xCD, 0xFC, 0xC5, 0xDB, 0xC5,
    0xBB, 0xB5, 0x59, 0xAC, 0xF9, 0xAC, 0xF9, 0xAC, 0xF9, 0xAC, 0xF8, 0xA4, 0xFF, 0xD8, 0xA4, 0xB8,
    0xA4, 0xD8, 0xAC, 0xF8, 0xAC, 0xF8, 0xAC, 0xF8, 0xAC, 0xF8, 0xAC, 0xF8, 0xAC, 0xF8, 0xAC, 0xF8,
    0xAC, 0xD8, 0xAC, 0xB7, 0xA4, 0x96, 0x9C, 0x76, 0x9C, 0x76, 0x9C, 0x76, 0xA4, 0xB7, 0xA4, 0xB7,
    0xA4, 0xB7, 0xA4, 0xB7, 0xA4, 0x97, 0xFF, 0xDD, 0xFF, 0xDD, 0xFF, 0xBD, 0xFF, 0xBD, 0xFF, 0xBD,
    0xFF, 0xBD, 0xFF, 0xBD, 0xFF, 0xBD, 0xFF, 0xBD, 0xFF, 0xBD, 0xFF, 0xBD, 0xFF, 0xBD, 0xFF, 0xBD,
    0xFF, 0xBD, 0xFF, 0xBD, 0xFF, 0x9D, 0xFF, 0x9D, 0xFF, 0x9D, 0xFF, 0x9D, 0xFF, 0x9D, 0xFF, 0x9D,
    0xFF, 0x9D, 0xFF, 0x9D, 0xFF, 0x7D, 0xFF, 0x7D, 0xFF, 0x7D, 0xFF, 0x7D, 0xFF, 0x7D, 0xFF, 0x7D,
    0xFF, 0x9D, 0xFF, 0x9D, 0xFF, 0x9D, 0xFF, 0x9D, 0xFF, 0x7D, 0xFF, 0x9D, 0xFF, 0x9D, 0xFF, 0x5D,
    0xFF, 0x5D, 0xFF, 0x3D, 0xFF, 0x5D, 0xFF, 0x7D, 0xFF, 0x9D, 0xFF, 0x9D, 0xFF, 0xF8, 0x7E, 0xFF,
    0x7E, 0xFF, 0x5E, 0xFE, 0xFC, 0xFE, 0xBB, 0xF6, 0x7A, 0xE6, 0x19, 0xEE, 0x19, 0xEE, 0x19, 0xEE,
    0x39, 0xFE, 0x9B, 0xFE, 0xBB, 0xFE, 0xBB, 0xFE, 0xFD, 0xFF, 0x5E, 0xFF, 0x5E, 0xFF, 0x5E, 0xFF,
    0x7F, 0xFF, 0x7F, 0xFF, 0x7F, 0xFF, 0xDF, 0xFF, 0xBF, 0xFF, 0x7F, 0xFF, 0x1F, 0xFE, 0xBE, 0xFE,
    0x3D, 0xF5, 0xBB, 0xED, 0x7A, 0xED, 0xBB, 0xF6, 0x5C, 0xFF, 0x1E, 0xFF, 0x1E, 0xEE, 0x9B, 0xDD,
    0xF9, 0xDE, 0x79, 0xE6, 0xBA, 0xEE, 0xDB, 0xF7, 0x1C, 0xF7, 0x3C, 0xFF, 0x5D, 0xFF, 0x7D, 0xFF,
    0x9D, 0xFF, 0x9D, 0xFF, 0x9D, 0xFF, 0x9D, 0xFF, 0x9D, 0xFF, 0x9D, 0xFF, 0x9E, 0xFF, 0xBE, 0xFF,
    0xBE, 0xFF, 0xBE, 0xFF, 0xBE, 0xFF, 0xBE, 0xFF, 0xBE, 0xFF, 0xDE, 0xFF, 0xDE, 0xFF, 0xDE, 0xFF,
    0xDE, 0xFF, 0xDE, 0xFF, 0xDE, 0xFF, 0xDE, 0x03, 0xFF, 0xFF, 0xDF, 0xFF, 0xDF, 0xFF, 0xBE, 0xFF,
    0xBF, 0xF6, 0xFD, 0xB4, 0x93, 0xF5, 0xF8, 0xB4, 0x31, 0xA3, 0xAF, 0x6A, 0x09, 0x59, 0x87, 0x6A,
    0x0A, 0x8B, 0x2E, 0x61, 0x87, 0x8A, 0xED, 0x62, 0x0A, 0x62, 0x6C, 0x18, 0x84, 0x20, 0xE6, 0x21,
    0x27, 0x21, 0x06, 0x21, 0x06, 0x21, 0x06, 0x20, 0xE6, 0x20, 0xE6, 0x20, 0xE6, 0x19, 0x06, 0x21,
    0x06, 0x10, 0x64, 0x29, 0x07, 0x20, 0xC6, 0x28, 0xC6, 0x28, 0xC6, 0x20, 0xE6, 0x20, 0xE6, 0x20,
    0xE6, 0x20, 0xE6, 0x20, 0xE6, 0x20, 0xE6, 0x20, 0xE6, 0x21, 0x07, 0x20, 0xE7, 0x20, 0xE7, 0x20,
    0xE7, 0x20, 0xE7, 0x20, 0xE7, 0x21, 0x08, 0x21, 0x08, 0x21, 0x08, 0x21, 0x08, 0x21, 0x08, 0x21,
    0x08, 0x21, 0x08, 0x21, 0x08, 0x21, 0x28, 0x21, 0x08, 0x29, 0x07, 0x31, 0x28, 0x49, 0xA9, 0x5A,
    0x2B, 0x5A, 0x2B, 0xF6, 0xFD, 0xEE, 0xDC, 0xEE, 0xDC, 0xEE, 0xA3, 0xDC, 0xEE, 0xBC, 0xE6, 0x9B,
    0xD6, 0xFD, 0xDF, 0x1D, 0xE7, 0x3E, 0xE6, 0xDD, 0xDE, 0x7C, 0xEE, 0xBD, 0xFE, 0xDE, 0xFE, 0x9C,
    0xFD, 0x79, 0xF4, 0x36, 0xEB, 0x53, 0xDA, 0x70, 0xDA, 0x50, 0xE2, 0x71, 0xE2, 0xB2, 0xEA, 0x02,
    0xF3, 0xF8, 0xD5, 0xF5, 0xDA, 0xFF, 0x7F, 0xEE, 0xFD, 0xEE, 0xBD, 0xEE, 0xBD, 0xE6, 0x9C, 0xE6,
    0x7C, 0xE6, 0x7C, 0xE6, 0x9C, 0xE6, 0x9C, 0xE6, 0xBC, 0xEE, 0xFD, 0xEF, 0x1D, 0xF7, 0x5E, 0xF7,
    0x7E, 0xF7, 0x7E, 0xF7, 0x7E, 0xFF, 0x7E, 0xFF, 0x7E, 0xFF, 0x7E, 0xFF, 0x7E, 0xFF, 0x7E, 0xFF,
    0x7E, 0xFF, 0x7E, 0xFF, 0xBF, 0xFF, 0x7E, 0xFF, 0x9E, 0xFF, 0xDF, 0xFF, 0xBF, 0xFF, 0xBF, 0xFF,
    0xBF, 0xFF, 0xBC, 0xFF, 0xBC, 0xFF, 0xBD, 0xFF, 0xBC, 0xFF, 0xBD, 0xFF, 0xDD, 0xFF, 0xFD, 0xFF,
    0xFC, 0xFF, 0xFC, 0xFF, 0xFC, 0xFF, 0xFC, 0xFF, 0xFC, 0xFF, 0xFC, 0xFF, 0xFC, 0xFF, 0xFB, 0xFF,
    0xFB, 0xFF, 0xFB, 0xFF, 0xFC, 0xFF, 0xDB, 0xFF, 0xBA, 0xFF, 0x59, 0xFF, 0x9A, 0xFF, 0xDB, 0xF7,
    0xDC, 0xF7, 0x9C, 0xF7, 0x3C, 0xFE, 0xFC, 0xF5, 0x38, 0xEC, 0x15, 0x02, 0xF2, 0xFF, 0xFA, 0xD2,
    0xF3, 0x13, 0xF3, 0xF5, 0xF4, 0xF8, 0xFF, 0x5E, 0xF7, 0x1D, 0xF7, 0x3D, 0xFF, 0x9E, 0xFF, 0x9D,
    0xFF, 0x7C, 0xF7, 0x1B, 0xEE, 0xBA, 0xDE, 0x38, 0xDE, 0x39, 0xDE, 0x3A, 0xD5, 0xB8, 0xCD, 0x98,
    0xCD, 0xB9, 0xC5, 0xB9, 0xC5, 0x99, 0xC5, 0x99, 0xBD, 0x78, 0xBD, 0x78, 0xBD, 0x78, 0xB5, 0x59,
    0xB5, 0x39, 0xAD, 0x19, 0xAD, 0x19, 0xAD, 0x19, 0xAC, 0xF8, 0xA4, 0xD8, 0xA4, 0xD7, 0xA4, 0xD7,
    0xA4, 0xD7, 0xA4, 0xD7, 0xAC, 0xF8, 0xAC, 0xF8, 0xAC, 0xF8, 0xA4, 0xD7, 0xA4, 0xD7, 0xAC, 0xF8,
    0xAC, 0xF8, 0xA4, 0xD7, 0x9C, 0x96, 0x9C, 0x76, 0x9C, 0x77, 0x9C, 0x77, 0x9C, 0x77, 0x9C, 0x77,
    0x9C, 0x77, 0x9C, 0x97, 0xA4, 0xB7, 0xA4, 0xB7, 0xA4, 0xB7, 0xA4, 0xB7, 0xA4, 0xD8, 0xA4, 0xD8,
    0xA4, 0xD8, 0xAC, 0xD8, 0xA4, 0xB7, 0xA4, 0x97, 0xA4, 0x76, 0x9C, 0x76, 0x9C, 0x76, 0xFF, 0x9C,
    0x76, 0xAC, 0xD7, 0xAC, 0xD7, 0xAC, 0xD7, 0xAC, 0xB7, 0xA4, 0x97, 0xFF, 0xDD, 0xFF, 0xDD, 0xFF,
    0xBD, 0xFF, 0xBD, 0xFF, 0xBD, 0xFF, 0xBD, 0xFF, 0xBD, 0xFF, 0xBD, 0xFF, 0xBD, 0xFF, 0xBD, 0xFF,
    0xBD, 0xFF, 0xBD, 0xFF, 0xBD, 0xFF, 0xBD, 0xFF, 0xBD, 0xFF, 0x9D, 0xFF, 0x9D, 0xFF, 0x9D, 0xFF,
    0x9D, 0xFF, 0x9D, 0xFF, 0x9D, 0xFF, 0x9D, 0xFF, 0x9D, 0xFF, 0x7D, 0xFF, 0x7D, 0xFF, 0x7D, 0xFF,
    0x7D, 0xFF, 0x7D, 0xFF, 0x7D, 0xFF, 0x9D, 0xFF, 0x9D, 0xFF, 0x9D, 0xFF, 0x9D, 0xFF, 0xBD, 0xFF,
    0x9D, 0xFF, 0x9D, 0xEF, 0x5C, 0xF7, 0x3D, 0xFF, 0x1D, 0xFF, 0x3D, 0xFF, 0x5D, 0xFF, 0x7E, 0xFF,
    0x9E, 0xFE, 0x1A, 0xED, 0xD9, 0xE5, 0x77, 0xE5, 0x77, 0xE5, 0x77, 0xE5, 0x97, 0xED, 0x77, 0xF5,
    0x57, 0xF5, 0x78, 0xFD, 0x78, 0xF5, 0x78, 0xF5, 0x78, 0xFD, 0x98, 0xED, 0xB8, 0xE5, 0xD9, 0xEA,
    0xED, 0xFA, 0xEE, 0x1A, 0xF6, 0x7B, 0xF6, 0x5B, 0xF6, 0x5B, 0xF6, 0x5C, 0xF6, 0x3C, 0xEE, 0x1C,
    0xED, 0xDB, 0xED, 0xDB, 0xED, 0x9B, 0xED, 0x7A, 0xF5, 0xFB, 0xFE, 0xBD, 0xFF, 0x5E, 0xFF, 0x5E,
    0xDE, 0x39, 0xDD, 0xF8, 0xE6, 0x39, 0xDE, 0x59, 0xDE, 0x79, 0xE6, 0x79, 0xEE, 0xBA, 0xEE, 0xDB,
    0xF7, 0x1C, 0xFF, 0x5D, 0xFF, 0x9D, 0xFF, 0x9D, 0xFF, 0x9D, 0xFF, 0x9D, 0xFF, 0x9D, 0xFF, 0x9D,
    0xFF, 0x9D, 0xFF, 0x9E, 0xFF, 0x9E, 0xFF, 0x9E, 0xFF, 0x9E, 0xFF, 0x9E, 0xFF, 0x9E, 0xFF, 0xBE,
    0xFF, 0xBE, 0xFF, 0xBE, 0xFF, 0xBE, 0xFF, 0xBE, 0xFF, 0xBE, 0xFF, 0xBE, 0xFF, 0xDE, 0xFF, 0xDE,
    0xFF, 0xBE, 0xFF, 0x7D, 0xFF, 0x7E, 0xC5, 0x15, 0xD5, 0x97, 0xCC, 0x02, 0xB3, 0xFF, 0xCF, 0x9B,
    0x6E, 0x7A, 0x4B, 0x72, 0x0A, 0x61, 0xC9, 0x82, 0xAC, 0x61, 0xA8, 0x8A, 0xEE, 0x8B, 0x4F, 0x6A,
    0xAD, 0x18, 0x64, 0x20, 0xE6, 0x21, 0x07, 0x21, 0x06, 0x21, 0x06, 0x21, 0x06, 0x20, 0xE6, 0x20,
    0xE6, 0x20, 0xE6, 0x20, 0xE6, 0x20, 0xE6, 0x10, 0x64, 0x28, 0xE6, 0x28, 0xC6, 0x28, 0xC6, 0x28,
    0xA6, 0x20, 0xE6, 0x20, 0xE6, 0x20, 0xE6, 0x20, 0xE6, 0x20, 0xE6, 0x20, 0xE6, 0x20, 0xE6, 0x21,
    0x07, 0x20, 0xE7, 0x20, 0xE7, 0x20, 0xE7, 0x20, 0xE7, 0x20, 0xE7, 0x21, 0x08, 0x21, 0x08, 0x21,
    0x08, 0x21, 0x08, 0x21, 0x08, 0x21, 0x08, 0x21, 0x08, 0x21, 0x08, 0x21, 0x28, 0x21, 0x08, 0x29,
    0x07, 0x31, 0x48, 0x39, 0x48, 0x62, 0x6C, 0x51, 0xEA, 0xE6, 0x9B, 0xEE, 0xDC, 0xF7, 0x1D, 0xEE,
    0xBC, 0xEE, 0xBC, 0xE6, 0x7B, 0xD6, 0x9C, 0xD6, 0x9B, 0xD6, 0x9B, 0xE6, 0xBC, 0xEE, 0xFF, 0xDD,
    0xEE, 0x9C, 0xE6, 0x5C, 0xE6, 0x7B, 0xFE, 0x3B, 0xFD, 0x7A, 0xF4, 0x36, 0xE2, 0x91, 0xDA, 0x70,
    0xE2, 0x91, 0xE2, 0xB2, 0xEA, 0xF3, 0xFB, 0xD6, 0xF5, 0xDB, 0xFF, 0x7F, 0xE6, 0xDD, 0xE6, 0x7C,
    0xE6, 0xBC, 0xE6, 0x7C, 0xE6, 0x5B, 0xDE, 0x5B, 0xDE, 0x3B, 0xDE, 0x1A, 0xD6, 0x3A, 0xDE, 0x7B,
    0xE6, 0x9C, 0xE6, 0xBD, 0xEE, 0xFD, 0xEE, 0xFD, 0xEE, 0xFD, 0xF7, 0x3D, 0xF7, 0x3D, 0xF7, 0x3D,
    0xF7, 0x3D, 0xF7, 0x3D, 0xF7, 0x3D, 0xF7, 0x3D, 0xFF, 0x7E, 0xF7, 0x3D, 0xFF, 0x7E, 0xFF, 0xBF,
    0xFF, 0xBF, 0xFF, 0xBF, 0xFF, 0xBF, 0xFF, 0xBD, 0xFF, 0xBD, 0xFF, 0xBD, 0xFF, 0xBD, 0xFF, 0xBD,
    0xFF, 0xDE, 0xFF, 0xFE, 0xFF, 0xFD, 0xFF, 0xFD, 0xFF, 0xFD, 0xFF, 0xFD, 0xFF, 0xFD, 0xFF, 0xFD,
    0xFF, 0xFD, 0xFF, 0xFC, 0xFF, 0xFC, 0xFF, 0xFC, 0xFF, 0xFC, 0xFF, 0xBC, 0xFF, 0x7B, 0xEE, 0xFF,
    0xF9, 0xEF, 0x3A, 0xF7, 0x7B, 0xF7, 0x5B, 0xFE, 0xFB, 0xFE, 0xDC, 0xF5, 0x37, 0xF3, 0xD4, 0xFB,
    0x74, 0xF2, 0xB2, 0xF2, 0xB2, 0xF3, 0x94, 0xEC, 0x96, 0xF5, 0x99, 0xFF, 0x7F, 0xF7, 0x5E, 0xFF,
    0xDF, 0xFF, 0xDE, 0xFF, 0xBD, 0xFF, 0xBD, 0xFF, 0x5C, 0xEE, 0xBA, 0xDE, 0x59, 0xDE, 0x39, 0xDE,
    0x39, 0xCD, 0xD8, 0xCD, 0x98, 0xC5, 0xB8, 0xBD, 0x98, 0xBD, 0x98, 0xBD, 0x98, 0xBD, 0x77, 0xBD,
    0x77, 0xBD, 0x98, 0xBD, 0x79, 0xB5, 0x59, 0xB5, 0x39, 0xB5, 0x59, 0xBD, 0x7A, 0xB5, 0x59, 0xAD,
    0x18, 0xB5, 0x39, 0xB5, 0x39, 0xB5, 0x39, 0xAD, 0x18, 0xAC, 0xF8, 0xAC, 0xF8, 0xAC, 0xF8, 0xA4,
    0xB7, 0xA4, 0xD7, 0xA4, 0xD7, 0xAC, 0xF8, 0xA4, 0xD7, 0x9C, 0x96, 0x9C, 0x96, 0x9C, 0x97, 0x9C,
    0x97, 0x9C, 0x97, 0x9C, 0x97, 0xA4, 0x97, 0xA4, 0xD8, 0xA4, 0xD8, 0xA4, 0xD8, 0xA4, 0xD8, 0xA4,
    0xFF, 0xD8, 0xA4, 0xB8, 0xA4, 0xB8, 0xA4, 0xB8, 0xA4, 0xB7, 0xA4, 0xB7, 0xA4, 0x96, 0xA4, 0x76,
    0x9C, 0x76, 0x9C, 0x76, 0x9C, 0x76, 0xAC, 0xD7, 0xAC, 0xD7, 0xAC, 0xD7, 0xAC, 0xB7, 0xA4, 0x97,
    0xFF, 0xDD, 0xFF, 0xDD, 0xFF, 0xBD, 0xFF, 0xBD, 0xFF, 0xBD, 0xFF, 0xBD, 0xFF, 0xBD, 0xFF, 0xBD,
    0xFF, 0xBD, 0xFF, 0xBD, 0xFF, 0xBD, 0xFF, 0xBD, 0xFF, 0xBD, 0xFF, 0xBD, 0xFF, 0xBD, 0xFF, 0xBD,
    0xFF, 0x9D, 0xFF, 0x9D, 0xFF, 0x9D, 0xFF, 0x9D, 0xFF, 0x9D, 0xFF, 0x9D, 0xFF, 0x7C, 0xFF, 0x7C,
    0xFF, 0x7C, 0xFF, 0x7C, 0xFF, 0x7C, 0xFF, 0x9D, 0xFF, 0xBD, 0xFF, 0xBD, 0xFF, 0xBD, 0xFF, 0xBD,
    0xFF, 0xBD, 0xFF, 0x9D, 0xFF, 0x9D, 0xF7, 0x9C, 0xFF, 0xBE, 0xFF, 0x5D, 0xFE, 0xFC, 0xFE, 0x9C,
    0xFE, 0x3A, 0xF5, 0xF9, 0xE5, 0xB8, 0xF5, 0x57, 0xF5, 0x57, 0xF5, 0x57, 0xFD, 0xB8, 0xFD, 0xB8,
    0xFD, 0xFF, 0xB8, 0xF5, 0xB9, 0xFD, 0xD9, 0xFD, 0xD9, 0xFD, 0xD9, 0xFD, 0xF9, 0xFD, 0xFA, 0xFD,
    0xFA, 0xFE, 0x3A, 0xF6, 0x5B, 0xF6, 0x5B, 0xF6, 0x5B, 0xF6, 0x5B, 0xF6, 0x5B, 0xF6, 0x5B, 0xF5,
    0xDB, 0xF5, 0xBB, 0xED, 0x9A, 0xE5, 0x9A, 0xE5, 0xDA, 0xEE, 0x1C, 0xF6, 0x9D, 0xFE, 0xFD, 0xFF,
    0x1D, 0xF6, 0xFB, 0xEE, 0xDB, 0xF7, 0x1B, 0xF6, 0xDA, 0xEE, 0x79, 0xE6, 0x9A, 0xE6, 0x9A, 0xE6,
    0x9A, 0xE6, 0x9A, 0xE6, 0xBA, 0xEE, 0xDB, 0xF7, 0x3C, 0xFF, 0x9D, 0xFF, 0x9D, 0xFF, 0x9D, 0xFF,
    0x7D, 0xFF, 0x7D, 0xFF, 0x7D, 0xF7, 0x7D, 0xFF, 0x7D, 0xFF, 0x7D, 0xFF, 0x7D, 0xFF, 0x7D, 0xFF,
    0x7D, 0xFF, 0x7D, 0xFF, 0x7D, 0xFF, 0x7D, 0xFF, 0x7D, 0xFF, 0x7D, 0xFF, 0x7D, 0xFF, 0x5D, 0xF7,
    0x3C, 0xF7, 0x9D, 0xDE, 0xDA, 0xF7, 0x5C, 0xFF, 0x7D, 0xE6, 0x18, 0xDD, 0x97, 0xF6, 0x3A, 0xC4,
    0x31, 0xAB, 0xFF, 0x8F, 0xAB, 0x8F, 0xBC, 0x32, 0x82, 0x8C, 0x8A, 0xEE, 0x72, 0x0A, 0x82, 0x8C,
    0x93, 0x6F, 0x83, 0x0E, 0x6A, 0x8C, 0x18, 0x64, 0x20, 0xC6, 0x20, 0xE6, 0x20, 0xE6, 0x20, 0xE6,
    0x20, 0xE6, 0x20, 0xE6, 0x20, 0xE6, 0x20, 0xE5, 0x20, 0xC5, 0x20, 0xA4, 0x20, 0x84, 0x39, 0x47,
    0x51, 0xC9, 0x49, 0xA9, 0x28, 0xA5, 0x20, 0xE6, 0x20, 0xE6, 0x20, 0xE6, 0x20, 0xE6, 0x20, 0xE6,
    0x20, 0xE6, 0x20, 0xE6, 0x20, 0xE7, 0x20, 0xE7, 0x20, 0xE7, 0x20, 0xE7, 0x20, 0xE7, 0x20, 0xE7,
    0x21, 0x08, 0x21, 0x08, 0x21, 0x08, 0x21, 0x08, 0x21, 0x08, 0x21, 0x08, 0x21, 0x08, 0x21, 0x08,
    0x21, 0x28, 0x21, 0x08, 0x29, 0x07, 0x29, 0x07, 0x31, 0x07, 0x51, 0xEA, 0x62, 0x6C, 0xB5, 0x15,
    0xF6, 0xFD, 0xE6, 0x9B, 0xE6, 0x9B, 0xE6, 0x9B, 0xE6, 0x9B, 0xE6, 0x7B, 0xE6, 0x7C, 0xE6, 0x7C,
    0xE6, 0x5B, 0xEE, 0x95, 0x7C, 0xEE, 0x5C, 0xE6, 0x1B, 0xDE, 0x3A, 0xF5, 0xFA, 0xF4, 0xD7, 0xEB,
    0xB4, 0xDA, 0xB1, 0xDA, 0x70, 0xDA, 0x70, 0xE2, 0xB2, 0xEA, 0x02, 0xF3, 0xF8, 0xD5, 0xF5, 0xDB,
    0xF6, 0xDD, 0xE6, 0x9C, 0xDE, 0x3B, 0xDE, 0x5B, 0xDE, 0x5B, 0xDE, 0x5B, 0xDE, 0x1A, 0xDE, 0x3B,
    0xE6, 0x5B, 0xDE, 0x5B, 0xDE, 0x5B, 0xDE, 0x5B, 0xDE, 0x5B, 0xE6, 0xBD, 0xE6, 0xBD, 0xE6, 0xBD,
    0xE6, 0x9C, 0xE6, 0x9C, 0xE6, 0x9C, 0xE6, 0x9C, 0xE6, 0x9C, 0xE6, 0xDD, 0xEE, 0xFD, 0xE6, 0xBC,
    0xE6, 0xBC, 0xE6, 0xBC, 0xE6, 0xBC, 0xEE, 0xDD, 0xF7, 0x1E, 0xF7, 0x5E, 0xF7, 0x5D, 0xF7, 0x5D,
    0xF7, 0x3D, 0xF7, 0x5D, 0xFF, 0x7E, 0xFF, 0x9E, 0xFF, 0xDE, 0xFF, 0xFE, 0xFF, 0xFE, 0xFF, 0xFE,
    0xFF, 0xFE, 0xFF, 0xFE, 0xFF, 0xFE, 0xFF, 0xFE, 0xFF, 0xFD, 0xFF, 0xFD, 0xFF, 0xFD, 0xEF, 0x3B,
    0xEF, 0x1A, 0xE6, 0xB9, 0xE6, 0xB9, 0xD6, 0x58, 0xE6, 0x99, 0xFF, 0x3D, 0xFE, 0x5B, 0xFC, 0xF7,
    0xF3, 0xD4, 0xFB, 0x74, 0xFB, 0x13, 0x02, 0xF2, 0xFF, 0xF3, 0x53, 0xE4, 0x35, 0xF5, 0xB9, 0xFF,
    0x3F, 0xEE, 0xFD, 0xEF, 0x1D, 0xF7, 0x9E, 0xFF, 0xBE, 0xFF, 0xDD, 0xFF, 0xDD, 0xFF, 0xBD, 0xF7,
    0x3C, 0xDE, 0x58, 0xD6, 0x59, 0xDE, 0x5A, 0xD6, 0x3A, 0xCD, 0xF9, 0xCD, 0xF9, 0xC6, 0x19, 0xC5,
    0xF9, 0xC5, 0xF9, 0xB5, 0x76, 0xAD, 0x56, 0xAD, 0x36, 0xBD, 0x99, 0xBD, 0x59, 0xB5, 0x39, 0xAD,
    0x18, 0xAD, 0x18, 0xAD, 0x18, 0xAD, 0x18, 0xAD, 0x18, 0xAD, 0x18, 0xAD, 0x18, 0xAC, 0xF8, 0xAC,
    0xF8, 0xAC, 0xF8, 0xAC, 0xF8, 0xA4, 0xD7, 0xA4, 0xD7, 0xA4, 0xD7, 0xA4, 0xD7, 0xA4, 0xD7, 0xA4,
    0xB7, 0xA4, 0xB7, 0x9C, 0x97, 0x9C, 0x97, 0x9C, 0x97, 0x9C, 0x97, 0x9C, 0x97, 0x9C, 0x97, 0x9C,
    0x97, 0x9C, 0x97, 0x9C, 0x97, 0x9C, 0x97, 0xA4, 0xB8, 0xA4, 0xB8, 0xA4, 0xB8, 0xA4, 0xB7, 0xA4,
    0xB7, 0xA4, 0xB7, 0xA4, 0xB7, 0xAC, 0xB7, 0xAC, 0xB7, 0xD2, 0xAC, 0xB7, 0xAC, 0xB7, 0xAC, 0xB7,
    0xAC, 0xB7, 0xA4, 0xB7, 0xA4, 0xB7, 0xFF, 0xDD, 0xFF, 0xDD, 0xFF, 0xBD, 0xFF, 0xBD, 0xFF, 0xBD,
    0xFF, 0xBD, 0xFF, 0xBD, 0xFF, 0xBD, 0xFF, 0xBD, 0xFF, 0xBD, 0xFF, 0xBD, 0xFF, 0xBD, 0xFF, 0xBD,
    0xFF, 0xBD, 0xFF, 0xBD, 0xFF, 0xBD, 0xFF, 0x9D, 0xFF, 0x9D, 0xFF, 0x9D, 0xFF, 0x9D, 0xFF, 0x9D,
    0xFF, 0x9D, 0xFF, 0x7C, 0xFF, 0x7C, 0xFF, 0x7C, 0xFF, 0x7C, 0xFF, 0x7C, 0xFF, 0x9D, 0xFF, 0x9D,
    0xFF, 0xDD, 0xFF, 0xDD, 0xFF, 0xDD, 0xFF, 0xBD, 0xF7, 0x9C, 0xFF, 0xDD, 0xFF, 0x02, 0xFE, 0xFF,
    0xBB, 0xED, 0x77, 0xF4, 0xF6, 0xF4, 0xB6, 0xEC, 0xD6, 0xED, 0x57, 0xED, 0xB8, 0xFE, 0x9B, 0xFE,
    0xDC, 0xFF, 0x1D, 0xFF, 0x3D, 0xFF, 0x3D, 0xFF, 0x3D, 0xFF, 0x7D, 0xFF, 0xBE, 0xFF, 0xBE, 0xFF,
    0xBE, 0xFF, 0xDF, 0xFF, 0xDF, 0xFF, 0xDF, 0xFF, 0xBF, 0xFF, 0x9F, 0xFF, 0x9F, 0xFF, 0x9F, 0xFF,
    0x7F, 0xFF, 0x7F, 0xFF, 0x7F, 0xFF, 0x1E, 0xFF, 0x1E, 0xFF, 0x1E, 0xFF, 0x5E, 0xFF, 0x7F, 0xFF,
    0xBF, 0xFF, 0xBE, 0xF6, 0xFB, 0xE6, 0x99, 0xDE, 0x58, 0xDE, 0x37, 0xEE, 0xD9, 0xFF, 0x5A, 0xFF,
    0x5B, 0xFF, 0x3D, 0xFF, 0x3D, 0xFF, 0x3D, 0xFF, 0x5D, 0xFF, 0x5D, 0xFF, 0x5D, 0xFF, 0x5D, 0xF7,
    0x7D, 0xF7, 0x7D, 0xF7, 0x7D, 0xF7, 0x5C, 0xF7, 0x5C, 0xF7, 0x5C, 0xF7, 0x3C, 0xFF, 0x3C, 0xFF,
    0x3C, 0xFF, 0x3C, 0xFF, 0x5D, 0xFF, 0x5D, 0xFF, 0x5D, 0xFF, 0x3C, 0xFF, 0x3C, 0xFF, 0x3C, 0xFF,
    0xFF, 0x3D, 0xFF, 0x5D, 0xFF, 0x5D, 0xFF, 0x5D, 0xF7, 0x5C, 0xFF, 0x9D, 0xEE, 0xBA, 0x9B, 0xAE,
    0xE6, 0x18, 0xE5, 0x15, 0xCC, 0x52, 0xC3, 0xD0, 0xC3, 0xD0, 0xCC, 0x52, 0xF5, 0x98, 0xB3, 0xD1,
    0x93, 0x0F, 0x9B, 0x2F, 0x9B, 0x4F, 0x93, 0x2E, 0x8B, 0x6F, 0x6A, 0x8C, 0x18, 0x64, 0x20, 0xC6,
    0x20, 0xE6, 0x20, 0xE6, 0x20, 0xE6, 0x20, 0xE6, 0x20, 0xE6, 0x20, 0xE6, 0x20, 0xE6, 0x29, 0x05,
    0x18, 0x63, 0x41, 0x88, 0x8B, 0x90, 0x7B, 0x0E, 0x6A, 0x6C, 0x62, 0x0A, 0x20, 0xE5, 0x20, 0xE6,
    0x20, 0xE6, 0x20, 0xE6, 0x20, 0xE6, 0x20, 0xE6, 0x20, 0xE6, 0x20, 0xE7, 0x20, 0xE7, 0x20, 0xE7,
    0x20, 0xE7, 0x20, 0xE7, 0x20, 0xE7, 0x21, 0x08, 0x21, 0x08, 0x21, 0x08, 0x21, 0x08, 0x21, 0x08,
    0x21, 0x08, 0x21, 0x08, 0x21, 0x08, 0x21, 0x28, 0x21, 0x08, 0x29, 0x07, 0x31, 0x27, 0x20, 0x64,
    0x39, 0xFC, 0x27, 0x5A, 0x4B, 0x72, 0xED, 0xEE, 0xBC, 0xE6, 0x9B, 0xE6, 0x9B, 0xE6, 0x9B, 0xE6,
    0x9B, 0xE6, 0x7B, 0xEE, 0x5C, 0xEE, 0x5C, 0xEE, 0x5C, 0xE6, 0x3B, 0xDE, 0x1A, 0xDD, 0xFA, 0xFE,
    0x5C, 0xED, 0x17, 0xE4, 0x15, 0xE3, 0x53, 0xDA, 0xB0, 0xD2, 0x90, 0xDA, 0xD1, 0xEB, 0x33, 0xFB,
    0x75, 0xFC, 0x58, 0xF5, 0xBB, 0xDD, 0xDA, 0xDD, 0xFA, 0xE6, 0x3B, 0xDE, 0x5B, 0xDE, 0x5B, 0xDE,
    0x5B, 0xE6, 0x7C, 0xEE, 0x9C, 0xEE, 0xBD, 0xEE, 0xBD, 0xE6, 0xDE, 0xEE, 0xDE, 0xE6, 0xDE, 0xE6,
    0xBD, 0xE6, 0xBD, 0xE6, 0xBD, 0xDE, 0x5B, 0xDE, 0x5B, 0xDE, 0x5B, 0xDE, 0x3B, 0xD6, 0x3B, 0xD6,
    0x3A, 0xD6, 0x3A, 0xDE, 0x7C, 0xDE, 0x9C, 0xDE, 0x7C, 0xDE, 0x9C, 0xE6, 0xBD, 0xE6, 0xBD, 0xE6,
    0xDD, 0xEE, 0xFD, 0xF7, 0x1E, 0xF7, 0x5E, 0xF7, 0x3E, 0xFF, 0x5F, 0xFF, 0x7F, 0xFF, 0xBF, 0x14,
    0xFF, 0x94, 0xF7, 0x5D, 0xE6, 0xBA, 0xE6, 0x9A, 0xF6, 0x5B, 0xFE, 0xBD, 0xFD, 0xFB, 0xEC, 0x35,
    0xF3, 0xD4, 0xF3, 0x53, 0xFB, 0x13, 0xF2, 0x02, 0xF3, 0xA6, 0x12, 0xF3, 0x94, 0xEC, 0x56, 0xFE,
    0x7C, 0xFF, 0xBF, 0xF7, 0xBF, 0xFF, 0xDF, 0xFF, 0xDF, 0xFF, 0xDF, 0xFF, 0xFE, 0xFF, 0xFE, 0xFF,
    0xFE, 0xFF, 0xFE, 0xFF, 0xBD, 0xF7, 0x5C, 0xF7, 0x5D, 0xF7, 0x5E, 0xF7, 0x7E, 0xFF, 0x9F, 0xFF,
    0xDF, 0x0C, 0xFF, 0xFF, 0xCE, 0x1B, 0xBD, 0x79, 0xAD, 0x17, 0xAD, 0x37, 0xAD, 0x17, 0xAD, 0x17,
    0xAD, 0x17, 0xAD, 0x18, 0xAD, 0x18, 0xAD, 0x18, 0xAC, 0xF8, 0xAC, 0xF8, 0xAC, 0xF8, 0xAC, 0xF8,
    0xA4, 0xD7, 0xA4, 0xD7, 0xA4, 0xD7, 0xA4, 0xD7, 0xA4, 0xD7, 0xA4, 0xB7, 0xA4, 0xB7, 0x9C, 0x97,
    0x9C, 0x97, 0x9C, 0x97, 0x9C, 0x97, 0x9C, 0x97, 0x9C, 0x97, 0x9C, 0x97, 0x9C, 0x97, 0x9C, 0x97,
    0x9C, 0x97, 0xA4, 0x97, 0xA4, 0x97, 0xA4, 0x97, 0xA4, 0x97, 0xA4, 0x76, 0xA4, 0x76, 0xA4, 0x96,
    0xA4, 0x97, 0xA4, 0x97, 0xA4, 0x97, 0xA4, 0x97, 0xA4, 0x97, 0xA4, 0x97, 0xA4, 0x96, 0xA4, 0x76,
    0xFF, 0xDD, 0xFF, 0xDD, 0xFF, 0xBD, 0xFF, 0xBD, 0xFF, 0xBD, 0xFF, 0xBD, 0xFF, 0xBD, 0xFF, 0xBD,
    0xFF, 0xBD, 0xFF, 0xBD, 0xFF, 0xBD, 0xFF, 0xBD, 0xFF, 0xBD, 0xFF, 0xBD, 0xFF, 0xBD, 0xFF, 0xBD,
    0xFF, 0x9D, 0xFF, 0x9D, 0xFF, 0xFF, 0x9D, 0xFF, 0x9D, 0xFF, 0x9D, 0xFF, 0x9D, 0xFF, 0x7C, 0xFF,
    0x7C, 0xFF, 0x7C, 0xFF, 0x7C, 0xFF, 0x7C, 0xFF, 0x9D, 0xFF, 0x9D, 0xFF, 0xFE, 0xFF, 0xFE, 0xFF,
    0xFE, 0xFF, 0xFE, 0xFF, 0xFE, 0xFF, 0xDD, 0xFF, 0xBD, 0xF5, 0x57, 0xEC, 0x13, 0xF3, 0xF4, 0xFC,
    0x55, 0xFD, 0x37, 0xFE, 0x3A, 0xFE, 0xDC, 0xFF, 0x9E, 0xFF, 0xBE, 0xFF, 0xBE, 0xFF, 0xBE, 0xFF,
    0xBE, 0xF7, 0xBE, 0xFF, 0xBE, 0xFF, 0x7D, 0xFF, 0x7D, 0xFF, 0x7D, 0xFF, 0x7D, 0xFF, 0x7D, 0xFF,
    0x7D, 0xFF, 0x9E, 0xFF, 0xBF, 0xFF, 0xBF, 0xFF, 0xBF, 0xF7, 0x9E, 0xF7, 0x9E, 0xF7, 0x9E, 0xFF,
    0x9E, 0xFF, 0x9F, 0xFF, 0xBF, 0xFF, 0xBE, 0xFF, 0xDE, 0xFF, 0xBE, 0xF7, 0x9D, 0xEF, 0x5B, 0xFF,
    0x3B, 0xF6, 0xFA, 0xF6, 0xB9, 0xFF, 0x3A, 0xFF, 0x7A, 0xF7, 0x39, 0xFF, 0x3C, 0xFF, 0x3C, 0xFF,
    0x3C, 0xFF, 0x7D, 0xFF, 0x5D, 0xFF, 0xFF, 0x3D, 0xF7, 0x3C, 0xF7, 0x5C, 0xF7, 0x5C, 0xF7, 0x5C,
    0xF7, 0x3C, 0xF7, 0x3C, 0xF7, 0x3C, 0xF7, 0x3C, 0xFF, 0x3C, 0xFF, 0x3C, 0xFF, 0x3C, 0xEE, 0xDB,
    0xEE, 0xDB, 0xEE, 0xDB, 0xF7, 0x1C, 0xFE, 0xFC, 0xFE, 0xFC, 0xFF, 0x1C, 0xFF, 0x3C, 0xFF, 0x5D,
    0xFF, 0x7D, 0xFF, 0x5C, 0xF6, 0xFA, 0x93, 0xAE, 0xF6, 0x9A, 0xD4, 0xF4, 0xDC, 0xB4, 0xC3, 0xD0,
    0xC3, 0xD0, 0xC3, 0xD0, 0xBB, 0xB0, 0xBB, 0xD1, 0xAB, 0x70, 0x9B, 0x0F, 0x9B, 0x2F, 0x8B, 0x0E,
    0x93, 0x2F, 0x83, 0x2F, 0x6A, 0x8C, 0x18, 0x64, 0x20, 0xC6, 0x20, 0xE6, 0x20, 0xE6, 0x20, 0xE6,
    0x20, 0xE6, 0x20, 0xE6, 0x20, 0xE6, 0x20, 0xE6, 0x28, 0xC4, 0x18, 0x63, 0x73, 0x0E, 0x59, 0xE9,
    0x6A, 0x4B, 0x41, 0x26, 0x6A, 0x4C, 0x20, 0xE5, 0x20, 0xE6, 0x20, 0xE6, 0x20, 0xE6, 0x20, 0xE6,
    0x20, 0xE6, 0x20, 0xE6, 0x20, 0xE7, 0xFF, 0x20, 0xE7, 0x20, 0xE7, 0x20, 0xE7, 0x20, 0xE7, 0x20,
    0xE7, 0x21, 0x08, 0x21, 0x08, 0x21, 0x08, 0x21, 0x08, 0x21, 0x08, 0x21, 0x08, 0x21, 0x08, 0x21,
    0x08, 0x21, 0x28, 0x21, 0x08, 0x29, 0x07, 0x31, 0x27, 0x31, 0x07, 0x41, 0x48, 0x51, 0xC9, 0x5A,
    0x4A, 0xD5, 0xF9, 0xEE, 0xBC, 0xE6, 0x9B, 0xE6, 0x9B, 0xE6, 0x9B, 0xE6, 0x7B, 0xE6, 0x7C, 0xE6,
    0x7C, 0xE6, 0x7C, 0xDE, 0x5B, 0xDE, 0x7B, 0xEE, 0xBD, 0xFE, 0x3C, 0xE4, 0x35, 0xDB, 0x32, 0xDA,
    0xD1, 0xCA, 0x2F, 0xC2, 0x4F, 0xCA, 0xB0, 0xDA, 0xB1, 0xEB, 0x33, 0xFC, 0x17, 0xF5, 0x9A, 0xE6,
    0x1B, 0xE6, 0x1B, 0xDE, 0x1A, 0xDE, 0x5B, 0xDE, 0x5B, 0xDE, 0x5B, 0xEE, 0xBD, 0xEE, 0xDD, 0xF6,
    0xFE, 0xEE, 0xFE, 0xEE, 0xFE, 0xEE, 0xFE, 0xEE, 0xFE, 0xE6, 0xBD, 0xE6, 0xBD, 0xE6, 0xBD, 0xE6,
    0x9C, 0xE6, 0x9C, 0xE6, 0x9C, 0xE6, 0x9D, 0xA1, 0xE6, 0x9D, 0xDE, 0x7C, 0xDE, 0x5C, 0xDE, 0x5C,
    0xD6, 0x5C, 0xD6, 0x5C, 0xDE, 0x5C, 0xDE, 0x9D, 0xEE, 0xDE, 0xEE, 0xFE, 0xF7, 0x1E, 0xF7, 0x1E,
    0xEF, 0x1E, 0xF7, 0x3F, 0xFF, 0x5F, 0xFF, 0x7F, 0xFF, 0xBF, 0x15, 0xFF, 0xA2, 0xBF, 0xFF, 0x5D,
    0xEE, 0xBB, 0xFE, 0x1D, 0xEC, 0xD8, 0xE3, 0xF5, 0xFB, 0xB5, 0xFB, 0x54, 0xF3, 0x33, 0xFB, 0x53,
    0xF3, 0x33, 0xF3, 0x74, 0xFC, 0x77, 0xFD, 0x9A, 0xFE, 0xBD, 0xDE, 0xFC, 0xCE, 0xFB, 0xF7, 0x9E,
    0x07, 0xFF, 0x92, 0xFE, 0xFF, 0xFE, 0xFF, 0xFE, 0xFF, 0xDE, 0xFF, 0xDE, 0xFF, 0xDF, 0xFF, 0xDF,
    0xFF, 0xDF, 0xFF, 0xBF, 0xFF, 0xDF, 0x06, 0xFF, 0xFF, 0xF7, 0xDF, 0xF7, 0xDF, 0xF7, 0xDF, 0xEF,
    0x3F, 0xCE, 0x1B, 0xB5, 0x37, 0xAD, 0x17, 0xAD, 0x17, 0xAD, 0x17, 0xAD, 0x17, 0xAD, 0x18, 0xAD,
    0x18, 0xAD, 0x18, 0xAC, 0xF8, 0xAC, 0xF8, 0xAC, 0xF8, 0xAC, 0xF8, 0xA4, 0xD7, 0xA4, 0xD7, 0xA4,
    0xD7, 0xA4, 0xD7, 0xA4, 0xD7, 0xA4, 0xB7, 0xA4, 0xB7, 0x9C, 0x97, 0x9C, 0x97, 0x9C, 0x97, 0x9C,
    0x97, 0x9C, 0x97, 0x9C, 0x97, 0x9C, 0x97, 0x9C, 0x97, 0x9C, 0x97, 0x9C, 0x97, 0x9C, 0x97, 0x9C,
    0x97, 0x9C, 0x97, 0x9C, 0x76, 0x9C, 0x76, 0x9C, 0x76, 0xA4, 0x76, 0xA4, 0x96, 0xA4, 0x96, 0xA4,
    0x96, 0xA4, 0x96, 0xA4, 0x96, 0xA4, 0x96, 0xA4, 0x76, 0x9C, 0x76, 0xFF, 0xFE, 0xFF, 0xFE, 0xFF,
    0xDD, 0xFF, 0xDD, 0xFF, 0xDD, 0xFF, 0xDD, 0xFF, 0xDD, 0xFF, 0xBD, 0xFF, 0xDD, 0xFF, 0xBD, 0xFF,
    0xBD, 0xFF, 0xBD, 0xFF, 0xBD, 0xFF, 0xBD, 0xFF, 0xBD, 0xFF, 0xFF, 0xBD, 0xFF, 0xBD, 0xFF, 0xBD,
    0xFF, 0xBD, 0xFF, 0xBD, 0xFF, 0xBD, 0xFF, 0xBD, 0xFF, 0xBD, 0xFF, 0xBD, 0xFF, 0x9D, 0xFF, 0x9D,
    0xFF, 0xBD, 0xFF, 0x9D, 0xFF, 0xBD, 0xFF, 0xBE, 0xFF, 0xBE, 0xFF, 0xBE, 0xFF, 0x9E, 0xF7, 0x7D,
    0xFF, 0xDE, 0xE6, 0x9A, 0xEC, 0x75, 0xF3, 0xD4, 0xEB, 0xF4, 0xEC, 0xB6, 0xF6, 0x9B, 0xFF, 0x3D,
    0xFF, 0x5D, 0xFF, 0x9D, 0xFF, 0x9D, 0xFF, 0x9D, 0xFF, 0xBE, 0xFF, 0xBE, 0xFF, 0xBE, 0xFF, 0x9E,
    0xFF, 0x9E, 0xFF, 0x9E, 0xFF, 0x9E, 0xFF, 0x9D, 0xFF, 0x9D, 0xFF, 0x9D, 0xFF, 0x9D, 0xFF, 0x9D,
    0xFF, 0x9D, 0xFF, 0x9D, 0xFF, 0xBD, 0xFF, 0xBD, 0xFF, 0xBD, 0xFF, 0x9D, 0xFF, 0x7D, 0xFF, 0x9D,
    0xFF, 0x9D, 0xFF, 0x9D, 0xFF, 0x9D, 0xFF, 0x7D, 0xFF, 0x9D, 0xFF, 0x5C, 0xFF, 0x5C, 0xFF, 0x5C,
    0xFF, 0x5B, 0xFF, 0x5B, 0xFF, 0x5C, 0xFF, 0x5C, 0xFF, 0x5C, 0xFF, 0xFF, 0x7D, 0xFF, 0x7D, 0xFF,
    0x7D, 0xFF, 0x7D, 0xFF, 0x5C, 0xF7, 0x5C, 0xF7, 0x5C, 0xF7, 0x5C, 0xF7, 0x1B, 0xF7, 0x1B, 0xF7,
    0x1B, 0xF7, 0x1B, 0xEE, 0xBA, 0xE6, 0x99, 0xE6, 0x59, 0xE6, 0x79, 0xE6, 0x59, 0xE6, 0x59, 0xEE,
    0x9A, 0xEE, 0xBA, 0xF6, 0xDB, 0xF6, 0xFB, 0xFF, 0x1C, 0xFF, 0x3C, 0xFF, 0x7D, 0xFF, 0x3B, 0xDE,
    0x38, 0xFF, 0x9E, 0xEE, 0x39, 0xCC, 0xB3, 0xBC, 0x11, 0xBB, 0xF0, 0xC3, 0xD1, 0xC3, 0xD1, 0xBB,
    0xD1, 0xAB, 0xB0, 0xA3, 0x90, 0xA3, 0x6F, 0x93, 0x2E, 0x93, 0x2E, 0x93, 0x2E, 0x8B, 0x4F, 0x5A,
    0x2B, 0x20, 0x64, 0x20, 0xE6, 0x18, 0xA5, 0x20, 0xE6, 0x20, 0xE6, 0x20, 0xE6, 0x20, 0xE6, 0x20,
    0xE6, 0x20, 0xE6, 0x29, 0x05, 0x31, 0x26, 0x62, 0x4A, 0x7A, 0xAD, 0x8A, 0xEE, 0x72, 0x4B, 0x6A,
    0x6C, 0x20, 0xE5, 0x20, 0xE6, 0x20, 0xE6, 0x20, 0xE6, 0x20, 0xE6, 0xFF, 0x20, 0xE6, 0x20, 0xE6,
    0x20, 0xE6, 0x20, 0xE6, 0x20, 0xE6, 0x20, 0xE6, 0x21, 0x07, 0x21, 0x07, 0x21, 0x07, 0x20, 0xE7,
    0x20, 0xE7, 0x20, 0xE7, 0x21, 0x08, 0x21, 0x08, 0x21, 0x08, 0x21, 0x08, 0x21, 0x28, 0x21, 0x08,
    0x29, 0x07, 0x29, 0x07, 0x41, 0x89, 0x5A, 0x0B, 0x39, 0x06, 0x62, 0x09, 0xBC, 0xF5, 0xEE, 0xBC,
    0xE6, 0x7B, 0xE6, 0x7B, 0xE6, 0x7C, 0xE6, 0x7C, 0xE6, 0x7C, 0xE6, 0x7C, 0xE6, 0x9C, 0xE6, 0x9C,
    0xE6, 0x9C, 0xFF, 0x5F, 0xFC, 0xF8, 0xE3, 0x73, 0xD2, 0xD0, 0xC2, 0x6E, 0xB2, 0x2D, 0xAA, 0x2D,
    0xAA, 0x2D, 0xBA, 0x2E, 0xC2, 0x8F, 0xCA, 0xF1, 0xE3, 0xF4, 0xE4, 0x75, 0xFD, 0x39, 0xFD, 0xFA,
    0xF6, 0x9B, 0xFE, 0xBC, 0xFE, 0xBC, 0xF6, 0x7B, 0xF6, 0x9B, 0xF6, 0x9B, 0xEE, 0x9B, 0xDE, 0x5B,
    0xDE, 0x7A, 0xDE, 0x7A, 0xDE, 0x7A, 0xDE, 0x7A, 0xDE, 0x7A, 0xD6, 0x39, 0xA7, 0xD6, 0x39, 0xD6,
    0x39, 0xD6, 0x5A, 0xDE, 0x7A, 0xD6, 0x5A, 0xD6, 0x39, 0xCE, 0x5A, 0xBD, 0xF9, 0xB5, 0x97, 0xAD,
    0x57, 0xB5, 0x98, 0xC5, 0xF9, 0xCE, 0x5A, 0xE6, 0xFD, 0xEF, 0x1E, 0xF7, 0x5F, 0xEF, 0x3E, 0xEF,
    0x3E, 0xEF, 0x3E, 0xF7, 0x7F, 0x05, 0xFF, 0x86, 0xDF, 0xFF, 0x9F, 0xFF, 0xDF, 0xFF, 0xDF, 0x03,
    0xFF, 0xB0, 0xDF, 0xFF, 0x9E, 0xFF, 0x3E, 0xFD, 0xF9, 0xF5, 0x37, 0xEC, 0xB5, 0xEB, 0xD3, 0xEB,
    0xB3, 0xEB, 0x72, 0xE2, 0xF1, 0xE2, 0xD0, 0xEB, 0x31, 0xF3, 0x93, 0xE4, 0x15, 0xE4, 0x76, 0xFE,
    0x3C, 0xF6, 0x9D, 0xD5, 0xFA, 0xC6, 0x19, 0xCE, 0x7A, 0xDE, 0x9C, 0xE6, 0xDD, 0xF7, 0x7F, 0xFF,
    0xBF, 0xFF, 0xDF, 0x03, 0xFF, 0x84, 0xDF, 0xFF, 0xDE, 0xFF, 0xDE, 0x0B, 0xFF, 0x80, 0xDF, 0x0C,
    0xFF, 0xFF, 0xF7, 0xBF, 0xEF, 0x3E, 0xD6, 0x7B, 0xBD, 0xB8, 0xB5, 0x77, 0xA5, 0x16, 0xAD, 0x37,
    0xA5, 0x17, 0xB5, 0x58, 0xB5, 0x99, 0xAD, 0x58, 0xA4, 0xF6, 0x9C, 0xD6, 0xA4, 0xB6, 0xA4, 0xD7,
    0xAC, 0xF8, 0xA4, 0xD7, 0xA4, 0xD7, 0xA4, 0xD7, 0xA4, 0xB7, 0xA4, 0xB8, 0x9C, 0x97, 0x9C, 0x77,
    0x9C, 0x77, 0x9C, 0x77, 0xA4, 0xB8, 0xA4, 0xB8, 0x9C, 0x97, 0x9C, 0x97, 0xAC, 0xF8, 0x9C, 0x76,
    0xA4, 0xB7, 0x9C, 0x76, 0x94, 0x34, 0x94, 0x33, 0x94, 0x33, 0x94, 0x54, 0x9C, 0x74, 0x9C, 0x74,
    0xAD, 0x17, 0x9C, 0x75, 0xAC, 0xB6, 0x9C, 0x55, 0x94, 0x34, 0x9C, 0x75, 0xFF, 0xFE, 0xFF, 0xFE,
    0xFF, 0xDD, 0xFF, 0xDD, 0xFF, 0xDD, 0xFF, 0xDD, 0xFF, 0xDD, 0xFF, 0xDD, 0xFF, 0xDD, 0xFF, 0xBD,
    0xFF, 0xBD, 0xFF, 0xBD, 0xFF, 0xBD, 0xFF, 0xBD, 0xFF, 0xBD, 0xFF, 0xBD, 0xFF, 0xBD, 0xFF, 0xBD,
    0xFF, 0xBD, 0xFF, 0xFF, 0xBD, 0xFF, 0xBD, 0xFF, 0xBD, 0xFF, 0xBD, 0xFF, 0xBD, 0xFF, 0xBD, 0xFF,
    0xBD, 0xFF, 0xBD, 0xFF, 0xBD, 0xFF, 0xBD, 0xFF, 0xBE, 0xFF, 0x9E, 0xFF, 0xBE, 0xFF, 0xBE, 0xFF,
    0x9E, 0xFF, 0xBE, 0xEE, 0x9A, 0xFC, 0xF8, 0xE3, 0x73, 0xFC, 0xB8, 0xFE, 0x7D, 0xFF, 0x7E, 0xFF,
    0xBD, 0xFF, 0xFD, 0xFF, 0x9E, 0xFF, 0x9E, 0xFF, 0x9E, 0xFF, 0xBE, 0xFF, 0xBE, 0xFF, 0xBE, 0xFF,
    0xBE, 0xFF, 0xBE, 0xFF, 0xBE, 0xFF, 0xBE, 0xFF, 0x9E, 0xFF, 0x9E, 0xFF, 0x9E, 0xFF, 0x9D, 0xFF,
    0x9D, 0xFF, 0x9D, 0xFF, 0x9D, 0xFF, 0xBD, 0xFF, 0xBD, 0xFF, 0xBD, 0xFF, 0x7D, 0xFF, 0x7D, 0xFF,
    0x7D, 0xFF, 0x7D, 0xFF, 0x7D, 0xFF, 0x7D, 0xFF, 0x7D, 0xFF, 0x7D, 0xFF, 0x7D, 0xFF, 0x7C, 0xFF,
    0x7C, 0xFF, 0x7C, 0xFF, 0x5C, 0xFF, 0x5C, 0xFF, 0x5C, 0xFF, 0x7C, 0xFF, 0x7D, 0xFF, 0x7D, 0xFF,
    0x7D, 0xFF, 0x7D, 0xFF, 0xFF, 0x7C, 0xFF, 0x5C, 0xFF, 0x5C, 0xFF, 0x5C, 0xFF, 0x5C, 0xFF, 0x5C,
    0xFF, 0x5C, 0xF7, 0x3B, 0xF6, 0xFB, 0xF6, 0xDA, 0xEE, 0xBA, 0xE6, 0x79, 0xE6, 0x79, 0xE6, 0x79,
    0xE6, 0x79, 0xE6, 0x79, 0xE6, 0x79, 0xEE, 0x99, 0xEE, 0x99, 0xEE, 0xBA, 0xF6, 0xDA, 0xEE, 0xFA,
    0xDE, 0x38, 0xFF, 0x1C, 0xEE, 0x59, 0xBC, 0x51, 0xB3, 0xAF, 0xBB, 0xD0, 0xBB, 0xD1, 0xBB, 0xB1,
    0xB3, 0xB0, 0xAB, 0x90, 0xA3, 0x8F, 0x9B, 0x4E, 0x93, 0x2E, 0x93, 0x2E, 0x93, 0x2E, 0x8B, 0x4F,
    0x49, 0xA9, 0x20, 0xA5, 0x20, 0xE6, 0x20, 0xE6, 0x20, 0xE6, 0x20, 0xE6, 0x20, 0xE6, 0x20, 0xE6,
    0x20, 0xE6, 0x20, 0xE6, 0x18, 0x83, 0x49, 0xE8, 0x49, 0x67, 0x6A, 0x0A, 0x6A, 0x0A, 0x7A, 0xAD,
    0x83, 0x2E, 0x20, 0xE5, 0x20, 0xE6, 0x20, 0xE6, 0x20, 0xE6, 0x20, 0xE6, 0x20, 0xE6, 0x20, 0xE6,
    0x20, 0xE6, 0x20, 0xE6, 0xFF, 0x20, 0xE6, 0x20, 0xE6, 0x21, 0x07, 0x21, 0x07, 0x21, 0x07, 0x20,
    0xE7, 0x20, 0xE7, 0x20, 0xE7, 0x21, 0x08, 0x21, 0x08, 0x21, 0x08, 0x21, 0x08, 0x21, 0x28, 0x21,
    0x08, 0x29, 0x07, 0x31, 0x27, 0x20, 0xA5, 0x9C, 0x13, 0x38, 0xE6, 0x62, 0x29, 0xA4, 0x32, 0xEE,
    0x9B, 0xE6, 0x7B, 0xE6, 0x7C, 0xE6, 0x7C, 0xE6, 0x7C, 0xE6, 0x7C, 0xE6, 0x7C, 0xDE, 0x5B, 0xE6,
    0x5B, 0xFF, 0x5F, 0xEE, 0x9C, 0xEC, 0x56, 0xD3, 0x11, 0xBA, 0x6E, 0xAA, 0x4D, 0xA2, 0x4D, 0x9A,
    0x6D, 0x9A, 0x6D, 0xAA, 0x4D, 0xB2, 0x8E, 0xBA, 0xCF, 0xCB, 0x10, 0xD3, 0x51, 0xE3, 0xD3, 0xEC,
    0x14, 0xEC, 0x54, 0xEC, 0x75, 0xEC, 0x95, 0xEC, 0x75, 0xEC, 0x95, 0xF4, 0xB5, 0xF4, 0xF6, 0xF5,
    0x38, 0xF5, 0x38, 0xF5, 0x38, 0xF5, 0x38, 0xF5, 0x38, 0xF5, 0x38, 0xFD, 0x99, 0xFD, 0x99, 0xFD,
    0x99, 0xFD, 0x99, 0xFD, 0xB9, 0xDD, 0xFD, 0xB9, 0xFD, 0x99, 0xFE, 0x3C, 0xFE, 0x3C, 0xFE, 0x5D,
    0xFE, 0x5D, 0xFE, 0x5D, 0xFE, 0x5D, 0xFE, 0x3C, 0xFE, 0x3C, 0xFE, 0x5D, 0xFE, 0x7D, 0xFE, 0x5D,
    0xFE, 0x5D, 0xFE, 0x5D, 0xFE, 0x9D, 0xFE, 0xDE, 0xFE, 0xDE, 0xFE, 0xDE, 0xFE, 0x5C, 0xFE, 0x1B,
    0xF5, 0xDA, 0xF5, 0x99, 0xF4, 0xF7, 0xE4, 0x74, 0xE3, 0xF3, 0xFB, 0xB3, 0xFB, 0x32, 0xFA, 0xF1,
    0xEA, 0xD0, 0xE2, 0xF0, 0xE3, 0x10, 0xDB, 0x71, 0xDB, 0x91, 0xDB, 0xB1, 0xF4, 0xF6, 0xF5, 0xDA,
    0xFE, 0xBD, 0xE5, 0xF9, 0xC5, 0x77, 0xC5, 0xD8, 0xBD, 0xF8, 0xC6, 0x18, 0xC5, 0xF9, 0xC6, 0x18,
    0xD6, 0x7A, 0xFF, 0xDF, 0x10, 0xFF, 0x93, 0xF7, 0xBF, 0xF7, 0xBF, 0xF7, 0x9F, 0xF7, 0xBF, 0xFF,
    0xBF, 0xF7, 0xBF, 0xFF, 0xBF, 0xFF, 0xDF, 0xFF, 0xDF, 0xFF, 0xDF, 0x08, 0xFF, 0xFF, 0xF7, 0x9F,
    0xF7, 0x9F, 0xEF, 0x3E, 0xE7, 0x1D, 0xEF, 0x5E, 0xF7, 0xBF, 0xF7, 0x7F, 0xEF, 0x7F, 0xEF, 0x1F,
    0xDE, 0x9D, 0xCE, 0x3B, 0xBD, 0x99, 0xBD, 0x99, 0xBD, 0x99, 0xBD, 0x99, 0xB5, 0x79, 0xAD, 0x38,
    0xA4, 0xB7, 0x8C, 0x14, 0x94, 0x55, 0x9C, 0xB6, 0xA4, 0xB6, 0x9C, 0x96, 0xA4, 0xD7, 0xAD, 0x18,
    0xB5, 0x38, 0xD6, 0x3C, 0xE6, 0xDF, 0xF7, 0x7F, 0xFF, 0xDF, 0xFF, 0xDF, 0xFF, 0xBF, 0xFF, 0xDF,
    0xEF, 0x3F, 0xE6, 0xDD, 0xB5, 0x37, 0xA4, 0x95, 0x9C, 0x54, 0x9C, 0x55, 0xAC, 0xD6, 0xFF, 0xFE,
    0xFF, 0xFE, 0xFF, 0xDD, 0xFF, 0xDD, 0xFF, 0xDD, 0xFF, 0xDD, 0xFF, 0xDD, 0xFF, 0xDD, 0xFF, 0xDD,
    0xFF, 0xBD, 0xFF, 0xBD, 0xFF, 0xBD, 0xFF, 0xBD, 0xFF, 0xBD, 0xFF, 0xBD, 0xFF, 0xBD, 0xFF, 0xBD,
    0xFF, 0xBD, 0xFF, 0xBD, 0xFF, 0xBD, 0xFF, 0xBD, 0xFF, 0xBD, 0xFF, 0xBD, 0xFF, 0xBD, 0xFF, 0xFF,
    0xBD, 0xFF, 0xBD, 0xFF, 0xBD, 0xFF, 0xBD, 0xFF, 0xBD, 0xFF, 0x9D, 0xFF, 0x9D, 0xFF, 0x9D, 0xFF,
    0x9E, 0xFF, 0x7D, 0xFF, 0xDE, 0xF7, 0x3C, 0xF5, 0x39, 0xEC, 0x56, 0xEC, 0x36, 0xED, 0x39, 0xFF,
    0x5E, 0xFF, 0xFE, 0xF7, 0xDD, 0xFF, 0xBE, 0xFF, 0xBE, 0xFF, 0xBE, 0xFF, 0xDE, 0xFF, 0xDE, 0xFF,
    0xBE, 0xFF, 0xBE, 0xFF, 0xBE, 0xFF, 0xBE, 0xFF, 0xBE, 0xFF, 0xBE, 0xFF, 0xBE, 0xFF, 0xBE, 0xFF,
    0x9D, 0xFF, 0x9D, 0xFF, 0x9D, 0xFF, 0x9D, 0xFF, 0xBD, 0xFF, 0xBD, 0xFF, 0xBD, 0xFF, 0x7D, 0xFF,
    0x7D, 0xFF, 0x7D, 0xFF, 0x7D, 0xFF, 0x7D, 0xFF, 0x7D, 0xFF, 0x7D, 0xFF, 0x7C, 0xFF, 0x9D, 0xFF,
    0x9D, 0xFF, 0x9D, 0xFF, 0x9D, 0xFF, 0x7C, 0xFF, 0x5C, 0xFF, 0x5C, 0xFF, 0x7C, 0xFF, 0x7D, 0xFF,
    0x7D, 0xFF, 0x7D, 0xFF, 0x7D, 0xFF, 0x7C, 0xFF, 0x7C, 0xFF, 0x7C, 0xFF, 0x7C, 0xFF, 0x7C, 0xFF,
    0xFF, 0x7C, 0xFF, 0x7C, 0xFF, 0x5C, 0xFF, 0x1B, 0xFF, 0x1B, 0xFF, 0x1B, 0xF6, 0xDA, 0xF6, 0xDA,
    0xF6, 0xDA, 0xF6, 0xDA, 0xEE, 0xBA, 0xEE, 0xBA, 0xEE, 0x99, 0xEE, 0x99, 0xEE, 0x99, 0xEE, 0x99,
    0xE6, 0x79, 0xF7, 0x1B, 0xAC, 0x51, 0xFE, 0xBA, 0xCC, 0xD3, 0xB3, 0xAF, 0xBB, 0xD0, 0xBB, 0xB0,
    0xB3, 0x90, 0xB3, 0xB0, 0xAB, 0x8F, 0xA3, 0x6F, 0x9B, 0x4E, 0x93, 0x2E, 0x93, 0x2E, 0x93, 0x2E,
    0x8B, 0x4F, 0x30, 0xE6, 0x20, 0xA5, 0x20, 0xC6, 0x21, 0x06, 0x20, 0xE6, 0x20, 0xE6, 0x20, 0xE6,
    0x20, 0xE6, 0x20, 0xE6, 0x20, 0xE6, 0x10, 0x42, 0x5A, 0x4B, 0x51, 0x88, 0x7A, 0x8C, 0x82, 0xAD,
    0x93, 0x70, 0x72, 0xED, 0x20, 0xE5, 0x20, 0xE6, 0x20, 0xE6, 0x20, 0xE6, 0x20, 0xE6, 0x20, 0xE6,
    0x20, 0xE6, 0x20, 0xE6, 0x20, 0xE6, 0x20, 0xE6, 0x20, 0xE6, 0x21, 0x07, 0x21, 0x07, 0x21, 0x07,
    0xFF, 0x20, 0xE7, 0x20, 0xE7, 0x20, 0xE7, 0x21, 0x08, 0x21, 0x08, 0x21, 0x08, 0x21, 0x08, 0x21,
    0x28, 0x29, 0x08, 0x29, 0x07, 0x31, 0x27, 0x28, 0xA6, 0x9C, 0x13, 0x6A, 0x4B, 0x62, 0x29, 0x83,
    0x4E, 0xEE, 0x7B, 0xE6, 0x7B, 0xE6, 0x7C, 0xE6, 0x7C, 0xE6, 0x7C, 0xE6, 0x7C, 0xE6, 0x7C, 0xE6,
    0x5B, 0xDE, 0x3B, 0xFF, 0x7F, 0xE6, 0x3B, 0xE4, 0x35, 0xCA, 0xF0, 0xBA, 0x6E, 0xAA, 0x4E, 0xA2,
    0x4D, 0x9A, 0x6D, 0x9A, 0x6D, 0xA2, 0x4C, 0xAA, 0x6D, 0xB2, 0x8E, 0xBA, 0x8E, 0xC2, 0xAF, 0xCA,
    0xF0, 0xD2, 0xF0, 0xDA, 0xD0, 0xDB, 0x10, 0xDB, 0x10, 0xEB, 0x92, 0xF3, 0x93, 0xF3, 0xB3, 0xF3,
    0xB3, 0xEB, 0xB3, 0xEB, 0xB3, 0xEB, 0xB3, 0xEB, 0xB3, 0xEB, 0xB3, 0xEB, 0xB3, 0xF3, 0xD4, 0xF3,
    0xD4, 0xF3, 0xD4, 0xF3, 0xD4, 0xF3, 0xD4, 0xFB, 0xF5, 0xFC, 0x15, 0xEB, 0xD4, 0xEB, 0xD5, 0xF3,
    0xF5, 0xD1, 0xF4, 0x15, 0xF4, 0x15, 0xF4, 0x15, 0xF4, 0x15, 0xF4, 0x56, 0xF4, 0x56, 0xF4, 0x56,
    0xF4, 0x36, 0xF4, 0x36, 0xF4, 0x36, 0xEC, 0x56, 0xEC, 0x76, 0xEC, 0x76, 0xEC, 0x76, 0xF4, 0xB7,
    0xEC, 0x76, 0xE4, 0x35, 0xEC, 0x14, 0xF3, 0xD3, 0xEB, 0x72, 0xEB, 0x31, 0xEA, 0xD0, 0xF2, 0xB0,
    0xF2, 0xB1, 0xEA, 0xF0, 0xEB, 0x51, 0xEB, 0x92, 0xE4, 0x13, 0xDC, 0xB5, 0xF5, 0xD8, 0xFE, 0xFD,
    0xFF, 0x9F, 0xFF, 0x5D, 0xEE, 0xFC, 0xE6, 0xFB, 0xE7, 0x3C, 0xE7, 0x3C, 0xDE, 0xFB, 0xF7, 0x7E,
    0xEF, 0x5D, 0xF7, 0x9E, 0x07, 0xFF, 0xA4, 0xDF, 0xFF, 0xDF, 0xF7, 0xBF, 0xF7, 0x7E, 0xF7, 0x9F,
    0xEF, 0x7E, 0xE7, 0x1D, 0xDE, 0xBC, 0xD6, 0x7C, 0xD6, 0x9C, 0xDE, 0xBD, 0xE7, 0x1E, 0xEF, 0x3F,
    0xEF, 0x5F, 0xF7, 0xBF, 0xFF, 0xDF, 0xFF, 0xDF, 0xFF, 0xDF, 0xFF, 0xDF, 0x1F, 0xFF, 0xFF, 0xDF,
    0xFF, 0xDF, 0xFF, 0xBF, 0xF7, 0x3F, 0xDE, 0xBC, 0xCE, 0x1A, 0xA4, 0xF5, 0x9C, 0x94, 0x9C, 0x94,
    0x9C, 0x74, 0x94, 0x54, 0x94, 0x33, 0x9C, 0x74, 0xA4, 0xF7, 0xB5, 0x37, 0xBD, 0x99, 0xCE, 0x3B,
    0xCD, 0xFA, 0xB5, 0x57, 0xBD, 0x78, 0xCE, 0x3B, 0xFF, 0xBF, 0xEE, 0xDF, 0xBD, 0x79, 0xB5, 0x17,
    0xB5, 0x17, 0xFF, 0xFE, 0xFF, 0xFE, 0xFF, 0xDD, 0xFF, 0xDD, 0xFF, 0xDD, 0xFF, 0xDD, 0xFF, 0xDD,
    0xFF, 0xDD, 0xFF, 0xDD, 0xFF, 0xBD, 0xFF, 0xBD, 0xFF, 0xBD, 0xFF, 0xBD, 0xFF, 0xBD, 0xFF, 0xBD,
    0xFF, 0xBD, 0xFF, 0xBD, 0xFF, 0xBD, 0xFF, 0xBD, 0xFF, 0xBD, 0xFF, 0xBD, 0xFF, 0xBD, 0xFF, 0xBD,
    0xFF, 0xBD, 0xFF, 0xBD, 0xFF, 0xBD, 0xFF, 0xBD, 0xFF, 0xBD, 0xFF, 0xBD, 0xFF, 0x9D, 0xFF, 0x7D,
    0xFF, 0x9D, 0xFF, 0x7D, 0xF7, 0x3C, 0xFF, 0xFE, 0xFF, 0x9E, 0xF5, 0xFB, 0xEC, 0xF9, 0xF4, 0x84,
    0xD8, 0xF5, 0x39, 0xFE, 0xFD, 0x02, 0xFF, 0xFF, 0xEF, 0xBD, 0xFF, 0xBE, 0xFF, 0xBE, 0xFF, 0xBE,
    0xFF, 0xDE, 0xFF, 0xDE, 0xFF, 0xDE, 0xFF, 0xDE, 0xFF, 0xDE, 0xFF, 0xDE, 0xFF, 0xDE, 0xFF, 0xBE,
    0xFF, 0xBE, 0xFF, 0xBE, 0xFF, 0xBD, 0xFF, 0x9D, 0xFF, 0x9D, 0xFF, 0x9D, 0xFF, 0xBD, 0xFF, 0xBD,
    0xFF, 0xBD, 0xFF, 0x7D, 0xFF, 0x7D, 0xFF, 0x7D, 0xFF, 0x7D, 0xFF, 0x7D, 0xFF, 0x7D, 0xFF, 0x7D,
    0xFF, 0x7C, 0xFF, 0x9D, 0xFF, 0xBD, 0xFF, 0xBD, 0xFF, 0x9D, 0xFF, 0x7C, 0xFF, 0x5C, 0xFF, 0x5C,
    0xFF, 0x7C, 0xFF, 0x7D, 0xFF, 0x7D, 0xFF, 0x7D, 0xFF, 0x7D, 0xFF, 0x7D, 0xFF, 0x9D, 0xFF, 0x9D,
    0xFF, 0x9D, 0xFF, 0x9D, 0xFF, 0x9D, 0xFF, 0x9D, 0xFF, 0x7C, 0xFF, 0x3C, 0xFF, 0x3C, 0xFF, 0x5C,
    0xFF, 0x3C, 0xFF, 0x3C, 0xFF, 0x3C, 0xFF, 0x3C, 0xFF, 0x1B, 0xF6, 0xFB, 0xEE, 0xBA, 0xEE, 0x99,
    0xEE, 0x99, 0xEE, 0x99, 0xEE, 0xBA, 0xE6, 0x79, 0xFF, 0xEE, 0x38, 0xAC, 0x31, 0xE5, 0x76, 0xB3,
    0xAF, 0xBB, 0xB0, 0xBB, 0x90, 0xB3, 0x90, 0xB3, 0x90, 0xA3, 0x6F, 0xA3, 0x6F, 0x93, 0x4E, 0x93,
    0x0D, 0x93, 0x2E, 0x93, 0x2E, 0x8B, 0x4F, 0x28, 0xA5, 0x28, 0xC6, 0x20, 0xC6, 0x21, 0x27, 0x20,
    0xE6, 0x20, 0xE6, 0x20, 0xE6, 0x20, 0xE6, 0x20, 0xE6, 0x20, 0xE5, 0x20, 0x63, 0x6A, 0x8B, 0x62,
    0x2A, 0x7A, 0x8C, 0x59, 0x88, 0x83, 0x0E, 0x62, 0x8B, 0x20, 0xE5, 0x20, 0xE6, 0x20, 0xE6, 0x20,
    0xE6, 0x20, 0xE6, 0x20, 0xE6, 0x20, 0xE6, 0x20, 0xE6, 0x20, 0xE6, 0x20, 0xE6, 0x20, 0xE6, 0x21,
    0x07, 0x21, 0x07, 0x21, 0x07, 0x20, 0xE7, 0x20, 0xE7, 0x20, 0xE7, 0x21, 0x08, 0x21, 0x08, 0x21,
    0x08, 0x21, 0x08, 0x21, 0x28, 0x21, 0x08, 0x29, 0x07, 0x31, 0x27, 0x39, 0x27, 0x7B, 0x2F, 0x93,
    0xB1, 0x6A, 0x4A, 0x7A, 0xCC, 0xEE, 0x7B, 0xE6, 0x7B, 0xFF, 0xE6, 0x7C, 0xE6, 0x7C, 0xE6, 0x7C,
    0xE6, 0x7C, 0xE6, 0x7C, 0xE6, 0x9C, 0xDE, 0x3B, 0xFF, 0x5F, 0xE6, 0x3B, 0xEC, 0x35, 0xD3, 0x11,
    0xC2, 0x8F, 0xBA, 0x4E, 0xAA, 0x2D, 0xAA, 0x4D, 0xA2, 0x4D, 0x9A, 0x4C, 0xA2, 0x6D, 0xAA, 0x8D,
    0xB2, 0x8E, 0xBA, 0x6E, 0xC2, 0x8E, 0xCA, 0x8E, 0xCA, 0x6E, 0xCA, 0x8E, 0xD2, 0xAF, 0xC2, 0x4D,
    0xCA, 0x6E, 0xCA, 0x6E, 0xD2, 0x8F, 0xDA, 0xB0, 0xDA, 0xB0, 0xDA, 0xB0, 0xDA, 0xB0, 0xDA, 0xB0,
    0xDA, 0xB0, 0xDA, 0xB0, 0xDA, 0xB0, 0xDA, 0xB0, 0xDA, 0xB0, 0xDA, 0xB0, 0xDA, 0xD0, 0xE2, 0xF1,
    0xE2, 0xF1, 0xDA, 0xD1, 0xDA, 0xB0, 0xDA, 0xD0, 0xE2, 0xF1, 0xE3, 0x11, 0xE3, 0x32, 0xE3, 0x31,
    0xE3, 0x11, 0xDB, 0x11, 0xEB, 0x73, 0xEB, 0x73, 0xEB, 0x73, 0xEB, 0x72, 0xE3, 0x72, 0xE3, 0x72,
    0xEB, 0x53, 0xEB, 0x73, 0xEB, 0x73, 0xEB, 0x72, 0xE3, 0x11, 0x9B, 0xD2, 0xCF, 0xDA, 0xCF, 0xDA,
    0xD0, 0xE2, 0xD0, 0xEB, 0x11, 0xEB, 0x32, 0xEB, 0x93, 0xEB, 0xF4, 0xEC, 0x75, 0xED, 0x78, 0xFE,
    0xBC, 0xFF, 0x7E, 0xFF, 0x9E, 0xFF, 0xDE, 0x0F, 0xFF, 0x82, 0xDF, 0xFF, 0xDF, 0x05, 0xFF, 0xA2,
    0xDF, 0xFF, 0xBF, 0xF7, 0x9F, 0xEF, 0x5F, 0xE7, 0x1E, 0xBD, 0xD9, 0xB5, 0xB8, 0xAD, 0x36, 0xAD,
    0x37, 0xB5, 0x79, 0xB5, 0x99, 0xBD, 0xBA, 0xAD, 0x58, 0xB5, 0x78, 0xB5, 0x79, 0xC6, 0x39, 0xDE,
    0xDA, 0xEF, 0x7D, 0x07, 0xFF, 0xB9, 0xDF, 0xE7, 0x1C, 0xDE, 0xFC, 0xEF, 0x5D, 0xF7, 0x9E, 0xF7,
    0xBF, 0xF7, 0xBF, 0xFF, 0xDF, 0xF7, 0x9F, 0xE6, 0xDC, 0xCE, 0x39, 0xBD, 0xD8, 0xBD, 0xD7, 0xBD,
    0xD8, 0xC5, 0xF8, 0xD6, 0x5A, 0xE6, 0xFD, 0xFF, 0xBF, 0xFF, 0xDF, 0xFF, 0xDF, 0xFF, 0xDF, 0xFF,
    0xBF, 0xFF, 0xBF, 0xF7, 0x5F, 0xDE, 0xBC, 0xB5, 0x57, 0x9C, 0x74, 0x94, 0x53, 0x94, 0x74, 0x9C,
    0x02, 0x94, 0xFF, 0x54, 0x9C, 0x95, 0xAC, 0xF6, 0x9C, 0x94, 0x9C, 0x95, 0x94, 0x34, 0xAC, 0xD7,
    0xBD, 0x58, 0xB5, 0x38, 0xB5, 0x38, 0xFF, 0xFE, 0xFF, 0xFE, 0xFF, 0xFE, 0xFF, 0xFE, 0xFF, 0xFE,
    0xFF, 0xFE, 0xFF, 0xDD, 0xFF, 0xDD, 0xFF, 0xDD, 0xFF, 0xBD, 0xFF, 0xBD, 0xFF, 0xBD, 0xFF, 0xBD,
    0xFF, 0xBD, 0xFF, 0xBD, 0xFF, 0xBD, 0xFF, 0xBD, 0xFF, 0xBD, 0xFF, 0xBD, 0xFF, 0xBD, 0xFF, 0xBD,
    0xFF, 0xBD, 0xFF, 0xBD, 0xFF, 0xBD, 0xFF, 0xBD, 0xFF, 0xBD, 0xFF, 0xBD, 0xFF, 0x9D, 0xFF, 0xBD,
    0xFF, 0xBD, 0xFF, 0xBD, 0xFF, 0xBD, 0xFF, 0xBD, 0xFF, 0xBD, 0xFF, 0xBD, 0xFF, 0xBD, 0xFF, 0x5E,
    0xF6, 0x7C, 0xE5, 0xBA, 0xE5, 0x59, 0xFE, 0x5C, 0xFF, 0x5F, 0xFF, 0xBF, 0xFF, 0xBE, 0xFF, 0xBE,
    0xFF, 0xBE, 0xFF, 0xBE, 0xFF, 0xBE, 0xFF, 0xBE, 0xFF, 0xBE, 0xFF, 0xBE, 0xFF, 0xBE, 0xFF, 0xBE,
    0xFF, 0xBE, 0xFF, 0xFF, 0xBE, 0xFF, 0xBE, 0xFF, 0xBE, 0xFF, 0xBD, 0xFF, 0xBD, 0xFF, 0xBD, 0xFF,
    0x9D, 0xFF, 0x9D, 0xFF, 0x9D, 0xFF, 0x7D, 0xFF, 0x7D, 0xFF, 0x7D, 0xFF, 0x7C, 0xFF, 0x7C, 0xFF,
    0x7C, 0xFF, 0x7C, 0xFF, 0x7C, 0xFF, 0x7C, 0xFF, 0x7C, 0xFF, 0x7C, 0xFF, 0x7C, 0xFF, 0x7C, 0xFF,
    0x7C, 0xFF, 0x5C, 0xFF, 0x5C, 0xFF, 0x5C, 0xFF, 0x5C, 0xFF, 0x5C, 0xFF, 0x5C, 0xFF, 0x5C, 0xFF,
    0x7C, 0xFF, 0x7C, 0xFF, 0x7C, 0xFF, 0x7C, 0xFF, 0x7C, 0xFF, 0x7C, 0xFF, 0x5C, 0xFF, 0x3C, 0xFF,
    0x3C, 0xFF, 0x3C, 0xFF, 0x3C, 0xFF, 0x3C, 0xFF, 0x3C, 0xFF, 0x1B, 0xFF, 0x1B, 0xFF, 0x3C, 0xFF,
    0x1B, 0xFF, 0x1B, 0xF6, 0xFB, 0xF6, 0xDA, 0xEE, 0xBA, 0xEE, 0x99, 0xEE, 0x58, 0xB4, 0x31, 0xFE,
    0x59, 0xB3, 0x8F, 0xB3, 0x8F, 0xBB, 0xB1, 0xB3, 0x90, 0xAB, 0x8F, 0x9B, 0x2E, 0xA3, 0x6F, 0x9B,
    0x6F, 0x93, 0x2E, 0x93, 0xFF, 0x4E, 0x8A, 0xEE, 0x6A, 0x6C, 0x20, 0x43, 0x20, 0xC5, 0x20, 0xE6,
    0x18, 0xE6, 0x20, 0xE6, 0x20, 0xE6, 0x20, 0xE6, 0x18, 0xE5, 0x18, 0xE5, 0x21, 0x06, 0x41, 0x67,
    0x72, 0x8C, 0x72, 0x4B, 0x61, 0xA9, 0x61, 0xE9, 0x72, 0xCC, 0x39, 0x87, 0x20, 0xE5, 0x20, 0xE6,
    0x20, 0xE6, 0x20, 0xE6, 0x20, 0xE6, 0x20, 0xE6, 0x20, 0xE6, 0x20, 0xE6, 0x20, 0xE6, 0x20, 0xE6,
    0x20, 0xE6, 0x21, 0x07, 0x21, 0x07, 0x21, 0x07, 0x20, 0xE7, 0x20, 0xE7, 0x20, 0xE7, 0x21, 0x08,
    0x21, 0x08, 0x21, 0x08, 0x21, 0x08, 0x21, 0x28, 0x21, 0x08, 0x29, 0x07, 0x31, 0x27, 0x41, 0x89,
    0x5A, 0x0B, 0xDD, 0xFA, 0x62, 0x09, 0x72, 0x8B, 0xE6, 0x5A, 0xEE, 0x7C, 0xE6, 0x9C, 0xE6, 0x9C,
    0xE6, 0x7C, 0xE6, 0x7C, 0xE6, 0x7C, 0xE6, 0x7C, 0xE6, 0x5B, 0xFF, 0x3F, 0xFF, 0x5F, 0xFD, 0x59,
    0xEC, 0x35, 0xE3, 0xB3, 0xDB, 0xFC, 0x52, 0xDB, 0x11, 0xDA, 0xF1, 0xD2, 0xF0, 0xBA, 0xCF, 0xBA,
    0xCF, 0xBA, 0xCF, 0xC2, 0x8E, 0xC2, 0x6E, 0xCA, 0x6E, 0xC2, 0x8E, 0xB2, 0x8E, 0xB2, 0x8E, 0xB2,
    0x8E, 0xB2, 0x8D, 0xB2, 0x8D, 0xB2, 0x8D, 0xB2, 0x8E, 0xBA, 0x6E, 0xBA, 0x6E, 0xBA, 0x6E, 0xB2,
    0x6E, 0xB2, 0x6E, 0xB2, 0x6E, 0xBA, 0x6E, 0xBA, 0x6E, 0xBA, 0x6E, 0xBA, 0x6E, 0xBA, 0x6E, 0xBA,
    0x6E, 0xBA, 0x6D, 0xBA, 0x6D, 0xBA, 0x6D, 0xBA, 0x6D, 0xBA, 0x6D, 0xC2, 0x8E, 0xC2, 0x8E, 0xC2,
    0xAE, 0xD2, 0xAF, 0xCA, 0xAF, 0xCA, 0xAF, 0xCA, 0xAF, 0xCA, 0xAF, 0xCA, 0xAE, 0xD2, 0xAF, 0xDA,
    0x8F, 0xDA, 0x8F, 0xDA, 0xB0, 0xDA, 0xCF, 0xDA, 0xCF, 0xDA, 0xCF, 0xE2, 0xD0, 0xF2, 0xF1, 0xF3,
    0x32, 0xF3, 0x92, 0xEB, 0xD3, 0xEC, 0x14, 0xEC, 0x54, 0xFD, 0xFB, 0xFE, 0x5C, 0xFE, 0xDE, 0xFF,
    0x7F, 0xFF, 0x9F, 0x02, 0xFF, 0x80, 0xF7, 0x10, 0xFF, 0xFF, 0xDF, 0xFF, 0xBF, 0xF7, 0x9F, 0xEF,
    0x1D, 0xE6, 0xDD, 0xDE, 0x9C, 0xC6, 0x1A, 0xBD, 0xBA, 0xBD, 0xBA, 0xBD, 0x9A, 0xBD, 0xBA, 0xBD,
    0xBA, 0xBD, 0xBA, 0xBD, 0xBA, 0xBD, 0xBB, 0xBD, 0xBA, 0xBD, 0xBA, 0xBD, 0xDB, 0xCE, 0x1C, 0xDE,
    0xDF, 0xF7, 0x9F, 0xFF, 0xBF, 0xF7, 0xBF, 0xEF, 0x5E, 0xE7, 0x1D, 0xDE, 0xFD, 0xDE, 0xDC, 0xE6,
    0xFD, 0xDE, 0xBD, 0xD6, 0x7B, 0xC6, 0x3A, 0xC6, 0x1A, 0xC6, 0x1A, 0xCE, 0x3A, 0xD6, 0x7B, 0xCE,
    0x3A, 0xCE, 0x5A, 0xCE, 0x1A, 0xCE, 0x1A, 0xCE, 0x1A, 0xD6, 0x5A, 0xD6, 0x7B, 0xD6, 0x5A, 0xD6,
    0x7A, 0xF7, 0x7E, 0xFF, 0x9F, 0xFF, 0xBF, 0xFF, 0xBF, 0xFF, 0xBF, 0xFF, 0xBF, 0xFF, 0xBF, 0xFF,
    0xBF, 0xFF, 0x9F, 0xCE, 0x3A, 0xB5, 0x57, 0xA4, 0xF6, 0x9C, 0x94, 0xA4, 0xB5, 0x9C, 0xB5, 0x9C,
    0xB5, 0xAD, 0x16, 0xAC, 0xD6, 0xAC, 0xD6, 0xAC, 0xD6, 0xAC, 0xFF, 0xD6, 0xAC, 0xF7, 0xFF, 0xFE,
    0xFF, 0xFE, 0xFF, 0xFE, 0xFF, 0xFE, 0xFF, 0xFE, 0xFF, 0xFE, 0xFF, 0xDD, 0xFF, 0xDD, 0xFF, 0xDD,
    0xFF, 0xBD, 0xFF, 0xBD, 0xFF, 0xBD, 0xFF, 0xBD, 0xFF, 0xBD, 0xFF, 0xBD, 0xFF, 0xBD, 0xFF, 0xBD,
    0xFF, 0xBD, 0xFF, 0xBD, 0xFF, 0xBD, 0xFF, 0xBD, 0xFF, 0xBD, 0xFF, 0xBD, 0xFF, 0xBD, 0xFF, 0xBD,
    0xFF, 0xBD, 0xFF, 0xBD, 0xFF, 0xBD, 0xFF, 0x9D, 0xFF, 0xBC, 0xFF, 0xBC, 0xFF, 0xBC, 0xFF, 0xBC,
    0xFF, 0xBC, 0xFF, 0xBC, 0xFF, 0xBC, 0xFF, 0xBE, 0xFF, 0xBF, 0xEE, 0xDD, 0xE5, 0xFB, 0xF5, 0xDC,
    0xFE, 0x7E, 0xFF, 0x3F, 0xFF, 0xBE, 0xFF, 0xBE, 0xFF, 0xBE, 0xFF, 0xBE, 0xFF, 0xBE, 0xFF, 0xBE,
    0xFF, 0xBE, 0xFF, 0xBE, 0xFF, 0xBE, 0xFF, 0xBE, 0xFF, 0xBE, 0xFF, 0xBE, 0xFF, 0xBE, 0xFF, 0xBE,
    0xFF, 0xBD, 0xFF, 0xBD, 0xFF, 0xBD, 0xFF, 0x9D, 0xFF, 0x9D, 0xFF, 0xFF, 0x9D, 0xFF, 0x7D, 0xFF,
    0x7D, 0xFF, 0x7D, 0xFF, 0x7C, 0xFF, 0x7C, 0xFF, 0x7C, 0xFF, 0x7C, 0xFF, 0x7C, 0xFF, 0x7C, 0xFF,
    0x7C, 0xFF, 0x7C, 0xFF, 0x5C, 0xFF, 0x5C, 0xFF, 0x5C, 0xFF, 0x5C, 0xFF, 0x5C, 0xFF, 0x5C, 0xFF,
    0x5C, 0xFF, 0x5C, 0xFF, 0x5C, 0xFF, 0x5C, 0xFF, 0x5C, 0xFF, 0x5C, 0xFF, 0x5C, 0xFF, 0x5C, 0xFF,
    0x5C, 0xFF, 0x5C, 0xFF, 0x5C, 0xFF, 0x3C, 0xFF, 0x3C, 0xFF, 0x3C, 0xFF, 0x3C, 0xFF, 0x3C, 0xFF,
    0x3C, 0xFF, 0x1B, 0xFF, 0x1B, 0xFF, 0x1B, 0xFF, 0x3C, 0xFF, 0x3C, 0xFF, 0x3C, 0xFF, 0x3C, 0xFF,
    0x1B, 0xF6, 0xDA, 0xF6, 0x59, 0xC4, 0xB3, 0xF5, 0xF8, 0xB3, 0xB0, 0xB3, 0x6F, 0xBB, 0x90, 0xB3,
    0x70, 0xAB, 0x6F, 0xA3, 0x6F, 0x9B, 0x4E, 0x9B, 0x4E, 0x93, 0x2E, 0x93, 0x0E, 0x8B, 0x0E, 0x51,
    0x88, 0x20, 0x64, 0x28, 0xC6, 0x20, 0xC6, 0x18, 0xC6, 0x20, 0xE6, 0x20, 0xE9, 0xE6, 0x20, 0xE6,
    0x18, 0xC5, 0x21, 0x06, 0x10, 0x84, 0x59, 0xE9, 0x59, 0xC9, 0x69, 0xEA, 0x72, 0x2B, 0x8B, 0x2F,
    0x72, 0xCC, 0x20, 0xE4, 0x20, 0xE5, 0x20, 0xE6, 0x20, 0xE6, 0x20, 0xE6, 0x20, 0xE6, 0x20, 0xE6,
    0x20, 0xE6, 0x20, 0xE6, 0x20, 0xE6, 0x20, 0xE6, 0x20, 0xE6, 0x21, 0x07, 0x21, 0x07, 0x21, 0x07,
    0x20, 0xE7, 0x20, 0xE7, 0x20, 0xE7, 0x21, 0x08, 0x21, 0x08, 0x21, 0x08, 0x21, 0x08, 0x21, 0x28,
    0x21, 0x08, 0x29, 0x07, 0x31, 0x07, 0x41, 0x68, 0x49, 0xA9, 0xE6, 0x5B, 0x6A, 0x2A, 0x72, 0x8C,
    0xEE, 0x7B, 0xEE, 0x9C, 0xE6, 0x9C, 0xE6, 0x9C, 0xE6, 0x9C, 0xE6, 0x9C, 0xE6, 0x9C, 0xE6, 0x9C,
    0xE6, 0x7C, 0xEE, 0xBD, 0xFF, 0x7F, 0xFE, 0x02, 0xFD, 0xFF, 0xFA, 0xEC, 0xF7, 0xE4, 0x55, 0xE3,
    0xF4, 0xE3, 0xB3, 0xE3, 0x93, 0xDB, 0x92, 0xDB, 0x92, 0xDB, 0x52, 0xDB, 0x31, 0xE3, 0x11, 0xE3,
    0x11, 0xDA, 0xF0, 0xCA, 0xEF, 0xCA, 0xEF, 0xCA, 0xEF, 0xC2, 0xCF, 0xC2, 0xCF, 0xC2, 0xCF, 0xC2,
    0xAF, 0xBA, 0xAF, 0xBA, 0xAF, 0xBA, 0xAF, 0xBA, 0x8E, 0xBA, 0x8E, 0xBA, 0x8E, 0xBA, 0x8E, 0xBA,
    0x8E, 0xBA, 0x8E, 0xBA, 0x8E, 0xBA, 0x8E, 0xBA, 0x8E, 0xBA, 0x8E, 0xC2, 0x6D, 0xC2, 0x6D, 0xC2,
    0x6D, 0xC2, 0x6D, 0xCA, 0x8E, 0xCA, 0xAE, 0xCA, 0xAE, 0xCA, 0xAE, 0xCA, 0xAE, 0xCA, 0xAE, 0xCA,
    0xAE, 0xCA, 0xAE, 0xCA, 0xAE, 0xD2, 0x8E, 0xD2, 0x8E, 0xDA, 0xAF, 0xDA, 0xAF, 0xDA, 0xCF, 0xE3,
    0x10, 0xE3, 0x30, 0xE3, 0x11, 0xF3, 0x72, 0xF3, 0xD3, 0xEC, 0x34, 0xF5, 0x57, 0xFD, 0xFA, 0xFE,
    0xBC, 0xFF, 0x3E, 0xFF, 0x5F, 0xFF, 0x7F, 0xFF, 0x9F, 0xFF, 0x80, 0xBF, 0x02, 0xFF, 0x92, 0xF7,
    0xDF, 0xF7, 0x7F, 0xFF, 0x7F, 0xF7, 0x7F, 0xF7, 0x7F, 0xF7, 0x5F, 0xF7, 0x5F, 0xF7, 0x5F, 0xEF,
    0x3F, 0xE6, 0x02, 0xDE, 0xA2, 0x9D, 0xD6, 0x5C, 0xCE, 0x3C, 0xC5, 0xDA, 0xBD, 0x9A, 0xB5, 0x7A,
    0xB5, 0x7A, 0xAD, 0x59, 0xB5, 0x59, 0xB5, 0x59, 0xB5, 0x59, 0xAD, 0x59, 0xAD, 0x39, 0xAD, 0x39,
    0xAD, 0x39, 0xB5, 0x9A, 0xC5, 0xFC, 0xD6, 0x9E, 0x03, 0xDE, 0x88, 0xBD, 0xD6, 0x9D, 0xD6, 0x7C,
    0xD6, 0x9C, 0xDE, 0xBD, 0x03, 0xDE, 0xA8, 0xBE, 0xCE, 0x5D, 0xBD, 0xBA, 0xBD, 0x9A, 0xBD, 0xBA,
    0xB5, 0x9A, 0xB5, 0x7A, 0xBD, 0xB9, 0xC5, 0xFA, 0xCE, 0x1B, 0xD6, 0x7C, 0xD6, 0x7C, 0xD6, 0x7C,
    0xD6, 0x5B, 0xCE, 0x1A, 0xD6, 0x5A, 0xD6, 0x7B, 0xF7, 0x7F, 0xFF, 0x9F, 0xFF, 0xDF, 0xFF, 0xDF,
    0x03, 0xFF, 0xFF, 0xDF, 0xFF, 0xDF, 0xFF, 0x9F, 0xEF, 0x3E, 0xD6, 0x5A, 0xBD, 0x98, 0xCE, 0x1A,
    0xC5, 0xD9, 0xA4, 0xF6, 0xAD, 0x37, 0xA4, 0xD5, 0xAD, 0x16, 0xA4, 0xD6, 0xA4, 0xB6, 0xA4, 0xB6,
    0xAC, 0xD6, 0xAC, 0xD6, 0xFF, 0xFE, 0xFF, 0xFE, 0xFF, 0xFE, 0xFF, 0xFE, 0xFF, 0xFE, 0xFF, 0xFE,
    0xFF, 0xDD, 0xFF, 0xDD, 0xFF, 0xDD, 0xFF, 0xBD, 0xFF, 0xBD, 0xFF, 0xBD, 0xFF, 0xBD, 0xFF, 0xBD,
    0xFF, 0xBD, 0xFF, 0xBD, 0xFF, 0xBD, 0xFF, 0xBD, 0xFF, 0xBD, 0xFF, 0xBD, 0xFF, 0xBD, 0xFF, 0xBD,
    0xFF, 0xBD, 0xFF, 0xBD, 0xFF, 0xBD, 0xFF, 0xBD, 0xFF, 0xBD, 0xFF, 0xBD, 0xFF, 0xBD, 0xFF, 0xBC,
    0xFF, 0xBC, 0xFF, 0xBC, 0xFF, 0xBC, 0xFF, 0xBC, 0xFF, 0xBC, 0xFF, 0xBC, 0xFF, 0xDD, 0xF7, 0xFE,
    0xF7, 0xBF, 0xFF, 0x1F, 0xF5, 0xBD, 0xF5, 0x9D, 0xFE, 0x3F, 0xFF, 0xBE, 0xFF, 0xBE, 0xFF, 0xBE,
    0xFF, 0x9E, 0xFF, 0xFF, 0x9E, 0xFF, 0x9E, 0xFF, 0x9E, 0xFF, 0xBE, 0xFF, 0xBE, 0xFF, 0xBE, 0xFF,
    0xBE, 0xFF, 0xBE, 0xFF, 0xBE, 0xFF, 0xBE, 0xFF, 0xBD, 0xFF, 0xBD, 0xFF, 0xBD, 0xFF, 0x9D, 0xFF,
    0x9D, 0xFF, 0x9D, 0xFF, 0x7D, 0xFF, 0x7D, 0xFF, 0x7D, 0xFF, 0x7C, 0xFF, 0x7C, 0xFF, 0x7C, 0xFF,
    0x7C, 0xFF, 0x7C, 0xFF, 0x7C, 0xFF, 0x7C, 0xFF, 0x5C, 0xFF, 0x5C, 0xFF, 0x5C, 0xFF, 0x5C, 0xFF,
    0x5C, 0xFF, 0x5C, 0xFF, 0x5C, 0xFF, 0x5C, 0xFF, 0x5C, 0xFF, 0x5C, 0xFF, 0x5C, 0xFF, 0x5C, 0xFF,
    0x5C, 0xFF, 0x5C, 0xFF, 0x5C, 0xFF, 0x5C, 0xFF, 0x5C, 0xFF, 0x3C, 0xFF, 0x3C, 0xFF, 0x3C, 0xFF,
    0x3C, 0xFF, 0x3C, 0xFF, 0x3C, 0xFF, 0x3C, 0xFF, 0x1B, 0xFF, 0x1B, 0xFF, 0x1B, 0xFF, 0x1B, 0xF6,
    0xFB, 0xFF, 0x1B, 0xFF, 0x3C, 0xFF, 0x3C, 0xFF, 0x1B, 0xF6, 0x79, 0xCD, 0x14, 0xED, 0xB7, 0xBB,
    0xD0, 0xB3, 0x6F, 0xB3, 0xFF, 0x4F, 0xB3, 0x4F, 0xAB, 0x6F, 0xAB, 0x90, 0x9B, 0x4E, 0x93, 0x0D,
    0x93, 0x2E, 0x8A, 0xED, 0x8A, 0xEE, 0x39, 0x06, 0x28, 0x84, 0x28, 0xC6, 0x20, 0xC6, 0x18, 0xC5,
    0x20, 0xE6, 0x20, 0xE6, 0x20, 0xE6, 0x21, 0x06, 0x21, 0x06, 0x18, 0xC5, 0x7B, 0x0E, 0x59, 0x88,
    0x72, 0x0B, 0x8B, 0x0E, 0x7A, 0xCD, 0x49, 0xC8, 0x21, 0x04, 0x20, 0xE5, 0x20, 0xE6, 0x20, 0xE6,
    0x20, 0xE6, 0x20, 0xE6, 0x20, 0xE6, 0x20, 0xE6, 0x20, 0xE6, 0x20, 0xE6, 0x20, 0xE6, 0x20, 0xE6,
    0x21, 0x07, 0x21, 0x07, 0x21, 0x07, 0x20, 0xE7, 0x20, 0xE7, 0x20, 0xE7, 0x21, 0x08, 0x21, 0x08,
    0x21, 0x08, 0x21, 0x08, 0x21, 0x28, 0x21, 0x08, 0x29, 0x07, 0x31, 0x07, 0x41, 0x69, 0x41, 0x68,
    0xEE, 0x7C, 0x72, 0xAB, 0x7B, 0x0D, 0xDE, 0x1A, 0xEE, 0x7C, 0xE6, 0x9C, 0xE6, 0x9C, 0xEE, 0xBD,
    0xEE, 0xBD, 0xEE, 0x9C, 0xE6, 0xFF, 0x7C, 0xEE, 0x9C, 0xDE, 0x5B, 0xE6, 0x7B, 0xF7, 0x3D, 0xFF,
    0x5E, 0xFF, 0x1D, 0xFE, 0x5C, 0xFD, 0xBA, 0xFD, 0x59, 0xFC, 0xF8, 0xFC, 0x97, 0xFC, 0x56, 0xFC,
    0x35, 0xFB, 0xF5, 0xFB, 0xF5, 0xFB, 0xD5, 0xFB, 0xD4, 0xF3, 0xB3, 0xF3, 0xB3, 0xF3, 0xB3, 0xF3,
    0x72, 0xEB, 0x92, 0xEB, 0x92, 0xEB, 0x72, 0xE3, 0x52, 0xE3, 0x52, 0xE3, 0x52, 0xDB, 0x31, 0xDB,
    0x31, 0xDB, 0x31, 0xDB, 0x31, 0xDB, 0x31, 0xDB, 0x31, 0xDB, 0x31, 0xDB, 0x31, 0xE3, 0x31, 0xE3,
    0x32, 0xE2, 0xF0, 0xE2, 0xF0, 0xE2, 0xF0, 0xE3, 0x10, 0xEB, 0x10, 0xEB, 0x30, 0xEB, 0x51, 0xE3,
    0x30, 0xE3, 0x30, 0xE3, 0x30, 0xE3, 0x30, 0xE3, 0x30, 0xE3, 0x30, 0xEB, 0x30, 0xEB, 0x31, 0xEB,
    0x31, 0xEB, 0x51, 0xF3, 0x92, 0xFB, 0xD3, 0xFC, 0x14, 0xFC, 0x75, 0xFD, 0x37, 0xFD, 0xB9, 0xFE,
    0x3A, 0xFE, 0xFC, 0xF7, 0x3C, 0xEF, 0x8A, 0x7D, 0xF7, 0xBF, 0xEF, 0xBF, 0xF7, 0xBF, 0xFF, 0xDF,
    0xFF, 0xDF, 0x02, 0xFF, 0xFF, 0xE7, 0x1D, 0xD6, 0x1C, 0xD5, 0xFC, 0xD5, 0xFC, 0xD6, 0x1C, 0xD6,
    0x3C, 0xD6, 0x3C, 0xCE, 0x3C, 0xC5, 0xDB, 0xBD, 0x9A, 0xB5, 0x59, 0xB5, 0x59, 0xB5, 0x5A, 0xB5,
    0x5A, 0xB5, 0x5A, 0xAD, 0x19, 0xAD, 0x19, 0xA5, 0x19, 0x9C, 0xD8, 0x9C, 0xD8, 0x9C, 0xD7, 0x9C,
    0xB7, 0x94, 0x96, 0x94, 0x96, 0x94, 0x96, 0x9C, 0xB7, 0x9C, 0xD7, 0xAD, 0x39, 0xAD, 0x39, 0xA4,
    0xF8, 0xA5, 0x18, 0xB5, 0x7A, 0xBD, 0x9A, 0xC5, 0xFC, 0xD6, 0x7E, 0xD6, 0x7E, 0xCE, 0x3D, 0xBD,
    0xBB, 0xBD, 0x9B, 0xBD, 0xBB, 0xBD, 0xDC, 0xC5, 0xDC, 0xB5, 0x79, 0xC5, 0xDA, 0xBD, 0xBA, 0xBD,
    0x9A, 0xBD, 0x9A, 0xBD, 0x9A, 0xC5, 0xBA, 0xD6, 0x5B, 0xEF, 0x1E, 0xF7, 0x5F, 0xE6, 0xDD, 0xE6,
    0xDD, 0xE6, 0xDD, 0xE6, 0xDD, 0xE6, 0xFC, 0xDE, 0xBC, 0xDE, 0xBB, 0xCE, 0x19, 0xC5, 0xD9, 0xBD,
    0xB8, 0xBD, 0x98, 0xC5, 0xD9, 0xFF, 0xCE, 0x3B, 0xDE, 0x9D, 0xCE, 0x3B, 0xB5, 0x57, 0xAD, 0x16,
    0xA4, 0xB6, 0xA4, 0xB6, 0xA4, 0xB6, 0xAC, 0xD6, 0xAC, 0xD6, 0xFF, 0xFE, 0xFF, 0xFE, 0xFF, 0xFE,
    0xFF, 0xFE, 0xFF, 0xFE, 0xFF, 0xFE, 0xFF, 0xFE, 0xFF, 0xFE, 0xFF, 0xFE, 0xFF, 0xDD, 0xFF, 0xDD,
    0xFF, 0xDD, 0xFF, 0xDD, 0xFF, 0xDD, 0xFF, 0xDD, 0xFF, 0xDD, 0xFF, 0xDD, 0xFF, 0xDD, 0xFF, 0xDD,
    0xFF, 0xDD, 0xFF, 0xDD, 0xFF, 0xDD, 0xFF, 0xBD, 0xFF, 0xBD, 0xFF, 0xBD, 0xFF, 0xBD, 0xFF, 0xBD,
    0xFF, 0xBD, 0xFF, 0xBD, 0xFF, 0xBD, 0xFF, 0xBD, 0xFF, 0xBD, 0xFF, 0xBD, 0xFF, 0xBD, 0xFF, 0xBD,
    0xFF, 0xBD, 0xFF, 0xBC, 0xFF, 0xBC, 0xFF, 0xBD, 0xFF, 0x9E, 0xFF, 0x7F, 0xEE, 0xFE, 0xDE, 0x5C,
    0xF6, 0x3B, 0xFE, 0xDD, 0xFF, 0x5E, 0xFF, 0xDE, 0xF7, 0xBD, 0xF7, 0xBC, 0xFF, 0xBC, 0xFF, 0x9D,
    0xFF, 0x9C, 0xFF, 0x9C, 0xFF, 0x9D, 0xFF, 0xFF, 0x9D, 0xFF, 0x9D, 0xFF, 0x9D, 0xFF, 0xBD, 0xFF,
    0xBD, 0xFF, 0xBD, 0xFF, 0xBD, 0xFF, 0xBD, 0xFF, 0xBD, 0xFF, 0x9D, 0xFF, 0x9D, 0xFF, 0x9D, 0xFF,
    0x9D, 0xFF, 0xBD, 0xFF, 0xBD, 0xFF, 0xBD, 0xFF, 0x9D, 0xFF, 0x9D, 0xFF, 0x9D, 0xFF, 0x9D, 0xFF,
    0x7C, 0xFF, 0x7C, 0xFF, 0x7C, 0xFF, 0x7C, 0xFF, 0x7C, 0xFF, 0x7C, 0xFF, 0x5B, 0xFF, 0x5B, 0xFF,
    0x5B, 0xFF, 0x5B, 0xFF, 0x3B, 0xFF, 0x3B, 0xFF, 0x3B, 0xFF, 0x3B, 0xFF, 0x3B, 0xFF, 0x3B, 0xFF,
    0x3B, 0xFF, 0x5B, 0xFF, 0x5B, 0xFF, 0x5B, 0xFF, 0x5B, 0xFF, 0x5B, 0xFF, 0x5B, 0xFF, 0x5B, 0xFF,
    0x5B, 0xFF, 0x5B, 0xFF, 0x5B, 0xFF, 0x5B, 0xFF, 0x5B, 0xFF, 0x5B, 0xFF, 0x3B, 0xFF, 0x5C, 0xEE,
    0x78, 0xEE, 0x79, 0xE5, 0xB6, 0xB3, 0x8E, 0xBB, 0xD0, 0xB3, 0x4F, 0xAB, 0x0E, 0xAB, 0x8F, 0xCC,
    0xB4, 0x93, 0x0D, 0x9B, 0x6F, 0x8A, 0xAD, 0xFF, 0x93, 0x2F, 0x93, 0x70, 0x18, 0x64, 0x20, 0xE6,
    0x18, 0xE6, 0x18, 0xE7, 0x18, 0xE6, 0x21, 0x47, 0x10, 0x64, 0x18, 0x85, 0x29, 0x07, 0x18, 0x64,
    0x41, 0x68, 0x8B, 0x2E, 0x7A, 0x8C, 0x7A, 0xED, 0x5A, 0x4B, 0x41, 0xA9, 0x20, 0xE6, 0x20, 0xE6,
    0x20, 0xE6, 0x20, 0xE6, 0x20, 0xE6, 0x20, 0xE6, 0x20, 0xE6, 0x20, 0xE6, 0x20, 0xE6, 0x20, 0xE6,
    0x20, 0xE6, 0x20, 0xE6, 0x20, 0xE6, 0x20, 0xE6, 0x20, 0xE6, 0x20, 0xE6, 0x28, 0xE6, 0x28, 0xE6,
    0x28, 0xE6, 0x29, 0x06, 0x31, 0x47, 0x10, 0x64, 0x29, 0x08, 0x21, 0x08, 0x29, 0x08, 0x29, 0x07,
    0x31, 0x07, 0x49, 0xA9, 0x49, 0xA9, 0xE6, 0x1B, 0x93, 0xB0, 0x93, 0xB0, 0xF6, 0xBC, 0xEE, 0x9C,
    0xEE, 0xBC, 0xE6, 0xBC, 0xE6, 0xDD, 0xE6, 0xDD, 0xE6, 0xDD, 0xEE, 0xDD, 0xEE, 0xFD, 0xEE, 0xFD,
    0xEE, 0xFD, 0xEF, 0x1D, 0xEE, 0xFC, 0xE6, 0xFC, 0xFF, 0xE6, 0xDC, 0xE6, 0xDC, 0xE6, 0xDC, 0xE6,
    0xBC, 0xF6, 0xBD, 0xF6, 0xBD, 0xF6, 0xBD, 0xF6, 0x9D, 0xF6, 0x9D, 0xF6, 0x9D, 0xFE, 0xBD, 0xFE,
    0xFD, 0xFE, 0xBC, 0xFE, 0x9C, 0xFE, 0x1A, 0xFE, 0x1A, 0xFE, 0x1A, 0xFD, 0xDA, 0xFD, 0x7A, 0xFD,
    0x7A, 0xFD, 0x7A, 0xE4, 0xB7, 0xEC, 0xB7, 0xEC, 0xB7, 0xEC, 0xD6, 0xEC, 0xD6, 0xEC, 0xD6, 0xEC,
    0xB5, 0xEC, 0xB5, 0xEC, 0xB5, 0xEC, 0xB5, 0xEC, 0xB5, 0xF4, 0xB5, 0xF4, 0xB5, 0xEC, 0xB5, 0xEC,
    0x95, 0xEC, 0x95, 0xEC, 0x95, 0xEC, 0x95, 0xEC, 0x95, 0xEC, 0x95, 0xEC, 0x75, 0xEC, 0x75, 0xEC,
    0x95, 0xEC, 0x95, 0xEC, 0xB6, 0xED, 0x16, 0xED, 0x77, 0xFE, 0xDD, 0xFE, 0xDC, 0xFE, 0xDC, 0xEE,
    0xBC, 0xCD, 0xFB, 0xBD, 0xBA, 0xB5, 0x79, 0xC5, 0xDA, 0xCD, 0xFB, 0xCE, 0x1B, 0xD6, 0x3C, 0xE6,
    0xBE, 0xEE, 0xFF, 0xF7, 0x1E, 0xFF, 0x5F, 0xF7, 0x3E, 0x88, 0xDE, 0x7B, 0xD6, 0x5C, 0xDE, 0x7D,
    0xE6, 0xDE, 0xE6, 0x02, 0xDE, 0xFF, 0x9D, 0xDE, 0x7D, 0xDE, 0x5D, 0xC5, 0xDC, 0xB5, 0x7B, 0xA4,
    0xD8, 0x9C, 0xB7, 0x9C, 0xB7, 0x9C, 0xB7, 0x9C, 0x97, 0x9C, 0x97, 0x9C, 0x77, 0x9C, 0x56, 0x9C,
    0x77, 0x9C, 0x77, 0x94, 0x56, 0x94, 0x36, 0x8C, 0x15, 0x8C, 0x15, 0x8C, 0x15, 0x8C, 0x15, 0x8C,
    0x15, 0x8C, 0x15, 0x8C, 0x15, 0x8C, 0x56, 0x94, 0x76, 0x9C, 0xB7, 0xA4, 0xD8, 0xAD, 0x39, 0xBD,
    0xBB, 0xBD, 0xBC, 0xBD, 0xBC, 0xBD, 0xBC, 0xBD, 0xBC, 0xBD, 0xBB, 0xB5, 0x7A, 0xB5, 0x5A, 0xAD,
    0x39, 0xAD, 0x18, 0xA4, 0xF8, 0x9C, 0xB6, 0x9C, 0xB6, 0x9C, 0xB6, 0x9C, 0xB6, 0x9C, 0xB6, 0x9C,
    0xB6, 0x9C, 0xB6, 0x9C, 0xB6, 0x9C, 0xB6, 0x9C, 0xB6, 0xA4, 0xB6, 0xA4, 0xD6, 0xA4, 0xD6, 0xA4,
    0xD6, 0x9C, 0x95, 0x9C, 0xB5, 0xA4, 0xB6, 0xA4, 0xD6, 0xA4, 0xF6, 0xB5, 0x78, 0xDE, 0x9C, 0xCE,
    0x1A, 0xB5, 0x57, 0xC5, 0xD9, 0xD6, 0xFF, 0x5B, 0xDE, 0x7C, 0xCD, 0xFA, 0xC5, 0xB9, 0xBD, 0x78,
    0xFF, 0xFE, 0xFF, 0xFE, 0xFF, 0xFE, 0xFF, 0xFE, 0xFF, 0xFE, 0xFF, 0xFE, 0xFF, 0xFE, 0xFF, 0xFE,
    0xFF, 0xFE, 0xFF, 0xDD, 0xFF, 0xDD, 0xFF, 0xDD, 0xFF, 0xDD, 0xFF, 0xDD, 0xFF, 0xDD, 0xFF, 0xDD,
    0xFF, 0xDD, 0xFF, 0xDD, 0xFF, 0xDD, 0xFF, 0xDD, 0xFF, 0xDD, 0xFF, 0xDD, 0xFF, 0xBD, 0xFF, 0xBD,
    0xFF, 0xBD, 0xFF, 0xBD, 0xFF, 0xBD, 0xFF, 0xBD, 0xFF, 0xBD, 0xFF, 0xBD, 0xFF, 0x9D, 0xFF, 0xBD,
    0xFF, 0xBD, 0xFF, 0xBD, 0xFF, 0xBD, 0xFF, 0xBD, 0xFF, 0xBC, 0xFF, 0xBC, 0xFF, 0xBD, 0xFF, 0xBE,
    0xFF, 0xBF, 0xFF, 0x7F, 0xFF, 0x5F, 0xF6, 0x3C, 0xE5, 0xDA, 0xF6, 0x7B, 0xFF, 0x3E, 0xFF, 0x9F,
    0xFF, 0xBF, 0xFF, 0x7D, 0xFF, 0x9D, 0xFF, 0x9D, 0xFF, 0x9D, 0xFF, 0x9D, 0xFF, 0x9D, 0xFF, 0x9D,
    0xFF, 0x9D, 0xFF, 0xBD, 0xFF, 0xBD, 0xFF, 0xFF, 0xBD, 0xFF, 0xBD, 0xFF, 0xBD, 0xFF, 0xBD, 0xFF,
    0x9D, 0xFF, 0x9D, 0xFF, 0x9D, 0xFF, 0x9D, 0xFF, 0xBD, 0xFF, 0xBD, 0xFF, 0xBD, 0xFF, 0x9D, 0xFF,
    0x9D, 0xFF, 0x9D, 0xFF, 0x9D, 0xFF, 0x7C, 0xFF, 0x7C, 0xFF, 0x7C, 0xFF, 0x7C, 0xFF, 0x7C, 0xFF,
    0x7C, 0xFF, 0x5B, 0xFF, 0x5B, 0xFF, 0x5B, 0xFF, 0x5B, 0xFF, 0x3B, 0xFF, 0x3B, 0xFF, 0x3B, 0xFF,
    0x3B, 0xFF, 0x3B, 0xFF, 0x3B, 0xFF, 0x5B, 0xFF, 0x7B, 0xFF, 0x7B, 0xFF, 0x7B, 0xFF, 0x7B, 0xFF,
    0x7B, 0xFF, 0x7B, 0xFF, 0x7B, 0xFF, 0x7B, 0xFF, 0x7B, 0xFF, 0x5B, 0xFF, 0x5B, 0xFF, 0x5B, 0xFF,
    0x5B, 0xFF, 0x7C, 0xFF, 0x7C, 0xF6, 0xB9, 0xDD, 0xB5, 0xC4, 0xD3, 0x71, 0x87, 0x79, 0xA8, 0xA2,
    0xCD, 0xAB, 0x2F, 0xAB, 0x6F, 0xDD, 0x16, 0x9B, 0x4E, 0x93, 0x2D, 0x93, 0x0E, 0x92, 0xEF, 0x7A,
    0xCE, 0x18, 0x84, 0x20, 0xE6, 0x18, 0xE6, 0x20, 0xC6, 0xE6, 0x21, 0x07, 0x10, 0xA5, 0x08, 0x43,
    0x18, 0xA5, 0x28, 0xC6, 0x20, 0x85, 0x83, 0x30, 0x7A, 0xAD, 0x7A, 0x8C, 0x72, 0xAC, 0x41, 0x67,
    0x28, 0xE5, 0x18, 0xA4, 0x19, 0x06, 0x20, 0xE6, 0x20, 0xE6, 0x20, 0xE6, 0x20, 0xE6, 0x20, 0xE6,
    0x20, 0xE6, 0x20, 0xE6, 0x20, 0xE6, 0x20, 0xE6, 0x20, 0xE6, 0x20, 0xE6, 0x20, 0xE6, 0x20, 0xE6,
    0x20, 0xE6, 0x28, 0xE6, 0x28, 0xE6, 0x28, 0xE6, 0x20, 0xC5, 0x31, 0x68, 0x10, 0x23, 0x20, 0xE7,
    0x03, 0x29, 0xFF, 0x08, 0x28, 0xE7, 0x39, 0x48, 0x49, 0xA9, 0x49, 0x89, 0xDD, 0xFA, 0x9B, 0xB1,
    0xB4, 0x94, 0xF6, 0xBC, 0xEE, 0xBC, 0xEE, 0xBC, 0xEE, 0xDC, 0xEE, 0xDD, 0xEE, 0xDD, 0xEE, 0xDD,
    0xEE, 0xDD, 0xEE, 0xFD, 0xEE, 0xFD, 0xEE, 0xFD, 0xF7, 0x3D, 0xFF, 0x7E, 0xFF, 0x9F, 0xFF, 0xBF,
    0xF7, 0x5E, 0xEF, 0x1D, 0xEE, 0xFC, 0xEE, 0x9C, 0xEE, 0x9C, 0xEE, 0x9C, 0xEE, 0x7C, 0xEE, 0x7C,
    0xE6, 0x5B, 0xE6, 0x3A, 0xDE, 0x19, 0xDE, 0x1A, 0xE6, 0x3A, 0xEE, 0x7B, 0xEE, 0x7B, 0xEE, 0x7B,
    0xF6, 0x7C, 0xF6, 0x5C, 0xF6, 0x5C, 0xF6, 0x5C, 0xFE, 0xDE, 0xFE, 0xDE, 0xFE, 0xDE, 0xFE, 0xBD,
    0xFE, 0xBD, 0xFE, 0xBD, 0xFE, 0xBD, 0xFE, 0xBD, 0xFE, 0xBD, 0xFE, 0xBD, 0xFE, 0x9D, 0xFE, 0x9D,
    0xFE, 0x9D, 0xFE, 0x9D, 0xFE, 0x9D, 0xFE, 0x9D, 0xFE, 0x9D, 0xFE, 0x7D, 0xFE, 0x7D, 0xFE, 0x7D,
    0xFE, 0x7D, 0xFE, 0xB5, 0x7D, 0xFE, 0x7D, 0xFE, 0x9D, 0xFE, 0xBE, 0xFE, 0xBD, 0xFE, 0xBD, 0xCD,
    0x98, 0xC5, 0xB8, 0xBD, 0x98, 0xBD, 0xB9, 0xC5, 0xFA, 0xC5, 0xDA, 0xC5, 0xDA, 0xB5, 0x58, 0xB5,
    0x58, 0xB5, 0x58, 0xB5, 0x18, 0xB5, 0x18, 0xB5, 0x17, 0xB5, 0x37, 0xD6, 0x3B, 0xEF, 0x1E, 0xE6,
    0xBC, 0xDE, 0x9D, 0xE6, 0x9E, 0xE6, 0xDE, 0xEE, 0xFE, 0xEE, 0x02, 0xDE, 0xFF, 0x7D, 0xD6, 0x3C,
    0xBD, 0x9A, 0x9C, 0xB7, 0x8C, 0x35, 0x8C, 0x15, 0x8C, 0x15, 0x8C, 0x15, 0x8B, 0xF4, 0x8B, 0xF4,
    0x8C, 0x15, 0x94, 0x36, 0x9C, 0x56, 0x94, 0x56, 0x94, 0x35, 0x8C, 0x15, 0x8B, 0xF5, 0x8B, 0xF5,
    0x8B, 0xF5, 0x8B, 0xF5, 0x8B, 0xF5, 0x8B, 0xF5, 0x8C, 0x15, 0x8C, 0x35, 0x8C, 0x56, 0x94, 0x76,
    0x94, 0x97, 0xA4, 0xD8, 0xAD, 0x39, 0xAD, 0x5A, 0xAD, 0x5A, 0xAD, 0x5A, 0xAD, 0x39, 0xA4, 0xF8,
    0x9C, 0xD8, 0x9C, 0xB7, 0x9C, 0xB6, 0x9C, 0xB6, 0x9C, 0x96, 0x9C, 0x96, 0x9C, 0x96, 0x9C, 0x96,
    0x9C, 0x96, 0x9C, 0x96, 0x9C, 0x96, 0x9C, 0x96, 0x9C, 0x96, 0x9C, 0x96, 0x9C, 0x96, 0x9C, 0x96,
    0x9C, 0xB6, 0x9C, 0xB6, 0x9C, 0xB6, 0x9C, 0x95, 0xA4, 0xB6, 0xA4, 0xD6, 0xA4, 0xD6, 0xA4, 0xD5,
    0xB5, 0x37, 0xCE, 0x3B, 0xD6, 0x7C, 0xCE, 0x3B, 0xC5, 0xD9, 0xAC, 0xF6, 0xCD, 0xFF, 0xFA, 0xF7,
    0x1E, 0xF7, 0x1E, 0xE6, 0xDD, 0xFF, 0xFE, 0xFF, 0xFE, 0xFF, 0xFE, 0xFF, 0xFE, 0xFF, 0xFE, 0xFF,
    0xFE, 0xFF, 0xFE, 0xFF, 0xFE, 0xFF, 0xFE, 0xFF, 0xDD, 0xFF, 0xDD, 0xFF, 0xDD, 0xFF, 0xDD, 0xFF,
    0xDD, 0xFF, 0xDD, 0xFF, 0xDD, 0xFF, 0xDD, 0xFF, 0xDD, 0xFF, 0xDD, 0xFF, 0xDD, 0xFF, 0xDD, 0xFF,
    0xDD, 0xFF, 0xBD, 0xFF, 0xBD, 0xFF, 0xBD, 0xFF, 0xBD, 0xFF, 0xBD, 0xFF, 0xBD, 0xFF, 0xBD, 0xFF,
    0xBD, 0xFF, 0xBD, 0xFF, 0xBD, 0xFF, 0xBD, 0xFF, 0xBD, 0xFF, 0xBD, 0xFF, 0xBD, 0xFF, 0xBC, 0xFF,
    0xBC, 0xFF, 0xBD, 0xFF, 0x9D, 0xFF, 0x9E, 0xFF, 0x9F, 0xFF, 0x9F, 0xFF, 0x3F, 0xFE, 0x9E, 0xFD,
    0xDC, 0xFD, 0x7A, 0xFD, 0xDB, 0xFE, 0x9E, 0xFF, 0x5F, 0xFF, 0x7E, 0xFF, 0xBE, 0xFF, 0xBE, 0xF7,
    0xBD, 0xFF, 0xDD, 0xFF, 0xBD, 0xFF, 0xBD, 0xFF, 0xBD, 0xFF, 0xBD, 0xFF, 0xBD, 0xFF, 0xFF, 0xBD,
    0xFF, 0xBD, 0xFF, 0xBD, 0xFF, 0xBD, 0xFF, 0xBD, 0xFF, 0xBD, 0xFF, 0xBD, 0xFF, 0xBD, 0xFF, 0xBD,
    0xFF, 0xBD, 0xFF, 0x9D, 0xFF, 0x9D, 0xFF, 0x9D, 0xFF, 0x9D, 0xFF, 0xBD, 0xFF, 0xBD, 0xFF, 0xBD,
    0xFF, 0x7C, 0xFF, 0x7C, 0xFF, 0x7C, 0xFF, 0x5B, 0xFF, 0x5B, 0xFF, 0x5B, 0xFF, 0x5B, 0xFF, 0x3B,
    0xFF, 0x3B, 0xFF, 0x3B, 0xFF, 0x3B, 0xFF, 0x3B, 0xFF, 0x3B, 0xFF, 0x5B, 0xFF, 0x9C, 0xFF, 0x9C,
    0xFF, 0x9C, 0xFF, 0x9C, 0xFF, 0x9C, 0xFF, 0x9C, 0xFF, 0x9C, 0xFF, 0x9C, 0xFF, 0x9C, 0xFF, 0x7C,
    0xFF, 0x5B, 0xFF, 0x5B, 0xFF, 0x5B, 0xFF, 0x5B, 0xFF, 0x5B, 0xFF, 0x5C, 0xFF, 0x3C, 0xC4, 0xD2,
    0xA3, 0x4D, 0x9A, 0xEC, 0xAB, 0x2E, 0xAB, 0x2F, 0xA3, 0x4F, 0x9B, 0x0E, 0x93, 0x0D, 0x93, 0x0D,
    0x9B, 0x6F, 0x8A, 0xEE, 0x5A, 0x0A, 0x20, 0xC5, 0x20, 0xE6, 0x20, 0xE6, 0x20, 0xC7, 0x29, 0xFF,
    0x07, 0x08, 0x43, 0x39, 0x88, 0x20, 0x84, 0x18, 0x64, 0x62, 0x6C, 0x72, 0x8D, 0x82, 0xCD, 0x82,
    0xEE, 0x7A, 0xCD, 0x28, 0xA5, 0x20, 0xC5, 0x20, 0xE6, 0x20, 0xE6, 0x20, 0xE6, 0x20, 0xE6, 0x20,
    0xE6, 0x20, 0xE6, 0x20, 0xE6, 0x20, 0xE6, 0x20, 0xE6, 0x20, 0xE6, 0x20, 0xE6, 0x20, 0xE6, 0x20,
    0xE6, 0x20, 0xE6, 0x20, 0xE6, 0x20, 0xE6, 0x28, 0xE6, 0x28, 0xE6, 0x28, 0xE6, 0x29, 0x07, 0x29,
    0x27, 0x29, 0x27, 0x4A, 0x0B, 0x39, 0x69, 0x31, 0x07, 0x28, 0xE7, 0x28, 0xC5, 0x49, 0xA8, 0x51,
    0xE9, 0xE6, 0x5B, 0x9B, 0xF1, 0xDE, 0x1A, 0xF6, 0xFD, 0xEE, 0xFD, 0xEE, 0xFD, 0xEE, 0xFD, 0xEF,
    0x1D, 0xEE, 0xFE, 0xEE, 0xFE, 0xEE, 0xFD, 0xEE, 0xFD, 0xEE, 0xDD, 0xEE, 0xFD, 0xE6, 0xDC, 0xEE,
    0xFC, 0xEF, 0x1D, 0xF7, 0x7E, 0xFF, 0xDF, 0xFF, 0xBF, 0xFF, 0xBF, 0xFF, 0x9F, 0xFF, 0x9F, 0xFF,
    0xFF, 0x9F, 0xFF, 0x7E, 0xFF, 0x5E, 0xF7, 0x1D, 0xEE, 0xFD, 0xDE, 0xFD, 0xD6, 0x9C, 0xD6, 0x9B,
    0xDE, 0xBC, 0xDE, 0xBC, 0xDE, 0xBC, 0xDE, 0xBC, 0xD6, 0xBD, 0xD6, 0xBD, 0xDE, 0xBD, 0xD6, 0x9C,
    0xD6, 0x9D, 0xD6, 0x9C, 0xD6, 0x7C, 0xD6, 0x7C, 0xD6, 0x7C, 0xD6, 0x7C, 0xD6, 0x7C, 0xD6, 0x7C,
    0xD6, 0x7C, 0xD6, 0x5C, 0xD6, 0x5C, 0xD6, 0x5C, 0xD6, 0x5C, 0xD6, 0x3B, 0xD6, 0x3B, 0xD6, 0x3B,
    0xD6, 0x3C, 0xD6, 0x3C, 0xD6, 0x3C, 0xCE, 0x1B, 0xCE, 0x1B, 0xCE, 0x1B, 0xCD, 0xFB, 0xCD, 0xDB,
    0xCD, 0xFB, 0xC5, 0xFB, 0xC5, 0xFB, 0xB5, 0xDA, 0xAD, 0xB9, 0xAD, 0x99, 0xB5, 0x58, 0xAD, 0x38,
    0xAD, 0x17, 0xB5, 0x78, 0xB5, 0x58, 0xB5, 0x38, 0xB5, 0x18, 0xAC, 0xF7, 0xB5, 0x38, 0xCD, 0xFA,
    0xD6, 0x3A, 0xD6, 0x3A, 0xCD, 0xF9, 0xCD, 0xF9, 0xCD, 0xDA, 0xCD, 0xDA, 0xCD, 0xDA, 0xCD, 0xDA,
    0xCD, 0xFF, 0xB9, 0xC5, 0xB9, 0xBD, 0x59, 0xB5, 0x18, 0xA4, 0xB6, 0x9C, 0x76, 0x9C, 0x76, 0x9C,
    0x76, 0x9C, 0x55, 0x8C, 0x35, 0x8C, 0x15, 0x8C, 0x14, 0x94, 0x35, 0x8C, 0x14, 0x8B, 0xF4, 0x83,
    0xD4, 0x83, 0xD4, 0x83, 0xD4, 0x83, 0xD4, 0x83, 0xD4, 0x83, 0xD4, 0x83, 0xD4, 0x8C, 0x15, 0x84,
    0x15, 0x83, 0xF4, 0x83, 0xF4, 0x8C, 0x15, 0x8C, 0x36, 0x94, 0x76, 0x9C, 0x97, 0x9C, 0x97, 0x9C,
    0x97, 0x94, 0x76, 0x94, 0x56, 0x94, 0x56, 0x94, 0x76, 0x94, 0x75, 0x94, 0x96, 0x9C, 0xB6, 0x94,
    0x75, 0x94, 0x75, 0x94, 0x75, 0x94, 0x75, 0x94, 0x75, 0x94, 0x75, 0x94, 0x75, 0x94, 0x75, 0x94,
    0x75, 0x94, 0x75, 0x9C, 0x75, 0x9C, 0x95, 0x9C, 0x95, 0x9C, 0x95, 0xA4, 0xB6, 0xA4, 0xD6, 0xA4,
    0xD6, 0xAC, 0xF6, 0xAD, 0x16, 0xAD, 0x37, 0xB5, 0x57, 0xB5, 0x57, 0xBD, 0x99, 0xCE, 0x3B, 0xDE,
    0x7C, 0xC5, 0xFF, 0xB9, 0xAD, 0x16, 0xB5, 0x16, 0xCD, 0xD9, 0xFF, 0xFE, 0xFF, 0xFE, 0xFF, 0xFE,
    0xFF, 0xFE, 0xFF, 0xFE, 0xFF, 0xFE, 0xFF, 0xDD, 0xFF, 0xFE, 0xF7, 0x7C, 0xFF, 0xBD, 0xFF, 0xBD,
    0xFF, 0xBD, 0xFF, 0xDD, 0xFF, 0xDD, 0xFF, 0xDD, 0xFF, 0xDD, 0xFF, 0xDD, 0xFF, 0xDD, 0xFF, 0xDD,
    0xFF, 0xDD, 0xFF, 0xDD, 0xFF, 0xDD, 0xFF, 0xBD, 0xFF, 0xBD, 0xFF, 0xBD, 0xFF, 0xBD, 0xFF, 0xBD,
    0xFF, 0xBD, 0xFF, 0xBD, 0xFF, 0xBD, 0xFF, 0xBD, 0xFF, 0xBD, 0xFF, 0xBD, 0xFF, 0xBD, 0xFF, 0xBD,
    0xFF, 0xBD, 0xFF, 0xBC, 0xFF, 0xBC, 0xFF, 0xBC, 0xFF, 0xBD, 0xFF, 0x9D, 0xFF, 0x9D, 0xFF, 0x9E,
    0xFF, 0x7F, 0xFF, 0x3F, 0xFE, 0x3D, 0xFD, 0x5B, 0xFD, 0x3A, 0xF5, 0x5A, 0xF6, 0x1C, 0xFF, 0x1E,
    0xFF, 0xBF, 0xF7, 0x9E, 0xF7, 0xDE, 0xF7, 0xDD, 0xFF, 0xBD, 0xFF, 0xBD, 0xFF, 0xBD, 0xFF, 0xBD,
    0xFF, 0xBD, 0xFF, 0xFF, 0xBD, 0xFF, 0xBD, 0xFF, 0xBD, 0xFF, 0xBD, 0xFF, 0xBD, 0xFF, 0xBD, 0xFF,
    0xBD, 0xFF, 0xBD, 0xFF, 0xBD, 0xFF, 0xBD, 0xFF, 0x9D, 0xFF, 0x9D, 0xFF, 0x9D, 0xFF, 0x9D, 0xFF,
    0x9D, 0xFF, 0x9D, 0xFF, 0x9D, 0xFF, 0x7C, 0xFF, 0x7C, 0xFF, 0x7C, 0xFF, 0x7C, 0xFF, 0x7C, 0xFF,
    0x7C, 0xFF, 0x5B, 0xFF, 0x5B, 0xFF, 0x5B, 0xFF, 0x5B, 0xFF, 0x3B, 0xFF, 0x3B, 0xFF, 0x3B, 0xFF,
    0x3B, 0xFF, 0x5B, 0xFF, 0x7C, 0xFF, 0x9C, 0xFF, 0x9C, 0xFF, 0x9C, 0xFF, 0x9C, 0xFF, 0x9C, 0xFF,
    0x9C, 0xFF, 0x9C, 0xFF, 0x7C, 0xFF, 0x7C, 0xFF, 0x7C, 0xFF, 0x7C, 0xF7, 0x5B, 0xF7, 0x5B, 0xFF,
    0x5B, 0xFF, 0x1B, 0xBC, 0x92, 0xE5, 0x55, 0xAB, 0x6E, 0xAB, 0x2F, 0xAB, 0x0E, 0xA3, 0x0E, 0x92,
    0xED, 0x92, 0xED, 0x93, 0x0D, 0x8A, 0xEE, 0x8B, 0x2F, 0x39, 0x06, 0x18, 0xA5, 0x21, 0x06, 0x20,
    0xE6, 0x20, 0xA6, 0x20, 0xFF, 0xC6, 0x18, 0x63, 0x41, 0xA8, 0x20, 0x84, 0x18, 0x22, 0x93, 0x90,
    0x51, 0xA9, 0x8B, 0x0E, 0x8B, 0x0E, 0x83, 0x0E, 0x18, 0x43, 0x20, 0xC5, 0x29, 0x27, 0x18, 0xE6,
    0x18, 0xC5, 0x18, 0xE5, 0x21, 0x06, 0x21, 0x06, 0x20, 0xE6, 0x20, 0xE6, 0x20, 0xE6, 0x20, 0xE6,
    0x20, 0xE6, 0x20, 0xE6, 0x20, 0xE6, 0x20, 0xE6, 0x21, 0x07, 0x29, 0x27, 0x29, 0x27, 0x29, 0x27,
    0x29, 0x07, 0x31, 0x27, 0x31, 0x47, 0x39, 0x68, 0x94, 0x33, 0x28, 0xE7, 0x31, 0x27, 0x28, 0xA5,
    0x20, 0x84, 0x62, 0x4B, 0x6A, 0x6B, 0xF6, 0xDC, 0x8B, 0xB0, 0xEE, 0xBC, 0xE6, 0xDC, 0xEE, 0xFD,
    0xE7, 0x1D, 0xE7, 0x1D, 0xEF, 0x1D, 0xEE, 0xFD, 0xEE, 0xFE, 0xEF, 0x1E, 0xEF, 0x1E, 0xEE, 0xFD,
    0xEE, 0xFD, 0xEF, 0x1D, 0xEF, 0x1D, 0xEF, 0x3D, 0xF7, 0x7E, 0xFF, 0xBF, 0xFF, 0xDF, 0xFF, 0xDF,
    0xFF, 0xBF, 0xFF, 0xBF, 0xFF, 0xFF, 0xBF, 0xFF, 0xBF, 0xFF, 0xBE, 0xFF, 0x9E, 0xFF, 0x7E, 0xF7,
    0x7F, 0xEF, 0x1E, 0xEE, 0xFD, 0xD6, 0x5B, 0xDE, 0x7B, 0xDE, 0x7C, 0xDE, 0xBC, 0xDE, 0xDD, 0xDE,
    0xDD, 0xDE, 0xBD, 0xD6, 0x7C, 0xD6, 0x7C, 0xD6, 0x7C, 0xDE, 0x7D, 0xD6, 0x7D, 0xD6, 0x5D, 0xD6,
    0x3C, 0xD6, 0x3C, 0xD6, 0x3C, 0xD6, 0x3C, 0xCE, 0x1C, 0xCE, 0x1C, 0xCE, 0x1C, 0xCE, 0x1C, 0xCE,
    0x3C, 0xCE, 0x1C, 0xCE, 0x1C, 0xCD, 0xFB, 0xCD, 0xFB, 0xCD, 0xFB, 0xC5, 0xDB, 0xC5, 0xDB, 0xC5,
    0xDB, 0xC5, 0xBB, 0xC5, 0x9A, 0xC5, 0x9A, 0xC5, 0x9A, 0xC5, 0xBA, 0xC5, 0xDB, 0xC5, 0xFC, 0xC6,
    0x1C, 0xC5, 0xFA, 0xBD, 0xB9, 0xBD, 0x79, 0xA4, 0xF6, 0xA4, 0xD6, 0xA4, 0xD6, 0xA4, 0xB6, 0xA4,
    0xB6, 0xAC, 0xD6, 0xB5, 0x16, 0xBD, 0x77, 0xC5, 0xB8, 0xD5, 0xF9, 0xCD, 0xD9, 0xCD, 0xD9, 0xCD,
    0xD9, 0xCD, 0xD9, 0xD5, 0xD9, 0xD5, 0xFF, 0xD9, 0xD5, 0xD9, 0xCD, 0xBA, 0xCD, 0xDB, 0xD5, 0xFB,
    0xC5, 0x99, 0xC5, 0x79, 0xBD, 0x79, 0xA4, 0xB7, 0x83, 0xD3, 0x83, 0xB3, 0x7B, 0x92, 0x8C, 0x14,
    0x8B, 0xF4, 0x83, 0xD3, 0x83, 0xD3, 0x8B, 0xD4, 0x8B, 0xD4, 0x8B, 0xD4, 0x8B, 0xF5, 0x8B, 0xF5,
    0x8B, 0xF5, 0x8C, 0x15, 0x84, 0x15, 0x84, 0x15, 0x83, 0xF5, 0x83, 0xF4, 0x83, 0xF5, 0x8C, 0x15,
    0x94, 0x97, 0x94, 0x97, 0x94, 0x97, 0x94, 0x76, 0x94, 0x56, 0x94, 0x56, 0x94, 0x56, 0x94, 0x96,
    0x94, 0x96, 0x94, 0x96, 0x94, 0x55, 0x94, 0x55, 0x94, 0x55, 0x94, 0x76, 0x9C, 0xB6, 0x9C, 0xB6,
    0x9C, 0xB6, 0x94, 0x55, 0x9C, 0x75, 0x9C, 0x96, 0x9C, 0xB6, 0x9C, 0xB6, 0x9C, 0x95, 0x9C, 0x95,
    0xA4, 0xF7, 0xA4, 0xF7, 0xA4, 0xF7, 0xAC, 0xF6, 0xAC, 0xF6, 0xA4, 0xF6, 0xA4, 0xD5, 0xA4, 0xF6,
    0xAD, 0x37, 0xBD, 0x98, 0xC5, 0xB9, 0xCD, 0xFF, 0xFA, 0xDE, 0x7B, 0xDE, 0x5B, 0xCD, 0xFA, 0xFF,
    0xFE, 0xFF, 0xFE, 0xFF, 0xFE, 0xFF, 0xFE, 0xFF, 0xFE, 0xFF, 0xDD, 0xFF, 0xDE, 0xFF, 0xDE, 0xFF,
    0x9D, 0xFF, 0xFE, 0xFF, 0xDD, 0xFF, 0xFE, 0xFF, 0xDD, 0xFF, 0xDD, 0xFF, 0xDD, 0xFF, 0xDD, 0xFF,
    0xDD, 0xFF, 0xDD, 0xFF, 0xDD, 0xFF, 0xDD, 0xFF, 0xDD, 0xFF, 0xDD, 0xFF, 0xBD, 0xFF, 0xBD, 0xFF,
    0xBD, 0xFF, 0xBD, 0xFF, 0xBD, 0xFF, 0xBD, 0xFF, 0xBD, 0xFF, 0xBD, 0xFF, 0xBD, 0xFF, 0xBD, 0xFF,
    0xBD, 0xFF, 0xBD, 0xFF, 0xBD, 0xFF, 0xBD, 0xFF, 0xBC, 0xFF, 0xBC, 0xFF, 0xBC, 0xFF, 0xBC, 0xFF,
    0xBC, 0xFF, 0xBC, 0xFF, 0xBD, 0xFF, 0xBF, 0xFF, 0x9F, 0xFF, 0x1E, 0xFD, 0x9B, 0xFD, 0x1A, 0xF4,
    0xD9, 0xFD, 0x1A, 0xFD, 0xBC, 0xFF, 0x3F, 0xFF, 0xBF, 0xF7, 0xBE, 0xF7, 0xDD, 0xFF, 0xBC, 0xFF,
    0xBD, 0xFF, 0xBD, 0xFF, 0xBD, 0xFF, 0xBD, 0xFF, 0xFF, 0xBD, 0xFF, 0xBD, 0xFF, 0xBD, 0xFF, 0xBD,
    0xFF, 0xBD, 0xFF, 0xBD, 0xFF, 0xBD, 0xFF, 0xBD, 0xFF, 0xBD, 0xFF, 0xBD, 0xFF, 0x9D, 0xFF, 0x9D,
    0xFF, 0x9D, 0xFF, 0x9D, 0xFF, 0x9D, 0xFF, 0x9D, 0xFF, 0x9D, 0xFF, 0x7C, 0xFF, 0x7C, 0xFF, 0x7C,
    0xFF, 0x7C, 0xFF, 0x7C, 0xFF, 0x7C, 0xFF, 0x5B, 0xFF, 0x5B, 0xFF, 0x5B, 0xFF, 0x5B, 0xFF, 0x3B,
    0xFF, 0x3B, 0xFF, 0x3B, 0xFF, 0x5B, 0xFF, 0x5B, 0xFF, 0x7C, 0xFF, 0x9C, 0xFF, 0x9C, 0xFF, 0x9C,
    0xFF, 0x9C, 0xFF, 0x7C, 0xFF, 0x7C, 0xFF, 0x7C, 0xFF, 0x7C, 0xFF, 0x7C, 0xFF, 0x7C, 0xFF, 0x7C,
    0xFF, 0x7C, 0xF7, 0x7C, 0xFF, 0x5C, 0xFF, 0x1B, 0xBC, 0xB2, 0xEE, 0x59, 0xAB, 0x6E, 0xAB, 0x2F,
    0xAB, 0x0E, 0xA3, 0x2E, 0xA3, 0x6F, 0x9B, 0x4E, 0x93, 0x4E, 0x8B, 0x2E, 0x72, 0xAD, 0x28, 0x84,
    0x20, 0xE6, 0x21, 0x06, 0x20, 0xE6, 0x28, 0x86, 0x18, 0xFF, 0x64, 0x39, 0x87, 0x31, 0x05, 0x18,
    0x22, 0x59, 0xEA, 0x59, 0xC9, 0x61, 0xC9, 0x8A, 0xEE, 0x8B, 0x0E, 0x83, 0x2E, 0x18, 0x23, 0x20,
    0xC5, 0x21, 0x06, 0x18, 0xC5, 0x18, 0xC5, 0x18, 0xE5, 0x21, 0x06, 0x21, 0x06, 0x20, 0xE6, 0x20,
    0xE6, 0x20, 0xE6, 0x20, 0xE6, 0x20, 0xE6, 0x20, 0xE6, 0x20, 0xE6, 0x20, 0xE6, 0x21, 0x07, 0x20,
    0xE6, 0x20, 0xC5, 0x20, 0xE6, 0x29, 0x06, 0x20, 0xC6, 0x31, 0x68, 0x29, 0x27, 0x9C, 0x74, 0x6A,
    0xAD, 0x49, 0xC9, 0x49, 0x68, 0x28, 0x84, 0x62, 0x09, 0x82, 0xED, 0xFE, 0xFD, 0xBD, 0x36, 0xEE,
    0xFD, 0xEE, 0xFC, 0xEF, 0x5E, 0xEF, 0x5E, 0xEF, 0x5E, 0xEE, 0xFD, 0xEE, 0xFD, 0xEE, 0xFD, 0xEE,
    0xFD, 0xEE, 0xFE, 0xEE, 0xDD, 0xE6, 0xDD, 0xF7, 0x5E, 0xFF, 0x9F, 0xFF, 0xDF, 0xFF, 0xDF, 0xFF,
    0xDF, 0xFF, 0xDF, 0xFF, 0xDF, 0xFF, 0xFE, 0xFF, 0xDE, 0xFF, 0x80, 0xFE, 0x03, 0xFF, 0xFF, 0xFE,
    0xFF, 0xDE, 0xFF, 0xBE, 0xFF, 0x9F, 0xFF, 0x5E, 0xFF, 0x3D, 0xF6, 0xFD, 0xEE, 0xBC, 0xE6, 0x9B,
    0xE6, 0x7B, 0xDE, 0x7A, 0xDE, 0x7B, 0xDE, 0x7A, 0xE6, 0x9B, 0xDE, 0x5A, 0xDE, 0x5A, 0xDE, 0x3C,
    0xDE, 0x1C, 0xDE, 0x1C, 0xDE, 0x1C, 0xDE, 0x3C, 0xDE, 0x1C, 0xDE, 0x1C, 0xD6, 0x1B, 0xD6, 0x1B,
    0xD6, 0x1B, 0xD5, 0xFB, 0xD5, 0xFB, 0xCD, 0xDB, 0xCD, 0xDB, 0xD5, 0xDC, 0xD5, 0xDC, 0xD5, 0xDC,
    0xCD, 0xDB, 0xCD, 0xDB, 0xCD, 0xDB, 0xCD, 0xBB, 0xCD, 0x9B, 0xCD, 0x9A, 0xCD, 0x9B, 0xC5, 0x5A,
    0xCD, 0x7A, 0xCD, 0x9A, 0xC5, 0xBA, 0xBD, 0xB9, 0xBD, 0x79, 0xB5, 0x58, 0xB5, 0x58, 0xB5, 0x58,
    0xB5, 0x38, 0xA4, 0xB6, 0xA4, 0xB6, 0xAC, 0xD6, 0xB5, 0x17, 0xB5, 0x57, 0xB5, 0x57, 0xB5, 0x56,
    0xCD, 0xD9, 0xD5, 0xB8, 0xD5, 0xD9, 0xD5, 0xD9, 0xD5, 0xB9, 0xD5, 0xB9, 0xD5, 0xB9, 0xBD, 0xFF,
    0x38, 0xBD, 0x17, 0xB4, 0xF7, 0xC5, 0x58, 0xBD, 0x38, 0xBD, 0x17, 0xB4, 0xF7, 0xAD, 0x17, 0xAC,
    0xF7, 0xA4, 0xD7, 0x9C, 0x96, 0x9C, 0x75, 0x94, 0x55, 0x8C, 0x14, 0x8B, 0xD4, 0x8B, 0xD4, 0x8B,
    0xD4, 0x8B, 0xF5, 0x8B, 0xF5, 0x8B, 0xF5, 0x8C, 0x15, 0x84, 0x15, 0x84, 0x15, 0x8C, 0x15, 0x8C,
    0x15, 0x8C, 0x15, 0x8C, 0x15, 0x8C, 0x35, 0x8C, 0x35, 0x8C, 0x35, 0x8C, 0x36, 0x94, 0x56, 0x94,
    0x56, 0x94, 0x56, 0x94, 0x75, 0x94, 0x75, 0x94, 0x75, 0x94, 0x76, 0x94, 0x76, 0x94, 0x76, 0x8C,
    0x55, 0x83, 0xF3, 0x83, 0xF3, 0x83, 0xF3, 0x94, 0x34, 0x94, 0x34, 0x94, 0x55, 0x94, 0x75, 0x9C,
    0x95, 0xA4, 0xB6, 0xA4, 0xD6, 0xA4, 0xF7, 0xA4, 0xF7, 0xA4, 0xF7, 0xAD, 0x17, 0xAD, 0x17, 0xAD,
    0x16, 0xA4, 0xF6, 0xA4, 0xD5, 0xA4, 0xD5, 0xA4, 0xD5, 0xA4, 0x94, 0x9C, 0x74, 0x94, 0x33, 0x94,
    0xDD, 0x33, 0x94, 0x33, 0xFF, 0xFE, 0xFF, 0xFE, 0xFF, 0xFE, 0xFF, 0xFE, 0xFF, 0xFE, 0xFF, 0xDE,
    0x83, 0x4C, 0x83, 0x0C, 0xCD, 0x34, 0xFF, 0xDD, 0xFF, 0xFE, 0xFF, 0xDE, 0xFF, 0xDD, 0xFF, 0xDD,
    0xFF, 0xDD, 0xFF, 0xDD, 0xFF, 0xDD, 0xFF, 0xDD, 0xFF, 0xDD, 0xFF, 0xDD, 0xFF, 0xDD, 0xFF, 0xDD,
    0xFF, 0xBD, 0xFF, 0xBD, 0xFF, 0xBD, 0xFF, 0xBD, 0xFF, 0xBD, 0xFF, 0xBD, 0xFF, 0xBD, 0xFF, 0xBD,
    0xFF, 0xBD, 0xFF, 0xBD, 0xFF, 0xBD, 0xFF, 0xBD, 0xFF, 0xBD, 0xFF, 0xBD, 0xFF, 0xBC, 0xFF, 0xBC,
    0xFF, 0xBC, 0xFF, 0xBC, 0xFF, 0xBB, 0xFF, 0xBB, 0xFF, 0xBB, 0xFF, 0xDD, 0xFF, 0xFD, 0xFF, 0x02,
    0xFE, 0x02, 0xFD, 0x88, 0xBA, 0xFC, 0x58, 0xFB, 0x97, 0xF3, 0xD8, 0xFD, 0x9B, 0x02, 0xFE, 0xFF,
    0xFF, 0x9E, 0xF7, 0xDD, 0xFF, 0xBC, 0xFF, 0xBC, 0xFF, 0xBD, 0xFF, 0xBD, 0xFF, 0xBD, 0xFF, 0xBD,
    0xFF, 0xBD, 0xFF, 0xBD, 0xFF, 0x9D, 0xFF, 0x9D, 0xFF, 0x9D, 0xFF, 0x9D, 0xFF, 0x9D, 0xFF, 0x9D,
    0xFF, 0x9D, 0xFF, 0x9D, 0xFF, 0x9D, 0xFF, 0x9D, 0xFF, 0x9D, 0xFF, 0x9D, 0xFF, 0x9D, 0xFF, 0x9D,
    0xFF, 0x7C, 0xFF, 0x7C, 0xFF, 0x7C, 0xFF, 0x7C, 0xFF, 0x7C, 0xFF, 0x7C, 0xFF, 0x7B, 0xFF, 0x5B,
    0xFF, 0x5B, 0xFF, 0x5B, 0xFF, 0x7C, 0xFF, 0x7C, 0xFF, 0x7C, 0xFF, 0x5B, 0xFF, 0x5B, 0xFF, 0x7C,
    0xFF, 0x9C, 0xFF, 0x7C, 0xFF, 0x7C, 0xFF, 0x7C, 0xFF, 0x5B, 0xFF, 0x5B, 0xFF, 0x5B, 0xFF, 0x7B,
    0xFF, 0x7C, 0xFF, 0x7C, 0xFF, 0x7C, 0xFF, 0x9C, 0xFF, 0x9C, 0xFF, 0x9C, 0xFF, 0x9D, 0xE6, 0x38,
    0xE5, 0xD7, 0xC4, 0x92, 0xAB, 0x2F, 0xAB, 0x0E, 0xA3, 0x2E, 0xA3, 0x6F, 0x9B, 0x4E, 0x9B, 0x2E,
    0xFF, 0x8B, 0x2E, 0x39, 0x27, 0x20, 0x64, 0x20, 0xE5, 0x21, 0x06, 0x28, 0xC6, 0x28, 0x87, 0x41,
    0x28, 0x7B, 0x6E, 0x18, 0x22, 0x51, 0xC9, 0x59, 0xC9, 0x7A, 0xAC, 0x7A, 0xAC, 0x8A, 0xED, 0x8B,
    0x0E, 0x8B, 0x4F, 0x20, 0x63, 0x20, 0xC5, 0x20, 0xE6, 0x08, 0x84, 0x18, 0xC5, 0x20, 0xC5, 0x21,
    0x06, 0x21, 0x06, 0x20, 0xE6, 0x20, 0xE6, 0x20, 0xE6, 0x20, 0xE6, 0x20, 0xE6, 0x20, 0xE6, 0x20,
    0xE6, 0x20, 0xE6, 0x21, 0x07, 0x29, 0x27, 0x29, 0x07, 0x29, 0x06, 0x29, 0x06, 0x18, 0x84, 0x31,
    0x47, 0x39, 0x89, 0xAC, 0xF5, 0xBD, 0x57, 0x5A, 0x0A, 0x49, 0x67, 0xA4, 0x11, 0x6A, 0x4A, 0xC5,
    0x35, 0xFF, 0x1D, 0xFF, 0x9F, 0xFF, 0x7F, 0xF7, 0x9F, 0xFF, 0xDF, 0xF7, 0xDF, 0xF7, 0xDF, 0xFF,
    0x7F, 0xFF, 0x7F, 0xFF, 0x7F, 0xFF, 0x7F, 0xFF, 0x5F, 0xF7, 0x3F, 0xF7, 0x3E, 0xE6, 0xFC, 0xE7,
    0x1D, 0xFF, 0xEF, 0x3D, 0xF7, 0x5E, 0xFF, 0xBF, 0xFF, 0xBF, 0xFF, 0xDF, 0xFF, 0xDE, 0xFF, 0xDE,
    0xFF, 0xDE, 0xFF, 0xDE, 0xFF, 0xDE, 0xFF, 0xFE, 0xFF, 0xFE, 0xFF, 0xDD, 0xFF, 0xDD, 0xFF, 0xDE,
    0xFF, 0xDD, 0xFF, 0x9D, 0xFF, 0x9C, 0xFF, 0x9D, 0xFF, 0xDE, 0xFF, 0xDE, 0xFF, 0xDE, 0xFF, 0x5C,
    0xF7, 0x1B, 0xEE, 0xDA, 0xEE, 0x9C, 0xEE, 0x9D, 0xEE, 0x7C, 0xE6, 0x5C, 0xE6, 0x5B, 0xE6, 0x5C,
    0xE6, 0x5C, 0xDE, 0x5B, 0xDE, 0x5B, 0xDE, 0x5B, 0xDE, 0x5B, 0xDE, 0x3B, 0xD6, 0x3B, 0xD6, 0x1A,
    0xD6, 0x1B, 0xD6, 0x1B, 0xD6, 0x1B, 0xD5, 0xFB, 0xD5, 0xFB, 0xD5, 0xFB, 0xCD, 0xFA, 0xCD, 0xDA,
    0xCD, 0xDA, 0xCD, 0xDA, 0xCD, 0xDA, 0xCD, 0xBA, 0xCD, 0x99, 0xC5, 0x99, 0xC5, 0xBA, 0xC5, 0xBA,
    0xBD, 0xBA, 0xC5, 0xDA, 0xC5, 0xDA, 0xC5, 0xBA, 0xCD, 0xDB, 0xCD, 0xFB, 0xD6, 0x1B, 0xD6, 0x3B,
    0xD6, 0x3B, 0xFF, 0xD6, 0x1A, 0xCD, 0xF9, 0xCD, 0x98, 0xCD, 0x97, 0xCD, 0x97, 0xCD, 0x97, 0xCD,
    0x97, 0xCD, 0x97, 0xCD, 0x98, 0xD5, 0xB9, 0xCD, 0x99, 0xCD, 0x78, 0xC5, 0x57, 0xC5, 0x37, 0xBD,
    0x17, 0xB5, 0x17, 0xAD, 0x37, 0xAD, 0x17, 0xAC, 0xF7, 0x9C, 0x75, 0x94, 0x74, 0x94, 0x54, 0x94,
    0x55, 0x9C, 0x97, 0x9C, 0x97, 0x9C, 0x97, 0xA4, 0x97, 0xA4, 0x97, 0xA4, 0x97, 0x9C, 0xB7, 0x9C,
    0xB7, 0x9C, 0xB7, 0x9C, 0x97, 0x94, 0x97, 0x94, 0x56, 0x8C, 0x35, 0x8C, 0x15, 0x8C, 0x15, 0x8C,
    0x15, 0x8C, 0x35, 0x8C, 0x35, 0x8C, 0x35, 0x8C, 0x35, 0x8C, 0x34, 0x8C, 0x34, 0x8C, 0x34, 0x8C,
    0x35, 0x8C, 0x34, 0x8C, 0x35, 0x94, 0x55, 0x9C, 0x75, 0x9C, 0x75, 0x9C, 0x75, 0x94, 0x55, 0x94,
    0x75, 0x9C, 0x75, 0x9C, 0x96, 0x9C, 0xB5, 0xA4, 0xF6, 0xAC, 0xF7, 0xA4, 0xF7, 0xA4, 0xF7, 0xA4,
    0xF7, 0xA4, 0xF6, 0x86, 0xA4, 0xD6, 0xA4, 0xD5, 0x9C, 0xB5, 0x9C, 0x02, 0x94, 0xFF, 0x74, 0x94,
    0x33, 0x83, 0xD1, 0x94, 0x12, 0xA4, 0x94, 0xAC, 0xF5, 0xBD, 0x78, 0xFF, 0xFE, 0xFF, 0xFE, 0xF7,
    0xFE, 0xFF, 0xFE, 0xFF, 0xFE, 0xFF, 0xFE, 0xA4, 0x10, 0xCD, 0x14, 0xA3, 0xAF, 0xAC, 0xB2, 0xF6,
    0xFB, 0xFF, 0x7C, 0xFF, 0xBD, 0xFF, 0xDD, 0xFF, 0xDD, 0xFF, 0xDD, 0xFF, 0xDD, 0xFF, 0xDD, 0xFF,
    0xDD, 0xFF, 0xDD, 0xFF, 0xDD, 0xFF, 0xDD, 0xFF, 0xBD, 0xFF, 0xBD, 0xFF, 0xBD, 0xFF, 0xBD, 0xFF,
    0xBD, 0xFF, 0xBD, 0xFF, 0xBD, 0xFF, 0xBD, 0xFF, 0xBD, 0xFF, 0xBD, 0xFF, 0xBD, 0xFF, 0xBD, 0xFF,
    0xBD, 0xFF, 0xBD, 0xFF, 0xBC, 0xFF, 0xBC, 0xFF, 0xBC, 0xFF, 0xBB, 0xFF, 0xBB, 0xFF, 0xDB, 0xFF,
    0xDB, 0xFF, 0xFC, 0xEF, 0xFC, 0xE7, 0xDC, 0xFF, 0x9E, 0xFE, 0x3C, 0xFC, 0x98, 0xFB, 0x76, 0xFB,
    0x76, 0xF4, 0xB8, 0xFE, 0x3B, 0xFF, 0x7E, 0xFF, 0xBD, 0xFF, 0xBC, 0xFF, 0xBC, 0xFF, 0xFF, 0xBD,
    0xFF, 0xBD, 0xFF, 0xBD, 0xFF, 0xBD, 0xFF, 0xBD, 0xFF, 0xBD, 0xFF, 0x9C, 0xFF, 0x9C, 0xFF, 0x9C,
    0xFF, 0x9C, 0xFF, 0x9C, 0xFF, 0x9C, 0xFF, 0x9C, 0xFF, 0x9D, 0xFF, 0x9D, 0xFF, 0x9D, 0xFF, 0x9D,
    0xFF, 0x9C, 0xFF, 0x9C, 0xFF, 0x9D, 0xFF, 0x7C, 0xFF, 0x7C, 0xFF, 0x7C, 0xFF, 0x7C, 0xFF, 0x7C,
    0xFF, 0x7C, 0xFF, 0x7C, 0xFF, 0x5C, 0xFF, 0x5C, 0xFF, 0x5C, 0xFF, 0x7C, 0xFF, 0x7C, 0xFF, 0x7C,
    0xFF, 0x7C, 0xFF, 0x7C, 0xFF, 0x7C, 0xFF, 0x9C, 0xFF, 0x7C, 0xFF, 0x7C, 0xFF, 0x7C, 0xF7, 0x5B,
    0xFF, 0x5B, 0xFF, 0x5B, 0xFF, 0x5C, 0xFF, 0x7C, 0xFF, 0x7C, 0xFF, 0x7C, 0xFF, 0xBC, 0xFF, 0xBC,
    0xFF, 0x9D, 0xFF, 0x7C, 0xF7, 0x1B, 0xE5, 0xD6, 0xBC, 0x31, 0xAB, 0x2E, 0xAB, 0x2E, 0xA3, 0x0E,
    0x92, 0xED, 0x93, 0x0D, 0x93, 0x0D, 0x83, 0x0E, 0x20, 0xA5, 0x28, 0xE6, 0x18, 0xA5, 0x21, 0xDC,
    0x06, 0x20, 0xE6, 0x28, 0x86, 0x51, 0xA9, 0x8B, 0x6F, 0x41, 0x26, 0x6A, 0x6B, 0x72, 0x8C, 0x8B,
    0x0E, 0x9B, 0x70, 0x8A, 0xEE, 0x8B, 0x0E, 0x8B, 0x6F, 0x20, 0x84, 0x28, 0xC5, 0x20, 0xC5, 0x08,
    0x43, 0x18, 0xC5, 0x18, 0xE6, 0x21, 0x06, 0x21, 0x06, 0x20, 0xE6, 0x20, 0xE5, 0x20, 0xE6, 0x20,
    0xC6, 0x20, 0xC6, 0x20, 0xE6, 0x20, 0xE6, 0x20, 0xE6, 0x21, 0x07, 0x31, 0x68, 0x39, 0xA8, 0x31,
    0x67, 0x29, 0x06, 0x20, 0xA5, 0x29, 0x26, 0x4A, 0x2A, 0xBD, 0x97, 0xF6, 0xFC, 0x73, 0x0C, 0x51,
    0xE8, 0xF6, 0xBB, 0x7B, 0x0C, 0xE6, 0x5A, 0xF7, 0x3D, 0xFF, 0xDF, 0xFF, 0xDF, 0x09, 0xFF, 0xFF,
    0xDF, 0xFF, 0xDF, 0xFF, 0xDF, 0xFF, 0xBF, 0xFF, 0xBF, 0xFF, 0x9F, 0xFF, 0x9F, 0xFF, 0xDF, 0xFF,
    0x9E, 0xF7, 0x5E, 0xEF, 0x3D, 0xEF, 0x3D, 0xF7, 0x7E, 0xF7, 0x7E, 0xF7, 0x9D, 0xF7, 0x9D, 0xF7,
    0x9D, 0xF7, 0x9D, 0xFF, 0xBD, 0xFF, 0xDE, 0xFF, 0xDD, 0xF7, 0xDC, 0xFF, 0xFC, 0xFF, 0xFD, 0xFF,
    0xFD, 0xFF, 0xFD, 0xFF, 0xFD, 0xFF, 0xFC, 0xFF, 0xBC, 0xFF, 0xBC, 0xFF, 0xBC, 0xFF, 0xDD, 0xFF,
    0x9C, 0xFF, 0x5C, 0xF7, 0x1D, 0xF7, 0x1D, 0xF6, 0xFD, 0xEE, 0xBC, 0xE6, 0x7B, 0xE6, 0x7B, 0xE6,
    0x7B, 0xDE, 0x9A, 0xDE, 0x9A, 0xDE, 0x9A, 0xDE, 0xBB, 0xE6, 0xBB, 0xDE, 0x9B, 0xDE, 0x9A, 0xD6,
    0x3A, 0xD6, 0x3A, 0xD6, 0x3A, 0xD6, 0x1A, 0xD6, 0x19, 0xD6, 0x1A, 0xD5, 0xF9, 0xCD, 0xF9, 0xCD,
    0xF9, 0xCD, 0xD9, 0xDE, 0x5A, 0xD6, 0x1A, 0xD5, 0xF9, 0xCD, 0xD9, 0xCD, 0xFA, 0xCD, 0xFA, 0xCE,
    0xFF, 0x1A, 0xC5, 0xD9, 0xC5, 0xB9, 0xC5, 0xB9, 0xBD, 0x58, 0xC5, 0x78, 0xC5, 0x79, 0xC5, 0x99,
    0xC5, 0xB8, 0xC5, 0xB8, 0xCD, 0xB8, 0xCD, 0x98, 0xD5, 0x98, 0xD5, 0x97, 0xD5, 0x97, 0xD5, 0x98,
    0xCD, 0x97, 0xD5, 0x98, 0xC5, 0x57, 0xC5, 0x58, 0xCD, 0x78, 0xCD, 0x78, 0xCD, 0x78, 0xC5, 0x58,
    0xBD, 0x57, 0xB5, 0x58, 0xB5, 0x58, 0xB5, 0x17, 0xBD, 0x78, 0xBD, 0x78, 0xB5, 0x58, 0xB5, 0x38,
    0xAD, 0x18, 0xB5, 0x18, 0xB5, 0x18, 0xB5, 0x39, 0xB5, 0x39, 0xB5, 0x39, 0xB5, 0x39, 0xAD, 0x39,
    0xAD, 0x39, 0xAC, 0xF8, 0x9C, 0xB7, 0x9C, 0x76, 0x94, 0x35, 0x94, 0x55, 0x94, 0x56, 0x94, 0x56,
    0x8C, 0x35, 0x8C, 0x15, 0x8C, 0x15, 0x8C, 0x15, 0x8C, 0x14, 0x8C, 0x14, 0x8C, 0x14, 0x83, 0xF3,
    0x83, 0xF3, 0x83, 0xF3, 0x8B, 0xF4, 0x94, 0x34, 0x94, 0x34, 0x94, 0x34, 0x9C, 0x96, 0xA4, 0xB6,
    0xA4, 0xFF, 0xD6, 0xAC, 0xD6, 0xAC, 0xF6, 0xA4, 0xD6, 0xA4, 0xD6, 0xAC, 0xF6, 0xAC, 0xF6, 0xAC,
    0xF7, 0xA4, 0xB6, 0x9C, 0x74, 0x9C, 0x74, 0x94, 0x54, 0x9C, 0x74, 0x9C, 0x74, 0x9C, 0x74, 0xA4,
    0xB5, 0xA4, 0x95, 0x9C, 0x74, 0x9C, 0x94, 0xB5, 0x37, 0xFF, 0xFE, 0xFF, 0xDD, 0xEF, 0xBC, 0xF7,
    0xFE, 0xFF, 0xFE, 0xFF, 0xFE, 0x93, 0xCF, 0xA3, 0x8E, 0xBB, 0xF0, 0xAB, 0x4E, 0x8A, 0x8B, 0xE5,
    0xD7, 0xFF, 0x9D, 0xFF, 0xDE, 0xEF, 0x7C, 0xFF, 0xFE, 0xFF, 0xDE, 0xFF, 0xBD, 0xF7, 0x9C, 0xFF,
    0xBD, 0xFF, 0xBD, 0xFF, 0xBD, 0xFF, 0xDD, 0xFF, 0xDD, 0xFF, 0xDD, 0xFF, 0xDD, 0xFF, 0xDD, 0xFF,
    0xDD, 0xFF, 0xDD, 0xFF, 0xDD, 0xFF, 0xDD, 0xFF, 0xDD, 0xFF, 0xDD, 0xFF, 0xDD, 0xFF, 0xDD, 0xFF,
    0xDD, 0xFF, 0xDC, 0xFF, 0xDC, 0xFF, 0xDC, 0xFF, 0xDC, 0xFF, 0xDC, 0xFF, 0xDC, 0xFF, 0xFC, 0xFF,
    0xDD, 0xF7, 0xFF, 0xFD, 0xF7, 0xFE, 0xFF, 0x9E, 0xFE, 0xBD, 0xFC, 0xF8, 0xFB, 0x74, 0xFB, 0x34,
    0xFC, 0x36, 0xF5, 0x37, 0xFE, 0xFC, 0xFF, 0x7C, 0xFF, 0xBD, 0xFF, 0x9C, 0xFF, 0xBC, 0xFF, 0xBC,
    0xFF, 0xBC, 0xFF, 0xBC, 0xFF, 0xBC, 0xFF, 0xBC, 0xFF, 0xBC, 0xFF, 0xBC, 0xFF, 0xBC, 0xFF, 0xBC,
    0xFF, 0x9C, 0xFF, 0x9C, 0xFF, 0x9C, 0xFF, 0x9C, 0xFF, 0x9C, 0xFF, 0x9C, 0xFF, 0x9C, 0xFF, 0xBD,
    0xFF, 0xBD, 0xFF, 0xBD, 0xFF, 0xBD, 0xFF, 0xBD, 0xFF, 0xBD, 0xF7, 0x9D, 0xF7, 0x9D, 0xF7, 0x9D,
    0xFF, 0x9D, 0xFF, 0x7C, 0xFF, 0x7C, 0xF7, 0x5C, 0xFF, 0x7C, 0xFF, 0x9D, 0xFF, 0xBD, 0xFF, 0xFE,
    0xFF, 0xFE, 0xFF, 0xFE, 0xFF, 0xFE, 0xFF, 0xFE, 0xFF, 0xDD, 0xFF, 0xDD, 0xFF, 0x7C, 0xFF, 0x7C,
    0xFF, 0x7C, 0xFF, 0x7C, 0xFF, 0x7C, 0xFF, 0x7C, 0xFF, 0x7C, 0xFF, 0x9D, 0xFF, 0x9D, 0xFF, 0x7D,
    0xFF, 0x3C, 0xFE, 0xF0, 0xDA, 0xE5, 0x96, 0xBC, 0x11, 0xAB, 0x4D, 0xA3, 0x2D, 0x9B, 0x0D, 0x9B,
    0x2E, 0x93, 0x0E, 0x93, 0x2F, 0x5A, 0x0B, 0x20, 0xA7, 0x20, 0xE7, 0x19, 0x07, 0x19, 0x06, 0x29,
    0x27, 0x39, 0x07, 0x8B, 0x2F, 0x72, 0x4B, 0x61, 0xC9, 0x82, 0xAD, 0x8B, 0x0E, 0x8B, 0x0E, 0x8B,
    0x0E, 0x92, 0xEF, 0x8B, 0x0F, 0x83, 0x2F, 0x18, 0x43, 0x29, 0x06, 0x18, 0x63, 0x49, 0xA9, 0x10,
    0x85, 0x21, 0x07, 0x18, 0xC6, 0x29, 0x07, 0x29, 0x07, 0x20, 0xE5, 0x28, 0xC5, 0x29, 0x07, 0x28,
    0xE7, 0x20, 0xC6, 0x20, 0xE6, 0x18, 0xE5, 0x21, 0x26, 0x29, 0x66, 0x7B, 0xAF, 0x6B, 0x0D, 0x29,
    0x05, 0x28, 0xC4, 0x39, 0x87, 0x52, 0x4A, 0xEF, 0x3B, 0xFF, 0xBB, 0x7B, 0x8B, 0xB5, 0x53, 0xFF,
    0x9D, 0xAC, 0xD3, 0xFF, 0x9E, 0x1D, 0xFF, 0xFF, 0xDF, 0xFF, 0xBE, 0xFF, 0xBE, 0xFF, 0x9E, 0xFF,
    0x7D, 0xFF, 0x7D, 0xFF, 0x7D, 0xF7, 0x5D, 0xF7, 0x5D, 0xF7, 0x5D, 0xFF, 0x9D, 0xFF, 0x9D, 0xFF,
    0xBE, 0xFF, 0xDD, 0xFF, 0xFC, 0xFF, 0xFC, 0xFF, 0xFC, 0xFF, 0xFC, 0xFF, 0xFC, 0xFF, 0xFC, 0xFF,
    0xFC, 0xFF, 0xFC, 0xFF, 0xDC, 0xFF, 0xDC, 0xFF, 0x9D, 0xFF, 0x5C, 0xFF, 0x1C, 0xFE, 0xFC, 0xFE,
    0xFB, 0xFE, 0xFB, 0xFE, 0xFB, 0xFE, 0xFB, 0xFE, 0xFB, 0xFF, 0x1B, 0xF7, 0x39, 0xFF, 0xBB, 0xFF,
    0xBB, 0xFF, 0xBB, 0xFF, 0xBB, 0xFF, 0xBB, 0xFF, 0xBB, 0xEF, 0x19, 0xEE, 0xD8, 0xE6, 0x98, 0xF6,
    0xDA, 0xF6, 0xBA, 0xF6, 0x7A, 0xF6, 0x79, 0xEE, 0x79, 0xF6, 0x9A, 0xF6, 0xBA, 0xF6, 0xBA, 0xEE,
    0x99, 0xEE, 0x79, 0xE6, 0x39, 0xE6, 0x19, 0xE5, 0xF9, 0xDD, 0xF9, 0xDD, 0xF9, 0xDD, 0xD8, 0xDD,
    0xB8, 0xD5, 0xB8, 0xD5, 0xB8, 0xD5, 0xB8, 0xD5, 0xFF, 0xB8, 0xD5, 0xB8, 0xD5, 0xB8, 0xD5, 0xB8,
    0xD5, 0xB8, 0xD5, 0x98, 0xCD, 0x77, 0xCD, 0x77, 0xCD, 0x77, 0xCD, 0x77, 0xCD, 0x77, 0xCD, 0x58,
    0xCD, 0x58, 0xCD, 0x58, 0xCD, 0x57, 0xCD, 0x57, 0xCD, 0x57, 0xC5, 0x57, 0xBD, 0x58, 0xBD, 0x37,
    0xBD, 0x17, 0xB4, 0xF7, 0xB4, 0xF7, 0xB4, 0xF7, 0xB4, 0xF6, 0xB4, 0xD6, 0xB4, 0xD6, 0xB4, 0xD6,
    0xB4, 0xF7, 0xB4, 0xF7, 0xB4, 0xF7, 0xB4, 0xD6, 0xB4, 0xD6, 0xB4, 0xD6, 0xB4, 0xD6, 0xB4, 0xD6,
    0xB4, 0xD6, 0xB4, 0xD6, 0xAC, 0xD7, 0xAC, 0xD7, 0xA4, 0xB6, 0xA4, 0x96, 0x9C, 0x76, 0x9C, 0x55,
    0x94, 0x55, 0x94, 0x55, 0x94, 0x55, 0x94, 0x55, 0x8C, 0x35, 0x8C, 0x15, 0x8C, 0x14, 0x8C, 0x14,
    0x94, 0x33, 0x94, 0x33, 0x94, 0x33, 0xA4, 0x95, 0x9C, 0x94, 0x9C, 0x94, 0x9C, 0x94, 0xA4, 0x95,
    0xAC, 0xD6, 0xAC, 0xF6, 0xAC, 0xF6, 0xAC, 0xF6, 0xAC, 0xF7, 0xF6, 0xAC, 0xD6, 0xA4, 0x96, 0x9C,
    0x55, 0x94, 0x35, 0x94, 0x35, 0x94, 0x35, 0x94, 0x35, 0x94, 0x35, 0x94, 0x35, 0x94, 0x35, 0x9C,
    0x55, 0xA4, 0x97, 0xBD, 0x54, 0xCD, 0x75, 0xFF, 0x3C, 0xFF, 0xDE, 0xFF, 0xFE, 0xFF, 0xDE, 0xFF,
    0x9D, 0x9B, 0xEF, 0x72, 0x69, 0xAB, 0xAF, 0xA3, 0x8E, 0xAC, 0x31, 0x8B, 0x2C, 0x7B, 0x4C, 0xEE,
    0xDA, 0xFF, 0xDE, 0xFF, 0xDD, 0xFF, 0xBD, 0xFF, 0xFE, 0xFF, 0xFE, 0xFF, 0xFE, 0xFF, 0xFE, 0xFF,
    0xFE, 0xFF, 0xDD, 0xFF, 0xDD, 0xFF, 0xDD, 0xFF, 0xDD, 0xFF, 0xDD, 0xFF, 0xDD, 0xFF, 0xDD, 0xFF,
    0xDD, 0xFF, 0xDD, 0xFF, 0xDD, 0xFF, 0xDD, 0xFF, 0xDD, 0xFF, 0xDD, 0xFF, 0xDC, 0xFF, 0xDC, 0xFF,
    0xDC, 0xFF, 0xDC, 0xFF, 0xDC, 0xFF, 0xDC, 0xFF, 0xDD, 0xFF, 0xBD, 0xFF, 0xBD, 0xF7, 0xDD, 0xFF,
    0x5D, 0xFE, 0x02, 0xFD, 0xFF, 0x59, 0xF3, 0x74, 0xFB, 0x13, 0xF3, 0xD5, 0xEC, 0xD6, 0xF6, 0x5A,
    0xFF, 0xBD, 0xFF, 0xFE, 0xFF, 0x9C, 0xFF, 0xBC, 0xFF, 0xBC, 0xFF, 0xBC, 0xFF, 0xBC, 0xFF, 0xBC,
    0xFF, 0xBC, 0xFF, 0xBC, 0xFF, 0xBC, 0xFF, 0xBC, 0xFF, 0xBC, 0xFF, 0x9C, 0xFF, 0x9C, 0xFF, 0x9C,
    0xFF, 0x9C, 0xFF, 0x9C, 0xFF, 0x9C, 0xFF, 0x9C, 0xFF, 0x9C, 0xFF, 0x9C, 0xFF, 0x9C, 0xFF, 0xDE,
    0xFF, 0xDE, 0xFF, 0xDE, 0xFF, 0xFE, 0xFF, 0xFE, 0xFF, 0xFE, 0xFF, 0xDE, 0xFF, 0xDD, 0xFF, 0xBD,
    0xFF, 0x9D, 0xFF, 0x9D, 0xFF, 0x9D, 0xFF, 0x7C, 0xFF, 0x5C, 0xFF, 0x5C, 0xFF, 0x5C, 0xFF, 0x5C,
    0xF7, 0x3B, 0xF7, 0x3B, 0xF7, 0x3B, 0xFF, 0x1B, 0xFF, 0x1B, 0xFF, 0x1B, 0xFF, 0x1B, 0xFF, 0x1B,
    0xFF, 0x1B, 0xFF, 0x1B, 0xF7, 0x5C, 0xF7, 0x5C, 0xFF, 0x5C, 0xFF, 0x3C, 0xFF, 0x3C, 0xCC, 0xD3,
    0xCC, 0xD3, 0xA3, 0x2D, 0x9B, 0xEA, 0x0C, 0x9B, 0x0D, 0x93, 0x0D, 0x93, 0x0E, 0x93, 0x6F, 0x28,
    0x65, 0x20, 0xA6, 0x20, 0xE7, 0x21, 0x07, 0x21, 0x06, 0x10, 0x64, 0x83, 0x4F, 0x83, 0x0E, 0x8A,
    0xEE, 0x8B, 0x2F, 0x82, 0xEE, 0x8B, 0x0E, 0x8B, 0x0E, 0x8B, 0x0E, 0x8A, 0xCE, 0x93, 0x10, 0x72,
    0xAD, 0x18, 0x63, 0x28, 0xC5, 0x20, 0x64, 0x72, 0xAD, 0x10, 0x65, 0x21, 0x07, 0x20, 0xE6, 0x39,
    0x89, 0x31, 0x26, 0x49, 0xC9, 0x39, 0x47, 0x29, 0x07, 0x20, 0xE6, 0x20, 0xE6, 0x20, 0xE5, 0x29,
    0x05, 0x31, 0x66, 0x49, 0xE8, 0xD6, 0x39, 0x94, 0x11, 0x41, 0x46, 0x30, 0xC4, 0x49, 0x87, 0xA4,
    0xB3, 0xFF, 0x7C, 0xFF, 0xFD, 0xF7, 0x7B, 0xFF, 0xBD, 0xFF, 0xDD, 0xFF, 0xBF, 0xFF, 0xBF, 0xFF,
    0xDF, 0x15, 0xFF, 0xFF, 0xDE, 0xFF, 0xDE, 0xFF, 0xDE, 0xFF, 0xBE, 0xFF, 0xBE, 0xFF, 0x9E, 0xFF,
    0x9E, 0xFF, 0x7D, 0xFF, 0x7D, 0xFF, 0x7D, 0xFF, 0x9D, 0xFF, 0x9D, 0xFF, 0x9D, 0xFF, 0x9D, 0xFF,
    0x9D, 0xFF, 0xBE, 0xFF, 0xDD, 0xFF, 0xFC, 0xFF, 0xFC, 0xFF, 0xFC, 0xFF, 0xFC, 0xFF, 0xFC, 0xFF,
    0xFC, 0xFF, 0xFC, 0xFF, 0xDC, 0xFF, 0xBC, 0xFF, 0x9C, 0xFF, 0x5C, 0xFF, 0x3C, 0xFF, 0x1C, 0xFE,
    0xFB, 0xFE, 0xFB, 0xFE, 0xFB, 0xFE, 0xFB, 0xFE, 0xFB, 0xFE, 0xFB, 0xFF, 0x1B, 0xF7, 0x5A, 0xFF,
    0xDB, 0xFF, 0xDB, 0xFF, 0xBB, 0xFF, 0xDB, 0xFF, 0xDB, 0xFF, 0xDB, 0xFF, 0xBB, 0xFF, 0x7B, 0xFF,
    0x3A, 0xF6, 0xFA, 0xFE, 0xDA, 0xF6, 0x9A, 0xF6, 0x9A, 0xF6, 0xBA, 0xF6, 0x9A, 0xF6, 0x9A, 0xF6,
    0x99, 0xEE, 0x79, 0xEE, 0x59, 0xE6, 0x39, 0xE6, 0x19, 0xE5, 0xF9, 0xDD, 0xF9, 0xDD, 0xF9, 0xDD,
    0xD8, 0xDD, 0xB8, 0xD5, 0xFF, 0xB8, 0xD5, 0xB8, 0xD5, 0xB8, 0xD5, 0xB8, 0xD5, 0xB8, 0xD5, 0xB8,
    0xD5, 0xB8, 0xD5, 0xB8, 0xD5, 0x98, 0xCD, 0x77, 0xCD, 0x77, 0xCD, 0x77, 0xCD, 0x77, 0xCD, 0x77,
    0xCD, 0x58, 0xCD, 0x58, 0xCD, 0x58, 0xCD, 0x57, 0xCD, 0x57, 0xCD, 0x57, 0xC5, 0x37, 0xBD, 0x17,
    0xBD, 0x17, 0xB4, 0xF6, 0xB4, 0xF7, 0xB4, 0xF7, 0xB4, 0xF7, 0xB4, 0xF6, 0xB4, 0xD6, 0xB4, 0xD6,
    0xB4, 0xD6, 0xB4, 0xF7, 0xB4, 0xF7, 0xB4, 0xF7, 0xB4, 0xD6, 0xB4, 0xD6, 0xB4, 0xD6, 0xB4, 0xD6,
    0xB4, 0xD6, 0xB4, 0xD6, 0xB4, 0xD6, 0xAC, 0xD7, 0xAC, 0xD7, 0xA4, 0xB6, 0xA4, 0xB6, 0xA4, 0x96,
    0x9C, 0x75, 0x9C, 0x55, 0x9C, 0xB6, 0x9C, 0x96, 0x9C, 0x96, 0x9C, 0x96, 0x9C, 0x96, 0xA4, 0xB7,
    0xAC, 0xF7, 0xB5, 0x17, 0xB5, 0x17, 0xB5, 0x17, 0xAD, 0x16, 0xAD, 0x16, 0xAD, 0x16, 0xAC, 0xF6,
    0xAC, 0xD6, 0xAC, 0xF6, 0xAC, 0xFF, 0xF6, 0xAC, 0xF6, 0xAC, 0xF6, 0xAC, 0xF6, 0xA4, 0xB6, 0x9C,
    0x75, 0x9C, 0x55, 0x93, 0xF4, 0x8B, 0xD3, 0x8B, 0xD3, 0x8B, 0xD3, 0x93, 0xF4, 0x93, 0xF4, 0x93,
    0xF4, 0x93, 0xF4, 0x8B, 0xF4, 0x9B, 0xCF, 0xA3, 0xAF, 0x7A, 0x8A, 0x93, 0x8E, 0xB4, 0xB2, 0xD5,
    0xD6, 0xF7, 0x1B, 0xF7, 0x3C, 0xBC, 0xF3, 0x8A, 0xEC, 0xA3, 0xEF, 0x8B, 0x2D, 0x9B, 0xAE, 0xAC,
    0x10, 0x8B, 0x4D, 0xAC, 0x91, 0xE6, 0x99, 0xFF, 0xDE, 0xFF, 0xBD, 0xFF, 0xFE, 0xF7, 0xFE, 0xF7,
    0xFE, 0xF7, 0xFD, 0xFF, 0xDD, 0xFF, 0xDD, 0xFF, 0xDD, 0xFF, 0xDD, 0xFF, 0xDD, 0xFF, 0xDD, 0xFF,
    0xDD, 0xFF, 0xDD, 0xFF, 0xDD, 0xFF, 0xDD, 0xFF, 0xDD, 0xFF, 0xDD, 0xFF, 0xDD, 0xFF, 0xDD, 0xFF,
    0xDD, 0xFF, 0xDD, 0xFF, 0xDD, 0xFF, 0xDD, 0xFF, 0xDD, 0xFF, 0xDD, 0xFF, 0xBC, 0xFF, 0xBC, 0xFF,
    0xBD, 0xFF, 0x3D, 0xFE, 0x3B, 0xF4, 0xFF, 0x96, 0xFB, 0x74, 0xFA, 0xF3, 0xEB, 0xB4, 0xE4, 0x95,
    0xF6, 0x39, 0xFF, 0xDD, 0xFF, 0xDD, 0xF7, 0x7B, 0xFF, 0xBC, 0xFF, 0xBC, 0xFF, 0xBC, 0xFF, 0xBC,
    0xFF, 0xBC, 0xFF, 0xBC, 0xFF, 0xBC, 0xFF, 0xBC, 0xFF, 0xBC, 0xFF, 0xBC, 0xFF, 0x9C, 0xFF, 0x9C,
    0xFF, 0x9C, 0xFF, 0x9C, 0xFF, 0x9C, 0xFF, 0x9C, 0xFF, 0x9C, 0xFF, 0x7C, 0xFF, 0x7C, 0xFF, 0x7C,
    0xFF, 0xBD, 0xFF, 0xBD, 0xFF, 0xBD, 0xFF, 0xDD, 0xFF, 0xDD, 0xFF, 0xDD, 0xFF, 0xFE, 0xFF, 0xFE,
    0xFF, 0xFE, 0xFF, 0xBD, 0xFF, 0x9D, 0xFF, 0x7C, 0xFF, 0x5C, 0xF6, 0xFB, 0xF6, 0xDA, 0xF6, 0xDA,
    0xF6, 0xDA, 0xF6, 0xBA, 0xF6, 0xDA, 0xF6, 0xDB, 0xF6, 0xDA, 0xF6, 0xDA, 0xF6, 0xDA, 0xF6, 0xDA,
    0xF6, 0xDA, 0xF6, 0xDA, 0xF6, 0xDA, 0xF7, 0x1B, 0xF7, 0x1B, 0xF7, 0x1B, 0xF6, 0xFB, 0xFF, 0x3C,
    0xBC, 0x72, 0xE5, 0xB6, 0xAB, 0x8E, 0xA3, 0xD2, 0x6E, 0xA3, 0x6E, 0x93, 0x4E, 0x93, 0x6F, 0x7A,
    0x8C, 0x20, 0x43, 0x20, 0xA6, 0x20, 0xE6, 0x21, 0x06, 0x18, 0xC4, 0x31, 0x47, 0x8B, 0x4F, 0x8B,
    0x0E, 0x8B, 0x2F, 0x8B, 0x0E, 0x82, 0xCD, 0x8B, 0x0E, 0x8B, 0x0E, 0x8B, 0x0E, 0x82, 0xCE, 0x8B,
    0x50, 0x6A, 0x6C, 0x20, 0x84, 0x18, 0x63, 0x49, 0xC9, 0x6A, 0x4C, 0x10, 0x64, 0x21, 0x07, 0x29,
    0x07, 0x41, 0xA8, 0x62, 0x8C, 0x7B, 0x4F, 0x39, 0x46, 0x29, 0x27, 0x21, 0x06, 0x20, 0xE5, 0x28,
    0xE5, 0x31, 0x05, 0x41, 0x87, 0x8B, 0x8F, 0xF7, 0x3D, 0xB4, 0xD4, 0x02, 0x6A, 0x95, 0x51, 0xA7,
    0x62, 0x29, 0xEE, 0xBB, 0xFF, 0x9D, 0xFF, 0xDC, 0xFF, 0xDD, 0xFF, 0xDD, 0xFF, 0xDE, 0xFF, 0xBE,
    0xFF, 0xDF, 0xFF, 0xDF, 0x13, 0xFF, 0xFF, 0xDE, 0xFF, 0xBE, 0xFF, 0xBE, 0xFF, 0xBE, 0xFF, 0xBE,
    0xFF, 0x9E, 0xFF, 0x9E, 0xFF, 0x7D, 0xFF, 0x7D, 0xFF, 0x7D, 0xFF, 0x7D, 0xFF, 0xBE, 0xFF, 0xBE,
    0xFF, 0xBE, 0xFF, 0x9D, 0xFF, 0x9D, 0xFF, 0xBE, 0xFF, 0xDD, 0xFF, 0xFC, 0xFF, 0xFC, 0xFF, 0xFC,
    0xFF, 0xFC, 0xFF, 0xFC, 0xFF, 0xFC, 0xFF, 0xFC, 0xFF, 0xDC, 0xFF, 0xBB, 0xFF, 0x7B, 0xFF, 0x3B,
    0xFF, 0x1B, 0xFF, 0x1C, 0xFE, 0xFB, 0xFE, 0xFB, 0xFE, 0xFB, 0xFE, 0xFB, 0xFE, 0xFB, 0xFE, 0xFB,
    0xFF, 0x1B, 0xF7, 0x5A, 0xFF, 0xDB, 0xFF, 0xFB, 0xFF, 0xDB, 0xFF, 0xDB, 0xFF, 0xDB, 0xFF, 0xDB,
    0xFF, 0xBB, 0xFF, 0x7B, 0xF7, 0x3A, 0xFF, 0x1B, 0xFE, 0xDB, 0xFE, 0xBB, 0xFE, 0xBA, 0xF6, 0xBA,
    0xF6, 0x9A, 0xEE, 0x79, 0xEE, 0x79, 0xEE, 0x59, 0xE6, 0x58, 0xE6, 0x38, 0xE6, 0x19, 0xE5, 0xF9,
    0xDD, 0xF9, 0xDD, 0xF9, 0xDD, 0xD8, 0xDD, 0xFF, 0xB8, 0xD5, 0xB8, 0xD5, 0xB8, 0xD5, 0xB8, 0xD5,
    0xB8, 0xD5, 0xB8, 0xD5, 0xB8, 0xD5, 0xB8, 0xD5, 0xB8, 0xD5, 0x98, 0xCD, 0x77, 0xCD, 0x77, 0xCD,
    0x77, 0xCD, 0x77, 0xCD, 0x77, 0xCD, 0x58, 0xCD, 0x58, 0xCD, 0x58, 0xCD, 0x57, 0xCD, 0x57, 0xCD,
    0x57, 0xC5, 0x37, 0xBD, 0x17, 0xB4, 0xF7, 0xB4, 0xD6, 0xB4, 0xF7, 0xB4, 0xF7, 0xB4, 0xF7, 0xB4,
    0xF6, 0xB4, 0xD6, 0xB4, 0xD6, 0xB4, 0xD6, 0xB4, 0xF7, 0xB4, 0xF7, 0xB4, 0xF7, 0xB4, 0xD6, 0xB4,
    0xD6, 0xB4, 0xD6, 0xB4, 0xD6, 0xB4, 0xD6, 0xB4, 0xD6, 0xB4, 0xD6, 0xAC, 0xD7, 0xAC, 0xD7, 0xA4,
    0xB6, 0xA4, 0xB6, 0xA4, 0xB6, 0xA4, 0x96, 0x9C, 0x76, 0x9C, 0x75, 0x9C, 0x75, 0x9C, 0x75, 0x9C,
    0x55, 0x9C, 0x75, 0xA4, 0xB6, 0xAC, 0xD6, 0xAC, 0xF6, 0xAC, 0xF6, 0xAC, 0xF6, 0xAC, 0xF6, 0xAC,
    0xF6, 0xAC, 0xF6, 0xAC, 0xF6, 0xB5, 0x17, 0xAD, 0xFF, 0x16, 0xAC, 0xF6, 0xAC, 0xF6, 0xAC, 0xF6,
    0xAC, 0xF6, 0xA4, 0xB6, 0x9C, 0x55, 0x94, 0x35, 0x94, 0x14, 0x93, 0xF4, 0x93, 0xF4, 0x93, 0xF4,
    0x8B, 0xD3, 0x8B, 0xD3, 0x8B, 0xD3, 0x8B, 0xF4, 0x8B, 0xD4, 0x9B, 0x8E, 0xBC, 0x92, 0xB4, 0x31,
    0xC4, 0xB2, 0xA3, 0xCF, 0x93, 0x4D, 0x7A, 0xCB, 0xA4, 0x30, 0xDE, 0x17, 0xE5, 0xD7, 0x93, 0x4D,
    0x93, 0x4D, 0x93, 0x0C, 0x93, 0x4D, 0xAB, 0xCF, 0xA3, 0xCF, 0x83, 0x2C, 0xDE, 0x17, 0xFF, 0xBE,
    0xFF, 0xBD, 0xFF, 0xFD, 0xEF, 0xDD, 0xF7, 0xDD, 0xFF, 0xFE, 0xFF, 0xFE, 0xF7, 0x9C, 0xFF, 0xFE,
    0xFF, 0xFE, 0xFF, 0xFE, 0xFF, 0xDD, 0xFF, 0xDD, 0xFF, 0xDD, 0xFF, 0xDD, 0xFF, 0xDD, 0xFF, 0xDD,
    0xFF, 0xDD, 0xFF, 0xDD, 0xFF, 0xDD, 0xFF, 0xDD, 0xFF, 0xDD, 0xFF, 0xBD, 0xFF, 0xBD, 0xFF, 0xBD,
    0xF7, 0xBC, 0xFF, 0xDD, 0xFF, 0x9D, 0xFE, 0x3A, 0xF4, 0xFF, 0xF7, 0xF3, 0xF5, 0xFB, 0x95, 0xF3,
    0x53, 0xEB, 0xF5, 0xED, 0x37, 0xFF, 0x5D, 0xFF, 0xDD, 0xFF, 0xDD, 0xFF, 0xDD, 0xFF, 0xBC, 0xFF,
    0xBC, 0xFF, 0xBC, 0xFF, 0xBC, 0xFF, 0xBC, 0xFF, 0xBC, 0xFF, 0xBC, 0xFF, 0xBC, 0xFF, 0xBC, 0xFF,
    0xBC, 0xFF, 0x9C, 0xFF, 0x9C, 0xFF, 0x9C, 0xFF, 0x9C, 0xFF, 0x9C, 0xFF, 0x9C, 0xFF, 0x9C, 0xFF,
    0x9C, 0xFF, 0x9C, 0xFF, 0x9C, 0xFF, 0x9C, 0xFF, 0x9C, 0xFF, 0x9C, 0xFF, 0x9C, 0xFF, 0x9C, 0xFF,
    0x9C, 0xFF, 0xDD, 0xFF, 0xFE, 0xFF, 0xFE, 0xFF, 0xDE, 0xFF, 0xDE, 0xFF, 0x9D, 0xFF, 0x5C, 0xFF,
    0x1B, 0xFE, 0xDA, 0xFE, 0xBA, 0xF6, 0xBA, 0xEE, 0x99, 0xF6, 0xBA, 0xFE, 0xDA, 0xFE, 0xFB, 0xFE,
    0xFB, 0xFE, 0xFB, 0xFE, 0xDB, 0xF6, 0xDA, 0xF6, 0xDA, 0xF6, 0xDA, 0xF6, 0xFB, 0xF6, 0xFB, 0xF6,
    0xFB, 0xF6, 0xDA, 0xFF, 0x3C, 0xC4, 0xD3, 0xBC, 0xB2, 0xC4, 0xE4, 0x91, 0xBC, 0x51, 0xAB, 0xCF,
    0x9B, 0x8F, 0xAC, 0x52, 0x62, 0x0A, 0x30, 0xA5, 0x28, 0xC6, 0x29, 0x26, 0x21, 0x06, 0x10, 0x62,
    0xAC, 0xF4, 0x83, 0x2E, 0x7A, 0x8C, 0x8A, 0xEE, 0x8B, 0x0E, 0x8B, 0x0E, 0x8B, 0x0E, 0x8B, 0x0E,
    0x8B, 0x0E, 0x82, 0xEE, 0x83, 0x0F, 0x5A, 0x2B, 0x18, 0x63, 0x41, 0x68, 0x83, 0x2F, 0x6A, 0x0B,
    0x10, 0x43, 0x10, 0x44, 0x41, 0xC9, 0x39, 0x88, 0xD6, 0x3A, 0xC5, 0x77, 0x41, 0x46, 0x39, 0xA8,
    0x18, 0xA4, 0x29, 0x05, 0x28, 0xE5, 0x49, 0xE8, 0x49, 0x86, 0xE6, 0x7A, 0xFF, 0x3D, 0xBD, 0x14,
    0x9C, 0x10, 0x59, 0xE8, 0x83, 0x0C, 0xFF, 0xBF, 0xF7, 0x5C, 0xFF, 0xFD, 0xFF, 0xDD, 0xFF, 0xDE,
    0x1D, 0xFF, 0xFF, 0xDE, 0xFF, 0xBE, 0xFF, 0xBE, 0xFF, 0x7D, 0xFF, 0x7D, 0xFF, 0x7D, 0xFF, 0x7D,
    0xFF, 0x7D, 0xFF, 0x7D, 0xFF, 0x7D, 0xFF, 0xBE, 0xFF, 0xBE, 0xFF, 0xBE, 0xFF, 0x9D, 0xFF, 0x9D,
    0xFF, 0x9D, 0xFF, 0xBD, 0xFF, 0xDC, 0xFF, 0xFC, 0xFF, 0xFC, 0xFF, 0xFC, 0xFF, 0xFC, 0xFF, 0xFC,
    0xFF, 0xFC, 0xFF, 0xFC, 0xFF, 0xBB, 0xF7, 0x3A, 0xFF, 0x3B, 0xFF, 0x1B, 0xFF, 0x1C, 0xFF, 0x1C,
    0xFF, 0x1B, 0xFF, 0x1B, 0xFF, 0x1B, 0xFF, 0x1B, 0xFF, 0x1B, 0xFF, 0x1B, 0xFF, 0xBB, 0xFF, 0xDB,
    0xFF, 0xDB, 0xFF, 0xDB, 0xFF, 0xDB, 0xFF, 0xDB, 0xFF, 0xDB, 0xFF, 0xBC, 0xFF, 0x9B, 0xF7, 0x3A,
    0xF6, 0xDA, 0xFE, 0xDA, 0xFE, 0xBB, 0xFE, 0xBA, 0xF6, 0x9A, 0xEE, 0x99, 0xEE, 0x79, 0xEE, 0x79,
    0xE6, 0x58, 0xE6, 0x38, 0xE6, 0x18, 0xE5, 0xF9, 0xDD, 0xF8, 0xDD, 0xD8, 0xDD, 0xD8, 0xDD, 0xB8,
    0xD5, 0xB7, 0xD5, 0xFF, 0xB8, 0xD5, 0xB8, 0xD5, 0xB8, 0xD5, 0x98, 0xD5, 0x98, 0xD5, 0x98, 0xD5,
    0x98, 0xD5, 0x98, 0xD5, 0x98, 0xCD, 0x77, 0xCD, 0x57, 0xCD, 0x57, 0xCD, 0x57, 0xCD, 0x57, 0xCD,
    0x57, 0xCD, 0x57, 0xCD, 0x57, 0xC5, 0x37, 0xC5, 0x37, 0xC5, 0x17, 0xBC, 0xF6, 0xBD, 0x17, 0xB4,
    0xF7, 0xB4, 0xD6, 0xB4, 0xD6, 0xB4, 0xD6, 0xB4, 0xD6, 0xB4, 0xD6, 0xB4, 0xD6, 0xB4, 0xD6, 0xB4,
    0xD6, 0xB4, 0xD6, 0xB4, 0xD6, 0xB4, 0xD6, 0xB4, 0xD6, 0xB4, 0xD6, 0xB4, 0xD6, 0xB4, 0xD6, 0xB4,
    0xD6, 0xB4, 0xD6, 0xB4, 0xD6, 0xAC, 0xB6, 0xAC, 0xB7, 0xAC, 0xB7, 0xA4, 0xB6, 0x9C, 0x75, 0x9C,
    0x75, 0x9C, 0x75, 0xA4, 0x75, 0x9C, 0x75, 0xA4, 0x75, 0xAC, 0x96, 0xAC, 0xB6, 0xAC, 0xB6, 0xAC,
    0xD6, 0xAC, 0xF6, 0xAC, 0xF6, 0xAC, 0xF6, 0xAC, 0xD6, 0xAC, 0xD6, 0xAC, 0xD6, 0xAC, 0xD6, 0xAC,
    0xF6, 0xAC, 0xF6, 0xAD, 0xFF, 0x16, 0xAC, 0xF6, 0xA4, 0xD5, 0xA4, 0x95, 0x9C, 0x74, 0x9C, 0x35,
    0x94, 0x14, 0x8B, 0xF3, 0x8B, 0xF4, 0x8B, 0xF4, 0x8B, 0xF4, 0x8B, 0xF4, 0x8B, 0xF4, 0x8B, 0xF4,
    0x8B, 0xD4, 0x8B, 0xD3, 0xFF, 0xBE, 0xBD, 0x13, 0x8B, 0x4D, 0xBC, 0x71, 0xB4, 0x10, 0xBC, 0x11,
    0xBC, 0x31, 0xC4, 0x72, 0xBC, 0x72, 0xA3, 0xAE, 0x8A, 0xCB, 0x82, 0xAB, 0x69, 0xA7, 0x7A, 0x29,
    0x9B, 0x2D, 0xA3, 0x6E, 0x93, 0x0C, 0xAC, 0x10, 0x82, 0xEB, 0x93, 0xAE, 0xFF, 0x3C, 0xFF, 0x9D,
    0xFF, 0xDE, 0xFF, 0xFE, 0xFF, 0xDD, 0xFF, 0xFE, 0xFF, 0xFE, 0xFF, 0xFE, 0xFF, 0xFE, 0xFF, 0xDD,
    0xFF, 0xDD, 0xFF, 0xDD, 0xFF, 0xDD, 0xFF, 0xDD, 0xFF, 0xDD, 0xFF, 0xDD, 0xFF, 0xDE, 0xFF, 0xDE,
    0xFF, 0xDE, 0xFF, 0xDE, 0xFF, 0xDE, 0xFF, 0xFE, 0xFF, 0xFE, 0xFF, 0xDD, 0xF7, 0x7C, 0xF6, 0xDB,
    0xED, 0xD9, 0xED, 0x17, 0xEC, 0xFF, 0x76, 0xF4, 0x76, 0xEC, 0xB7, 0xFD, 0xDA, 0xFE, 0xFD, 0xFF,
    0xBE, 0xFF, 0xDD, 0xFF, 0xDD, 0xFF, 0xBC, 0xFF, 0xBC, 0xFF, 0xBC, 0xFF, 0xBC, 0xFF, 0xBC, 0xFF,
    0xBC, 0xFF, 0xBC, 0xFF, 0xBC, 0xFF, 0xBC, 0xFF, 0xBC, 0xFF, 0xBC, 0xFF, 0x9C, 0xFF, 0x9C, 0xFF,
    0x9C, 0xFF, 0x9C, 0xFF, 0x9C, 0xFF, 0x9C, 0xFF, 0x9C, 0xFF, 0x9C, 0xFF, 0x9C, 0xFF, 0x9C, 0xFF,
    0x9B, 0xFF, 0x9B, 0xFF, 0x9B, 0xFF, 0x9B, 0xFF, 0x9B, 0xFF, 0x9B, 0xFF, 0x9C, 0xF7, 0x9C, 0xFF,
    0x9D, 0xFF, 0x9D, 0xFF, 0xBD, 0xFF, 0x9D, 0xFF, 0x7C, 0xFF, 0x5C, 0xFF, 0x1B, 0xFE, 0xFB, 0xFE,
    0xFB, 0xF6, 0xDB, 0xF6, 0xDB, 0xFE, 0xFB, 0xFE, 0xFB, 0xFE, 0xFB, 0xFE, 0xFB, 0xFE, 0xFB, 0xFE,
    0xFB, 0xFE, 0xFB, 0xFE, 0xFB, 0xFE, 0xFB, 0xFE, 0xFB, 0xFE, 0xFB, 0xF6, 0xFB, 0xF6, 0xDA, 0xFF,
    0x5D, 0xF6, 0xBA, 0x61, 0xA6, 0x61, 0xDE, 0xC7, 0x51, 0x45, 0x41, 0x05, 0x51, 0xC8, 0x18, 0x22,
    0x39, 0x06, 0x28, 0xA5, 0x31, 0x26, 0x10, 0x62, 0x18, 0x82, 0x5A, 0x08, 0xDD, 0x97, 0x93, 0x2E,
    0x8B, 0x2F, 0x8B, 0x0E, 0x8B, 0x0E, 0x8B, 0x0E, 0x8B, 0x0E, 0x8B, 0x0E, 0x8B, 0x4F, 0x72, 0xEE,
    0x10, 0x22, 0x31, 0x26, 0x72, 0xEE, 0x8B, 0x2F, 0x69, 0xEB, 0x18, 0x43, 0x29, 0x06, 0x39, 0x67,
    0xBD, 0x77, 0xFF, 0x9F, 0xEE, 0xBB, 0x51, 0xE8, 0x49, 0xA8, 0x30, 0xE5, 0x39, 0x46, 0x41, 0x66,
    0x41, 0x65, 0xB5, 0x13, 0xFF, 0x7D, 0xFF, 0x7D, 0xB5, 0x33, 0xA4, 0x91, 0xCD, 0xB6, 0xFF, 0x9D,
    0xFF, 0x7C, 0xFF, 0xFE, 0xFF, 0xFE, 0x19, 0xFF, 0xFF, 0xDF, 0xFF, 0xDF, 0xFF, 0xFE, 0xFF, 0xDE,
    0xFF, 0xDE, 0xFF, 0xBE, 0xFF, 0x9E, 0xFF, 0x7D, 0xFF, 0x7D, 0xFF, 0x7D, 0xFF, 0x7D, 0xFF, 0x7D,
    0xFF, 0x7D, 0xFF, 0x7D, 0xFF, 0x9D, 0xFF, 0x9D, 0xFF, 0x9D, 0xFF, 0x9D, 0xFF, 0x9D, 0xFF, 0x9D,
    0xFF, 0xBD, 0xFF, 0xDC, 0xFF, 0xFC, 0xFF, 0xFC, 0xFF, 0xFC, 0xFF, 0xFC, 0xFF, 0xFC, 0xFF, 0xFC,
    0xFF, 0xBB, 0xFF, 0x9B, 0xFF, 0x5B, 0xFF, 0x3B, 0xFF, 0x1B, 0xFF, 0x1C, 0xFF, 0x1C, 0xFF, 0x1B,
    0xFF, 0x1B, 0xFF, 0x1B, 0xFF, 0x1B, 0xFF, 0x1B, 0xFF, 0x1B, 0xFF, 0xBB, 0xFF, 0xDB, 0xFF, 0xDB,
    0xFF, 0xDB, 0xFF, 0xDB, 0xFF, 0xDB, 0xFF, 0xDB, 0xFF, 0xBC, 0xFF, 0x9B, 0xF7, 0x3A, 0xF6, 0xDA,
    0xFE, 0xDA, 0xFE, 0xBB, 0xFE, 0xBA, 0xF6, 0x9A, 0xEE, 0x99, 0xEE, 0x79, 0xEE, 0x79, 0xE6, 0x58,
    0xE6, 0x38, 0xE6, 0x18, 0xE5, 0xF9, 0xDD, 0xF8, 0xDD, 0xFF, 0xD8, 0xDD, 0xD8, 0xDD, 0xB8, 0xD5,
    0xB7, 0xD5, 0xB8, 0xD5, 0xB8, 0xD5, 0xB8, 0xD5, 0x98, 0xD5, 0x98, 0xD5, 0x98, 0xD5, 0x98, 0xD5,
    0x98, 0xD5, 0x98, 0xCD, 0x77, 0xCD, 0x57, 0xCD, 0x57, 0xCD, 0x57, 0xCD, 0x57, 0xCD, 0x57, 0xCD,
    0x57, 0xCD, 0x57, 0xC5, 0x37, 0xC5, 0x37, 0xC5, 0x17, 0xBC, 0xF6, 0xBD, 0x17, 0xB4, 0xF7, 0xB4,
    0xD6, 0xB4, 0xD6, 0xB4, 0xD6, 0xB4, 0xD6, 0xB4, 0xD6, 0xB4, 0xD6, 0xB4, 0xD6, 0xB4, 0xD6, 0xB4,
    0xD6, 0xB4, 0xD6, 0xB4, 0xD6, 0xB4, 0xD6, 0xB4, 0xD6, 0xB4, 0xD6, 0xB4, 0xD6, 0xB4, 0xD6, 0xB4,
    0xD6, 0xB4, 0xD6, 0xAC, 0xB6, 0xAC, 0xB7, 0xAC, 0xB7, 0xA4, 0xB6, 0xA4, 0x96, 0xA4, 0x96, 0xA4,
    0x96, 0xA4, 0x75, 0xA4, 0x75, 0xAC, 0x95, 0xAC, 0x95, 0xAC, 0xB6, 0xB4, 0xB6, 0xAC, 0xD6, 0xAC,
    0xF6, 0xAC, 0xF6, 0xAC, 0xF6, 0xAC, 0xD6, 0xAC, 0xF6, 0xAC, 0xFF, 0xF6, 0xAD, 0x16, 0xAD, 0x16,
    0xAC, 0xF6, 0xAC, 0xF6, 0xAC, 0xD6, 0xA4, 0xB5, 0x9C, 0x74, 0x9C, 0x54, 0x94, 0x34, 0x8B, 0xF4,
    0x8B, 0xD3, 0x8B, 0xD3, 0x8B, 0xD3, 0x8B, 0xD3, 0x8B, 0xD4, 0x8B, 0xD4, 0x8B, 0xD4, 0x8B, 0xD3,
    0x8B, 0xD3, 0xF7, 0x5B, 0xFF, 0xFE, 0xF7, 0x5C, 0x93, 0x8E, 0xA3, 0x6E, 0xBB, 0xF0, 0xD4, 0x32,
    0xCC, 0x11, 0xBB, 0x8F, 0xA3, 0x2D, 0xB3, 0xD0, 0xA3, 0x6E, 0x92, 0xCC, 0x71, 0xE8, 0x71, 0xE8,
    0x8A, 0x8B, 0xB3, 0xAF, 0xA3, 0x4E, 0xB3, 0xCF, 0xA3, 0x8E, 0x8A, 0xEC, 0xBC, 0x92, 0xFF, 0x5C,
    0xFF, 0xFE, 0xFF, 0xDD, 0xF7, 0x9C, 0xFF, 0xFE, 0xFF, 0xFE, 0xFF, 0xFE, 0xFF, 0xFE, 0xFF, 0xFE,
    0xFF, 0xFE, 0xFF, 0xFE, 0xFF, 0xFE, 0xFF, 0xFE, 0xFF, 0xFE, 0xFF, 0xFE, 0xFF, 0xFE, 0xFF, 0xFE,
    0xFF, 0xDE, 0xFF, 0xBE, 0xFF, 0xBE, 0xFF, 0xBE, 0xF7, 0x3B, 0xEE, 0xFF, 0xB9, 0xE6, 0x59, 0xEE,
    0x19, 0xED, 0xF9, 0xED, 0xDA, 0xF6, 0x1B, 0xFE, 0x7C, 0xFF, 0x3E, 0xFF, 0xDF, 0xFF, 0xDE, 0xFF,
    0xDD, 0xFF, 0xBD, 0xFF, 0xBD, 0xFF, 0xBC, 0xFF, 0xBC, 0xFF, 0xBC, 0xFF, 0xBC, 0xFF, 0xBC, 0xFF,
    0xBC, 0xFF, 0xBC, 0xFF, 0xBC, 0xFF, 0xBC, 0xFF, 0xBC, 0xFF, 0x9C, 0xFF, 0x9C, 0xFF, 0x9C, 0xFF,
    0x9C, 0xFF, 0x9C, 0xFF, 0x9C, 0xFF, 0x9C, 0xFF, 0x9C, 0xFF, 0x9C, 0xFF, 0x9C, 0xFF, 0x9B, 0xFF,
    0x9B, 0xFF, 0x9B, 0xFF, 0x9B, 0xFF, 0x9B, 0xFF, 0x9B, 0xFF, 0x9B, 0xF7, 0x7C, 0xF7, 0x7C, 0xF7,
    0x7C, 0xFF, 0x9D, 0xFF, 0x9D, 0xFF, 0x9D, 0xFF, 0x7C, 0xFF, 0x5C, 0xFF, 0x3C, 0xFF, 0x1B, 0xFF,
    0x3C, 0xFF, 0x1B, 0xF7, 0x1B, 0xF6, 0xFB, 0xF6, 0xFB, 0xF6, 0xFB, 0xFE, 0xFB, 0xFF, 0x1B, 0xFF,
    0x1B, 0xFF, 0x1B, 0xFE, 0xFB, 0xFE, 0xFB, 0xFF, 0x1B, 0xFF, 0x3C, 0xFF, 0xE4, 0x9D, 0xF6, 0xDA,
    0xFF, 0x5C, 0x7A, 0xA9, 0x82, 0xCB, 0x51, 0x86, 0xFF, 0x9E, 0xB4, 0xD4, 0x49, 0xC8, 0x20, 0x63,
    0x41, 0x67, 0x30, 0xE5, 0x39, 0xA7, 0x39, 0x65, 0x28, 0xC3, 0xEE, 0x59, 0xAC, 0x11, 0x93, 0x4F,
    0x8B, 0x0E, 0x8A, 0xEE, 0x8B, 0x0E, 0x8B, 0x0E, 0x8B, 0x0E, 0x7B, 0x0F, 0x31, 0x06, 0x28, 0xA5,
    0x6A, 0xCD, 0x83, 0x70, 0x82, 0xCE, 0x69, 0xEB, 0x28, 0xE6, 0x28, 0xE5, 0x83, 0x90, 0xE6, 0x5A,
    0xF6, 0xFC, 0xFF, 0x5D, 0x83, 0x2D, 0x6A, 0x6B, 0x49, 0xA8, 0x83, 0x6E, 0x51, 0xE7, 0xBD, 0x74,
    0xFF, 0x9C, 0xFF, 0xDD, 0xF7, 0xBD, 0xFF, 0xFE, 0xFF, 0xFE, 0xFF, 0xFE, 0xFF, 0x9D, 0xFF, 0xFE,
    0xFF, 0xFE, 0x1B, 0xFF, 0xFF, 0xDE, 0xFF, 0xDE, 0xFF, 0xDE, 0xFF, 0xBE, 0xFF, 0xBE, 0xFF, 0x9D,
    0xFF, 0x7D, 0xFF, 0x7D, 0xFF, 0x7D, 0xFF, 0x7D, 0xFF, 0x7D, 0xFF, 0x7D, 0xFF, 0x7D, 0xFF, 0x7D,
    0xFF, 0x7D, 0xFF, 0x7D, 0xFF, 0x7D, 0xFF, 0x9D, 0xFF, 0x9D, 0xFF, 0x9D, 0xFF, 0xBD, 0xFF, 0xDC,
    0xFF, 0xFC, 0xFF, 0xFC, 0xFF, 0xDC, 0xFF, 0xDC, 0xFF, 0xDC, 0xFF, 0xDB, 0xFF, 0x9B, 0xFF, 0x7B,
    0xFF, 0x5B, 0xFF, 0x1B, 0xFF, 0x1C, 0xFF, 0x1C, 0xFF, 0x1C, 0xFF, 0x1B, 0xFF, 0x1B, 0xFF, 0x1B,
    0xFF, 0x1B, 0xFF, 0x1B, 0xFF, 0x1B, 0xFF, 0xBB, 0xFF, 0xDB, 0xFF, 0xDB, 0xFF, 0xDB, 0xFF, 0xDB,
    0xFF, 0xDB, 0xFF, 0xDB, 0xFF, 0xBC, 0xFF, 0x9B, 0xF7, 0x3A, 0xF6, 0xDA, 0xFE, 0xDA, 0xFE, 0xBB,
    0xFE, 0xBA, 0xF6, 0x9A, 0xEE, 0x99, 0xEE, 0x79, 0xEE, 0x79, 0xE6, 0x58, 0xE6, 0x38, 0xE6, 0x18,
    0xE5, 0xF9, 0xDD, 0xF8, 0xDD, 0xFF, 0xD8, 0xDD, 0xD8, 0xDD, 0xB8, 0xD5, 0xB7, 0xD5, 0xB8, 0xD5,
    0xB8, 0xD5, 0xB8, 0xD5, 0x98, 0xD5, 0x98, 0xD5, 0x98, 0xD5, 0x98, 0xD5, 0x98, 0xD5, 0x98, 0xCD,
    0x77, 0xCD, 0x57, 0xCD, 0x57, 0xCD, 0x57, 0xCD, 0x57, 0xCD, 0x57, 0xCD, 0x57, 0xCD, 0x57, 0xC5,
    0x37, 0xC5, 0x37, 0xC5, 0x17, 0xBC, 0xF6, 0xBD, 0x17, 0xB4, 0xF7, 0xB4, 0xD6, 0xB4, 0xD6, 0xB4,
    0xD6, 0xB4, 0xD6, 0xB4, 0xD6, 0xB4, 0xD6, 0xB4, 0xD6, 0xB4, 0xD6, 0xB4, 0xD6, 0xB4, 0xD6, 0xB4,
    0xD6, 0xB4, 0xD6, 0xB4, 0xD6, 0xB4, 0xD6, 0xB4, 0xD6, 0xB4, 0xD6, 0xB4, 0xD6, 0xB4, 0xD6, 0xAC,
    0xB6, 0xAC, 0xB7, 0xAC, 0xB7, 0xA4, 0xB6, 0xA4, 0x96, 0xA4, 0x96, 0xA4, 0x96, 0xAC, 0x95, 0xAC,
    0x95, 0xAC, 0x95, 0xAC, 0x95, 0xAC, 0x95, 0xB4, 0xB5, 0xB4, 0xD6, 0xAC, 0xF6, 0xAC, 0xF6, 0xAC,
    0xF6, 0xAC, 0xD6, 0xAC, 0xF6, 0xB5, 0xEE, 0x37, 0xB5, 0x37, 0xB5, 0x17, 0xAC, 0xF6, 0xAC, 0xD6,
    0xA4, 0xD5, 0xA4, 0x95, 0x9C, 0x74, 0x94, 0x34, 0x94, 0x14, 0x8B, 0xD3, 0x8B, 0xB3, 0x8B, 0xD3,
    0x8B, 0xD3, 0x8B, 0xD3, 0x8B, 0xB3, 0x8B, 0xB3, 0x8B, 0xB3, 0x8B, 0xD3, 0x8B, 0xD3, 0xFF, 0xFE,
    0xF7, 0xBD, 0xEF, 0x1A, 0xFF, 0xDE, 0xE5, 0xF8, 0x9B, 0x0D, 0x9A, 0x8B, 0xB3, 0x4E, 0xC3, 0xF0,
    0xB3, 0xF0, 0xAB, 0xAF, 0xA3, 0x8F, 0xA3, 0x6E, 0xB3, 0xF0, 0x92, 0xEC, 0x7A, 0x09, 0x69, 0x66,
    0x92, 0xCC, 0xA3, 0x4E, 0xAB, 0x4E, 0xBC, 0x11, 0x9B, 0x0D, 0x93, 0x8E, 0xF7, 0x7C, 0xFF, 0xFE,
    0xFF, 0xBD, 0xFF, 0xFE, 0xFF, 0xFE, 0xFF, 0xFE, 0xFF, 0xFE, 0xFF, 0xFE, 0xFF, 0xFE, 0xFF, 0xFE,
    0xFF, 0xFE, 0xFF, 0xFE, 0xFF, 0xFE, 0x07, 0xFF, 0xFF, 0xBE, 0xF7, 0x7D, 0xF7, 0x7D, 0xF7, 0x7D,
    0xFF, 0x3B, 0xFF, 0x5C, 0xFF, 0x7D, 0xFF, 0x7E, 0xFF, 0xBF, 0xFF, 0xBF, 0xFF, 0xDF, 0xFF, 0xBF,
    0xFF, 0xBF, 0xFF, 0xDE, 0xFF, 0xDE, 0xFF, 0xFD, 0xFF, 0xBD, 0xFF, 0xBD, 0xFF, 0xBC, 0xFF, 0xBC,
    0xFF, 0xBC, 0xFF, 0xBC, 0xFF, 0xBC, 0xFF, 0xBC, 0xFF, 0xBC, 0xFF, 0xBC, 0xFF, 0xBC, 0xFF, 0xBC,
    0xFF, 0x9C, 0xFF, 0x9C, 0xFF, 0x9C, 0xFF, 0x9C, 0xFF, 0x9C, 0xFF, 0x9C, 0xFF, 0x9C, 0xFF, 0x9C,
    0xFF, 0x9C, 0xFF, 0x9C, 0xFF, 0x9B, 0xFF, 0x9B, 0xFF, 0x9B, 0xFF, 0x9B, 0xFF, 0x9B, 0xFF, 0x9B,
    0xFF, 0x9C, 0xFF, 0x9C, 0xFF, 0x9C, 0xFF, 0x9D, 0xFF, 0x7C, 0xFF, 0x9C, 0xFF, 0xBD, 0xFF, 0x9C,
    0xFF, 0x7C, 0xFF, 0x7C, 0xFF, 0x5C, 0xFF, 0x7C, 0xF7, 0x5C, 0xF7, 0x3B, 0xF7, 0x1B, 0xF7, 0x1B,
    0xF7, 0x1B, 0xF7, 0x1B, 0xF7, 0x1B, 0xF7, 0x1B, 0xF7, 0xEC, 0x1B, 0xFF, 0x1B, 0xFF, 0x1B, 0xFF,
    0x1B, 0xFF, 0x3C, 0xEE, 0xB9, 0xFF, 0xDE, 0xF6, 0xDA, 0xA3, 0xCE, 0x6A, 0x48, 0xE6, 0x18, 0xE6,
    0x59, 0x5A, 0x09, 0x39, 0x25, 0x39, 0x25, 0x5A, 0x09, 0x41, 0x86, 0x83, 0xAE, 0x31, 0x24, 0x41,
    0x66, 0xB4, 0x72, 0xC4, 0xD4, 0x9B, 0x70, 0x8B, 0x2E, 0x82, 0xEE, 0x8B, 0x0E, 0x83, 0x0E, 0x83,
    0x0E, 0x6A, 0x8C, 0x18, 0x44, 0x20, 0xC5, 0x6A, 0xEE, 0x62, 0x4B, 0x49, 0x68, 0x40, 0xE7, 0x41,
    0x68, 0x31, 0x47, 0x6A, 0xCC, 0x62, 0x8B, 0xC5, 0x77, 0xFF, 0x5D, 0x9C, 0x31, 0x62, 0x2A, 0xAC,
    0x93, 0xF7, 0x5D, 0x9C, 0x51, 0xFF, 0xFE, 0xFF, 0xDE, 0xEF, 0x7C, 0xFF, 0xFE, 0xF7, 0x9D, 0xFF,
    0xDE, 0xEF, 0x3B, 0xFF, 0xFE, 0xF7, 0xDD, 0x1D, 0xFF, 0xFF, 0xBE, 0xFF, 0xBE, 0xFF, 0xBE, 0xFF,
    0xBE, 0xFF, 0x9E, 0xFF, 0x7D, 0xF7, 0x7D, 0xFF, 0x7D, 0xFF, 0x7D, 0xFF, 0x7D, 0xFF, 0x7D, 0xFF,
    0x7D, 0xFF, 0x7D, 0xFF, 0x7D, 0xFF, 0x5D, 0xFF, 0x5D, 0xFF, 0x5D, 0xFF, 0x9D, 0xFF, 0x9D, 0xFF,
    0x9D, 0xFF, 0xBD, 0xFF, 0xDC, 0xFF, 0xFC, 0xFF, 0xFD, 0xFF, 0xBC, 0xFF, 0xBC, 0xFF, 0xBC, 0xFF,
    0x9C, 0xFF, 0x7B, 0xFF, 0x5B, 0xFF, 0x5B, 0xFF, 0x3B, 0xFF, 0x1B, 0xFF, 0x1C, 0xFF, 0x1B, 0xFF,
    0x1B, 0xFF, 0x1B, 0xFF, 0x1B, 0xFF, 0x1B, 0xFF, 0x1B, 0xFF, 0x1B, 0xFF, 0xBB, 0xFF, 0xDB, 0xFF,
    0xFB, 0xFF, 0xFB, 0xFF, 0xDB, 0xFF, 0xDB, 0xFF, 0xDB, 0xFF, 0xBC, 0xFF, 0x9B, 0xF7, 0x3A, 0xF6,
    0xFA, 0xF6, 0xDA, 0xFE, 0xDA, 0xFE, 0xBA, 0xF6, 0x9A, 0xF6, 0x79, 0xEE, 0x59, 0xEE, 0x59, 0xEE,
    0x38, 0xE6, 0x38, 0xE6, 0x18, 0xE5, 0xF9, 0xDD, 0xF8, 0xDD, 0xFF, 0xD8, 0xDD, 0xD8, 0xDD, 0xB8,
    0xD5, 0xB7, 0xD5, 0xB8, 0xD5, 0xB8, 0xD5, 0xB8, 0xD5, 0x98, 0xD5, 0x98, 0xD5, 0x98, 0xD5, 0x98,
    0xD5, 0x98, 0xD5, 0x98, 0xCD, 0x77, 0xCD, 0x57, 0xCD, 0x57, 0xCD, 0x57, 0xCD, 0x57, 0xCD, 0x57,
    0xCD, 0x57, 0xCD, 0x57, 0xC5, 0x37, 0xC5, 0x37, 0xC5, 0x16, 0xBC, 0xF6, 0xBD, 0x17, 0xB4, 0xF6,
    0xB4, 0xD6, 0xB4, 0xD6, 0xB4, 0xD6, 0xB4, 0xD6, 0xB4, 0xD6, 0xB4, 0xD6, 0xB4, 0xD6, 0xB4, 0xD6,
    0xB4, 0xD6, 0xB4, 0xD6, 0xB4, 0xD6, 0xB4, 0xD6, 0xB4, 0xD6, 0xB4, 0xD6, 0xB4, 0xD6, 0xB4, 0xD6,
    0xB4, 0xD6, 0xB4, 0xD6, 0xAC, 0xB6, 0xAC, 0xB6, 0xAC, 0xB6, 0xAC, 0xB6, 0xAC, 0xB6, 0xAC, 0xB6,
    0xAC, 0xB6, 0xAC, 0x95, 0xB4, 0x95, 0xB4, 0x95, 0xAC, 0x95, 0xB4, 0x95, 0xB4, 0xB5, 0xB4, 0xD6,
    0xAC, 0xF6, 0xAC, 0xF6, 0xAC, 0xF6, 0xAC, 0xD5, 0xAC, 0xF6, 0xBD, 0xE0, 0x57, 0xBD, 0x58, 0xB5,
    0x37, 0xAC, 0xD6, 0xA4, 0xB5, 0xAC, 0xB6, 0xA4, 0x75, 0x9C, 0x54, 0x9C, 0x34, 0x93, 0xF4, 0x8B,
    0xD3, 0x83, 0xB2, 0x83, 0xB3, 0x83, 0xB3, 0x83, 0xB3, 0x83, 0xB3, 0x83, 0xB3, 0x83, 0xB3, 0x8B,
    0xB3, 0x8B, 0xD3, 0xFF, 0xBD, 0xC5, 0xB5, 0x8B, 0x8D, 0xAC, 0x91, 0xB4, 0xF3, 0xDD, 0xF7, 0xFF,
    0xBE, 0xFF, 0x9D, 0xCD, 0x95, 0x6A, 0xAA, 0x62, 0x28, 0x7A, 0xAA, 0x9B, 0xAF, 0xA3, 0x8E, 0x9B,
    0x4D, 0x9B, 0x4E, 0x9B, 0x0D, 0x82, 0x4B, 0x8A, 0x8C, 0x92, 0xED, 0xA3, 0x2E, 0xA3, 0x6F, 0xA3,
    0xAF, 0x83, 0x2D, 0xB4, 0xD3, 0xFF, 0x7D, 0xFF, 0xBE, 0xF7, 0xFE, 0xF7, 0xFE, 0x0F, 0xFF, 0xFF,
    0xFE, 0xFF, 0xFE, 0xFF, 0xFE, 0xFF, 0xFE, 0xFF, 0xDD, 0xFF, 0xBD, 0xFF, 0xBD, 0xFF, 0xDD, 0xFF,
    0xDD, 0xFF, 0xDD, 0xFF, 0xBD, 0xFF, 0xBD, 0xFF, 0xBD, 0xFF, 0xDD, 0xFF, 0xDD, 0xFF, 0xDD, 0xFF,
    0xDD, 0xFF, 0xDD, 0xFF, 0xDD, 0xFF, 0xDD, 0xFF, 0xDD, 0xFF, 0xBD, 0xFF, 0xBD, 0xFF, 0xBD, 0xFF,
    0xBC, 0xFF, 0xBC, 0xFF, 0xBC, 0xFF, 0xBC, 0xFF, 0xBC, 0xFF, 0xBC, 0xFF, 0xBC, 0xFF, 0xBC, 0xFF,
    0xBC, 0xFF, 0xBC, 0xFF, 0xBC, 0xFF, 0xBC, 0xFF, 0xBC, 0xFF, 0xBC, 0xFF, 0x9C, 0xFF, 0x9C, 0xFF,
    0x9C, 0xFF, 0x9B, 0xFF, 0x9B, 0xFF, 0x9B, 0xFF, 0x9B, 0xFF, 0x9B, 0xFF, 0x9B, 0xFF, 0x9B, 0xFF,
    0x9B, 0xFF, 0x9B, 0xFF, 0x9B, 0xFF, 0x7B, 0xFF, 0x7B, 0xFF, 0x7B, 0xFF, 0x7B, 0xFF, 0x7B, 0xFF,
    0x7B, 0xFF, 0x7B, 0xFF, 0x7B, 0xFF, 0x7B, 0xFF, 0x7B, 0xFF, 0x5A, 0xFF, 0x5A, 0xFF, 0x5A, 0xFF,
    0xD8, 0x5A, 0xFF, 0x5A, 0xFF, 0x5A, 0xFF, 0x5A, 0xFF, 0x5B, 0xFF, 0x5B, 0xFF, 0x5B, 0xF7, 0x1A,
    0xFF, 0x9C, 0xF7, 0x3A, 0xAC, 0xF1, 0xCD, 0x95, 0xFF, 0x9C, 0xFF, 0x3B, 0xA4, 0x2F, 0x7B, 0x0B,
    0x6A, 0x89, 0x51, 0xC5, 0x8B, 0xCD, 0xFF, 0x7C, 0x94, 0x0F, 0x5A, 0x48, 0x83, 0x4D, 0x6A, 0x4A,
    0xF6, 0x9B, 0x93, 0x70, 0x82, 0xED, 0x83, 0x2E, 0x83, 0x4E, 0x93, 0xD0, 0x52, 0x09, 0x20, 0x84,
    0x39, 0x68, 0x5A, 0x4C, 0x62, 0x8D, 0x6A, 0xCE, 0x6A, 0xEE, 0x62, 0xCD, 0x5A, 0x4C, 0x62, 0x8D,
    0x73, 0x2E, 0x73, 0x0D, 0x94, 0x72, 0xFF, 0xDF, 0xF7, 0x9D, 0x07, 0xFF, 0x80, 0xDF, 0x2B, 0xFF,
    0xFF, 0xDE, 0xFF, 0xBE, 0xFF, 0x9E, 0xFF, 0x9E, 0xFF, 0x9E, 0xFF, 0x9E, 0xFF, 0x9E, 0xFF, 0x9E,
    0xFF, 0x9E, 0xFF, 0x7D, 0xFF, 0x7D, 0xFF, 0x7D, 0xFF, 0x7D, 0xFF, 0x5D, 0xFF, 0x5D, 0xFF, 0x5D,
    0xFF, 0x5D, 0xFF, 0x7C, 0xFF, 0x7C, 0xF7, 0x9B, 0xFF, 0xBC, 0xFF, 0xFC, 0xFF, 0xFC, 0xFF, 0xDD,
    0xFF, 0xBD, 0xFF, 0x9C, 0xFF, 0x7C, 0xFF, 0x5B, 0xFF, 0x3B, 0xFF, 0x3C, 0xFF, 0x3C, 0xFF, 0x3C,
    0xFF, 0x3C, 0xFF, 0x3C, 0xFF, 0x3C, 0xFF, 0x3C, 0xFF, 0x3C, 0xFF, 0x3C, 0xFF, 0x3C, 0xFF, 0x3C,
    0xFF, 0x5C, 0xFF, 0x5C, 0xFF, 0x5B, 0xFF, 0xDB, 0xFF, 0xFB, 0xFF, 0xFB, 0xFF, 0xFB, 0xFF, 0xFB,
    0xFF, 0xFB, 0xFF, 0xFB, 0xFF, 0xDC, 0xFF, 0x9B, 0xFF, 0x5B, 0xF7, 0x1A, 0xFE, 0xFA, 0xFE, 0xFA,
    0xFE, 0xBA, 0xFE, 0x9A, 0xF6, 0x9A, 0xF6, 0x79, 0xF6, 0x7A, 0xEE, 0x59, 0xEE, 0x18, 0xE6, 0x18,
    0xE6, 0xFF, 0x18, 0xDD, 0xF8, 0xDD, 0xD7, 0xDD, 0xD8, 0xDD, 0xD7, 0xD5, 0xB7, 0xD5, 0xB7, 0xD5,
    0xB7, 0xD5, 0xB7, 0xD5, 0x97, 0xD5, 0x97, 0xD5, 0x97, 0xD5, 0x97, 0xD5, 0x97, 0xD5, 0x97, 0xCD,
    0x76, 0xCD, 0x56, 0xCD, 0x76, 0xCD, 0x76, 0xCD, 0x76, 0xCD, 0x57, 0xCD, 0x57, 0xCD, 0x57, 0xC5,
    0x36, 0xC5, 0x36, 0xC5, 0x16, 0xBC, 0xF6, 0xBC, 0xF6, 0xBC, 0xF6, 0xBC, 0xF6, 0xBC, 0xD6, 0xBC,
    0xD6, 0xBC, 0xD6, 0xB4, 0xD5, 0xB4, 0xD5, 0xB4, 0xD5, 0xB4, 0xD5, 0xB4, 0xD5, 0xB4, 0xD5, 0xB4,
    0xD5, 0xB4, 0xD6, 0xB4, 0xD6, 0xB4, 0xD6, 0xB4, 0xD6, 0xB4, 0xD6, 0xB4, 0xD6, 0xB4, 0xD6, 0xAC,
    0xB5, 0xAC, 0xB5, 0xAC, 0xB5, 0xAC, 0xB5, 0xAC, 0xB6, 0xAC, 0xB6, 0xAC, 0xB6, 0xAC, 0x95, 0xAC,
    0x95, 0xAC, 0x95, 0xB4, 0xB5, 0xB4, 0xB5, 0xB4, 0xD6, 0xBD, 0x16, 0xBD, 0x16, 0xB4, 0xF6, 0xB4,
    0xD5, 0xB4, 0xC5, 0xF6, 0xB5, 0x16, 0xBD, 0x57, 0xBD, 0x38, 0xBD, 0x18, 0xAC, 0x96, 0xA4, 0x55,
    0xA4, 0x55, 0x9C, 0x34, 0x9C, 0x14, 0x94, 0x14, 0x8B, 0xF3, 0x8B, 0xD3, 0x83, 0xB3, 0x8B, 0xB3,
    0x8B, 0xB3, 0x8B, 0xB3, 0x8B, 0xB3, 0x8B, 0xB3, 0x8B, 0xB3, 0x8B, 0xB3, 0x8B, 0xB3, 0xF7, 0x3D,
    0x8B, 0xAF, 0xD5, 0x35, 0xAB, 0xCF, 0x9B, 0x6D, 0x82, 0xCB, 0x72, 0x49, 0x93, 0x8D, 0xB4, 0xD2,
    0xFF, 0x3C, 0xFF, 0xDE, 0xF6, 0xBA, 0x82, 0xEB, 0x7A, 0x02, 0x8A, 0x9C, 0xEC, 0x9B, 0x4E, 0xA3,
    0x2E, 0x92, 0xAC, 0x7A, 0x2A, 0x92, 0xAC, 0x92, 0xED, 0x9B, 0x0D, 0xA3, 0x4F, 0xA3, 0x8F, 0x8B,
    0x2D, 0x9B, 0xD0, 0xFF, 0x7D, 0xFF, 0xBE, 0xF7, 0x9D, 0x0F, 0xFF, 0xFF, 0xFE, 0xFF, 0xFE, 0xFF,
    0xFE, 0xFF, 0xFE, 0xFF, 0xFE, 0xFF, 0xDD, 0xFF, 0xDD, 0xFF, 0xFE, 0xFF, 0xFE, 0xFF, 0xFE, 0xFF,
    0xDD, 0xFF, 0xDD, 0xFF, 0xDD, 0xFF, 0xDD, 0xFF, 0xDD, 0xFF, 0xDD, 0xFF, 0xDD, 0xFF, 0xDD, 0xFF,
    0xDD, 0xFF, 0xDD, 0xFF, 0xDD, 0xFF, 0xBD, 0xFF, 0xBD, 0xFF, 0xBD, 0xFF, 0xBC, 0xFF, 0xBC, 0xFF,
    0xBC, 0xFF, 0xBC, 0xFF, 0xBC, 0xFF, 0xBC, 0xFF, 0xBC, 0xFF, 0xBC, 0xFF, 0xBC, 0xFF, 0xBC, 0xFF,
    0xBC, 0xFF, 0xBC, 0xFF, 0xBC, 0xFF, 0xBC, 0xFF, 0x9C, 0xFF, 0x9C, 0xFF, 0x9C, 0xFF, 0x9B, 0xFF,
    0x9B, 0xFF, 0x9B, 0xFF, 0x9B, 0xFF, 0x9B, 0xFF, 0x9B, 0xFF, 0x9B, 0xFF, 0x9B, 0xFF, 0x9B, 0xFF,
    0x9B, 0xFF, 0x7B, 0xFF, 0x7B, 0xFF, 0x7B, 0xFF, 0x7B, 0xFF, 0x7B, 0xFF, 0x7B, 0xFF, 0x7B, 0xFF,
    0x7B, 0xFF, 0x7B, 0xFF, 0x7B, 0xFF, 0x7B, 0xFF, 0x7B, 0xFF, 0x7B, 0xFF, 0xD4, 0x7B, 0xFF, 0x7B,
    0xFF, 0x7B, 0xFF, 0x7B, 0xFF, 0x5B, 0xFF, 0x5B, 0xFF, 0x5B, 0xFF, 0x5B, 0xFF, 0x9C, 0xFF, 0x7B,
    0xE6, 0xB8, 0xFF, 0x7C, 0xFF, 0x1A, 0xF6, 0xFA, 0xBD, 0x33, 0xFF, 0x3B, 0x62, 0x68, 0x7B, 0x2B,
    0xF7, 0x3A, 0xFF, 0x7C, 0x8B, 0xCE, 0x83, 0x4D, 0xDE, 0x7A, 0x72, 0xCC, 0xF6, 0xBC, 0xAC, 0x53,
    0x93, 0x90, 0x7A, 0xED, 0x6A, 0x6B, 0x39, 0x46, 0x51, 0xE9, 0x6A, 0xCD, 0x73, 0x0F, 0x73, 0x0F,
    0x6A, 0xCE, 0x62, 0xAD, 0x62, 0xAD, 0x62, 0xAD, 0x62, 0xAD, 0x6A, 0xAD, 0x6A, 0xCD, 0x73, 0x0D,
    0x6A, 0xEC, 0x03, 0xFF, 0x86, 0xBE, 0xF7, 0x9D, 0xF7, 0x9E, 0xFF, 0xDE, 0x2D, 0xFF, 0xFF, 0xDE,
    0xFF, 0xBE, 0xFF, 0x9E, 0xFF, 0x9E, 0xFF, 0x9E, 0xFF, 0x9E, 0xFF, 0x9E, 0xFF, 0x9E, 0xFF, 0x9E,
    0xFF, 0x7D, 0xFF, 0x7D, 0xFF, 0x7D, 0xFF, 0x7D, 0xFF, 0x5D, 0xFF, 0x5D, 0xFF, 0x5D, 0xFF, 0x5D,
    0xFF, 0x7C, 0xFF, 0x7C, 0xFF, 0x9C, 0xFF, 0xDC, 0xFF, 0xFC, 0xFF, 0xFC, 0xFF, 0xDD, 0xFF, 0xBD,
    0xFF, 0x9C, 0xFF, 0x7C, 0xFF, 0x5B, 0xFF, 0x3B, 0xFF, 0x3C, 0xFF, 0x3C, 0xFF, 0x3C, 0xFF, 0x3C,
    0xFF, 0x3C, 0xFF, 0x3C, 0xFF, 0x3C, 0xFF, 0x3C, 0xFF, 0x3C, 0xFF, 0x3C, 0xFF, 0x3C, 0xFF, 0x5C,
    0xFF, 0x5C, 0xFF, 0x5B, 0xFF, 0xDB, 0xFF, 0xFB, 0xFF, 0xFB, 0xFF, 0xFB, 0xFF, 0xFB, 0xFF, 0xFB,
    0xFF, 0xDB, 0xFF, 0xBC, 0xFF, 0x7B, 0xFF, 0x3A, 0xF7, 0x1A, 0xFE, 0xFA, 0xFE, 0xFA, 0xFE, 0xBA,
    0xFE, 0x9A, 0xF6, 0x9A, 0xF6, 0x79, 0xF6, 0x7A, 0xEE, 0x59, 0xEE, 0x18, 0xE6, 0x18, 0xE6, 0xFF,
    0x18, 0xDD, 0xF8, 0xDD, 0xD7, 0xDD, 0xD8, 0xDD, 0xD7, 0xD5, 0xB7, 0xD5, 0xB7, 0xD5, 0xB7, 0xD5,
    0xB7, 0xD5, 0x97, 0xD5, 0x97, 0xD5, 0x97, 0xD5, 0x97, 0xD5, 0x97, 0xD5, 0x97, 0xCD, 0x76, 0xCD,
    0x56, 0xCD, 0x76, 0xCD, 0x76, 0xCD, 0x76, 0xCD, 0x57, 0xCD, 0x57, 0xCD, 0x57, 0xC5, 0x36, 0xC5,
    0x36, 0xC5, 0x16, 0xBC, 0xF6, 0xBC, 0xF6, 0xBC, 0xF6, 0xBC, 0xF6, 0xBC, 0xD6, 0xBC, 0xD6, 0xBC,
    0xD6, 0xB4, 0xD5, 0xB4, 0xD5, 0xB4, 0xD5, 0xB4, 0xD5, 0xB4, 0xD5, 0xB4, 0xD5, 0xB4, 0xD5, 0xB4,
    0xD6, 0xAC, 0xD6, 0xAC, 0xD6, 0xAC, 0xD6, 0xAC, 0xD6, 0xAC, 0xD6, 0xAC, 0xD6, 0xAC, 0x95, 0xAC,
    0x95, 0xAC, 0x95, 0xAC, 0x95, 0xAC, 0xB6, 0xAC, 0xB6, 0xAC, 0xB6, 0xAC, 0x95, 0xAC, 0x95, 0xAC,
    0x95, 0xB4, 0xD6, 0xB4, 0xD5, 0xB4, 0xB5, 0xAC, 0xB5, 0xAC, 0xD5, 0xB4, 0xD6, 0xB4, 0xF6, 0xB4,
    0xE4, 0xF6, 0xB4, 0xF6, 0xB4, 0xF6, 0xB4, 0xF6, 0xB4, 0xD7, 0xA4, 0x75, 0x9C, 0x34, 0x9C, 0x34,
    0x9C, 0x14, 0x9C, 0x14, 0x93, 0xF3, 0x8B, 0xF3, 0x8B, 0xD3, 0x83, 0xB3, 0x8B, 0xB3, 0x8B, 0xB3,
    0x8B, 0xB3, 0x8B, 0xB3, 0x8B, 0xB3, 0x8B, 0xB3, 0x8B, 0xB3, 0x8B, 0xB3, 0xFF, 0x3E, 0xD5, 0xD8,
    0x8A, 0xCC, 0xBC, 0x11, 0xCC, 0x72, 0xBC, 0x31, 0xBC, 0x31, 0xA3, 0x8E, 0x93, 0x0C, 0x6A, 0x49,
    0x6A, 0x28, 0x82, 0xEB, 0xAB, 0xF0, 0xAB, 0xCF, 0x8A, 0x8B, 0x7A, 0x29, 0x8A, 0xAC, 0x9B, 0x2E,
    0xA3, 0x4E, 0x9A, 0xED, 0x9B, 0x0D, 0x9B, 0x0E, 0x9A, 0xED, 0xA3, 0x4F, 0xAB, 0xB0, 0xA3, 0xB0,
    0x9B, 0xD0, 0xEE, 0x9A, 0xFF, 0xBE, 0x0F, 0xFF, 0xFF, 0xFE, 0xFF, 0xFE, 0xFF, 0xFE, 0xFF, 0xFE,
    0xFF, 0xFE, 0xFF, 0xFE, 0xFF, 0xFE, 0xFF, 0xFE, 0xFF, 0xFE, 0xFF, 0xFE, 0xF7, 0xFD, 0xF7, 0xFD,
    0xF7, 0xFD, 0xFF, 0xDD, 0xFF, 0xDD, 0xFF, 0xDD, 0xFF, 0xDD, 0xFF, 0xDD, 0xFF, 0xDD, 0xFF, 0xDD,
    0xFF, 0xDD, 0xFF, 0xBD, 0xFF, 0xBD, 0xFF, 0xBD, 0xFF, 0xBC, 0xFF, 0xBC, 0xFF, 0xBC, 0xFF, 0xBC,
    0xFF, 0xBC, 0xFF, 0xBC, 0xFF, 0xBC, 0xFF, 0xBC, 0xFF, 0xBC, 0xFF, 0xBC, 0xFF, 0xBC, 0xFF, 0xBC,
    0xFF, 0xBC, 0xFF, 0xBC, 0xFF, 0x9C, 0xFF, 0x9C, 0xFF, 0x9C, 0xFF, 0x9B, 0xFF, 0x9B, 0xFF, 0x9B,
    0xFF, 0x9B, 0xFF, 0x9B, 0xFF, 0x9B, 0xFF, 0x9B, 0xFF, 0x9B, 0xFF, 0x9B, 0xFF, 0x9B, 0xFF, 0x7B,
    0xFF, 0x7B, 0xFF, 0x7B, 0xFF, 0x7B, 0xFF, 0x7B, 0xFF, 0x7B, 0xFF, 0x7B, 0xFF, 0x7B, 0xFF, 0x7B,
    0xFF, 0x7B, 0xFF, 0x7B, 0xFF, 0x7B, 0xFF, 0x7B, 0xFF, 0xE0, 0x7B, 0xFF, 0x7B, 0xFF, 0x7B, 0xFF,
    0x7B, 0xFF, 0x7B, 0xFF, 0x7B, 0xFF, 0x7B, 0xFF, 0x9C, 0xFF, 0x7B, 0xFF, 0x7B, 0xFF, 0xDC, 0xF7,
    0x1A, 0xFF, 0x7C, 0xFF, 0xBD, 0xFF, 0xDD, 0xB4, 0xF2, 0x6A, 0x89, 0xF7, 0x3B, 0xF7, 0x5B, 0xFF,
    0x9D, 0xDE, 0x58, 0xF7, 0x3C, 0xFF, 0x9E, 0x7B, 0x0D, 0xE6, 0x7B, 0xAC, 0x53, 0x59, 0xEA, 0x59,
    0xEA, 0x51, 0xC9, 0x73, 0x0E, 0x6B, 0x0E, 0x62, 0xAD, 0x62, 0x8D, 0x5A, 0x8C, 0x62, 0x8D, 0x62,
    0xAD, 0x62, 0x8D, 0x6A, 0xCE, 0x62, 0xAD, 0x6A, 0xAD, 0x6A, 0xED, 0x73, 0x2E, 0x62, 0xCC, 0xFF,
    0xBE, 0xFF, 0xDE, 0xFF, 0xFE, 0xFF, 0xFE, 0xFF, 0xDE, 0xFF, 0xDE, 0x2B, 0xFF, 0xFF, 0xDE, 0xFF,
    0xBE, 0xFF, 0x9E, 0xFF, 0x9E, 0xFF, 0x9E, 0xFF, 0x9E, 0xFF, 0x9E, 0xFF, 0x9E, 0xFF, 0x9E, 0xFF,
    0x7D, 0xFF, 0x7D, 0xFF, 0x7D, 0xFF, 0x7D, 0xFF, 0x5D, 0xFF, 0x5D, 0xFF, 0x5D, 0xFF, 0x5D, 0xFF,
    0x7C, 0xFF, 0x7C, 0xFF, 0xBC, 0xFF, 0xDC, 0xFF, 0xFC, 0xFF, 0xFD, 0xFF, 0xDD, 0xFF, 0xBD, 0xFF,
    0x9C, 0xFF, 0x7C, 0xFF, 0x5B, 0xFF, 0x3B, 0xFF, 0x3C, 0xFF, 0x3C, 0xFF, 0x3C, 0xFF, 0x3C, 0xFF,
    0x3C, 0xFF, 0x3C, 0xFF, 0x3C, 0xFF, 0x3C, 0xFF, 0x3C, 0xFF, 0x3C, 0xFF, 0x3C, 0xFF, 0x5C, 0xFF,
    0x5C, 0xFF, 0x5B, 0xFF, 0xDB, 0xFF, 0xFB, 0xFF, 0xFB, 0xFF, 0xFB, 0xFF, 0xFB, 0xFF, 0xFB, 0xFF,
    0xDB, 0xFF, 0x9B, 0xFF, 0x7B, 0xF7, 0x1A, 0xFE, 0xFA, 0xFE, 0xFA, 0xFE, 0xFA, 0xFE, 0xBA, 0xFE,
    0x9A, 0xF6, 0x9A, 0xF6, 0x79, 0xF6, 0x7A, 0xEE, 0x59, 0xEE, 0x18, 0xE6, 0x18, 0xE6, 0xFF, 0x18,
    0xDD, 0xF8, 0xDD, 0xD7, 0xDD, 0xD8, 0xDD, 0xD7, 0xD5, 0xB7, 0xD5, 0xB7, 0xD5, 0xB7, 0xD5, 0xB7,
    0xD5, 0x97, 0xD5, 0x97, 0xD5, 0x97, 0xD5, 0x97, 0xD5, 0x97, 0xD5, 0x97, 0xCD, 0x76, 0xCD, 0x56,
    0xCD, 0x76, 0xCD, 0x76, 0xCD, 0x76, 0xCD, 0x57, 0xCD, 0x57, 0xCD, 0x57, 0xC5, 0x36, 0xC5, 0x36,
    0xC5, 0x16, 0xBC, 0xF6, 0xBC, 0xF6, 0xBC, 0xF6, 0xBC, 0xF6, 0xBC, 0xD6, 0xBC, 0xD6, 0xBC, 0xD6,
    0xB4, 0xD5, 0xB4, 0xD5, 0xB4, 0xD5, 0xB4, 0xD5, 0xB4, 0xD5, 0xB4, 0xD5, 0xB4, 0xD5, 0xAC, 0xB5,
    0xAC, 0xB5, 0xAC, 0xB5, 0xAC, 0xB5, 0xAC, 0xB5, 0xAC, 0xB5, 0xAC, 0xB5, 0xA4, 0x95, 0xA4, 0x95,
    0xA4, 0x95, 0xAC, 0x95, 0xAC, 0xB6, 0xAC, 0xB6, 0xAC, 0xB6, 0xAC, 0x95, 0xAC, 0x95, 0xAC, 0x95,
    0xAC, 0x95, 0xB4, 0xB5, 0xB4, 0xB5, 0xB4, 0xD5, 0xB4, 0xD6, 0xB4, 0xD5, 0xAC, 0xD5, 0xB4, 0xEA,
    0xD6, 0xB4, 0xD5, 0xAC, 0xD5, 0xAC, 0xB5, 0xAC, 0x96, 0xA4, 0x55, 0x9C, 0x34, 0x9C, 0x34, 0x9C,
    0x14, 0x93, 0xF3, 0x93, 0xF3, 0x8B, 0xF3, 0x8B, 0xD3, 0x83, 0xB3, 0x8B, 0xB3, 0x8B, 0xB3, 0x8B,
    0xB3, 0x8B, 0xB3, 0x8B, 0xB3, 0x8B, 0xB3, 0x8B, 0xB3, 0x8B, 0xB3, 0xFF, 0xBF, 0xFF, 0x9F, 0xFF,
    0xBE, 0xD5, 0x95, 0x93, 0x4D, 0x8A, 0xCB, 0xC4, 0x11, 0xD4, 0x52, 0xDC, 0x73, 0xC4, 0x72, 0xC4,
    0x52, 0xC4, 0x31, 0xB3, 0x8F, 0x79, 0xA8, 0xF5, 0x77, 0xFD, 0xD8, 0xCC, 0x94, 0x79, 0xE9, 0x71,
    0xA8, 0x7A, 0x0A, 0x92, 0xAC, 0xA3, 0x4E, 0xA3, 0x2E, 0x8A, 0x4B, 0xA3, 0x2E, 0xA3, 0x6F, 0xAB,
    0xB0, 0x93, 0x4E, 0x9B, 0x8F, 0xCD, 0xD6, 0xFF, 0xDE, 0xF7, 0x9D, 0x04, 0xFF, 0x81, 0xEF, 0x3C,
    0x02, 0xFF, 0xFF, 0xE7, 0x1B, 0xFF, 0xFE, 0xFF, 0xBD, 0xF7, 0xBD, 0xFF, 0xFD, 0xFF, 0xFE, 0xFF,
    0xFE, 0xFF, 0xDD, 0xFF, 0xFE, 0xFF, 0xFE, 0xFF, 0xFE, 0xFF, 0xFE, 0xFF, 0xFE, 0xFF, 0xFE, 0xFF,
    0xFD, 0xFF, 0xFD, 0xFF, 0xFD, 0xFF, 0xDD, 0xFF, 0xDD, 0xFF, 0xDD, 0xFF, 0xDD, 0xFF, 0xBD, 0xFF,
    0xBD, 0xFF, 0xBD, 0xFF, 0xBD, 0xFF, 0xBD, 0xFF, 0xBD, 0xFF, 0xBD, 0xFF, 0xBD, 0xFF, 0xBD, 0xFF,
    0xBC, 0xFF, 0xBC, 0xFF, 0xBC, 0xFF, 0xBC, 0xFF, 0xBC, 0xFF, 0xBC, 0xFF, 0xBC, 0xFF, 0xBC, 0xFF,
    0xBC, 0xFF, 0xBC, 0xFF, 0xBC, 0xFF, 0x9B, 0xFF, 0x9B, 0xFF, 0x9B, 0xFF, 0x9B, 0xFF, 0x9B, 0xFF,
    0x9B, 0xFF, 0x9B, 0xFF, 0x9B, 0xFF, 0x9B, 0xFF, 0x9B, 0xFF, 0x9B, 0xFF, 0x9B, 0xFF, 0x9B, 0xFF,
    0x9B, 0xFF, 0x9B, 0xFF, 0x9B, 0xFF, 0x9B, 0xFF, 0x7B, 0xFF, 0x7B, 0xFF, 0x7B, 0xFF, 0x9B, 0xFF,
    0x9B, 0xFF, 0x9B, 0xE7, 0xFF, 0x9B, 0xFF, 0x9B, 0xFF, 0x9B, 0xFF, 0x9B, 0xFF, 0x9C, 0xFF, 0x9C,
    0xFF, 0x9C, 0xFF, 0x9C, 0xFF, 0x9C, 0xFF, 0x9C, 0xFF, 0x9C, 0xFF, 0x7C, 0xFF, 0x7C, 0xFF, 0x9C,
    0xFF, 0x9C, 0xD6, 0x37, 0xF7, 0x3B, 0xF7, 0x1B, 0xFF, 0x7C, 0xFF, 0x7D, 0xFF, 0xDF, 0xFF, 0x9F,
    0xCD, 0xB8, 0x83, 0x4E, 0x62, 0x2B, 0x62, 0x4C, 0x72, 0xCE, 0x7B, 0x0E, 0x73, 0x0E, 0x6B, 0x0E,
    0x62, 0xED, 0x62, 0xAD, 0x62, 0xAD, 0x62, 0xAD, 0x62, 0xAD, 0x62, 0xAD, 0x62, 0xAD, 0x62, 0xAD,
    0x6A, 0xAE, 0x6A, 0xAD, 0x6A, 0xAD, 0x6A, 0xED, 0x6B, 0x2D, 0xF7, 0x5D, 0xF7, 0x7D, 0xFF, 0xDD,
    0xFF, 0xDD, 0xFF, 0xDD, 0xFF, 0xDD, 0xFF, 0xDD, 0xFF, 0xDD, 0xFF, 0xDE, 0x1F, 0xFF, 0xFF, 0xDF,
    0xFF, 0xDF, 0xFF, 0xDE, 0xFF, 0xDE, 0xFF, 0xBE, 0xFF, 0x9E, 0xFF, 0x9E, 0xFF, 0x9E, 0xFF, 0x9E,
    0xFF, 0x9D, 0xFF, 0x9D, 0xFF, 0x9D, 0xFF, 0x7D, 0xFF, 0x7D, 0xFF, 0x7D, 0xFF, 0x7D, 0xFF, 0x5D,
    0xFF, 0x5D, 0xFF, 0x5D, 0xFF, 0x5D, 0xFF, 0x7C, 0xFF, 0x7C, 0xFF, 0xDD, 0xFF, 0xFD, 0xFF, 0xFC,
    0xFF, 0xFC, 0xFF, 0xDD, 0xFF, 0x9C, 0xFF, 0x7C, 0xFF, 0x5B, 0xFF, 0x3B, 0xFF, 0x3B, 0xFF, 0x3C,
    0xFF, 0x3C, 0xFF, 0x3C, 0xFF, 0x3C, 0xFF, 0x3C, 0xFF, 0x3C, 0xFF, 0x3C, 0xFF, 0x3C, 0xFF, 0x3C,
    0xFF, 0x3C, 0xFF, 0x3C, 0xFF, 0x3C, 0xFF, 0x5C, 0xFF, 0x7C, 0xFF, 0xDB, 0xFF, 0xFB, 0xFF, 0xFB,
    0xFF, 0xFC, 0xFF, 0xFB, 0xFF, 0xDB, 0xFF, 0xDB, 0xFF, 0x9B, 0xFF, 0x7B, 0xFF, 0x5B, 0xFF, 0x3A,
    0xFF, 0x1A, 0xFF, 0x1A, 0xFE, 0xDA, 0xFE, 0xBA, 0xFE, 0xBA, 0xFE, 0x9A, 0xFE, 0x9A, 0xF6, 0xFF,
    0x59, 0xEE, 0x38, 0xEE, 0x39, 0xE6, 0x39, 0xE6, 0x19, 0xE6, 0x18, 0xDD, 0xD8, 0xDD, 0xD7, 0xD5,
    0xB7, 0xD5, 0xB7, 0xD5, 0xB7, 0xD5, 0xB7, 0xD5, 0x97, 0xD5, 0x97, 0xD5, 0x97, 0xD5, 0x97, 0xD5,
    0x77, 0xD5, 0x77, 0xD5, 0x77, 0xCD, 0x77, 0xCD, 0x76, 0xCD, 0x76, 0xCD, 0x76, 0xCD, 0x57, 0xCD,
    0x57, 0xCD, 0x57, 0xC5, 0x36, 0xC5, 0x36, 0xC5, 0x36, 0xC5, 0x36, 0xC5, 0x17, 0xBC, 0xF6, 0xBC,
    0xD6, 0xBC, 0xD6, 0xBC, 0xD6, 0xBC, 0xD6, 0xB4, 0xD6, 0xB4, 0xD6, 0xB4, 0xB5, 0xAC, 0x95, 0xB4,
    0xB5, 0xB4, 0xB5, 0xB4, 0xB5, 0xAC, 0xB5, 0xAC, 0xB6, 0xAC, 0xB6, 0xAC, 0xB5, 0xAC, 0x95, 0xAC,
    0x95, 0xAC, 0x95, 0xA4, 0x95, 0xA4, 0x95, 0xA4, 0x95, 0xAC, 0x95, 0xAC, 0xB5, 0xAC, 0xB5, 0xAC,
    0xB5, 0xAC, 0xB5, 0xB4, 0xB5, 0xB4, 0xB5, 0xB4, 0xD5, 0xB4, 0xD5, 0xB4, 0xD5, 0xB4, 0xD5, 0xB4,
    0xB2, 0xD5, 0xB4, 0xD5, 0xB4, 0xD5, 0xB4, 0xF6, 0xB4, 0xD5, 0xAC, 0x94, 0xA4, 0x74, 0x9C, 0x34,
    0x9C, 0x34, 0x9C, 0x14, 0x9C, 0x14, 0x93, 0xF3, 0x93, 0xD3, 0x8B, 0xD3, 0x8B, 0xD3, 0x8B, 0xD3,
    0x8B, 0xD3, 0x8B, 0xB3, 0x8B, 0xB3, 0x8B, 0xB3, 0x8B, 0xB3, 0x8B, 0xB3, 0x8B, 0xB3, 0x83, 0xB3,
    0x83, 0x93, 0xFF, 0xDF, 0x02, 0xFF, 0xFF, 0xEF, 0x9C, 0xFF, 0xFE, 0xFF, 0x9D, 0xE6, 0x38, 0xAB,
    0xCF, 0x8A, 0x8B, 0x82, 0x4A, 0xAB, 0xCF, 0xAB, 0xAF, 0xAB, 0x8E, 0xB3, 0xD0, 0xAB, 0x4E, 0x8A,
    0x2A, 0xC4, 0x11, 0xF5, 0xD9, 0xE5, 0x56, 0xB3, 0xD0, 0x8A, 0x6B, 0x7A, 0x0A, 0x7A, 0x0A, 0x82,
    0x4A, 0x7A, 0x2A, 0x9B, 0x0E, 0x9B, 0x2E, 0x9B, 0x4E, 0xAB, 0xB0, 0xA3, 0x8F, 0x93, 0x8E, 0x8B,
    0x6D, 0xF7, 0x1B, 0xFF, 0x9D, 0xFF, 0x3C, 0xF7, 0x7D, 0xA4, 0x91, 0xA4, 0x50, 0xC5, 0x75, 0xF7,
    0x3C, 0xFF, 0xDE, 0xFF, 0xDE, 0xFF, 0xBD, 0xF7, 0x7C, 0xFF, 0xBD, 0xFF, 0xBD, 0xFF, 0xBD, 0xFF,
    0x9C, 0xFF, 0x9D, 0xFF, 0x9D, 0xFF, 0xBD, 0xFF, 0xFD, 0xFF, 0xFD, 0xFF, 0xFD, 0xFF, 0xDD, 0xFF,
    0xDD, 0xFF, 0xDD, 0xFF, 0xDD, 0xFF, 0xBD, 0xFF, 0xBD, 0xFF, 0xBD, 0xFF, 0xBD, 0xFF, 0xBD, 0xFF,
    0xBD, 0xFF, 0xBD, 0xFF, 0xBD, 0xFF, 0xBD, 0xFF, 0xFF, 0xBC, 0xFF, 0xBC, 0xFF, 0xBC, 0xFF, 0xBC,
    0xFF, 0xBC, 0xFF, 0xBC, 0xFF, 0xBC, 0xFF, 0xBC, 0xFF, 0xBC, 0xFF, 0xBC, 0xFF, 0xBC, 0xFF, 0x9B,
    0xFF, 0x9B, 0xFF, 0x9B, 0xFF, 0x9B, 0xFF, 0x9B, 0xFF, 0x9B, 0xFF, 0x9B, 0xFF, 0x9B, 0xFF, 0x9B,
    0xFF, 0x9B, 0xFF, 0x9B, 0xFF, 0x9B, 0xFF, 0x9B, 0xFF, 0x9B, 0xFF, 0x9B, 0xFF, 0x9B, 0xFF, 0x9B,
    0xFF, 0x7B, 0xFF, 0x7B, 0xFF, 0x7B, 0xFF, 0x9B, 0xFF, 0x9B, 0xFF, 0x9B, 0xFF, 0x9B, 0xFF, 0x9B,
    0xFF, 0x9B, 0xFF, 0x9B, 0xFF, 0x9C, 0xFF, 0x9C, 0xFF, 0x9C, 0xFF, 0x9C, 0xFF, 0x9C, 0xFF, 0x9C,
    0xFF, 0x9C, 0xFF, 0x9C, 0xFF, 0x9C, 0xFF, 0x9C, 0xFF, 0x9C, 0xFF, 0xBD, 0xFF, 0xFD, 0xFF, 0x7C,
    0xFF, 0xBE, 0xFF, 0xBE, 0xCD, 0x97, 0x83, 0x2E, 0x62, 0x2B, 0x7B, 0x0E, 0x7B, 0x0F, 0x7B, 0x2F,
    0x73, 0x0F, 0x72, 0xEE, 0x6B, 0x0E, 0x63, 0x0E, 0xAB, 0x62, 0xED, 0x62, 0xAD, 0x62, 0xAD, 0x62,
    0xAD, 0x62, 0xAD, 0x62, 0xAD, 0x62, 0xAD, 0x62, 0xAD, 0x6A, 0xAE, 0x6A, 0xAD, 0x6A, 0xAD, 0x6A,
    0xED, 0x6B, 0x0D, 0xDE, 0xBA, 0xFF, 0xBD, 0xFF, 0xDD, 0xFF, 0xDC, 0xFF, 0xDC, 0xFF, 0xDC, 0xFF,
    0xDC, 0xFF, 0xDC, 0xFF, 0xDE, 0x1B, 0xFF, 0xFF, 0xDF, 0xFF, 0xDE, 0xFF, 0xDE, 0xFF, 0xDE, 0xFF,
    0xDE, 0xFF, 0xBE, 0xFF, 0xBE, 0xFF, 0x9E, 0xFF, 0x9E, 0xFF, 0x9E, 0xFF, 0x9E, 0xFF, 0x9D, 0xFF,
    0x9D, 0xFF, 0x9D, 0xFF, 0x7D, 0xFF, 0x7D, 0xFF, 0x7D, 0xFF, 0x7D, 0xFF, 0x5D, 0xFF, 0x5D, 0xFF,
    0x5D, 0xFF, 0x5D, 0xFF, 0x7C, 0xFF, 0x7C, 0xFF, 0xDD, 0xFF, 0xFD, 0xFF, 0xFC, 0xFF, 0xFC, 0xFF,
    0xDD, 0xFF, 0x9C, 0xFF, 0x7C, 0xFF, 0x5B, 0xFF, 0x3B, 0xFF, 0x3B, 0xFF, 0x3C, 0xFF, 0x3C, 0xFF,
    0x3C, 0xFF, 0x3C, 0xFF, 0x3C, 0xFF, 0x3C, 0xFF, 0x3C, 0xFF, 0x3C, 0xFF, 0x3C, 0xFF, 0x3C, 0xFF,
    0x3C, 0xFF, 0x3C, 0xFF, 0x5C, 0xFF, 0x7C, 0xFF, 0xDB, 0xFF, 0xDB, 0xFF, 0xFB, 0xFF, 0xFB, 0xFF,
    0xFB, 0xFF, 0xDB, 0xFF, 0xDB, 0xF7, 0x3A, 0xF7, 0x3A, 0xF7, 0x3A, 0xFF, 0x3A, 0xFF, 0x3A, 0xFF,
    0x1A, 0xFE, 0xFA, 0xFE, 0xDB, 0xFE, 0xBA, 0xFE, 0xFF, 0x9A, 0xFE, 0x9A, 0xF6, 0x59, 0xEE, 0x38,
    0xEE, 0x39, 0xE6, 0x39, 0xE6, 0x19, 0xE6, 0x18, 0xDD, 0xF8, 0xDD, 0xD7, 0xDD, 0xD7, 0xD5, 0xB7,
    0xD5, 0xB7, 0xD5, 0xB7, 0xD5, 0x97, 0xD5, 0x97, 0xD5, 0x97, 0xD5, 0x97, 0xD5, 0x77, 0xD5, 0x77,
    0xD5, 0x77, 0xCD, 0x77, 0xCD, 0x76, 0xCD, 0x76, 0xCD, 0x76, 0xCD, 0x57, 0xCD, 0x57, 0xCD, 0x57,
    0xC5, 0x36, 0xC5, 0x36, 0xC5, 0x36, 0xC5, 0x36, 0xC5, 0x17, 0xBC, 0xF6, 0xBC, 0xD6, 0xBC, 0xD6,
    0xBC, 0xD6, 0xBC, 0xD6, 0xBC, 0xF6, 0xBC, 0xF6, 0xB4, 0xD5, 0xB4, 0xB5, 0xB4, 0xB5, 0xB4, 0xB5,
    0xB4, 0xB5, 0xAC, 0xB5, 0xAC, 0xB6, 0xAC, 0xB6, 0xAC, 0xB5, 0xAC, 0x95, 0xAC, 0x95, 0xAC, 0x95,
    0xA4, 0x95, 0xA4, 0x95, 0xA4, 0x95, 0xA4, 0x95, 0xAC, 0x95, 0xAC, 0x95, 0xAC, 0x95, 0xAC, 0xB5,
    0xB4, 0xB5, 0xB4, 0xB5, 0xB4, 0xD5, 0xB4, 0xD5, 0xB4, 0xFF, 0xD5, 0xB4, 0xD5, 0xB4, 0xD5, 0xB4,
    0xD5, 0xB4, 0xD5, 0xB4, 0xF6, 0xAC, 0xB5, 0xA4, 0x94, 0xA4, 0x54, 0x9C, 0x34, 0x9C, 0x14, 0x93,
    0xF3, 0x9C, 0x14, 0x93, 0xF3, 0x93, 0xD3, 0x8B, 0xD3, 0x8B, 0xD3, 0x8B, 0xD3, 0x8B, 0xD3, 0x8B,
    0xB3, 0x8B, 0xB3, 0x8B, 0xB3, 0x8B, 0xB3, 0x8B, 0xB3, 0x8B, 0xB3, 0x83, 0xB3, 0x83, 0x93, 0xF7,
    0xDD, 0xF7, 0xDD, 0xEF, 0xFD, 0xF7, 0xFD, 0xFF, 0xFE, 0xFF, 0xDD, 0xFF, 0x7D, 0xFF, 0x1C, 0xFE,
    0xFB, 0xC5, 0x75, 0xC5, 0x54, 0xC5, 0x34, 0xA4, 0x10, 0x82, 0xEB, 0x8B, 0x0C, 0x7A, 0x29, 0x92,
    0xCC, 0xFE, 0x3A, 0xF5, 0xF9, 0xC4, 0x52, 0x92, 0xED, 0x8A, 0x6B, 0x82, 0x8B, 0x82, 0xAB, 0x9B,
    0x4E, 0x93, 0x0D, 0x93, 0x0E, 0x92, 0xCD, 0xA3, 0x6F, 0xB4, 0x10, 0x9B, 0x6E, 0x9B, 0xAF, 0xBC,
    0xB2, 0xFF, 0x5D, 0xE6, 0x38, 0x9B, 0xCF, 0xBC, 0xB2, 0x93, 0xFF, 0x8E, 0x9B, 0xCF, 0xBD, 0x13,
    0xFF, 0x5C, 0xFF, 0xDE, 0xFF, 0xFE, 0xFF, 0x7D, 0xFF, 0x7D, 0xFF, 0x5C, 0xFF, 0x9D, 0xFF, 0x9D,
    0xFF, 0x9D, 0xFF, 0xBD, 0xFF, 0xFD, 0xFF, 0xFD, 0xFF, 0xFD, 0xFF, 0xDD, 0xFF, 0xDD, 0xFF, 0xDD,
    0xFF, 0xDD, 0xFF, 0xBD, 0xFF, 0xBD, 0xFF, 0xBD, 0xFF, 0xBD, 0xFF, 0xBD, 0xFF, 0xBD, 0xFF, 0xBD,
    0xFF, 0xBD, 0xFF, 0xBD, 0xFF, 0xBC, 0xFF, 0xBC, 0xFF, 0xBC, 0xFF, 0xBC, 0xFF, 0xBC, 0xFF, 0xBC,
    0xFF, 0xBC, 0xFF, 0xBC, 0xFF, 0xBC, 0xFF, 0xBC, 0xFF, 0xBC, 0xFF, 0x9B, 0xFF, 0x9B, 0xFF, 0x9B,
    0xFF, 0x9B, 0xFF, 0x9B, 0xFF, 0x9B, 0xFF, 0x9B, 0xFF, 0x9B, 0xFF, 0x9B, 0xFF, 0x9B, 0xFF, 0x9B,
    0xFF, 0x9B, 0xFF, 0x9B, 0xFF, 0x9B, 0xFF, 0x9B, 0xFF, 0x9B, 0xFF, 0x9B, 0xFF, 0x7B, 0xFF, 0x7B,
    0xFF, 0x7B, 0xFF, 0x9B, 0xFF, 0x9B, 0xFF, 0x9B, 0xFF, 0x9B, 0xFF, 0xA6, 0x9B, 0xFF, 0x9B, 0xFF,
    0x9B, 0xFF, 0x9C, 0xFF, 0x9C, 0xFF, 0x9C, 0xFF, 0x9C, 0xFF, 0x9C, 0xFF, 0x9C, 0xFF, 0x9C, 0xFF,
    0x9C, 0xFF, 0x9C, 0xFF, 0x9C, 0xFF, 0x9C, 0xFF, 0x9C, 0xF7, 0x9C, 0xFF, 0x9D, 0xFF, 0x7E, 0xEE,
    0x9A, 0xB4, 0xD4, 0x02, 0xB4, 0xBB, 0x93, 0xB0, 0x83, 0x2F, 0x7A, 0xEE, 0x7B, 0x30, 0x73, 0x0F,
    0x6A, 0xCE, 0x6A, 0xEE, 0x62, 0xEE, 0x5A, 0xEE, 0x62, 0xAD, 0x62, 0xAD, 0x62, 0xAD, 0x62, 0xAD,
    0x62, 0xAD, 0x62, 0xAD, 0x62, 0xAD, 0x6A, 0xAE, 0x6A, 0xAD, 0x6A, 0xAD, 0x62, 0xCC, 0x6A, 0xEC,
    0xC5, 0xD6, 0xFF, 0xDE, 0xFF, 0xDC, 0xFF, 0xDC, 0xFF, 0xDC, 0xFF, 0xDC, 0xFF, 0xDC, 0xFF, 0xDC,
    0xFF, 0xDD, 0x1B, 0xFF, 0xFF, 0xDE, 0xFF, 0xBE, 0xFF, 0xBE, 0xFF, 0xBE, 0xFF, 0xBE, 0xFF, 0xBE,
    0xFF, 0xBE, 0xFF, 0x9E, 0xFF, 0x9E, 0xFF, 0x9E, 0xFF, 0x9E, 0xFF, 0x9D, 0xFF, 0x9D, 0xFF, 0x9D,
    0xFF, 0x7D, 0xFF, 0x7D, 0xFF, 0x7D, 0xFF, 0x7D, 0xFF, 0x5D, 0xFF, 0x5D, 0xFF, 0x5D, 0xFF, 0x5D,
    0xFF, 0x7C, 0xFF, 0x7C, 0xFF, 0xDD, 0xFF, 0xFD, 0xFF, 0xFC, 0xFF, 0xFC, 0xFF, 0xDD, 0xFF, 0x9C,
    0xFF, 0x7C, 0xFF, 0x5B, 0xFF, 0x3B, 0xFF, 0x3B, 0xFF, 0x3C, 0xFF, 0x3C, 0xFF, 0x3C, 0xFF, 0x3C,
    0xFF, 0x3C, 0xFF, 0x3C, 0xFF, 0x3C, 0xFF, 0x3C, 0xFF, 0x3C, 0xFF, 0x3C, 0xFF, 0x3C, 0xFF, 0x3C,
    0xFF, 0x5C, 0xFF, 0x7C, 0xFF, 0xBB, 0xFF, 0xDB, 0xFF, 0xFB, 0xFF, 0xFB, 0xFF, 0xFB, 0xFF, 0xFB,
    0xFF, 0xDB, 0xF7, 0x5A, 0xF7, 0x5A, 0xF7, 0x5A, 0xFF, 0x7B, 0xFF, 0x7B, 0xFF, 0x5A, 0xFF, 0x1B,
    0xFE, 0xDB, 0xFE, 0xDB, 0xFE, 0xFF, 0xBA, 0xFE, 0x9A, 0xF6, 0x59, 0xEE, 0x38, 0xEE, 0x39, 0xE6,
    0x39, 0xE6, 0x19, 0xE6, 0x18, 0xE6, 0x18, 0xDD, 0xF8, 0xDD, 0xD8, 0xD5, 0xB7, 0xD5, 0xB7, 0xD5,
    0xB7, 0xD5, 0x97, 0xD5, 0x97, 0xD5, 0x97, 0xD5, 0x97, 0xD5, 0x77, 0xD5, 0x77, 0xD5, 0x77, 0xCD,
    0x77, 0xCD, 0x76, 0xCD, 0x76, 0xCD, 0x76, 0xCD, 0x57, 0xCD, 0x57, 0xCD, 0x57, 0xC5, 0x36, 0xC5,
    0x36, 0xC5, 0x36, 0xC5, 0x36, 0xC5, 0x17, 0xBC, 0xF6, 0xBC, 0xD6, 0xBC, 0xF6, 0xBC, 0xF6, 0xBC,
    0xF6, 0xBD, 0x16, 0xBD, 0x16, 0xB4, 0xD6, 0xB4, 0xD5, 0xB4, 0xB5, 0xB4, 0xB5, 0xB4, 0xB5, 0xAC,
    0xB5, 0xAC, 0xB6, 0xAC, 0xB6, 0xAC, 0xB5, 0xAC, 0x95, 0xAC, 0x95, 0xAC, 0x95, 0xA4, 0x95, 0xA4,
    0x95, 0xA4, 0x95, 0xA4, 0x75, 0xA4, 0x75, 0xA4, 0x75, 0xA4, 0x75, 0xAC, 0xB5, 0xB4, 0xB5, 0xB4,
    0xB5, 0xB4, 0xD5, 0xB4, 0xD5, 0xB4, 0xFF, 0xD5, 0xB4, 0xD5, 0xB4, 0xD5, 0xB4, 0xD5, 0xB4, 0xD5,
    0xAC, 0xD5, 0xAC, 0xB5, 0xA4, 0x74, 0x9C, 0x34, 0x9C, 0x14, 0x93, 0xF3, 0x93, 0xF3, 0x93, 0xF3,
    0x93, 0xD3, 0x8B, 0xB2, 0x8B, 0xB3, 0x8B, 0xD3, 0x8B, 0xD3, 0x8B, 0xD3, 0x8B, 0xB3, 0x8B, 0xB3,
    0x8B, 0xB3, 0x8B, 0xB3, 0x8B, 0xB3, 0x8B, 0xB3, 0x83, 0xB3, 0x83, 0x93, 0xFF, 0xDD, 0xFF, 0xFE,
    0xEF, 0x9D, 0xF7, 0xBE, 0xFF, 0xDE, 0xFF, 0xBE, 0xFF, 0x3C, 0xFF, 0xBE, 0xFF, 0x9E, 0xFE, 0xFC,
    0xC5, 0x35, 0x8B, 0x4D, 0x61, 0xE8, 0x9B, 0xAF, 0xDD, 0xD7, 0xEE, 0x19, 0xF5, 0xF9, 0x69, 0xA8,
    0x61, 0x67, 0xED, 0xB8, 0xE5, 0x77, 0xB3, 0xF1, 0x9B, 0x2E, 0x9B, 0x6E, 0x8A, 0xAC, 0xA3, 0x6F,
    0x9B, 0x0E, 0x9B, 0x0E, 0x9B, 0x0E, 0xA3, 0x0E, 0xA3, 0x2E, 0xA3, 0x4F, 0xA3, 0x90, 0xA3, 0xB1,
    0x82, 0xCE, 0x8B, 0x0E, 0x9B, 0xF0, 0x9B, 0xFF, 0xF0, 0x9B, 0xF0, 0xA3, 0xF0, 0xA4, 0x10, 0x9B,
    0xCF, 0x93, 0x4D, 0xB4, 0x51, 0xB4, 0x71, 0xAC, 0x10, 0xAB, 0xCF, 0xA3, 0x8E, 0xB4, 0x10, 0xE6,
    0x38, 0xFF, 0x7C, 0xFF, 0xDE, 0xFF, 0xBD, 0xF7, 0x5C, 0xEF, 0x5B, 0xF7, 0xDD, 0xFF, 0xFD, 0xF7,
    0xFC, 0xF7, 0xDC, 0xF7, 0xDC, 0xFF, 0xFD, 0xFF, 0xDC, 0xFF, 0xBC, 0xFF, 0xBD, 0xFF, 0xBD, 0xFF,
    0xBD, 0xFF, 0xBD, 0xFF, 0xBD, 0xFF, 0xBD, 0xFF, 0xBD, 0xFF, 0xBD, 0xFF, 0xBD, 0xFF, 0xBD, 0xFF,
    0xBC, 0xFF, 0xBC, 0xFF, 0xBC, 0xFF, 0xBC, 0xFF, 0xBC, 0xFF, 0xBC, 0xFF, 0xBC, 0xFF, 0xBC, 0xFF,
    0xBC, 0xFF, 0xBC, 0xFF, 0x9C, 0xFF, 0x9B, 0xFF, 0x9B, 0xFF, 0x9B, 0xFF, 0x9B, 0xFF, 0x9B, 0xFF,
    0x9B, 0xFF, 0x9C, 0xFF, 0x9C, 0xFF, 0x9C, 0xFF, 0x9C, 0xFF, 0x9C, 0xFF, 0x9C, 0xFF, 0x9C, 0xFF,
    0x9B, 0xFF, 0x9B, 0xFF, 0x9B, 0xFF, 0x9B, 0xFF, 0xE4, 0x9B, 0xFF, 0x9B, 0xFF, 0x9B, 0xFF, 0x9C,
    0xFF, 0x9C, 0xFF, 0x9C, 0xFF, 0x9C, 0xFF, 0x9C, 0xFF, 0x9B, 0xFF, 0x9C, 0xFF, 0xBB, 0xFF, 0xBB,
    0xFF, 0xBB, 0xFF, 0xBB, 0xFF, 0xDC, 0xFF, 0xFC, 0xFF, 0xBD, 0xF6, 0xFB, 0xA4, 0x10, 0xD5, 0xD7,
    0x5A, 0x29, 0x93, 0xD0, 0x7B, 0x2F, 0x73, 0x0F, 0x73, 0x0F, 0x6A, 0xEE, 0x6A, 0xCE, 0x6A, 0xEE,
    0x62, 0xCE, 0x62, 0xAE, 0x62, 0x8D, 0x6A, 0x8D, 0x6A, 0x8D, 0x62, 0x6D, 0x62, 0x4D, 0x62, 0x6D,
    0x62, 0x6D, 0x62, 0x6C, 0x62, 0x6C, 0x62, 0x8C, 0x62, 0x8C, 0x62, 0x6C, 0x83, 0x6F, 0xA4, 0x93,
    0xE6, 0xDB, 0xFF, 0xBC, 0xF7, 0x7A, 0xFF, 0xFB, 0xFF, 0xDB, 0xFF, 0xFB, 0xFF, 0xFE, 0x15, 0xFF,
    0xFF, 0xDE, 0xFF, 0xDE, 0xFF, 0xDE, 0xFF, 0xDE, 0xFF, 0xBE, 0xFF, 0xBE, 0xFF, 0xBE, 0xFF, 0xBE,
    0xFF, 0xBE, 0xFF, 0xBE, 0xFF, 0x9E, 0xFF, 0x9E, 0xFF, 0x9E, 0xFF, 0x9E, 0xFF, 0x9E, 0xFF, 0x9E,
    0xFF, 0x9E, 0xFF, 0x7D, 0xFF, 0x7D, 0xFF, 0x7D, 0xFF, 0x7D, 0xFF, 0x7D, 0xFF, 0x7D, 0xFF, 0x7D,
    0xFF, 0x7D, 0xFF, 0x9D, 0xFF, 0x9D, 0xFF, 0xDD, 0xFF, 0xFD, 0xFF, 0xFC, 0xFF, 0xDC, 0xFF, 0xBD,
    0xFF, 0x7C, 0xFF, 0x5B, 0xFF, 0x7C, 0xFF, 0x7C, 0xFF, 0x7C, 0xFF, 0x7C, 0xFF, 0x7C, 0xFF, 0x7C,
    0xFF, 0x7C, 0xFF, 0x7C, 0xFF, 0x7C, 0xFF, 0x7C, 0xFF, 0x5B, 0xFF, 0x5B, 0xFF, 0x5B, 0xFF, 0x7B,
    0xFF, 0x7B, 0xFF, 0x7B, 0xFF, 0x7C, 0xFF, 0xDC, 0xFF, 0xFC, 0xFF, 0xFC, 0xFF, 0xFC, 0xFF, 0xFC,
    0xFF, 0xFC, 0xFF, 0xFC, 0xFF, 0xFB, 0xFF, 0xFB, 0xFF, 0xFB, 0xFF, 0xDA, 0xFF, 0xDA, 0xFF, 0xDA,
    0xFF, 0xFF, 0xBA, 0xFF, 0x7A, 0xFF, 0x5A, 0xFE, 0xF9, 0xF6, 0xD9, 0xEE, 0x99, 0xEE, 0x79, 0xE6,
    0x38, 0xEE, 0x18, 0xEE, 0x18, 0xEE, 0x18, 0xE5, 0xF8, 0xE5, 0xF8, 0xE5, 0xD7, 0xDD, 0xD7, 0xDD,
    0xD7, 0xDD, 0xD7, 0xDD, 0xF8, 0xDD, 0xD7, 0xD5, 0x96, 0xDD, 0xD7, 0xD5, 0x77, 0xD5, 0x57, 0xCD,
    0x36, 0xCD, 0x36, 0xD5, 0x57, 0xD5, 0x57, 0xD5, 0x57, 0xC5, 0x36, 0xC5, 0x36, 0xC5, 0x36, 0xC5,
    0x15, 0xC5, 0x35, 0xC5, 0x34, 0xC4, 0xF5, 0xC4, 0xF6, 0xC4, 0xF6, 0xC4, 0xF6, 0xC4, 0xF6, 0xC4,
    0xF6, 0xC4, 0xF6, 0xC4, 0xF6, 0xBD, 0x17, 0xBC, 0xF6, 0xB4, 0xD6, 0xB4, 0xB5, 0xB4, 0xB5, 0xB4,
    0x95, 0xAC, 0x95, 0xAC, 0x96, 0xAC, 0x95, 0xAC, 0x95, 0xAC, 0x95, 0xAC, 0x95, 0xAC, 0x95, 0xAC,
    0x74, 0xAC, 0x74, 0xAC, 0x74, 0xAC, 0x74, 0xAC, 0x74, 0xAC, 0x75, 0xAC, 0x74, 0xAC, 0xB5, 0xAC,
    0xB5, 0xAC, 0xC2, 0xB5, 0xAC, 0xB5, 0xAC, 0xB5, 0xAC, 0xB5, 0xAC, 0xB5, 0xAC, 0xB6, 0xAC, 0xB5,
    0xAC, 0xB5, 0xAC, 0xB5, 0xA4, 0x94, 0x9C, 0x33, 0x93, 0xF3, 0x93, 0xD2, 0x93, 0xD2, 0x93, 0xD2,
    0x93, 0xD2, 0x93, 0xD2, 0x93, 0xD2, 0x8B, 0xD2, 0x8B, 0xB2, 0x8B, 0xB2, 0x8B, 0xB2, 0x8B, 0x92,
    0x8B, 0x92, 0x8B, 0x92, 0x8B, 0x92, 0x8B, 0x92, 0x8B, 0x93, 0x8B, 0x93, 0x8B, 0x93, 0xFF, 0xDD,
    0xFF, 0xDD, 0xFF, 0xFE, 0xF7, 0xBE, 0x02, 0xFF, 0xFF, 0xD6, 0x38, 0x8B, 0xCF, 0x83, 0x4D, 0x72,
    0xCB, 0xA3, 0xF0, 0xCD, 0x56, 0xFE, 0xDC, 0xFE, 0xFC, 0xFF, 0x1D, 0xF6, 0x7A, 0xEE, 0x39, 0xFE,
    0xDC, 0xFF, 0x5E, 0xDD, 0x56, 0x72, 0x09, 0xFE, 0x9C, 0xDD, 0x36, 0xAB, 0x8F, 0x9B, 0x4E, 0xA3,
    0x4E, 0x8A, 0x8C, 0x9B, 0x0E, 0x9B, 0x0E, 0x9B, 0x0E, 0x9B, 0x0D, 0xA3, 0x2E, 0xA3, 0x2F, 0xA3,
    0x70, 0x9B, 0x50, 0x72, 0x2C, 0x93, 0x51, 0x93, 0xD0, 0x9B, 0xD0, 0x9B, 0xD0, 0x9B, 0xD0, 0xA3,
    0xF0, 0x9B, 0xAF, 0x93, 0x2E, 0x9B, 0x8E, 0xAB, 0xF0, 0xAB, 0xD0, 0xC4, 0x72, 0xBC, 0x31, 0xB3,
    0xB0, 0x9B, 0x4E, 0x9B, 0xAE, 0xC5, 0x54, 0xE6, 0x58, 0xFF, 0x5C, 0xFF, 0xFE, 0xFF, 0xDD, 0xF7,
    0xBC, 0xFF, 0xDC, 0xFF, 0xFD, 0xFF, 0xFD, 0xFF, 0xFD, 0xFF, 0xDC, 0xFF, 0xDC, 0xFF, 0xBD, 0xFF,
    0xBC, 0xFF, 0xBD, 0xFF, 0xBD, 0xFF, 0xDD, 0xFF, 0xDD, 0xFF, 0xFF, 0xDD, 0xFF, 0xBD, 0xFF, 0xBD,
    0xFF, 0xBD, 0xFF, 0xBC, 0xFF, 0xBC, 0xFF, 0xBC, 0xFF, 0xBC, 0xFF, 0xBC, 0xFF, 0xBC, 0xFF, 0xBC,
    0xFF, 0xBC, 0xFF, 0xBC, 0xFF, 0xBC, 0xFF, 0xBC, 0xFF, 0x9B, 0xFF, 0x9B, 0xFF, 0x9B, 0xFF, 0x9B,
    0xFF, 0x9B, 0xFF, 0x9B, 0xFF, 0x9C, 0xFF, 0x9C, 0xFF, 0x9C, 0xFF, 0x9C, 0xFF, 0x9C, 0xFF, 0x9C,
    0xFF, 0x9C, 0xFF, 0x9B, 0xFF, 0x9B, 0xFF, 0x9B, 0xFF, 0x9B, 0xFF, 0x9B, 0xFF, 0x9B, 0xFF, 0x9B,
    0xFF, 0x9C, 0xFF, 0x9C, 0xFF, 0x9C, 0xFF, 0x9C, 0xFF, 0x9C, 0xFF, 0x9C, 0xFF, 0x9C, 0xF7, 0xBB,
    0xFF, 0xBB, 0xFF, 0xBB, 0xFF, 0xBB, 0xFF, 0xBB, 0xFF, 0xDB, 0xFF, 0xBD, 0xBC, 0xF3, 0xD5, 0xB6,
    0xB4, 0xD3, 0x52, 0x09, 0x8B, 0xB0, 0x7B, 0x2E, 0x73, 0x2E, 0x73, 0x0F, 0x6A, 0xEE, 0x6A, 0xCE,
    0x6A, 0xEE, 0x6A, 0xCE, 0x62, 0xAD, 0x6A, 0x8D, 0x6A, 0x8E, 0xA5, 0x6A, 0x8E, 0x6A, 0x8E, 0x6A,
    0xAE, 0x6A, 0xAE, 0x6A, 0xAE, 0x72, 0xEE, 0x6A, 0xCD, 0x62, 0x8C, 0x62, 0x6C, 0x5A, 0x2B, 0x49,
    0xC9, 0x5A, 0x0A, 0xA4, 0x93, 0xFF, 0x7C, 0xFF, 0xFD, 0xF7, 0x59, 0xFF, 0xFB, 0xFF, 0xFB, 0xFF,
    0xFE, 0x15, 0xFF, 0xFF, 0xDE, 0xFF, 0xDE, 0xFF, 0xDE, 0xFF, 0xDE, 0xFF, 0xBE, 0xFF, 0xBE, 0xFF,
    0xBE, 0xFF, 0xBE, 0xFF, 0xBE, 0xFF, 0xBE, 0xFF, 0x9E, 0xFF, 0x9E, 0xFF, 0x9E, 0xFF, 0x9E, 0xFF,
    0x9E, 0xFF, 0x9E, 0xFF, 0x9E, 0xFF, 0x9D, 0xFF, 0x9D, 0xFF, 0x9D, 0xFF, 0x9D, 0xFF, 0x9D, 0xFF,
    0x9D, 0xFF, 0x9D, 0xFF, 0x7D, 0xFF, 0x9D, 0xFF, 0xBD, 0xFF, 0xDD, 0xFF, 0xFD, 0xFF, 0xFC, 0xFF,
    0xDC, 0xFF, 0xBD, 0xFF, 0x7C, 0xFF, 0x5B, 0xFF, 0x7C, 0xFF, 0x7C, 0xFF, 0x7C, 0xFF, 0x7C, 0xFF,
    0x7C, 0xFF, 0x7C, 0xFF, 0x7C, 0xFF, 0x7C, 0xFF, 0x7C, 0xFF, 0x7C, 0xFF, 0x7B, 0xFF, 0x7B, 0xFF,
    0x7B, 0xFF, 0x7B, 0xFF, 0x9C, 0xFF, 0x9C, 0xFF, 0x9C, 0xFF, 0xDC, 0xFF, 0xFC, 0xFF, 0xFC, 0xFF,
    0xFC, 0xFF, 0xDC, 0xFF, 0xDC, 0xFF, 0xDC, 0xFF, 0xDA, 0xFF, 0xDA, 0xFF, 0xDA, 0xFF, 0xDA, 0xFF,
    0xDA, 0xFF, 0xDA, 0xFF, 0xFF, 0xBA, 0xFF, 0x99, 0xFF, 0x79, 0xFF, 0x39, 0xF6, 0xF9, 0xEE, 0xB9,
    0xEE, 0x78, 0xE6, 0x58, 0xEE, 0x18, 0xEE, 0x18, 0xEE, 0x18, 0xE5, 0xF8, 0xE5, 0xF7, 0xE5, 0xD7,
    0xDD, 0xD7, 0xD5, 0xB6, 0xD5, 0x96, 0xD5, 0x96, 0xD5, 0x96, 0xCD, 0x75, 0xD5, 0x76, 0xD5, 0x77,
    0xD5, 0x57, 0xD5, 0x56, 0xD5, 0x57, 0xD5, 0x57, 0xD5, 0x57, 0xD5, 0x57, 0xC5, 0x36, 0xC5, 0x36,
    0xC5, 0x36, 0xC5, 0x15, 0xC5, 0x15, 0xC5, 0x35, 0xC4, 0xF5, 0xC4, 0xF6, 0xC4, 0xF6, 0xC4, 0xF6,
    0xC4, 0xF6, 0xC4, 0xF6, 0xC4, 0xF6, 0xC4, 0xF6, 0xBC, 0xD6, 0xB4, 0xB5, 0xB4, 0xB5, 0xB4, 0xB5,
    0xB4, 0xB5, 0xB4, 0x94, 0xAC, 0x95, 0xAC, 0x95, 0xAC, 0x95, 0xAC, 0x95, 0xAC, 0x95, 0xAC, 0x95,
    0xAC, 0x95, 0xAC, 0x74, 0xAC, 0x74, 0xAC, 0x74, 0xAC, 0x74, 0xAC, 0x74, 0xAC, 0x74, 0xAC, 0x74,
    0xAC, 0xB5, 0xAC, 0xB5, 0xAC, 0xFF, 0xB5, 0xAC, 0xB5, 0xAC, 0xB5, 0xAC, 0xB5, 0xAC, 0xB5, 0xAC,
    0xB6, 0xAC, 0xB6, 0xAC, 0xB6, 0xAC, 0x95, 0xA4, 0x74, 0x9C, 0x13, 0x93, 0xF2, 0x93, 0xD2, 0x93,
    0xD2, 0x93, 0xD2, 0x93, 0xD2, 0x93, 0xD2, 0x93, 0xD2, 0x8B, 0xD2, 0x8B, 0xB2, 0x8B, 0xB2, 0x8B,
    0xB2, 0x8B, 0x92, 0x8B, 0x92, 0x8B, 0x92, 0x8B, 0x92, 0x8B, 0x92, 0x8B, 0x92, 0x8B, 0x92, 0x8B,
    0x92, 0xFF, 0xDD, 0xFF, 0xDD, 0xFF, 0xFE, 0xFF, 0xFE, 0xE7, 0x1B, 0x9C, 0x91, 0xF7, 0x3C, 0xFF,
    0x7D, 0xF6, 0xFC, 0xE6, 0x9A, 0xF6, 0xFB, 0xFF, 0x3D, 0xDE, 0x39, 0xC5, 0x75, 0x83, 0x6E, 0x6A,
    0xCB, 0x7B, 0x6D, 0x9B, 0xD0, 0xBC, 0xB3, 0xF6, 0x3A, 0x71, 0xE9, 0xF5, 0xF9, 0xF5, 0xF9, 0xB3,
    0xF1, 0x9B, 0x0D, 0x9B, 0x4E, 0x9B, 0x0E, 0x9B, 0x0E, 0x9B, 0x0E, 0x92, 0xED, 0x9B, 0x0D, 0x9B,
    0x2E, 0x9B, 0x4F, 0x82, 0xAD, 0x7A, 0xFF, 0x8D, 0x93, 0x91, 0x8B, 0xAF, 0x8B, 0xAF, 0x8B, 0x8F,
    0x8B, 0x8F, 0x93, 0x8F, 0x93, 0x6F, 0x8B, 0x0E, 0x82, 0xCC, 0x9B, 0x8F, 0x9B, 0x4E, 0x9B, 0x4E,
    0xAB, 0x90, 0xB3, 0xD0, 0xAB, 0x8F, 0xB3, 0xD0, 0xB4, 0x11, 0xBC, 0x72, 0xA3, 0xAF, 0x9B, 0xAF,
    0xBC, 0x92, 0xDD, 0xD7, 0xFF, 0x1B, 0xFF, 0x7C, 0xFF, 0x9D, 0xFF, 0x9C, 0xFF, 0xBD, 0xFF, 0xBD,
    0xFF, 0xDD, 0xFF, 0xDD, 0xFF, 0xDD, 0xFF, 0xDD, 0xFF, 0xDD, 0xFF, 0xDD, 0xFF, 0xFD, 0xFF, 0xBD,
    0xFF, 0xBD, 0xFF, 0xBD, 0xFF, 0xBC, 0xFF, 0xBC, 0xFF, 0xBC, 0xFF, 0xBC, 0xFF, 0xBC, 0xFF, 0xBC,
    0xFF, 0xBC, 0xFF, 0xBC, 0xFF, 0xBC, 0xFF, 0xBC, 0xFF, 0xBC, 0xFF, 0x9B, 0xFF, 0x9B, 0xFF, 0x9B,
    0xFF, 0x9B, 0xFF, 0x9B, 0xFF, 0x9B, 0xFF, 0x9C, 0xFF, 0x9C, 0xFF, 0x9C, 0xFF, 0x9C, 0xFF, 0x9C,
    0xFF, 0x9C, 0xFF, 0x9C, 0xFF, 0x9B, 0xFF, 0xEA, 0x9B, 0xFF, 0x9B, 0xFF, 0x9B, 0xFF, 0x9B, 0xFF,
    0x9B, 0xFF, 0x9B, 0xFF, 0x9C, 0xFF, 0x9C, 0xFF, 0x9C, 0xFF, 0x9C, 0xFF, 0x9C, 0xFF, 0x9C, 0xFF,
    0x9C, 0xFF, 0x9B, 0xFF, 0x9B, 0xFF, 0x9B, 0xFF, 0xBC, 0xFF, 0xBC, 0xFF, 0x9B, 0xE6, 0x58, 0xAC,
    0x51, 0xEE, 0x7A, 0x8B, 0x4E, 0x49, 0xA8, 0x83, 0x6F, 0x7B, 0x2F, 0x73, 0x0F, 0x73, 0x0F, 0x6A,
    0xEE, 0x6A, 0xCE, 0x6A, 0xEE, 0x6A, 0xCE, 0x62, 0xAD, 0x62, 0x8D, 0x62, 0x8E, 0x62, 0x8E, 0x62,
    0x8D, 0x5A, 0x4D, 0x52, 0x2C, 0x51, 0xEB, 0x41, 0x89, 0x39, 0x69, 0x39, 0x48, 0x39, 0x68, 0x41,
    0xC9, 0x52, 0x0B, 0x5A, 0x4C, 0x5A, 0x4B, 0xEE, 0xFB, 0xFF, 0x7C, 0xFF, 0xBB, 0xFF, 0xDB, 0xFF,
    0xFC, 0xFF, 0xFE, 0x15, 0xFF, 0xFF, 0xDE, 0xFF, 0xDE, 0xFF, 0xDE, 0xFF, 0xDE, 0xFF, 0xDE, 0xFF,
    0xDE, 0xFF, 0xDE, 0xFF, 0xDE, 0xFF, 0xDE, 0xFF, 0xDE, 0xFF, 0xDE, 0xFF, 0xBE, 0xFF, 0xDE, 0xFF,
    0xBE, 0xFF, 0xBE, 0xFF, 0xBE, 0xFF, 0xBE, 0xFF, 0x9D, 0xFF, 0x9D, 0xFF, 0x9D, 0xFF, 0x9D, 0xFF,
    0x9D, 0xFF, 0x9D, 0xFF, 0x9D, 0xFF, 0x9D, 0xFF, 0xBD, 0xFF, 0xDD, 0xFF, 0xDD, 0xFF, 0xFD, 0xFF,
    0xFC, 0xFF, 0xDC, 0xFF, 0xBD, 0xFF, 0x7C, 0xFF, 0x5B, 0xFF, 0x7C, 0xFF, 0x7C, 0xFF, 0x7C, 0xFF,
    0x7C, 0xFF, 0x7C, 0xFF, 0x7C, 0xFF, 0x7C, 0xFF, 0x7C, 0xFF, 0x7C, 0xFF, 0x7C, 0xFF, 0x9C, 0xFF,
    0x9C, 0xFF, 0x9C, 0xFF, 0x9C, 0xFF, 0xBC, 0xFF, 0xBC, 0xFF, 0xBC, 0xFF, 0xDC, 0xFF, 0xDC, 0xFF,
    0xDC, 0xFF, 0xDC, 0xFF, 0xBB, 0xFF, 0xBB, 0xFF, 0xBB, 0xFF, 0xBA, 0xFF, 0xBA, 0xFF, 0xBA, 0xFF,
    0xBA, 0xFF, 0xBA, 0xFF, 0xBA, 0xFF, 0xDA, 0x9A, 0xFF, 0x7A, 0xFF, 0x7A, 0xFF, 0x7A, 0xFF, 0x5A,
    0xFE, 0xF9, 0xEE, 0x99, 0xEE, 0x78, 0xEE, 0x39, 0xEE, 0x39, 0xEE, 0x39, 0xE5, 0xF8, 0xE5, 0xF7,
    0xE5, 0xD7, 0xDD, 0xF6, 0xDD, 0xF6, 0xDD, 0xF6, 0xDE, 0x17, 0xE6, 0x58, 0xEE, 0x58, 0xDE, 0x17,
    0xDD, 0x96, 0xDD, 0x96, 0xD5, 0x76, 0xD5, 0x76, 0xD5, 0x56, 0xD5, 0x56, 0xD5, 0x56, 0xC5, 0x36,
    0xC5, 0x36, 0xC5, 0x36, 0xC5, 0x16, 0xC5, 0x16, 0xC5, 0x16, 0xC4, 0xF6, 0xC4, 0xF6, 0xC4, 0xF6,
    0xC4, 0xF6, 0xC4, 0xF6, 0xC4, 0xF6, 0xC4, 0xF6, 0xC4, 0xF6, 0xC4, 0xF6, 0xBC, 0xD5, 0xBC, 0xB5,
    0xBC, 0xB5, 0x03, 0xB4, 0xE0, 0x94, 0xB4, 0x95, 0xB4, 0x95, 0xB4, 0x95, 0xAC, 0x95, 0xAC, 0x95,
    0xAC, 0x95, 0xB4, 0x95, 0xAC, 0x74, 0xAC, 0x74, 0xAC, 0x74, 0xAC, 0x74, 0xAC, 0x74, 0xAC, 0x74,
    0xAC, 0x74, 0xAC, 0xB5, 0xAC, 0xB5, 0xAC, 0xB5, 0xAC, 0xB5, 0xAC, 0xB5, 0xAC, 0xB5, 0xAC, 0xB5,
    0xAC, 0xB6, 0xAC, 0xB6, 0xAC, 0xB6, 0xA4, 0x54, 0x9C, 0x33, 0x93, 0xD2, 0x8B, 0xB2, 0x93, 0xD2,
    0x93, 0xD2, 0x93, 0xD2, 0x93, 0xD2, 0x93, 0xD2, 0x93, 0xD2, 0x8B, 0xD2, 0x8B, 0xB2, 0x8B, 0xB2,
    0x8B, 0xB2, 0x8B, 0x92, 0x8B, 0x92, 0x8B, 0x92, 0x8B, 0x92, 0x8B, 0x92, 0x8B, 0x92, 0x8B, 0x92,
    0x8B, 0x92, 0xFF, 0xFE, 0xFF, 0xFE, 0x02, 0xFF, 0x81, 0xF7, 0x9D, 0x02, 0xFF, 0x93, 0xE6, 0xDA,
    0xC5, 0xD7, 0xA4, 0x92, 0xAC, 0xD3, 0xA4, 0xD3, 0xA4, 0xB2, 0xB5, 0x55, 0xC5, 0x96, 0xDE, 0x59,
    0xFF, 0x9E, 0x03, 0xFF, 0xFF, 0xDE, 0xFF, 0x9E, 0xAC, 0x92, 0x9B, 0xAF, 0xE5, 0xB8, 0x61, 0x88,
    0xDD, 0x57, 0xED, 0xD8, 0xAB, 0xD0, 0x9B, 0x2E, 0x9B, 0x2E, 0x9B, 0x2E, 0x9B, 0x2E, 0x92, 0xED,
    0x92, 0xED, 0x93, 0x2E, 0x93, 0x4F, 0x72, 0x8C, 0x93, 0x71, 0x8B, 0x50, 0x83, 0x8F, 0x83, 0x8F,
    0x8B, 0x8F, 0x83, 0x6F, 0x93, 0x6F, 0x8B, 0x6F, 0x8B, 0x0E, 0x82, 0xED, 0x9B, 0xB0, 0x93, 0x2E,
    0x9B, 0x4F, 0x9B, 0x4F, 0xA3, 0x4F, 0xA3, 0x4F, 0xAB, 0x6F, 0xB3, 0xB0, 0xA3, 0x2E, 0xBB, 0xF1,
    0xBC, 0x32, 0xAB, 0x90, 0x9B, 0x0D, 0xA3, 0x8E, 0xB4, 0x31, 0xBC, 0xB2, 0xFF, 0x3C, 0xFF, 0x7C,
    0xFF, 0x9D, 0xFF, 0xDD, 0xFF, 0xDD, 0xFF, 0xDD, 0xFF, 0xDD, 0xFF, 0xDD, 0xFF, 0xDD, 0xFF, 0xDD,
    0xFF, 0xBD, 0xFF, 0xBD, 0xFF, 0xBD, 0xFF, 0xBC, 0xFF, 0xBC, 0xFF, 0xBC, 0xFF, 0xBC, 0xFF, 0xBC,
    0xFF, 0xBC, 0xFF, 0xBC, 0xFF, 0xFF, 0xBC, 0xFF, 0xBC, 0xFF, 0xBC, 0xFF, 0xBC, 0xFF, 0x9B, 0xFF,
    0x9B, 0xFF, 0x9B, 0xFF, 0x9B, 0xFF, 0x9B, 0xFF, 0x9B, 0xFF, 0x9C, 0xFF, 0x9C, 0xFF, 0x9C, 0xFF,
    0x9C, 0xFF, 0x9C, 0xFF, 0x9C, 0xFF, 0x9C, 0xFF, 0x9B, 0xFF, 0x9B, 0xFF, 0x9B, 0xFF, 0x9B, 0xFF,
    0x9B, 0xFF, 0x9B, 0xFF, 0x9B, 0xFF, 0x9C, 0xFF, 0x9C, 0xFF, 0x9C, 0xFF, 0x9C, 0xFF, 0x9C, 0xFF,
    0x9C, 0xFF, 0x9C, 0xFF, 0x9C, 0xFF, 0x9C, 0xFF, 0x9C, 0xFF, 0xBC, 0xFF, 0x9C, 0xFF, 0x7B, 0xC5,
    0x74, 0xDD, 0xD7, 0xCD, 0x76, 0x7B, 0x0E, 0x49, 0x68, 0x83, 0x50, 0x7B, 0x2F, 0x73, 0x0F, 0x73,
    0x0F, 0x6A, 0xEE, 0x6A, 0xCE, 0x6A, 0xEE, 0x6A, 0xCE, 0x62, 0xAD, 0x62, 0xAD, 0x62, 0xAE, 0x62,
    0xAE, 0x52, 0x4C, 0x41, 0xCA, 0x39, 0x89, 0x31, 0x48, 0x39, 0x89, 0x39, 0x89, 0x41, 0xAA, 0x41,
    0x89, 0x39, 0x89, 0x41, 0xCA, 0x49, 0x8E, 0xCA, 0x62, 0x4B, 0xB5, 0x35, 0xFF, 0xBD, 0xFF, 0x9B,
    0xFF, 0xDC, 0xFF, 0xFD, 0xFF, 0xFE, 0x15, 0xFF, 0xFF, 0xDE, 0xFF, 0xDE, 0xFF, 0xDE, 0xFF, 0xDE,
    0xFF, 0xDE, 0xFF, 0xDE, 0xFF, 0xDE, 0xFF, 0xDF, 0xFF, 0xDF, 0xFF, 0xDF, 0xFF, 0xDE, 0xFF, 0xDE,
    0xFF, 0xDE, 0xFF, 0xDE, 0xFF, 0xBE, 0xFF, 0xBE, 0xFF, 0xBE, 0xFF, 0x9D, 0xFF, 0x9D, 0xFF, 0x9D,
    0xFF, 0x9D, 0xFF, 0x9D, 0xFF, 0x9D, 0xFF, 0x9D, 0xFF, 0x9D, 0xFF, 0xBD, 0xFF, 0xDD, 0xFF, 0xDD,
    0xFF, 0xFD, 0xFF, 0xFC, 0xFF, 0xDC, 0xFF, 0xBD, 0xFF, 0x7C, 0xFF, 0x5B, 0xFF, 0x7C, 0xFF, 0x7C,
    0xFF, 0x7C, 0xFF, 0x7C, 0xFF, 0x7C, 0xFF, 0x7C, 0xFF, 0x7C, 0xFF, 0x7C, 0xFF, 0x7C, 0xFF, 0x7C,
    0xFF, 0xBC, 0xFF, 0xBC, 0xFF, 0xBC, 0xFF, 0xBC, 0xFF, 0xDC, 0xFF, 0xBC, 0xFF, 0xBC, 0xFF, 0xDC,
    0xFF, 0xDC, 0xFF, 0xDC, 0xFF, 0xBC, 0xFF, 0x9B, 0xFF, 0x9B, 0xFF, 0x9B, 0xFF, 0x9A, 0xFF, 0x9A,
    0xFF, 0x9A, 0xFF, 0xBB, 0xFF, 0xBB, 0xFF, 0xBB, 0xFF, 0xFF, 0x9B, 0xFF, 0x7A, 0xFF, 0x7A, 0xFF,
    0x9A, 0xFF, 0x9B, 0xFF, 0x19, 0xF6, 0xB8, 0xEE, 0x78, 0xEE, 0x58, 0xEE, 0x58, 0xEE, 0x58, 0xE6,
    0x17, 0xE5, 0xF7, 0xDD, 0xF6, 0xDD, 0xF6, 0xE6, 0x36, 0xEE, 0x77, 0xF6, 0xD9, 0xFE, 0xF9, 0xFF,
    0x3A, 0xF6, 0xB8, 0xDD, 0xB6, 0xDD, 0xB6, 0xD5, 0x95, 0xD5, 0x75, 0xD5, 0x75, 0xD5, 0x75, 0xD5,
    0x75, 0xCD, 0x36, 0xC5, 0x36, 0xC5, 0x36, 0xC5, 0x16, 0xC5, 0x17, 0xC5, 0x17, 0xC4, 0xF6, 0xC4,
    0xF5, 0xC4, 0xF5, 0xC4, 0xF5, 0xC4, 0xF5, 0xC4, 0xF5, 0xC4, 0xF5, 0xCD, 0x16, 0xCD, 0x36, 0xCD,
    0x16, 0xCD, 0x16, 0xBC, 0xB4, 0xBC, 0x94, 0xB4, 0x93, 0xB4, 0x94, 0xB4, 0x94, 0xB4, 0x94, 0xB4,
    0x94, 0xB4, 0x94, 0xB4, 0x94, 0xB4, 0x74, 0xAC, 0x74, 0xAC, 0x74, 0xAC, 0x74, 0xAC, 0x74, 0xAC,
    0x74, 0xAC, 0x74, 0xAC, 0x74, 0xAC, 0xB5, 0xAC, 0xB5, 0xAC, 0xBE, 0xB5, 0xAC, 0xB5, 0xAC, 0xB5,
    0xAC, 0xB5, 0xAC, 0xB5, 0xAC, 0xB6, 0xAC, 0xB6, 0xAC, 0xB6, 0x9C, 0x34, 0x9C, 0x13, 0x8B, 0xB2,
    0x8B, 0xB1, 0x93, 0xD2, 0x93, 0xD2, 0x93, 0xD2, 0x93, 0xD2, 0x93, 0xD2, 0x93, 0xD2, 0x8B, 0xD2,
    0x8B, 0xB2, 0x8B, 0xB2, 0x8B, 0xB2, 0x8B, 0x92, 0x8B, 0x92, 0x8B, 0x92, 0x8B, 0x92, 0x8B, 0x92,
    0x8B, 0x92, 0x8B, 0x92, 0x8B, 0x92, 0xFF, 0xFE, 0xFF, 0xFE, 0x0B, 0xFF, 0x8E, 0xDE, 0xFF, 0xDE,
    0xFF, 0xDF, 0xFF, 0xDF, 0xFF, 0xDE, 0xFF, 0xDE, 0xFF, 0xDE, 0xFF, 0xDF, 0x05, 0xFF, 0xFF, 0xDF,
    0xFF, 0xBE, 0xE6, 0x59, 0x8B, 0x4E, 0xE5, 0xB8, 0xA3, 0x8F, 0xCC, 0xD4, 0xFE, 0xDC, 0xB3, 0xF1,
    0x9B, 0x2E, 0x93, 0x0D, 0x9B, 0x2E, 0x93, 0x2D, 0x93, 0x2D, 0x8B, 0x0E, 0x8B, 0x0E, 0x62, 0x2A,
    0x8B, 0x91, 0x83, 0x30, 0x83, 0x90, 0x83, 0x90, 0x83, 0x90, 0x8B, 0x70, 0x83, 0x2F, 0x93, 0x90,
    0x7A, 0xCE, 0x7A, 0xED, 0x8B, 0x2E, 0x9B, 0x90, 0x93, 0x4F, 0x93, 0x4F, 0x9B, 0x2F, 0x9B, 0x4F,
    0xA3, 0x4F, 0xA3, 0x4F, 0xA3, 0x4F, 0xAB, 0x4F, 0xAB, 0x70, 0xB3, 0x70, 0xB3, 0xB0, 0xB3, 0xD0,
    0xAB, 0xD0, 0xAB, 0xB0, 0xA3, 0xCF, 0xB4, 0x92, 0xC5, 0x34, 0xEE, 0xDA, 0xFF, 0x1B, 0xFF, 0xBD,
    0xFF, 0x9C, 0xF7, 0x3B, 0xFF, 0x7C, 0xFF, 0xDD, 0xFF, 0xBD, 0xFF, 0xDD, 0xFF, 0xDD, 0xFF, 0xDD,
    0xFF, 0xBD, 0xFF, 0xBD, 0xFF, 0xBD, 0xFF, 0xBC, 0xFF, 0xBC, 0xFF, 0xBC, 0xFF, 0xBC, 0xFF, 0xFF,
    0xBC, 0xFF, 0xBC, 0xFF, 0xBC, 0xFF, 0xBC, 0xFF, 0xBC, 0xFF, 0xBC, 0xFF, 0xBC, 0xFF, 0xBC, 0xFF,
    0xBC, 0xFF, 0xBC, 0xFF, 0xBC, 0xFF, 0xBC, 0xFF, 0xBC, 0xFF, 0xBC, 0xFF, 0xBC, 0xFF, 0x9C, 0xFF,
    0x9B, 0xFF, 0x9B, 0xFF, 0x9B, 0xFF, 0x9B, 0xFF, 0x9B, 0xFF, 0x9B, 0xFF, 0x9B, 0xFF, 0xBC, 0xFF,
    0xBC, 0xFF, 0xBC, 0xFF, 0xDC, 0xFF, 0xBC, 0xF7, 0x7B, 0xFF, 0x9B, 0xFF, 0x5C, 0xFF, 0x9D, 0xFF,
    0x7C, 0xFF, 0x9D, 0xFF, 0x9D, 0xEE, 0xB9, 0xB4, 0x92, 0xDD, 0xD8, 0x9B, 0xD0, 0x7B, 0x0E, 0x51,
    0xA9, 0x7B, 0x2F, 0x7B, 0x30, 0x6A, 0xCE, 0x6A, 0xEE, 0x62, 0xAD, 0x62, 0xAD, 0x6A, 0xCE, 0x62,
    0xAD, 0x62, 0xAD, 0x52, 0x4C, 0x4A, 0x0B, 0x39, 0xA9, 0x31, 0x48, 0x31, 0x68, 0x31, 0x68, 0x31,
    0x69, 0x31, 0x69, 0x39, 0x6A, 0x39, 0x8A, 0x39, 0xAA, 0x39, 0x8A, 0x41, 0xCB, 0x41, 0xCB, 0x62,
    0x8A, 0x4C, 0x83, 0x8F, 0xF7, 0x5C, 0xFF, 0x7C, 0xFF, 0xDC, 0xFF, 0xFE, 0x11, 0xFF, 0x92, 0xDF,
    0xFF, 0xDF, 0xFF, 0xDF, 0xFF, 0xDF, 0xFF, 0xDF, 0xFF, 0xDF, 0xFF, 0xDF, 0xFF, 0xDF, 0xFF, 0xDF,
    0xFF, 0xDF, 0x11, 0xFF, 0xFF, 0xDE, 0xFF, 0xDE, 0xFF, 0xBE, 0xFF, 0xBE, 0xFF, 0xBE, 0xFF, 0xBE,
    0xFF, 0xBE, 0xFF, 0x9E, 0xFF, 0x9D, 0xFF, 0x9D, 0xFF, 0x9D, 0xFF, 0xBD, 0xFF, 0xDC, 0xFF, 0xDC,
    0xFF, 0xDC, 0xFF, 0xBC, 0xFF, 0x7C, 0xFF, 0x7C, 0xFF, 0x7C, 0xFF, 0x7C, 0xFF, 0x7C, 0xFF, 0x7C,
    0xFF, 0x7C, 0xFF, 0x7C, 0xFF, 0x7C, 0xFF, 0x7C, 0xFF, 0x7C, 0xFF, 0x7C, 0xFF, 0x9C, 0xFF, 0xFD,
    0xFF, 0xFD, 0xFF, 0xFD, 0xFF, 0xDD, 0xFF, 0xDC, 0xFF, 0xDC, 0xFF, 0xDC, 0xFF, 0x9C, 0xFF, 0xBC,
    0xFF, 0xBC, 0xFF, 0xBC, 0xFF, 0x9B, 0xFF, 0x9B, 0xFF, 0x9B, 0xFF, 0x9A, 0xFF, 0x7A, 0xFF, 0x7A,
    0xF7, 0x19, 0xF7, 0x39, 0xF7, 0x3A, 0xFF, 0x5A, 0xFF, 0x5B, 0xFF, 0x5A, 0xFF, 0x5A, 0xFF, 0x5A,
    0xFF, 0x5A, 0xFF, 0x59, 0xFF, 0x1A, 0xFE, 0xB9, 0xF6, 0x98, 0xEE, 0x78, 0xEE, 0x58, 0xE6, 0x16,
    0xE6, 0x17, 0xEE, 0x76, 0xFE, 0xC9, 0xF8, 0xFF, 0x39, 0xFF, 0x18, 0xFF, 0x19, 0xFF, 0x18, 0xFE,
    0xF8, 0xFE, 0xD9, 0xE6, 0x16, 0xDD, 0xD5, 0xE5, 0xF6, 0xDD, 0xD5, 0xDD, 0xD5, 0xDD, 0xD6, 0xD5,
    0x96, 0xCD, 0x95, 0xCD, 0x76, 0xC5, 0x36, 0xC5, 0x36, 0xC5, 0x17, 0xC4, 0xF6, 0xCD, 0x15, 0xCD,
    0x15, 0xCD, 0x15, 0xC4, 0xF4, 0xCD, 0x15, 0xD5, 0x56, 0xD5, 0x56, 0xD5, 0x56, 0xD5, 0x56, 0xD5,
    0x56, 0xCD, 0x15, 0xCD, 0x15, 0xCC, 0xF5, 0xC4, 0xF5, 0xBC, 0xD5, 0xBC, 0xB5, 0xBC, 0xB4, 0xBC,
    0x02, 0xB4, 0xD6, 0x94, 0xB4, 0x73, 0xB4, 0x94, 0xB4, 0x95, 0xB4, 0x95, 0xB4, 0x95, 0xB4, 0x95,
    0xAC, 0x95, 0xB4, 0x95, 0xAC, 0xB5, 0xAC, 0xB5, 0xAC, 0xB5, 0xAC, 0xB5, 0xAC, 0xB5, 0xAC, 0xB5,
    0xAC, 0xB5, 0xAC, 0xB6, 0xAC, 0x95, 0xA4, 0x95, 0x9C, 0x13, 0x94, 0x13, 0x93, 0xF2, 0x93, 0xD2,
    0x93, 0xD2, 0x93, 0xD2, 0x93, 0xD2, 0x93, 0xD2, 0x93, 0xD2, 0x93, 0xD2, 0x8B, 0xD2, 0x8B, 0xB2,
    0x8B, 0xB2, 0x8B, 0xB2, 0x8B, 0x92, 0x8B, 0x92, 0x8B, 0x92, 0x8B, 0x92, 0x8B, 0x92, 0x8B, 0x92,
    0x8B, 0x92, 0x8B, 0x92, 0xFF, 0xFE, 0xFF, 0xFE, 0xFF, 0xFE, 0x1F, 0xFF, 0xFF, 0xDF, 0xF7, 0x7D,
    0xFF, 0xBE, 0xA4, 0x92, 0x93, 0x8F, 0xED, 0xD8, 0x8A, 0xCC, 0x72, 0x09, 0xD5, 0x35, 0xBC, 0x52,
    0x9B, 0x8F, 0x82, 0xCC, 0x8B, 0x0D, 0x82, 0xED, 0x6A, 0x4B, 0x7B, 0x0E, 0x83, 0x70, 0x83, 0x90,
    0x7B, 0x70, 0x7B, 0x70, 0x7B, 0x50, 0x7B, 0x50, 0x7B, 0x2F, 0x8B, 0x70, 0x6A, 0x4C, 0x83, 0x2F,
    0x83, 0x0E, 0x8B, 0x4F, 0x8B, 0x2F, 0x8B, 0x0F, 0x93, 0x0F, 0x93, 0x2F, 0x93, 0x4F, 0x93, 0x2F,
    0x93, 0x2F, 0x9B, 0x2F, 0xA3, 0x4F, 0xA3, 0x30, 0xA3, 0x2F, 0x9B, 0x4E, 0xA3, 0x8F, 0xA3, 0x8F,
    0xAB, 0xF1, 0xAB, 0xF0, 0xAB, 0xF1, 0x9B, 0x8E, 0xA3, 0xAE, 0xA3, 0xCF, 0xB4, 0x50, 0xCD, 0x14,
    0xEE, 0x18, 0xFF, 0x5C, 0xFF, 0xDD, 0xFF, 0xDD, 0xFF, 0xBD, 0xFF, 0xBD, 0xFF, 0xBD, 0xFF, 0xBD,
    0xFF, 0xBD, 0xFF, 0xBC, 0xFF, 0xBC, 0xFF, 0xBC, 0xFF, 0xBC, 0xFF, 0xBC, 0xFF, 0xFF, 0xBC, 0xFF,
    0xBC, 0xFF, 0xBC, 0xFF, 0xBC, 0xFF, 0xBC, 0xFF, 0xBC, 0xFF, 0xBC, 0xFF, 0xBC, 0xFF, 0xBC, 0xFF,
    0xBC, 0xFF, 0xBC, 0xFF, 0xBC, 0xFF, 0xBC, 0xFF, 0xBC, 0xFF, 0xBC, 0xFF, 0x9B, 0xFF, 0x9B, 0xFF,
    0x9B, 0xFF, 0x9B, 0xFF, 0x9B, 0xFF, 0x9B, 0xFF, 0x9B, 0xFF, 0xBC, 0xFF, 0xBC, 0xFF, 0xBC, 0xFF,
    0x9B, 0xF7, 0x7B, 0xFF, 0xBC, 0xFF, 0xDC, 0xFF, 0x7D, 0xFF, 0x1C, 0xC5, 0x75, 0x7A, 0xEC, 0xA4,
    0x30, 0xA4, 0x31, 0x93, 0xAF, 0x30, 0x84, 0x30, 0x84, 0x59, 0xEA, 0x62, 0x2B, 0x7B, 0x30, 0x7B,
    0x30, 0x73, 0x30, 0x73, 0x4F, 0x73, 0x0F, 0x6A, 0xEE, 0x52, 0x4B, 0x49, 0xCA, 0x39, 0x68, 0x29,
    0x27, 0x29, 0x48, 0x29, 0x68, 0x31, 0x68, 0x31, 0x68, 0x31, 0x68, 0x29, 0x68, 0x31, 0x6A, 0x31,
    0x8A, 0x39, 0xAB, 0x39, 0xCB, 0x39, 0xAB, 0x39, 0xCB, 0x41, 0xEC, 0x49, 0xEB, 0x51, 0x86, 0xE9,
    0xE6, 0xBA, 0xFF, 0xDD, 0xFF, 0xDD, 0x13, 0xFF, 0x8C, 0xDF, 0xFF, 0xDF, 0xFF, 0xDF, 0xFF, 0xDF,
    0xFF, 0xDF, 0xFF, 0xDF, 0xFF, 0xDF, 0x17, 0xFF, 0xFF, 0xDE, 0xF7, 0xDE, 0xFF, 0xBE, 0xFF, 0xBE,
    0xFF, 0xBE, 0xFF, 0xBE, 0xFF, 0xBE, 0xFF, 0x9E, 0xFF, 0x9D, 0xFF, 0x9D, 0xFF, 0x9D, 0xFF, 0xBD,
    0xFF, 0xDC, 0xFF, 0xDC, 0xFF, 0xDC, 0xFF, 0xBC, 0xFF, 0x7C, 0xFF, 0x7C, 0xFF, 0x7C, 0xFF, 0x7C,
    0xFF, 0x7C, 0xFF, 0x7C, 0xFF, 0x7C, 0xFF, 0x9C, 0xFF, 0x9C, 0xFF, 0x9C, 0xFF, 0x9C, 0xFF, 0x9C,
    0xFF, 0xBC, 0xFF, 0xFD, 0xFF, 0xFD, 0xFF, 0xFD, 0xFF, 0xFD, 0xFF, 0xDC, 0xFF, 0xDC, 0xFF, 0xDC,
    0xFF, 0x9B, 0xFF, 0x9B, 0xFF, 0x7B, 0xFF, 0x5A, 0xFF, 0x3A, 0xFF, 0x3A, 0xFF, 0x3A, 0xFF, 0x3A,
    0xFF, 0x3A, 0xFF, 0x1A, 0xF6, 0xD9, 0xF6, 0xF9, 0xFF, 0x1A, 0xFF, 0x1B, 0xFF, 0x3B, 0xFF, 0x3A,
    0xFF, 0x3A, 0xFF, 0x5A, 0xFF, 0x59, 0xFF, 0x59, 0xFF, 0x59, 0xFF, 0x1A, 0xFE, 0xF9, 0xFE, 0xD9,
    0xF6, 0x98, 0xF6, 0x98, 0xFE, 0xF9, 0xFF, 0x58, 0xFF, 0x88, 0x58, 0xFF, 0x58, 0xFF, 0x38, 0xFF,
    0x37, 0xFF, 0x17, 0x02, 0xF6, 0xFF, 0xFE, 0xF8, 0xFE, 0xF8, 0xEE, 0x36, 0xE5, 0xF5, 0xEE, 0x35,
    0xF6, 0x76, 0xF6, 0x97, 0xEE, 0x96, 0xEE, 0x76, 0xEE, 0x57, 0xD5, 0xB6, 0xD5, 0x96, 0xCD, 0x56,
    0xCD, 0x35, 0xD5, 0x55, 0xD5, 0x55, 0xD5, 0x55, 0xD5, 0x55, 0xD5, 0x55, 0xD5, 0x76, 0xD5, 0x76,
    0xDD, 0x76, 0xDD, 0x76, 0xDD, 0x76, 0xD5, 0x35, 0xD5, 0x35, 0xD5, 0x35, 0xDD, 0x97, 0xDD, 0x77,
    0xD5, 0x56, 0xCD, 0x35, 0xCC, 0xF5, 0xC4, 0xF4, 0xC4, 0xD4, 0xB4, 0xB5, 0xB4, 0xB5, 0xB4, 0xB5,
    0xB4, 0xB5, 0xB4, 0xB5, 0xB4, 0xB5, 0xB4, 0xB5, 0xAC, 0xB5, 0xAC, 0xB5, 0xAC, 0xB5, 0xAC, 0xB5,
    0xAC, 0xB5, 0xAC, 0xB5, 0xAC, 0xB5, 0xAC, 0xB6, 0xAC, 0x95, 0xA4, 0x95, 0x9C, 0x34, 0x9C, 0x33,
    0x9C, 0x13, 0x93, 0xF2, 0x93, 0xD2, 0x93, 0xD2, 0x93, 0xD2, 0x93, 0xD2, 0x93, 0xD2, 0x93, 0xD2,
    0x8B, 0xD2, 0x8B, 0xB2, 0x8B, 0xB2, 0x98, 0x8B, 0xB2, 0x8B, 0x92, 0x8B, 0x92, 0x8B, 0x92, 0x8B,
    0x92, 0x8B, 0x92, 0x8B, 0x92, 0x8B, 0x92, 0x8B, 0x92, 0xFF, 0xFE, 0xFF, 0xFE, 0xF7, 0xFE, 0xF7,
    0x20, 0xFF, 0xFF, 0xBE, 0xF7, 0x7D, 0xFF, 0xDF, 0xCD, 0xB7, 0xAB, 0xD0, 0xFE, 0x9B, 0xF6, 0x19,
    0xFE, 0x7B, 0xF6, 0x5A, 0xE5, 0xD8, 0xBC, 0x92, 0xAC, 0x32, 0x72, 0x8B, 0x62, 0x2A, 0x8B, 0x90,
    0x7B, 0x2F, 0x83, 0x70, 0x73, 0x50, 0x73, 0x50, 0x7B, 0x50, 0x7B, 0x30, 0x7B, 0x10, 0x83, 0x30,
    0x59, 0xEB, 0x8B, 0x70, 0x7A, 0xEE, 0x8B, 0x0F, 0x8B, 0x0F, 0x8B, 0x0F, 0x8A, 0xEF, 0x8B, 0x0F,
    0x83, 0x2E, 0x83, 0x2E, 0x8B, 0x0E, 0x93, 0x2F, 0x9B, 0x0F, 0xA3, 0x2F, 0x9B, 0x2F, 0x93, 0x4E,
    0x93, 0x2E, 0x93, 0x2E, 0x9B, 0x0E, 0x9B, 0x4F, 0xA3, 0x4F, 0xB3, 0xF0, 0xB3, 0xF0, 0xAB, 0xCF,
    0xAB, 0x8E, 0xAB, 0xAE, 0xAB, 0xAF, 0xA3, 0x8E, 0xC5, 0x94, 0xDE, 0x98, 0xF7, 0x7B, 0xFF, 0xBC,
    0xFF, 0xBD, 0xFF, 0xBD, 0xFF, 0xBD, 0xFF, 0xBC, 0xFF, 0xBC, 0xFF, 0xBC, 0xFF, 0xBC, 0xFF, 0xBC,
    0xFF, 0xBC, 0xFF, 0xFF, 0xBC, 0xFF, 0xBC, 0xFF, 0xBC, 0xFF, 0xBC, 0xFF, 0xBC, 0xFF, 0xBC, 0xFF,
    0xBC, 0xFF, 0xBC, 0xFF, 0xBC, 0xFF, 0xBC, 0xFF, 0xBC, 0xFF, 0xBC, 0xFF, 0xBC, 0xFF, 0xBC, 0xFF,
    0x9C, 0xFF, 0x9C, 0xFF, 0x9B, 0xFF, 0x9B, 0xFF, 0x9B, 0xFF, 0x9B, 0xFF, 0x9B, 0xFF, 0xBC, 0xFF,
    0xBC, 0xFF, 0xBC, 0xFF, 0x9C, 0xFF, 0xBC, 0xFF, 0x9C, 0xEF, 0x3A, 0xAC, 0xB3, 0x72, 0xCB, 0x8B,
    0xAE, 0xDE, 0x18, 0xEE, 0x9A, 0xBD, 0x14, 0x38, 0xC4, 0x41, 0x06, 0x41, 0x26, 0x41, 0x07, 0x6A,
    0x6D, 0x83, 0x50, 0x7B, 0x30, 0x73, 0x10, 0x6A, 0xEE, 0x52, 0x0B, 0x41, 0xA9, 0x39, 0x68, 0x39,
    0x48, 0x39, 0x27, 0x29, 0x47, 0x29, 0x48, 0x29, 0x68, 0x29, 0x88, 0x29, 0x88, 0x29, 0x88, 0x29,
    0x89, 0x31, 0x8A, 0x31, 0x8B, 0x31, 0xAB, 0x31, 0xAB, 0x31, 0xAB, 0x39, 0xCC, 0x39, 0xEC, 0x49,
    0xCB, 0x5A, 0x4B, 0xA4, 0x84, 0xB3, 0xFF, 0xBD, 0xFF, 0xDE, 0x13, 0xFF, 0x8C, 0xDF, 0xFF, 0xDF,
    0xFF, 0xDF, 0xFF, 0xDF, 0xFF, 0xDF, 0xFF, 0xDF, 0xFF, 0xDF, 0x16, 0xFF, 0xFF, 0xF7, 0xFE, 0xF7,
    0xDE, 0xFF, 0xBE, 0xFF, 0xBE, 0xFF, 0xBE, 0xFF, 0xBE, 0xFF, 0xBE, 0xFF, 0x9E, 0xFF, 0x9D, 0xFF,
    0x9D, 0xFF, 0x9D, 0xFF, 0xBD, 0xFF, 0xDC, 0xFF, 0xDC, 0xFF, 0xDC, 0xFF, 0xBC, 0xFF, 0x7C, 0xFF,
    0x7C, 0xFF, 0x7C, 0xFF, 0x7C, 0xFF, 0x7C, 0xFF, 0x7C, 0xFF, 0x7C, 0xFF, 0xBC, 0xFF, 0xBC, 0xFF,
    0xBC, 0xFF, 0xBC, 0xFF, 0xBD, 0xFF, 0xBD, 0xFF, 0xFD, 0xFF, 0xFD, 0xFF, 0xFD, 0xFF, 0xFD, 0xFF,
    0xFC, 0xFF, 0xFC, 0xFF, 0xFC, 0xFF, 0x9C, 0xFF, 0x5B, 0xFF, 0x3A, 0xF7, 0x1A, 0xF7, 0x1A, 0xF7,
    0x1A, 0xF7, 0x1A, 0xFF, 0x1A, 0xFE, 0xFA, 0xF6, 0xF9, 0xF6, 0xB9, 0xF6, 0xD9, 0xF6, 0xFA, 0xFF,
    0x1A, 0xF7, 0x1B, 0xF7, 0x1A, 0xFF, 0x1A, 0xFF, 0x5A, 0xFF, 0x59, 0xFF, 0x58, 0xFF, 0x5A, 0xFF,
    0x3A, 0xFF, 0x1A, 0xFF, 0x19, 0xF6, 0xB8, 0xF6, 0xB8, 0xFE, 0xF9, 0xFF, 0x78, 0x8A, 0xFF, 0x37,
    0xFE, 0xF6, 0xFF, 0x37, 0xFF, 0x37, 0xFF, 0x36, 0xFE, 0x02, 0xF6, 0xFF, 0xB7, 0xEE, 0x55, 0xEE,
    0x55, 0xF6, 0x97, 0xF6, 0x96, 0xF6, 0xB7, 0xF6, 0xB7, 0xF6, 0xD5, 0xEE, 0xB5, 0xEE, 0x96, 0xEE,
    0x77, 0xE6, 0x38, 0xDD, 0xD7, 0xD5, 0x96, 0xD5, 0x75, 0xD5, 0x75, 0xD5, 0x75, 0xDD, 0x96, 0xDD,
    0x96, 0xD5, 0x96, 0xDD, 0x76, 0xE5, 0x76, 0xE5, 0x76, 0xE5, 0x76, 0xDD, 0x55, 0xDD, 0x55, 0xDD,
    0x55, 0xDD, 0x96, 0xD5, 0x76, 0xD5, 0x56, 0xD5, 0x56, 0xD5, 0x56, 0xCD, 0x35, 0xCD, 0x15, 0xBC,
    0xB5, 0xB4, 0xB5, 0xB4, 0xB5, 0xB4, 0xB5, 0xB4, 0xB5, 0xB4, 0xB5, 0xB4, 0xB5, 0xAC, 0xB5, 0xAC,
    0xB5, 0xAC, 0xB5, 0xAC, 0xB5, 0xAC, 0xB5, 0xAC, 0xB5, 0xAC, 0xB5, 0xAC, 0xB6, 0xAC, 0x95, 0xA4,
    0x95, 0xA4, 0x54, 0x9C, 0x34, 0x9C, 0x33, 0x93, 0xF3, 0x93, 0xD2, 0x93, 0xD2, 0x93, 0xD2, 0x93,
    0xD2, 0x93, 0xD2, 0x93, 0xD2, 0x8B, 0xD2, 0x8B, 0xB2, 0x8B, 0xB2, 0x8B, 0x94, 0xB2, 0x8B, 0x92,
    0x8B, 0x92, 0x8B, 0x92, 0x8B, 0x92, 0x8B, 0x92, 0x8B, 0x92, 0x8B, 0x92, 0x8B, 0x92, 0xFF, 0xFE,
    0xFF, 0xFE, 0x1D, 0xFF, 0xFF, 0xFE, 0xFF, 0xFE, 0xFF, 0xFE, 0xFF, 0xFE, 0xFF, 0xFE, 0xFF, 0xFE,
    0xFF, 0xFE, 0xB4, 0xD3, 0x8B, 0x4D, 0xEE, 0x9A, 0xFE, 0xDB, 0xFE, 0xBB, 0xFE, 0x9A, 0xEE, 0x7B,
    0xD5, 0xD8, 0x39, 0x26, 0xA4, 0x73, 0x7B, 0x6E, 0x7B, 0xAF, 0x6B, 0x0D, 0x7B, 0x50, 0x7B, 0x30,
    0x7B, 0x30, 0x83, 0x30, 0x7B, 0x10, 0x72, 0xCE, 0x51, 0xEA, 0x83, 0x0E, 0x83, 0x0E, 0x83, 0x0E,
    0x83, 0x0E, 0x83, 0x0E, 0x83, 0x0E, 0x83, 0x0E, 0x83, 0x2E, 0x83, 0x2E, 0x83, 0x2E, 0x8B, 0x2E,
    0x8B, 0x2E, 0x8B, 0x0E, 0x93, 0x0E, 0x93, 0x2E, 0x93, 0x2E, 0x93, 0x2E, 0x93, 0x2E, 0x9B, 0x0E,
    0x9B, 0x0E, 0x9B, 0x2E, 0xA3, 0x2E, 0xA3, 0x0E, 0xA3, 0x2E, 0xAB, 0x4F, 0xAB, 0x6F, 0xAB, 0x90,
    0xA3, 0xEF, 0xA4, 0x0F, 0xA4, 0x2F, 0xB4, 0xD2, 0xF6, 0xFA, 0xFF, 0x9D, 0xFF, 0x5C, 0xFF, 0x9C,
    0xF7, 0x5B, 0xFF, 0x9C, 0xFF, 0xFF, 0xBC, 0xF7, 0x7B, 0xF7, 0x9C, 0xFF, 0xFD, 0xFF, 0xDD, 0xFF,
    0xDC, 0xFF, 0xDC, 0xFF, 0xBC, 0xFF, 0x9C, 0xFF, 0x9B, 0xFF, 0xBC, 0xFF, 0xDC, 0xFF, 0xBC, 0xFF,
    0xBC, 0xFF, 0xBC, 0xFF, 0xBC, 0xFF, 0x9C, 0xF7, 0x3B, 0xFF, 0x5B, 0xFF, 0x9C, 0xFF, 0xBD, 0xFF,
    0x9C, 0xFF, 0x9C, 0xFF, 0xBD, 0xFF, 0xBD, 0xFF, 0xBD, 0xFF, 0x9D, 0xFF, 0xBD, 0xD5, 0xF6, 0xA4,
    0x91, 0x83, 0x6C, 0x93, 0xB0, 0x93, 0x90, 0xB4, 0x32, 0x59, 0x67, 0x38, 0x84, 0x30, 0xA4, 0x30,
    0x83, 0x40, 0xE5, 0x38, 0xC6, 0x30, 0xA5, 0x6A, 0x8D, 0x7B, 0x30, 0x72, 0xEF, 0x4A, 0x0C, 0x31,
    0x69, 0x31, 0x69, 0x31, 0x69, 0x31, 0x48, 0x31, 0x48, 0x31, 0x48, 0x31, 0x48, 0x29, 0x68, 0x29,
    0x68, 0x31, 0x69, 0x31, 0x69, 0x31, 0x69, 0x31, 0x69, 0x29, 0x8A, 0x31, 0x8B, 0x31, 0xAB, 0x31,
    0xCB, 0x31, 0xAB, 0x31, 0xAB, 0x31, 0x8C, 0xAB, 0x41, 0xEC, 0x49, 0xEB, 0x73, 0x2E, 0xBD, 0x96,
    0xF7, 0x5C, 0xFF, 0xDE, 0x39, 0xFF, 0xFF, 0xBD, 0xFF, 0xBD, 0xFF, 0xBD, 0xFF, 0xBD, 0xFF, 0x9D,
    0xFF, 0x9D, 0xFF, 0x9D, 0xFF, 0xBD, 0xFF, 0xBD, 0xFF, 0xBD, 0xFF, 0xBC, 0xFF, 0xBC, 0xFF, 0xBC,
    0xFF, 0xBC, 0xFF, 0xBD, 0xFF, 0x9C, 0xF7, 0x7C, 0xFF, 0xDD, 0xFF, 0xDD, 0xFF, 0xDD, 0xFF, 0xFD,
    0xFF, 0xFD, 0xFF, 0xFD, 0xFF, 0xDD, 0xFF, 0xFD, 0xFF, 0xDD, 0xFF, 0xBC, 0xFF, 0xFD, 0xFF, 0xFD,
    0xFF, 0xFD, 0xFF, 0xDC, 0xFF, 0xDC, 0xFF, 0x9C, 0xFF, 0x9C, 0xFF, 0x5C, 0xFF, 0x1B, 0xFE, 0xFA,
    0xF6, 0xFA, 0xFE, 0xDA, 0xF6, 0xDA, 0xFE, 0xDA, 0xF6, 0xDA, 0xF6, 0xBA, 0xF6, 0xDA, 0xEE, 0x99,
    0xF6, 0xBA, 0xFE, 0xFB, 0xFF, 0x1B, 0xFF, 0x1A, 0xFF, 0x1A, 0xFF, 0x1A, 0xFF, 0x5A, 0xFF, 0x3A,
    0xFF, 0x5A, 0xFF, 0x5A, 0xFF, 0x79, 0xFF, 0x79, 0xFF, 0x59, 0xFE, 0xF9, 0xEE, 0x98, 0xEE, 0x98,
    0xFE, 0xD8, 0xFE, 0xD8, 0xF6, 0x97, 0xF6, 0xD4, 0x97, 0xF6, 0x97, 0xF6, 0x97, 0xF6, 0x97, 0xE5,
    0xF5, 0xE5, 0xD5, 0xF6, 0x77, 0xFE, 0xD8, 0xFE, 0xD7, 0xFE, 0xB7, 0xF6, 0x97, 0xF6, 0x78, 0xF6,
    0x78, 0xF6, 0x58, 0xEE, 0x38, 0xEE, 0x17, 0xE5, 0xD7, 0xDD, 0x96, 0xDD, 0x96, 0xDD, 0x96, 0xDD,
    0x96, 0xDD, 0x76, 0xDD, 0x76, 0xDD, 0x76, 0xDD, 0x76, 0xDD, 0x75, 0xDD, 0x75, 0xDD, 0x75, 0xDD,
    0x75, 0xDD, 0x75, 0xDD, 0x75, 0xD5, 0x76, 0xD5, 0x76, 0xD5, 0x56, 0xCD, 0x35, 0xCD, 0x35, 0xCD,
    0x35, 0xCD, 0x35, 0xC5, 0x16, 0xC5, 0x16, 0xBC, 0xD5, 0xBC, 0xD4, 0xBC, 0xD4, 0x03, 0xB4, 0xC0,
    0x94, 0xB4, 0xD5, 0xB4, 0xD5, 0xB4, 0xD5, 0xB4, 0xB5, 0xB4, 0xB5, 0xB4, 0xB5, 0xB4, 0xB5, 0xAC,
    0xB5, 0xAC, 0xB5, 0xAC, 0xB5, 0xA4, 0x74, 0xA4, 0x54, 0x9C, 0x13, 0x93, 0xF2, 0x93, 0xD2, 0x93,
    0xD2, 0x93, 0xD2, 0x93, 0xD2, 0x93, 0xD2, 0x93, 0xD2, 0x8B, 0xD2, 0x8B, 0xB2, 0x8B, 0xB2, 0x8B,
    0xB2, 0x8B, 0xB2, 0x8B, 0xB2, 0x8B, 0xB2, 0x8B, 0x92, 0x8B, 0x92, 0x8B, 0x92, 0x8B, 0x92, 0x8B,
    0x92, 0x1F, 0xFF, 0x91, 0xFE, 0xFF, 0xFE, 0xFF, 0xFE, 0xFF, 0xFE, 0xFF, 0xFE, 0xFF, 0xFE, 0xFF,
    0xFE, 0xFF, 0xFE, 0xFF, 0x7C, 0xFF, 0x02, 0xBD, 0xFF, 0x74, 0x73, 0x0B, 0x72, 0xCA, 0x6A, 0x89,
    0x6A, 0x4A, 0x62, 0x2A, 0xCD, 0x77, 0xCD, 0x97, 0xAC, 0x93, 0x83, 0x8F, 0x8B, 0xD0, 0x83, 0x70,
    0x7B, 0x50, 0x7B, 0x4F, 0x73, 0x0F, 0x72, 0xEF, 0x49, 0xA9, 0x6A, 0x8D, 0x7A, 0xED, 0x7A, 0xED,
    0x7A, 0xED, 0x7A, 0xED, 0x7A, 0xED, 0x7A, 0xED, 0x82, 0xEE, 0x83, 0x0E, 0x83, 0x0E, 0x83, 0x0E,
    0x83, 0x2E, 0x83, 0x2E, 0x83, 0x2E, 0x8B, 0x0E, 0x93, 0x0E, 0x93, 0x0E, 0x93, 0x0E, 0x93, 0x0E,
    0x93, 0x0E, 0x93, 0x0E, 0x9B, 0x0E, 0x9B, 0x0E, 0x9B, 0x0E, 0x9B, 0x0E, 0x9B, 0x2F, 0xA3, 0x4F,
    0xA3, 0x6F, 0xA3, 0x8E, 0x9B, 0xAE, 0xA3, 0xAF, 0xAC, 0x30, 0x9B, 0xAE, 0x8B, 0x0C, 0x93, 0x6D,
    0xC5, 0x95, 0xE6, 0x99, 0xFF, 0x7C, 0xFF, 0xBD, 0xFF, 0xDE, 0xFF, 0xBE, 0xFF, 0x3B, 0xF6, 0xB9,
    0xEE, 0x98, 0xFF, 0x5B, 0xFF, 0x1B, 0xFF, 0x3B, 0xFF, 0xFC, 0x3B, 0xFF, 0x3B, 0xFF, 0x5C, 0xFF,
    0x9C, 0xFF, 0x9D, 0xFF, 0x9C, 0xF6, 0xF9, 0xDE, 0x37, 0xBC, 0xF3, 0xB4, 0x91, 0xA4, 0x0F, 0x8B,
    0x8D, 0x83, 0x4C, 0x83, 0x2C, 0x7A, 0xEB, 0x9B, 0xEF, 0x8B, 0x4D, 0x83, 0x2D, 0x8B, 0x6E, 0x93,
    0x8E, 0x9B, 0xF0, 0x8B, 0x6E, 0x9B, 0xB0, 0x82, 0x8D, 0x40, 0x44, 0x92, 0xCE, 0x93, 0x0E, 0x82,
    0xCD, 0x38, 0xA5, 0x40, 0xE6, 0x38, 0xC6, 0x30, 0xA6, 0x49, 0x8A, 0x39, 0x48, 0x31, 0x28, 0x31,
    0x49, 0x31, 0x49, 0x31, 0x49, 0x31, 0x49, 0x31, 0x49, 0x31, 0x49, 0x31, 0x49, 0x31, 0x49, 0x31,
    0x49, 0x31, 0x49, 0x31, 0x69, 0x31, 0x69, 0x31, 0x69, 0x31, 0x69, 0x31, 0x6A, 0x31, 0x8A, 0x31,
    0xAB, 0x39, 0xAB, 0x31, 0xAB, 0x39, 0xAB, 0x39, 0xAB, 0x31, 0xAB, 0x4A, 0x0B, 0x52, 0x2A, 0x6A,
    0xCB, 0xFF, 0xDE, 0xF7, 0x9D, 0xF7, 0xBE, 0x31, 0xFF, 0xFF, 0xDF, 0xFF, 0xDF, 0xFF, 0xDF, 0xFF,
    0xBD, 0xFF, 0xBD, 0xFF, 0xBD, 0xFF, 0xBD, 0xFF, 0xBD, 0xFF, 0xBD, 0xFF, 0xBD, 0xFF, 0xBC, 0xFF,
    0xBC, 0xFF, 0xBC, 0xFF, 0xBC, 0xFF, 0xBC, 0xFF, 0xBC, 0xFF, 0xBD, 0xFF, 0xBD, 0xFF, 0xBD, 0xF7,
    0xBD, 0xFF, 0xFE, 0xFF, 0xFE, 0xFF, 0xFE, 0xFF, 0xFE, 0xFF, 0xFD, 0xFF, 0xFD, 0xFF, 0xDD, 0xFF,
    0xDD, 0xFF, 0xBC, 0xFF, 0x9C, 0xFF, 0xBC, 0xFF, 0xBC, 0xFF, 0xBC, 0xF7, 0x7B, 0xEF, 0x1A, 0xEE,
    0xFA, 0xEE, 0xF9, 0xFE, 0xFB, 0xFE, 0xDB, 0xF6, 0xDA, 0xF6, 0xBA, 0xF6, 0xBA, 0xF6, 0xBA, 0xF6,
    0xBA, 0xF6, 0xBA, 0xF6, 0xBA, 0xF6, 0xBA, 0xEE, 0x99, 0xF6, 0x9A, 0xF6, 0xBA, 0xF6, 0xDA, 0xFE,
    0xF9, 0xFE, 0xF9, 0xFE, 0xF9, 0xF6, 0xD9, 0xF6, 0xD9, 0xF6, 0xD9, 0xFE, 0xF8, 0xFF, 0x59, 0xFF,
    0x59, 0xFF, 0x5A, 0xFF, 0x5B, 0xF6, 0xB8, 0xEE, 0x77, 0xEE, 0x91, 0x37, 0xE6, 0x17, 0xE5, 0xD6,
    0xDD, 0xB5, 0xDD, 0xD5, 0xDD, 0xD5, 0xDD, 0xD5, 0xDD, 0xB5, 0xDD, 0x95, 0xE5, 0x02, 0xF6, 0xC8,
    0x57, 0xF6, 0x77, 0xF6, 0x56, 0xEE, 0x56, 0xE5, 0xD6, 0xE5, 0xD6, 0xE5, 0xB6, 0xED, 0xF7, 0xED,
    0xD7, 0xE5, 0xB6, 0xE5, 0x96, 0xDD, 0x96, 0xDD, 0x96, 0xDD, 0x96, 0xDD, 0x76, 0xDD, 0x76, 0xDD,
    0x76, 0xDD, 0x76, 0xD5, 0x75, 0xD5, 0x75, 0xD5, 0x75, 0xD5, 0x75, 0xD5, 0x75, 0xD5, 0x75, 0xD5,
    0x76, 0xD5, 0x76, 0xD5, 0x56, 0xCD, 0x35, 0xCD, 0x35, 0xCD, 0x35, 0xCD, 0x35, 0xCD, 0x35, 0xC5,
    0x35, 0xC5, 0x15, 0xBC, 0xF5, 0xBC, 0xF5, 0xBC, 0xD4, 0x02, 0xB4, 0xBF, 0xBC, 0xB5, 0xB4, 0xB5,
    0xB4, 0xB5, 0xB4, 0xB5, 0xB4, 0xB5, 0xB4, 0xB5, 0xB4, 0xB5, 0xAC, 0xB5, 0xAC, 0xB5, 0xAC, 0xB5,
    0xAC, 0x94, 0xA4, 0x74, 0x9C, 0x33, 0x93, 0xF2, 0x93, 0xD2, 0x93, 0xD2, 0x93, 0xD2, 0x93, 0xD2,
    0x93, 0xD2, 0x93, 0xD2, 0x8B, 0xD2, 0x8B, 0xB2, 0x8B, 0xB2, 0x8B, 0xB2, 0x8B, 0xB2, 0x8B, 0xB2,
    0x8B, 0xB2, 0x8B, 0x92, 0x8B, 0x92, 0x8B, 0x92, 0x8B, 0x92, 0x8B, 0x92, 0x1F, 0xFF, 0xFF, 0xFE,
    0xFF, 0xFE, 0xFF, 0xFE, 0xFF, 0xFE, 0xFF, 0xFE, 0xFF, 0xFE, 0xFF, 0xFE, 0xFF, 0xFE, 0xFF, 0xDD,
    0xFF, 0x9C, 0xFF, 0xDD, 0xFF, 0xFE, 0xFF, 0xDE, 0xFF, 0xBE, 0xFF, 0x9F, 0xAC, 0x32, 0xD5, 0xB8,
    0xDD, 0xF8, 0xBC, 0xD4, 0x7B, 0x2D, 0x83, 0x4E, 0x83, 0x90, 0x7B, 0x90, 0x7B, 0x70, 0x73, 0x2E,
    0x6A, 0xEE, 0x52, 0x2A, 0x73, 0x0E, 0x7A, 0xED, 0x7A, 0xED, 0x7A, 0xED, 0x7A, 0xED, 0x7A, 0xED,
    0x7A, 0xED, 0x7A, 0xED, 0x82, 0xED, 0x82, 0xED, 0x82, 0xED, 0x83, 0x0E, 0x83, 0x0E, 0x83, 0x0E,
    0x8B, 0x0E, 0x8B, 0x0E, 0x8B, 0x0E, 0x8B, 0x0E, 0x8B, 0x0E, 0x8B, 0x0E, 0x8B, 0x0E, 0x93, 0x0E,
    0x92, 0xEE, 0x92, 0xEE, 0x93, 0x0E, 0x93, 0x0E, 0x9B, 0x0E, 0x9B, 0x2F, 0x9B, 0x2D, 0x9B, 0x4D,
    0x9B, 0x6E, 0x9B, 0x6D, 0xA3, 0xCF, 0xAC, 0x10, 0xA3, 0xF0, 0x93, 0x8E, 0x93, 0x8E, 0xA4, 0xD3,
    0x0F, 0xB4, 0xB2, 0xBC, 0xD3, 0xBC, 0xB2, 0xAC, 0x31, 0xA3, 0xCF, 0xA3, 0xAE, 0xBC, 0x71, 0xB4,
    0x51, 0xB4, 0x30, 0xAB, 0xEF, 0xA3, 0xCE, 0x9B, 0xAE, 0xA3, 0xCE, 0xA3, 0xEF, 0x9B, 0xAE, 0x9B,
    0xAE, 0x93, 0x8D, 0xA3, 0xCF, 0xAB, 0xD0, 0xAB, 0xF0, 0xB4, 0x10, 0xB4, 0x31, 0xB4, 0x30, 0xB4,
    0x31, 0xAB, 0xF1, 0xAC, 0x12, 0xAB, 0xF2, 0xA3, 0xD1, 0xAB, 0xF1, 0x69, 0xEA, 0x51, 0x47, 0x69,
    0xEA, 0x38, 0x23, 0x92, 0x8D, 0x92, 0x6D, 0x69, 0x68, 0x59, 0x27, 0x40, 0xC5, 0x40, 0xE6, 0x38,
    0xC6, 0x30, 0xC6, 0x39, 0x02, 0x28, 0xBA, 0xE7, 0x31, 0x08, 0x31, 0x49, 0x29, 0x48, 0x29, 0x48,
    0x29, 0x48, 0x31, 0x49, 0x31, 0x49, 0x31, 0x49, 0x31, 0x49, 0x31, 0x49, 0x31, 0x49, 0x31, 0x69,
    0x31, 0x69, 0x31, 0x69, 0x31, 0x69, 0x31, 0x69, 0x31, 0x8A, 0x39, 0xAA, 0x39, 0xCA, 0x39, 0xAA,
    0x39, 0xAA, 0x39, 0xAA, 0x39, 0xCB, 0x41, 0xCA, 0x51, 0xE9, 0x52, 0x09, 0xFF, 0x9D, 0xFF, 0xDE,
    0xFF, 0xDE, 0x31, 0xFF, 0xFF, 0xDF, 0xFF, 0xDF, 0xFF, 0xDF, 0xFF, 0xBD, 0xFF, 0xBD, 0xFF, 0xBD,
    0xFF, 0xBD, 0xFF, 0xBD, 0xFF, 0xBD, 0xFF, 0xBD, 0xFF, 0xBC, 0xFF, 0xBC, 0xFF, 0xBC, 0xFF, 0xBC,
    0xFF, 0xBC, 0xFF, 0xBC, 0xFF, 0xBD, 0xFF, 0xBD, 0xFF, 0xDD, 0xFF, 0xFE, 0xFF, 0xFE, 0xFF, 0xFE,
    0xFF, 0xFE, 0xFF, 0xFE, 0xFF, 0xFD, 0xFF, 0xFD, 0xFF, 0xDD, 0xFF, 0xBC, 0xFF, 0x9C, 0xFF, 0x7C,
    0xFF, 0x7C, 0xFF, 0x7C, 0xFF, 0x7C, 0xF7, 0x5B, 0xF7, 0x1A, 0xEE, 0xFA, 0xEE, 0xD9, 0xF6, 0xBA,
    0xF6, 0xBA, 0xF6, 0xBA, 0xF6, 0xBA, 0xF6, 0xBA, 0xF6, 0xBA, 0xF6, 0xBA, 0xF6, 0x99, 0xF6, 0x99,
    0xF6, 0x99, 0xF6, 0x99, 0xF6, 0x99, 0xF6, 0x99, 0xF6, 0x99, 0xF6, 0xB9, 0xF6, 0xB9, 0xF6, 0xB9,
    0xF6, 0xB9, 0xF6, 0xB9, 0xF6, 0xB9, 0xF6, 0xF8, 0xFF, 0x38, 0xFF, 0x59, 0xFF, 0x5A, 0xFF, 0x19,
    0xEE, 0x78, 0xE6, 0x37, 0xE6, 0xFF, 0x16, 0xE5, 0xD6, 0xDD, 0xB5, 0xD5, 0x95, 0xD5, 0x95, 0xD5,
    0x95, 0xD5, 0x75, 0xDD, 0x95, 0xD5, 0x55, 0xDD, 0x95, 0xE5, 0xF6, 0xEE, 0x36, 0xE6, 0x16, 0xE6,
    0x15, 0xE5, 0xB6, 0xE5, 0x96, 0xDD, 0x95, 0xE5, 0xB6, 0xE5, 0xB6, 0xE5, 0xB6, 0xE5, 0x96, 0xDD,
    0x96, 0xDD, 0x96, 0xDD, 0x96, 0xDD, 0x76, 0xDD, 0x76, 0xDD, 0x76, 0xDD, 0x76, 0xD5, 0x75, 0xD5,
    0x75, 0xD5, 0x75, 0xD5, 0x75, 0xD5, 0x75, 0xD5, 0x75, 0xD5, 0x76, 0xD5, 0x76, 0xD5, 0x56, 0xCD,
    0x35, 0xCD, 0x35, 0xCD, 0x35, 0xCD, 0x35, 0xCD, 0x56, 0xCD, 0x36, 0xC5, 0x15, 0xC5, 0x15, 0xC5,
    0x15, 0xBC, 0xD4, 0xBC, 0xD4, 0xBC, 0xB5, 0xB4, 0xB5, 0xB4, 0xB5, 0xB4, 0xB5, 0xB4, 0xB5, 0xB4,
    0xB5, 0xB4, 0xB5, 0xAC, 0xB5, 0xAC, 0xD5, 0xAC, 0xB5, 0xAC, 0xB5, 0xA4, 0x94, 0x9C, 0x33, 0x94,
    0x12, 0x93, 0xD2, 0x93, 0xD2, 0x93, 0x9E, 0xD2, 0x93, 0xD2, 0x93, 0xD2, 0x93, 0xD2, 0x8B, 0xD2,
    0x8B, 0xB2, 0x8B, 0xB2, 0x8B, 0xB2, 0x8B, 0xB2, 0x8B, 0xB2, 0x8B, 0xB2, 0x8B, 0x92, 0x8B, 0x92,
    0x8B, 0x92, 0x8B, 0x92, 0x8B, 0x92, 0x1F, 0xFF, 0xFF, 0xFE, 0xFF, 0xFE, 0xFF, 0xFE, 0xFF, 0xFE,
    0xFF, 0xFE, 0xFF, 0xFE, 0xFF, 0xFE, 0xF7, 0x9C, 0xFF, 0xFE, 0xFF, 0xFE, 0xFF, 0xFE, 0xFF, 0xFE,
    0xFF, 0xFE, 0xFF, 0xFE, 0xCD, 0x96, 0x9B, 0xCF, 0xDD, 0xB7, 0xE6, 0x19, 0xDD, 0xB7, 0x9B, 0xD0,
    0x93, 0x8F, 0x8B, 0xB0, 0x83, 0x90, 0x83, 0x6F, 0x7B, 0x2E, 0x72, 0xED, 0x73, 0x0D, 0x7B, 0x2E,
    0x7A, 0xCD, 0x7A, 0xCD, 0x7A, 0xCD, 0x7A, 0xCD, 0x7A, 0xCD, 0x7A, 0xCD, 0x7A, 0xCD, 0x7A, 0xED,
    0x7A, 0xED, 0x7A, 0xED, 0x83, 0x0E, 0x83, 0x0E, 0x83, 0x0E, 0x82, 0xEE, 0x8B, 0x0D, 0x8B, 0x0D,
    0x8B, 0x0D, 0x8B, 0x0D, 0x8B, 0x0D, 0x8B, 0x0D, 0x8B, 0x0E, 0x93, 0x0E, 0x93, 0x0E, 0x93, 0x0E,
    0x8A, 0xED, 0x93, 0x0E, 0x93, 0x2E, 0x93, 0x0D, 0x93, 0x2D, 0x93, 0x2E, 0x93, 0x2D, 0x92, 0xED,
    0x93, 0x2D, 0x93, 0x4E, 0xA3, 0xAF, 0xAB, 0xF1, 0xA3, 0xFF, 0xD0, 0x9B, 0x6F, 0x93, 0x0D, 0x93,
    0x2E, 0xAB, 0xF0, 0xBB, 0xF0, 0xBB, 0xF0, 0xAB, 0x8F, 0x92, 0xAB, 0xA3, 0x2D, 0xBC, 0x31, 0xC4,
    0x72, 0xC4, 0x92, 0xC4, 0x72, 0xBC, 0x72, 0xBC, 0x72, 0xBC, 0x72, 0xBC, 0x51, 0xBC, 0x52, 0xB4,
    0x11, 0xAB, 0xB0, 0xAB, 0x90, 0xAB, 0xD0, 0xAB, 0xB0, 0xA3, 0xB0, 0xA3, 0x71, 0xA3, 0xB1, 0x7A,
    0x4C, 0x59, 0x68, 0x7A, 0x4C, 0x72, 0x0B, 0x9B, 0x4F, 0x50, 0xE6, 0x9A, 0xEE, 0x8A, 0x2C, 0x69,
    0x28, 0x58, 0xC6, 0x59, 0x07, 0x38, 0xA5, 0x38, 0xE6, 0x38, 0xE6, 0x30, 0xC6, 0x31, 0x28, 0x39,
    0x69, 0x39, 0x8A, 0x31, 0x69, 0x29, 0x28, 0x29, 0x28, 0x29, 0x28, 0x31, 0x49, 0x31, 0x49, 0x31,
    0x49, 0x31, 0x49, 0x31, 0x49, 0x31, 0x49, 0x31, 0x69, 0x31, 0x69, 0x31, 0x69, 0x31, 0x69, 0x31,
    0x69, 0x39, 0x89, 0x39, 0xAA, 0x39, 0xAA, 0x39, 0xAA, 0x39, 0x90, 0xAA, 0x39, 0xAA, 0x42, 0x2C,
    0x39, 0x89, 0x52, 0x2B, 0x5A, 0x4A, 0xE6, 0xBA, 0xFF, 0xFE, 0xFF, 0xFE, 0x31, 0xFF, 0xA4, 0xDF,
    0xFF, 0xDF, 0xFF, 0xDF, 0xFF, 0xBD, 0xFF, 0xBD, 0xFF, 0xBD, 0xFF, 0xBD, 0xFF, 0xBD, 0xFF, 0xBD,
    0xFF, 0xBD, 0xFF, 0xBC, 0xFF, 0xBC, 0xFF, 0xBC, 0xFF, 0xBC, 0xFF, 0xBC, 0xFF, 0xBC, 0xFF, 0xBD,
    0xF7, 0xBE, 0xFF, 0xDE, 0x05, 0xFF, 0xFF, 0xFE, 0xFF, 0xFE, 0xFF, 0xFE, 0xFF, 0xFD, 0xFF, 0xDD,
    0xFF, 0xBD, 0xFF, 0x9C, 0xFF, 0x7C, 0xFF, 0x7C, 0xFF, 0x7B, 0xFF, 0x7B, 0xFF, 0x5B, 0xFF, 0x3B,
    0xF7, 0x1B, 0xF6, 0xFA, 0xF6, 0xFA, 0xEE, 0x99, 0xF6, 0x99, 0xF6, 0x9A, 0xF6, 0x9A, 0xF6, 0x9A,
    0xF6, 0x9A, 0xF6, 0x9A, 0xEE, 0x79, 0xEE, 0x79, 0xEE, 0x79, 0xF6, 0x99, 0xEE, 0x99, 0xEE, 0x79,
    0xEE, 0x79, 0xF6, 0x99, 0xF6, 0x99, 0xF6, 0x99, 0xF6, 0xB9, 0xF6, 0xB9, 0xF6, 0xB9, 0xF6, 0xD9,
    0xFF, 0x19, 0xFF, 0x3A, 0xFF, 0x5A, 0xEE, 0x78, 0xE6, 0x17, 0xE6, 0x17, 0xE6, 0x18, 0xE5, 0xF7,
    0xDD, 0xD6, 0xDD, 0x96, 0xD5, 0x96, 0xD5, 0x96, 0xD5, 0x96, 0xD5, 0x75, 0xCD, 0x34, 0xD5, 0x55,
    0xE5, 0xD6, 0xE5, 0xF6, 0xE5, 0xF5, 0xE5, 0xD5, 0xE5, 0xD6, 0xE5, 0xB6, 0xE5, 0xB6, 0xDD, 0x95,
    0xDD, 0x95, 0xE5, 0xB6, 0xE5, 0x96, 0xDD, 0xF4, 0x96, 0xDD, 0x96, 0xDD, 0x96, 0xDD, 0x76, 0xDD,
    0x76, 0xDD, 0x76, 0xDD, 0x76, 0xD5, 0x75, 0xD5, 0x75, 0xD5, 0x75, 0xD5, 0x75, 0xD5, 0x75, 0xD5,
    0x75, 0xD5, 0x76, 0xD5, 0x76, 0xD5, 0x56, 0xCD, 0x35, 0xCD, 0x35, 0xCD, 0x35, 0xCD, 0x35, 0xCD,
    0x56, 0xCD, 0x56, 0xC5, 0x36, 0xC5, 0x15, 0xC5, 0x15, 0xBC, 0xF5, 0xBC, 0xD4, 0xBC, 0xB5, 0xB4,
    0xB5, 0xB4, 0xB5, 0xB4, 0xB5, 0xB4, 0xB5, 0xB4, 0xB5, 0xB4, 0xB5, 0xAC, 0xB5, 0xAC, 0xD5, 0xAC,
    0xB5, 0xAC, 0xB5, 0xA4, 0x94, 0x9C, 0x53, 0x94, 0x13, 0x93, 0xD2, 0x93, 0xD2, 0x93, 0xD2, 0x93,
    0xD2, 0x93, 0xD2, 0x93, 0xD2, 0x8B, 0xD2, 0x8B, 0xB2, 0x8B, 0xB2, 0x8B, 0xB2, 0x8B, 0xB2, 0x8B,
    0xB2, 0x8B, 0xB2, 0x8B, 0x92, 0x8B, 0x92, 0x8B, 0x92, 0x8B, 0x92, 0x8B, 0x92, 0x1F, 0xFF, 0xFF,
    0xFE, 0xFF, 0xFE, 0xFF, 0xFE, 0xFF, 0xFE, 0xFF, 0xFE, 0xFF, 0xFE, 0xFF, 0xFE, 0xFF, 0xFE, 0xFF,
    0xFE, 0xFF, 0xFE, 0xFF, 0xFE, 0xFF, 0xFE, 0xFF, 0xFE, 0xFF, 0xFE, 0xFF, 0xBD, 0xFF, 0x7D, 0x83,
    0x8D, 0x9C, 0x10, 0xD5, 0x96, 0xFE, 0xDB, 0xE5, 0xF8, 0xCD, 0x56, 0xAC, 0x52, 0xBC, 0xF5, 0xD5,
    0x97, 0x93, 0xB0, 0x7A, 0xAC, 0x8B, 0x2E, 0x7B, 0x0E, 0x7A, 0xED, 0x7A, 0xCD, 0x7A, 0xCD, 0x7A,
    0xCD, 0x7A, 0xCD, 0x7A, 0xCD, 0x7A, 0xCD, 0x7A, 0xCD, 0x7A, 0xCD, 0x7A, 0xED, 0x7A, 0xED, 0x7A,
    0xED, 0x7A, 0xED, 0x82, 0xED, 0x82, 0xED, 0x82, 0xED, 0x83, 0x0D, 0x83, 0x0D, 0x83, 0x0D, 0x8B,
    0x0D, 0x8B, 0x0D, 0x8B, 0x0D, 0x8B, 0x0D, 0x8B, 0x0E, 0x8B, 0x0E, 0x8B, 0x0E, 0x93, 0x0D, 0x93,
    0x0D, 0x93, 0x0D, 0x93, 0x0E, 0x93, 0x0E, 0x93, 0x0E, 0x93, 0x0E, 0x9B, 0x2E, 0x9B, 0x2E, 0x9B,
    0xFF, 0x2E, 0x9B, 0x4F, 0x9B, 0x2E, 0x93, 0x0E, 0x82, 0x6B, 0x8A, 0x8C, 0xB3, 0xB0, 0xAB, 0x6F,
    0xAB, 0x8F, 0xAB, 0x6F, 0xA3, 0x2E, 0x92, 0xED, 0x9B, 0x4E, 0xAB, 0xD0, 0xBC, 0x52, 0xAB, 0xD0,
    0xAB, 0xD0, 0xAB, 0xD0, 0xAB, 0xD0, 0xA3, 0xB0, 0xA3, 0x90, 0xA3, 0x8F, 0x9B, 0x6F, 0x9B, 0x6F,
    0x9B, 0x6F, 0x9B, 0x4F, 0x82, 0x4B, 0xED, 0xFA, 0xFE, 0x1B, 0xB3, 0xF2, 0x8A, 0x8C, 0xA3, 0x70,
    0x59, 0x68, 0x8A, 0x8D, 0x8A, 0x4C, 0x61, 0x28, 0x59, 0x07, 0x50, 0xE6, 0x38, 0xC5, 0x30, 0xE5,
    0x31, 0x06, 0x31, 0x47, 0x31, 0x48, 0x31, 0x48, 0x29, 0x68, 0x29, 0x69, 0x31, 0x49, 0x31, 0x49,
    0x31, 0x49, 0x31, 0x49, 0x31, 0x49, 0x31, 0x49, 0x31, 0x49, 0x31, 0x69, 0x31, 0x69, 0x31, 0x89,
    0x39, 0xAA, 0x41, 0xEB, 0x4A, 0x2C, 0x5A, 0x4C, 0x5A, 0x6D, 0x62, 0xAD, 0x62, 0xAD, 0x52, 0x2B,
    0x41, 0x96, 0xA9, 0x41, 0xA9, 0x39, 0xC9, 0x41, 0xEA, 0x52, 0x0B, 0x5A, 0x4B, 0xA4, 0xD3, 0xF7,
    0xBD, 0xF7, 0xFD, 0xFF, 0xFE, 0xFF, 0xFE, 0xFF, 0xFE, 0x23, 0xFF, 0xA8, 0xDF, 0xFF, 0xDF, 0xFF,
    0xDF, 0xFF, 0xDF, 0xFF, 0xDF, 0xFF, 0xDF, 0xFF, 0xDF, 0xFF, 0xBD, 0xFF, 0xBD, 0xFF, 0xBD, 0xFF,
    0xBD, 0xFF, 0xBD, 0xFF, 0xBD, 0xFF, 0xBD, 0xFF, 0xBC, 0xFF, 0xBC, 0xFF, 0xBC, 0xFF, 0x9C, 0xFF,
    0x9C, 0xFF, 0x9C, 0xFF, 0xBD, 0x0D, 0xFF, 0xFF, 0xFE, 0xFF, 0xBC, 0xFF, 0x9C, 0xFF, 0x7C, 0xFF,
    0x3B, 0xFF, 0x3B, 0xFF, 0x3B, 0xFF, 0x5C, 0xFF, 0x5B, 0xFF, 0x3B, 0xFF, 0x1B, 0xFE, 0xFA, 0xF6,
    0xDA, 0xF6, 0xB9, 0xF6, 0x99, 0xF6, 0x9A, 0xF6, 0x9A, 0xF6, 0x99, 0xEE, 0x79, 0xEE, 0x79, 0xEE,
    0x79, 0xEE, 0x79, 0xEE, 0x79, 0xEE, 0x79, 0xEE, 0x79, 0xEE, 0x79, 0xEE, 0x79, 0xEE, 0x79, 0xEE,
    0x79, 0xEE, 0x79, 0xEE, 0x79, 0xF6, 0x9A, 0xF6, 0x99, 0xF6, 0x99, 0xF6, 0x99, 0xEE, 0x97, 0xEE,
    0x98, 0xEE, 0x98, 0xE6, 0x37, 0xE6, 0x17, 0xE5, 0xF7, 0xE5, 0xD7, 0xDD, 0xB7, 0xDD, 0xB7, 0xDD,
    0x96, 0xD5, 0x96, 0xD5, 0x96, 0xD5, 0x76, 0xD5, 0x56, 0xD5, 0x56, 0xD5, 0x56, 0xD5, 0x55, 0xD5,
    0x75, 0xDD, 0x95, 0xDD, 0xB6, 0xE5, 0xB6, 0xE5, 0xB6, 0xE5, 0xB6, 0xDD, 0x95, 0xDD, 0x95, 0xDD,
    0x95, 0xDD, 0x96, 0xDD, 0x96, 0xDD, 0x96, 0xDD, 0xF0, 0x96, 0xDD, 0x76, 0xDD, 0x76, 0xDD, 0x76,
    0xDD, 0x76, 0xD5, 0x75, 0xD5, 0x75, 0xD5, 0x75, 0xD5, 0x75, 0xD5, 0x55, 0xD5, 0x55, 0xCD, 0x35,
    0xCD, 0x35, 0xCD, 0x15, 0xC4, 0xF4, 0xC4, 0xD4, 0xC4, 0xF4, 0xCD, 0x15, 0xC5, 0x15, 0xC5, 0x15,
    0xC5, 0x15, 0xC4, 0xF5, 0xBC, 0xF4, 0xBC, 0xF4, 0xBC, 0xF4, 0xBC, 0xB5, 0xB4, 0x95, 0xB4, 0x94,
    0xAC, 0x74, 0xAC, 0x54, 0xA4, 0x33, 0x9C, 0x12, 0x9C, 0x33, 0x9C, 0x33, 0x9C, 0x33, 0xA4, 0x74,
    0xA4, 0x74, 0x9C, 0x53, 0x9C, 0x33, 0x94, 0x13, 0x93, 0xD2, 0x93, 0xD2, 0x93, 0xD2, 0x93, 0xD2,
    0x93, 0xD2, 0x93, 0xD2, 0x93, 0xF2, 0x93, 0xF2, 0x93, 0xF2, 0x93, 0xF3, 0x93, 0xD2, 0x8B, 0xD2,
    0x8B, 0xB2, 0x8B, 0xB2, 0x8B, 0xB2, 0x8B, 0xB2, 0x8B, 0x92, 0x1F, 0xFF, 0xFF, 0xFE, 0xFF, 0xFE,
    0xFF, 0xFE, 0xFF, 0xFE, 0xFF, 0xFE, 0xFF, 0xFE, 0xFF, 0xFE, 0xFF, 0xFE, 0xFF, 0xFE, 0xFF, 0xFE,
    0xFF, 0xFE, 0xFF, 0xFE, 0xFF, 0xFE, 0xFF, 0xFE, 0xF7, 0xBD, 0xF7, 0x9C, 0xF7, 0x7C, 0xC5, 0x95,
    0x94, 0x0F, 0x9B, 0xCF, 0xEE, 0x38, 0xFE, 0xBC, 0xFE, 0x3A, 0xFE, 0x5A, 0xFE, 0x5A, 0xDD, 0x56,
    0xB4, 0x12, 0x93, 0x0E, 0x83, 0x2E, 0x83, 0x0E, 0x83, 0x0E, 0x7A, 0xCD, 0x7A, 0xCD, 0x7A, 0xCD,
    0x7A, 0xCD, 0x7A, 0xCD, 0x7A, 0xCD, 0x7A, 0xCD, 0x7A, 0xCD, 0x7A, 0xCD, 0x7A, 0xCD, 0x7A, 0xCD,
    0x7A, 0xCC, 0x7A, 0xCC, 0x7A, 0xCC, 0x7A, 0xED, 0x7A, 0xED, 0x7A, 0xED, 0x82, 0xED, 0x82, 0xED,
    0x82, 0xED, 0x82, 0xED, 0x83, 0x0D, 0x83, 0x0D, 0x83, 0x0D, 0x8B, 0x0D, 0x8A, 0xEE, 0x8A, 0xEE,
    0x8A, 0xEE, 0x93, 0x0E, 0x93, 0x0E, 0x93, 0x0E, 0x93, 0x0E, 0x93, 0x0E, 0x93, 0xFF, 0x0E, 0x93,
    0x2F, 0x93, 0x2F, 0x93, 0x0E, 0x8A, 0xAC, 0x72, 0x09, 0x82, 0x4B, 0xA3, 0x8F, 0x9B, 0x4E, 0xAB,
    0xB0, 0xA3, 0x6F, 0x93, 0x0D, 0x93, 0x0D, 0x93, 0x2E, 0x9B, 0x4E, 0xA3, 0x8F, 0xA3, 0x8F, 0xA3,
    0x8F, 0x9B, 0xB0, 0x9B, 0xB0, 0x93, 0x8F, 0x93, 0x6F, 0x8B, 0x4F, 0x8B, 0x2E, 0x93, 0x4E, 0x7A,
    0x29, 0x7A, 0x09, 0xDD, 0x36, 0xA3, 0x6E, 0x82, 0x4A, 0x8A, 0xCC, 0x9B, 0x4E, 0x49, 0x47, 0x69,
    0xEA, 0x71, 0xEA, 0x59, 0x07, 0x51, 0x06, 0x48, 0xE6, 0x30, 0xE5, 0x30, 0xE5, 0x31, 0x06, 0x31,
    0x47, 0x31, 0x68, 0x29, 0x68, 0x29, 0x69, 0x29, 0x69, 0x31, 0x49, 0x31, 0x49, 0x31, 0x49, 0x31,
    0x49, 0x31, 0x49, 0x31, 0x49, 0x31, 0x69, 0x39, 0x8A, 0x39, 0xCB, 0x4A, 0x2C, 0x52, 0x4D, 0x52,
    0x8D, 0x5A, 0xCE, 0x62, 0xAD, 0x62, 0xAD, 0x6A, 0xCD, 0x6A, 0xED, 0x6A, 0xCD, 0x52, 0x90, 0x0A,
    0x41, 0x68, 0x39, 0xA9, 0x41, 0xCA, 0x49, 0xEB, 0x5A, 0x0B, 0x83, 0xAE, 0xEF, 0x7B, 0xFF, 0xFD,
    0x29, 0xFF, 0xA8, 0xDF, 0xFF, 0xDF, 0xFF, 0xDF, 0xFF, 0xDF, 0xFF, 0xDF, 0xFF, 0xDF, 0xFF, 0xDF,
    0xFF, 0xBD, 0xFF, 0xBD, 0xFF, 0xBD, 0xFF, 0xBD, 0xFF, 0xBD, 0xFF, 0xBD, 0xFF, 0xBD, 0xFF, 0xBC,
    0xFF, 0xBC, 0xFF, 0xBC, 0xF7, 0x7B, 0xFF, 0x9C, 0xFF, 0xBC, 0xFF, 0xDE, 0x0D, 0xFF, 0xFF, 0xDE,
    0xFF, 0x9C, 0xFF, 0x7C, 0xFF, 0x7B, 0xFF, 0x1B, 0xFF, 0x1B, 0xFF, 0x1B, 0xFF, 0x3B, 0xFF, 0x3B,
    0xFF, 0x1B, 0xFE, 0xFA, 0xFE, 0xDA, 0xF6, 0xB9, 0xF6, 0x99, 0xEE, 0x79, 0xEE, 0x79, 0xEE, 0x79,
    0xEE, 0x79, 0xEE, 0x79, 0xEE, 0x79, 0xEE, 0x79, 0xEE, 0x58, 0xEE, 0x58, 0xEE, 0x58, 0xEE, 0x58,
    0xEE, 0x58, 0xEE, 0x58, 0xEE, 0x59, 0xEE, 0x79, 0xEE, 0x59, 0xEE, 0x59, 0xEE, 0x79, 0xEE, 0x79,
    0xEE, 0x79, 0xEE, 0x78, 0xE6, 0x57, 0xE6, 0x37, 0xE6, 0x37, 0xE6, 0x38, 0xE6, 0x18, 0xE5, 0xF8,
    0xE5, 0xD8, 0xE5, 0xB8, 0xDD, 0xB7, 0xDD, 0x97, 0xD5, 0x77, 0xD5, 0x77, 0xD5, 0x77, 0xDD, 0x77,
    0xDD, 0x78, 0xDD, 0x77, 0xDD, 0x97, 0xDD, 0x96, 0xDD, 0xB6, 0xDD, 0xB6, 0xE5, 0xB6, 0xE5, 0xB6,
    0xE5, 0xB6, 0xDD, 0x95, 0xDD, 0x95, 0xDD, 0x95, 0xDD, 0x96, 0xDD, 0x96, 0xDD, 0x96, 0xDD, 0xF0,
    0x96, 0xDD, 0x76, 0xDD, 0x76, 0xDD, 0x76, 0xDD, 0x76, 0xD5, 0x75, 0xD5, 0x75, 0xD5, 0x75, 0xD5,
    0x75, 0xD5, 0x55, 0xD5, 0x55, 0xCD, 0x14, 0xC4, 0xF4, 0xC4, 0xF4, 0xC4, 0xD4, 0xC4, 0xD4, 0xC4,
    0xD4, 0xC4, 0xF4, 0xC4, 0xF5, 0xC4, 0xF5, 0xC4, 0xF5, 0xBC, 0xF4, 0xBC, 0xD4, 0xBC, 0xD4, 0xBC,
    0xD4, 0xBC, 0xD5, 0xB4, 0x95, 0xAC, 0x54, 0xA4, 0x13, 0x9B, 0xF2, 0x9B, 0xF2, 0x9B, 0xF2, 0x93,
    0xF2, 0x93, 0xF2, 0x93, 0xF2, 0x9C, 0x33, 0x9C, 0x33, 0xA4, 0x53, 0x9C, 0x33, 0x9C, 0x13, 0x93,
    0xF3, 0x93, 0xF2, 0x93, 0xF2, 0x93, 0xF2, 0x93, 0xF2, 0x93, 0xF3, 0x94, 0x13, 0x94, 0x13, 0x94,
    0x13, 0x94, 0x13, 0x93, 0xF2, 0x93, 0xD2, 0x93, 0xD2, 0x93, 0xD3, 0x93, 0xD3, 0x93, 0xD3, 0x8B,
    0xB2, 0x1F, 0xFF, 0xFF, 0xFE, 0xFF, 0xFE, 0xFF, 0xFE, 0xFF, 0xFE, 0xFF, 0xFE, 0xFF, 0xFE, 0xFF,
    0xFE, 0xFF, 0xFE, 0xFF, 0xFE, 0xFF, 0xFE, 0xFF, 0xFE, 0xFF, 0xFE, 0xFF, 0xFE, 0xFF, 0xFE, 0xF7,
    0xFD, 0xFF, 0xFE, 0xFF, 0xDD, 0xFF, 0xFE, 0xFF, 0x7C, 0xCD, 0xB6, 0x8B, 0x8D, 0xAB, 0x8F, 0xED,
    0x77, 0xF5, 0xB8, 0xED, 0x97, 0xFE, 0x1A, 0xED, 0x97, 0xC4, 0x53, 0x8B, 0x4F, 0x83, 0x4F, 0x83,
    0x2E, 0x7A, 0xCD, 0x7A, 0xCD, 0x7A, 0xCD, 0x7A, 0xCD, 0x7A, 0xCD, 0x7A, 0xCD, 0x7A, 0xCD, 0x7A,
    0xAC, 0x7A, 0xAC, 0x7A, 0xAC, 0x7A, 0xAC, 0x72, 0xCC, 0x72, 0xCC, 0x72, 0xCC, 0x7A, 0xCC, 0x7A,
    0xCC, 0x7A, 0xCC, 0x7A, 0xED, 0x7A, 0xED, 0x7A, 0xED, 0x82, 0xED, 0x83, 0x0D, 0x83, 0x0D, 0x83,
    0x0D, 0x82, 0xED, 0x82, 0xED, 0x8A, 0xED, 0x8A, 0xED, 0x8A, 0xEE, 0x8A, 0xEE, 0x8A, 0xEE, 0x8B,
    0x0E, 0x8A, 0xEE, 0x8A, 0xFF, 0xEE, 0x93, 0x2E, 0x93, 0x2E, 0x93, 0x2E, 0x93, 0x2E, 0x8A, 0xCD,
    0x7A, 0x4B, 0x7A, 0x6B, 0x93, 0x2E, 0x93, 0x4E, 0x93, 0x4E, 0x93, 0x4E, 0x9B, 0x8F, 0x93, 0x6F,
    0x93, 0x6E, 0x93, 0x6F, 0x93, 0x6F, 0x93, 0x6F, 0x93, 0xAF, 0x8B, 0x8F, 0x8B, 0x6F, 0x83, 0x4E,
    0x8B, 0x6F, 0x8B, 0x8F, 0x6A, 0x4A, 0x72, 0x08, 0xDD, 0x34, 0xAB, 0xAF, 0xAB, 0xAF, 0x7A, 0x49,
    0x9B, 0x2D, 0x93, 0x2D, 0x49, 0x88, 0x51, 0x88, 0x59, 0x27, 0x50, 0xE6, 0x48, 0xE6, 0x41, 0x06,
    0x31, 0x05, 0x28, 0xE5, 0x31, 0x26, 0x31, 0x67, 0x31, 0x68, 0x29, 0x68, 0x29, 0x69, 0x29, 0x69,
    0x31, 0x49, 0x31, 0x49, 0x31, 0x49, 0x31, 0x49, 0x31, 0x49, 0x31, 0x49, 0x41, 0xEB, 0x4A, 0x2C,
    0x52, 0x8E, 0x62, 0xCF, 0x5A, 0xCF, 0x5A, 0xAE, 0x5A, 0xAE, 0x62, 0xAD, 0x6A, 0x8C, 0x6A, 0x8C,
    0x6A, 0x8C, 0x6A, 0xAD, 0x62, 0x90, 0x8C, 0x52, 0x2A, 0x31, 0x88, 0x41, 0xCA, 0x49, 0xCA, 0x51,
    0xEA, 0x62, 0xAB, 0xE7, 0x3A, 0xFF, 0xFD, 0x29, 0xFF, 0xA8, 0xDF, 0xFF, 0xDF, 0xFF, 0xDF, 0xFF,
    0xDF, 0xFF, 0xDF, 0xFF, 0xDF, 0xFF, 0xDF, 0xFF, 0xBD, 0xFF, 0xBD, 0xFF, 0xBD, 0xFF, 0xBD, 0xFF,
    0xBD, 0xFF, 0xBD, 0xFF, 0xBD, 0xFF, 0xBC, 0xFF, 0xBC, 0xFF, 0xBC, 0xF7, 0x7B, 0xFF, 0x9C, 0xFF,
    0xDD, 0xFF, 0xFE, 0x0D, 0xFF, 0xFF, 0xDE, 0xFF, 0x7C, 0xFF, 0x5B, 0xFF, 0x3B, 0xFF, 0x1B, 0xFF,
    0x1A, 0xFE, 0xFA, 0xFF, 0x3B, 0xFF, 0x1B, 0xFF, 0x1B, 0xFE, 0xDA, 0xFE, 0xB9, 0xF6, 0x79, 0xF6,
    0x79, 0xEE, 0x59, 0xEE, 0x79, 0xEE, 0x79, 0xEE, 0x59, 0xEE, 0x59, 0xEE, 0x59, 0xEE, 0x59, 0xE6,
    0x38, 0xE6, 0x38, 0xE6, 0x38, 0xE6, 0x38, 0xE6, 0x38, 0xE6, 0x38, 0xE6, 0x58, 0xEE, 0x59, 0xEE,
    0x59, 0xEE, 0x59, 0xEE, 0x59, 0xEE, 0x59, 0xEE, 0x59, 0xEE, 0x58, 0xEE, 0x57, 0xEE, 0x57, 0xEE,
    0x58, 0xE6, 0x38, 0xE6, 0x18, 0xE5, 0xF8, 0xE5, 0xD8, 0xDD, 0xB8, 0xDD, 0x98, 0xDD, 0x77, 0xD5,
    0x77, 0xD5, 0x77, 0xD5, 0x77, 0xE5, 0xB8, 0xE5, 0x98, 0xE5, 0xB8, 0xE5, 0xB7, 0xE5, 0xB7, 0xDD,
    0xB6, 0xDD, 0xB6, 0xE5, 0xB6, 0xE5, 0xB6, 0xE5, 0xB6, 0xDD, 0x95, 0xDD, 0x95, 0xDD, 0x95, 0xDD,
    0x96, 0xDD, 0x96, 0xDD, 0x96, 0xDD, 0xF0, 0x96, 0xDD, 0x76, 0xDD, 0x76, 0xDD, 0x76, 0xDD, 0x76,
    0xD5, 0x75, 0xD5, 0x75, 0xD5, 0x75, 0xD5, 0x75, 0xD5, 0x55, 0xD5, 0x55, 0xC4, 0xD4, 0xC4, 0xD4,
    0xBC, 0xB3, 0xBC, 0xB3, 0xBC, 0xB3, 0xBC, 0xD4, 0xC4, 0xD4, 0xC4, 0xF5, 0xBC, 0xF4, 0xBC, 0xF4,
    0xBC, 0xD4, 0xBC, 0xB4, 0xBC, 0xB4, 0xBC, 0xB4, 0xBC, 0xD5, 0xAC, 0x74, 0xA4, 0x33, 0xA4, 0x12,
    0xA4, 0x13, 0xA4, 0x13, 0x9C, 0x13, 0x9C, 0x33, 0x9C, 0x33, 0x9C, 0x33, 0x94, 0x12, 0x9C, 0x12,
    0x9C, 0x53, 0x9C, 0x33, 0x9C, 0x34, 0x9C, 0x13, 0x93, 0xF3, 0x93, 0xF3, 0x93, 0xF3, 0x93, 0xF3,
    0x94, 0x13, 0x9C, 0x13, 0x9C, 0x13, 0x9C, 0x13, 0x9C, 0x13, 0x93, 0xF3, 0x93, 0xD2, 0x93, 0xF3,
    0x93, 0xF3, 0x93, 0xF3, 0x93, 0xD3, 0x93, 0xD3, 0x2D, 0xFF, 0xFF, 0xFE, 0xFF, 0xFE, 0xFF, 0xFE,
    0xFF, 0xFE, 0xFF, 0xFE, 0xFF, 0xFE, 0xFF, 0xFE, 0xFF, 0xFE, 0xFF, 0xFE, 0xFF, 0xFE, 0xFF, 0xFE,
    0xFF, 0xFE, 0xFF, 0xFE, 0xFF, 0xFE, 0xFF, 0x9D, 0xCD, 0xF6, 0xA4, 0x30, 0xB4, 0x92, 0xED, 0x97,
    0xFD, 0xF8, 0xF5, 0x97, 0xED, 0x76, 0xC4, 0x31, 0x9B, 0x2D, 0x8B, 0x0C, 0x8B, 0x0C, 0x83, 0x0C,
    0x7B, 0x0C, 0x7B, 0x0E, 0x7A, 0xED, 0x72, 0x8C, 0x7A, 0xAC, 0x7A, 0x8C, 0x7A, 0x8C, 0x82, 0xAD,
    0x7A, 0xAE, 0x7A, 0xAE, 0x7A, 0xAE, 0x7A, 0xAD, 0x7A, 0xAD, 0x7A, 0xAD, 0x7A, 0xCD, 0x7A, 0xCD,
    0x7A, 0xCD, 0x7A, 0xED, 0x82, 0xED, 0x82, 0xED, 0x82, 0xED, 0x82, 0xED, 0x82, 0xED, 0x82, 0xED,
    0x83, 0x0D, 0x83, 0x0D, 0x83, 0x0D, 0x83, 0x0D, 0x8B, 0x0E, 0x8B, 0x0E, 0x8B, 0x0E, 0x8B, 0x0E,
    0x8B, 0x0E, 0x8B, 0x0E, 0x8B, 0x2E, 0x8B, 0x2E, 0x8B, 0x0D, 0x82, 0xFF, 0xED, 0x82, 0xCC, 0x82,
    0xED, 0x93, 0x2E, 0x93, 0x4F, 0x93, 0x2F, 0x93, 0x2F, 0x93, 0x2F, 0x93, 0x2F, 0x93, 0x2F, 0x93,
    0x2F, 0x8B, 0x4F, 0x8B, 0x4F, 0x8B, 0x4F, 0x93, 0x6F, 0x8A, 0xED, 0x9B, 0x4E, 0x8A, 0xCB, 0xD4,
    0xF5, 0xB3, 0xF1, 0x7A, 0x0A, 0x71, 0xE9, 0x61, 0x47, 0x93, 0x0E, 0x9B, 0x2F, 0x51, 0x88, 0x49,
    0x67, 0x41, 0x06, 0x38, 0xE5, 0x38, 0xE5, 0x38, 0xE5, 0x31, 0x06, 0x29, 0x28, 0x31, 0x68, 0x29,
    0x48, 0x29, 0x48, 0x29, 0x48, 0x29, 0x48, 0x29, 0x48, 0x29, 0x69, 0x31, 0x49, 0x31, 0x49, 0x39,
    0x49, 0x39, 0x08, 0x51, 0xEC, 0x62, 0xAE, 0x62, 0xAD, 0x62, 0xAD, 0x62, 0xAD, 0x62, 0xAD, 0x62,
    0xAD, 0x62, 0xAD, 0x62, 0xAD, 0x62, 0xAD, 0x62, 0xAD, 0x62, 0xAD, 0x62, 0xAD, 0x6A, 0xCE, 0x6A,
    0xEE, 0x42, 0x0A, 0x39, 0xAA, 0x49, 0xCB, 0x51, 0xEC, 0x52, 0x0B, 0xD5, 0x82, 0xF9, 0xFF, 0xBE,
    0x29, 0xFF, 0xFF, 0xDE, 0xFF, 0xDE, 0xFF, 0xDE, 0xFF, 0xDE, 0xFF, 0xDE, 0xFF, 0xDE, 0xFF, 0xDE,
    0xFF, 0x9E, 0xFF, 0x9E, 0xFF, 0x9E, 0xFF, 0x9E, 0xFF, 0x9D, 0xFF, 0x9D, 0xFF, 0x9D, 0xFF, 0x9C,
    0xFF, 0x9C, 0xFF, 0x9C, 0xFF, 0x9C, 0xFF, 0xBC, 0xFF, 0xDD, 0xFF, 0xFE, 0xFF, 0xDE, 0xFF, 0xDD,
    0xFF, 0xDD, 0xFF, 0xDD, 0xFF, 0xDE, 0xFF, 0xDD, 0xFF, 0x9D, 0xFF, 0x3C, 0xFF, 0x3C, 0xFF, 0x1B,
    0xFF, 0x1B, 0xFE, 0xFB, 0xF6, 0xDA, 0xFE, 0xDB, 0xFE, 0xDB, 0xFE, 0xDB, 0xF6, 0xBA, 0xEE, 0x99,
    0xEE, 0x99, 0xEE, 0x99, 0xEE, 0x59, 0xF6, 0x59, 0xF6, 0x59, 0xEE, 0x59, 0xEE, 0x38, 0xEE, 0x38,
    0xEE, 0x38, 0xEE, 0x38, 0xEE, 0x38, 0xEE, 0x38, 0xEE, 0x38, 0xEE, 0x38, 0xEE, 0x38, 0xEE, 0x39,
    0xF6, 0x59, 0xF6, 0x59, 0xF6, 0x59, 0xEE, 0x38, 0xEE, 0x38, 0xEE, 0x38, 0xEE, 0x38, 0xEE, 0x18,
    0xE6, 0x18, 0xE5, 0xFF, 0xF7, 0xE5, 0xF7, 0xE5, 0xD7, 0xDD, 0xB6, 0xE5, 0xD7, 0xE5, 0xB7, 0xE5,
    0x96, 0xDD, 0x76, 0xDD, 0x76, 0xDD, 0x76, 0xDD, 0x76, 0xED, 0xB6, 0xED, 0xB6, 0xED, 0xB6, 0xE5,
    0xB6, 0xE5, 0x96, 0xE5, 0x96, 0xE5, 0x96, 0xE5, 0x95, 0xE5, 0x95, 0xE5, 0x95, 0xE5, 0x95, 0xE5,
    0x95, 0xE5, 0x95, 0xE5, 0x76, 0xDD, 0x76, 0xDD, 0x76, 0xDD, 0x76, 0xDD, 0x75, 0xDD, 0x75, 0xDD,
    0x75, 0xDD, 0x76, 0xD5, 0x76, 0xD5, 0x76, 0xD5, 0x76, 0xCD, 0x35, 0xCD, 0x35, 0xCD, 0x15, 0xBC,
    0xD5, 0xBC, 0xD5, 0xBC, 0xD5, 0xBC, 0xD5, 0xBC, 0xB5, 0xBC, 0xB5, 0xBC, 0xB5, 0xBC, 0xB5, 0xBC,
    0xB5, 0xBC, 0xB5, 0xB4, 0x95, 0xB4, 0x74, 0xB4, 0x74, 0xB4, 0x74, 0xB4, 0x75, 0xAC, 0x54, 0xA4,
    0x13, 0xA3, 0xF3, 0xA3, 0xF3, 0xA3, 0xF3, 0xA3, 0xF3, 0xA3, 0xF3, 0xA3, 0xF3, 0xA3, 0xF3, 0xA3,
    0xF3, 0xA3, 0xF3, 0xA3, 0xA6, 0xF3, 0xA3, 0xF3, 0xA3, 0xF3, 0xA3, 0xF3, 0xA3, 0xF3, 0xA3, 0xF3,
    0xA3, 0xF3, 0xA3, 0xF3, 0x9B, 0xF3, 0x9B, 0xF3, 0x9B, 0xF3, 0x9B, 0xF3, 0x93, 0xD2, 0x93, 0xD2,
    0x93, 0xD2, 0x93, 0xF2, 0x93, 0xF2, 0x93, 0xF2, 0x93, 0xF2, 0x93, 0xF2, 0x2D, 0xFF, 0xFF, 0xFE,
    0xFF, 0xFE, 0xFF, 0xFE, 0xFF, 0xFE, 0xFF, 0xFE, 0xFF, 0xFE, 0xFF, 0xFE, 0xFF, 0xFE, 0xFF, 0xFE,
    0xFF, 0xFE, 0xFF, 0xFE, 0xFF, 0xFE, 0xFF, 0xFE, 0xFF, 0xFE, 0xFF, 0xFE, 0xFF, 0xFE, 0xF7, 0x3B,
    0xB4, 0xB2, 0xDD, 0x96, 0xF6, 0x18, 0xFE, 0x39, 0xFE, 0x19, 0xFE, 0x19, 0xE5, 0x76, 0xB4, 0x31,
    0xA3, 0xCF, 0x93, 0x6D, 0x83, 0x2D, 0x8B, 0x4F, 0x82, 0xEE, 0x7A, 0xAD, 0x7A, 0xAD, 0x7A, 0xCC,
    0x82, 0xAD, 0x7A, 0xCD, 0x7A, 0xCD, 0x7A, 0xCD, 0x7A, 0xCD, 0x7A, 0xAD, 0x7A, 0xAD, 0x7A, 0xAD,
    0x7A, 0xCD, 0x7A, 0xCD, 0x7A, 0xCD, 0x7A, 0xCD, 0x7A, 0xCD, 0x7A, 0xCD, 0x7A, 0xCD, 0x7A, 0xCD,
    0x7A, 0xEC, 0x7A, 0xEC, 0x7A, 0xED, 0x82, 0xED, 0x82, 0xED, 0x82, 0xED, 0x8A, 0xED, 0x8A, 0xED,
    0x8A, 0xED, 0x8A, 0xED, 0x8A, 0xED, 0x8A, 0xED, 0x8B, 0x0D, 0x8B, 0x0E, 0x8B, 0x0D, 0x8B, 0xFF,
    0x0D, 0x82, 0xED, 0x8A, 0xED, 0x8B, 0x2E, 0x8B, 0x2E, 0x8B, 0x2F, 0x8B, 0x2F, 0x8B, 0x2F, 0x8B,
    0x2F, 0x8B, 0x2F, 0x8B, 0x2F, 0x8B, 0x2F, 0x8B, 0x2F, 0x8B, 0x2F, 0x8B, 0x0D, 0x9B, 0x6F, 0x51,
    0x26, 0xED, 0xB7, 0xB3, 0xF2, 0xA3, 0x90, 0x69, 0x88, 0x82, 0x6C, 0x69, 0xA9, 0x92, 0xCD, 0x93,
    0x0E, 0x62, 0x2A, 0x62, 0x0A, 0x38, 0xC5, 0x38, 0xE5, 0x38, 0xE5, 0x38, 0xE5, 0x31, 0x06, 0x29,
    0x28, 0x31, 0x68, 0x29, 0x48, 0x29, 0x48, 0x29, 0x48, 0x29, 0x48, 0x29, 0x48, 0x29, 0x69, 0x31,
    0x49, 0x31, 0x49, 0x31, 0x28, 0x51, 0xCB, 0x6A, 0xAF, 0x62, 0xAE, 0x62, 0xAD, 0x62, 0xAD, 0x62,
    0xAD, 0x62, 0xAD, 0x62, 0xAD, 0x62, 0xAD, 0x62, 0xAD, 0x62, 0xAD, 0x62, 0xAD, 0x62, 0xAD, 0x62,
    0xAD, 0x62, 0xAD, 0x62, 0xCD, 0x52, 0x6B, 0x39, 0xA9, 0x41, 0xAB, 0x51, 0xEC, 0x5A, 0x0B, 0xB4,
    0x82, 0xF5, 0xFF, 0xBE, 0x29, 0xFF, 0xFF, 0xDE, 0xFF, 0xDE, 0xFF, 0xDE, 0xFF, 0xDE, 0xFF, 0xDE,
    0xFF, 0xDE, 0xFF, 0xDE, 0xFF, 0x9E, 0xFF, 0x9E, 0xFF, 0x9E, 0xFF, 0x9E, 0xFF, 0x9D, 0xFF, 0x9D,
    0xFF, 0x9D, 0xFF, 0x9C, 0xFF, 0x9C, 0xFF, 0x9C, 0xFF, 0x9C, 0xFF, 0xBC, 0xFF, 0xDD, 0xFF, 0xDD,
    0xFF, 0xBD, 0xFF, 0xBD, 0xFF, 0x9D, 0xFF, 0xBD, 0xFF, 0xBD, 0xFF, 0xBD, 0xFF, 0x7D, 0xFF, 0x1C,
    0xFF, 0x1B, 0xFF, 0x1B, 0xFE, 0xFB, 0xF6, 0xDB, 0xF6, 0xDA, 0xF6, 0xBA, 0xF6, 0xBA, 0xF6, 0xBA,
    0xF6, 0xBA, 0xEE, 0x99, 0xEE, 0x99, 0xEE, 0x99, 0xEE, 0x59, 0xF6, 0x59, 0xF6, 0x59, 0xEE, 0x59,
    0xEE, 0x38, 0xEE, 0x38, 0xEE, 0x38, 0xEE, 0x38, 0xEE, 0x38, 0xEE, 0x38, 0xEE, 0x18, 0xEE, 0x18,
    0xEE, 0x18, 0xEE, 0x38, 0xEE, 0x38, 0xEE, 0x38, 0xEE, 0x38, 0xEE, 0x18, 0xEE, 0x18, 0xEE, 0x18,
    0xEE, 0x18, 0xEE, 0x18, 0xE5, 0xF7, 0xE5, 0xFF, 0xF7, 0xE5, 0xF7, 0xE5, 0xD7, 0xDD, 0xB6, 0xE5,
    0xB7, 0xE5, 0xB7, 0xE5, 0xB6, 0xDD, 0x96, 0xDD, 0x76, 0xDD, 0x96, 0xE5, 0x96, 0xED, 0xB6, 0xED,
    0xB6, 0xED, 0xB6, 0xE5, 0xB6, 0xE5, 0x96, 0xE5, 0x96, 0xE5, 0x96, 0xE5, 0x95, 0xE5, 0x95, 0xE5,
    0x95, 0xE5, 0x95, 0xE5, 0x95, 0xE5, 0x95, 0xE5, 0x76, 0xDD, 0x76, 0xDD, 0x76, 0xDD, 0x76, 0xDD,
    0x75, 0xDD, 0x75, 0xDD, 0x75, 0xDD, 0x76, 0xD5, 0x76, 0xD5, 0x56, 0xD5, 0x56, 0xCD, 0x15, 0xCD,
    0x15, 0xC4, 0xF4, 0xBC, 0xD5, 0xBC, 0xD5, 0xBC, 0xD5, 0xBC, 0xD5, 0xBC, 0xB5, 0xBC, 0xB5, 0xBC,
    0xB4, 0xBC, 0xB5, 0xBC, 0xB5, 0xB4, 0x95, 0xB4, 0x74, 0xAC, 0x33, 0xAC, 0x34, 0xAC, 0x34, 0xAC,
    0x54, 0xA4, 0x34, 0xA4, 0x13, 0xA3, 0xF3, 0xA3, 0xF3, 0xA3, 0xF3, 0xA3, 0xF3, 0xA3, 0xF3, 0xA3,
    0xF3, 0xA3, 0xF3, 0xA3, 0xF3, 0xA3, 0xF3, 0xA3, 0xA6, 0xF3, 0xA3, 0xF3, 0xA3, 0xF3, 0xA3, 0xF3,
    0xA3, 0xF3, 0xA3, 0xF3, 0xA3, 0xF3, 0xA3, 0xF3, 0x9B, 0xF3, 0x9B, 0xF3, 0x9B, 0xF3, 0x9B, 0xF3,
    0x93, 0xD2, 0x93, 0xD2, 0x93, 0xD2, 0x93, 0xF2, 0x93, 0xF2, 0x93, 0xF2, 0x93, 0xF2, 0x93, 0xF2,
    0x2D, 0xFF, 0xFF, 0xFE, 0xFF, 0xFE, 0xFF, 0xFE, 0xFF, 0xFE, 0xFF, 0xFE, 0xFF, 0xFE, 0xFF, 0xFE,
    0xFF, 0xFE, 0xFF, 0xFE, 0xFF, 0xFE, 0xFF, 0xFE, 0xFF, 0xFE, 0xFF, 0xFE, 0xFF, 0xFE, 0xFF, 0xFE,
    0xFF, 0xBD, 0xFF, 0xBD, 0xFF, 0xBE, 0x93, 0x8E, 0xBC, 0xB2, 0xED, 0xD7, 0xFD, 0xF8, 0xFD, 0xF8,
    0xF5, 0xF8, 0xF5, 0xF8, 0xDD, 0x56, 0xC4, 0x92, 0xA3, 0xAF, 0x93, 0x2E, 0x8A, 0xED, 0x8B, 0x0E,
    0x82, 0xCC, 0x82, 0xEC, 0x82, 0xEC, 0x7A, 0xEC, 0x7A, 0xED, 0x7A, 0xED, 0x7A, 0xED, 0x72, 0xCD,
    0x72, 0xCD, 0x72, 0xCD, 0x7A, 0xCD, 0x7A, 0xCD, 0x7A, 0xCD, 0x7A, 0xCD, 0x7A, 0xCD, 0x7A, 0xCD,
    0x7A, 0xCD, 0x7A, 0xCC, 0x7A, 0xCC, 0x7A, 0xCC, 0x7A, 0xCC, 0x7A, 0xEC, 0x7A, 0xEC, 0x7A, 0xEC,
    0x82, 0xED, 0x82, 0xED, 0x82, 0xED, 0x82, 0xED, 0x82, 0xED, 0x82, 0xED, 0x82, 0xED, 0x82, 0xED,
    0x8B, 0x0D, 0x8B, 0xFF, 0x2E, 0x8B, 0x0D, 0x8B, 0x0D, 0x8B, 0x0D, 0x8B, 0x0E, 0x8B, 0x0E, 0x8B,
    0x0E, 0x8B, 0x0E, 0x8B, 0x0E, 0x8B, 0x0E, 0x8B, 0x0E, 0x83, 0x2F, 0x83, 0x2E, 0x83, 0x2E, 0x8B,
    0x2E, 0x82, 0xAB, 0x59, 0x46, 0xB4, 0x11, 0xA3, 0x6F, 0xA3, 0x90, 0x69, 0xA8, 0x7A, 0x4B, 0x7A,
    0x2B, 0x8A, 0xAD, 0x92, 0xEE, 0x51, 0xA8, 0x51, 0xA8, 0x38, 0xE5, 0x38, 0xE5, 0x38, 0xE5, 0x38,
    0xE5, 0x31, 0x06, 0x29, 0x28, 0x31, 0x68, 0x29, 0x48, 0x29, 0x48, 0x29, 0x48, 0x29, 0x48, 0x29,
    0x48, 0x29, 0x69, 0x31, 0x49, 0x31, 0x49, 0x31, 0x08, 0x62, 0x4D, 0x72, 0xCF, 0x62, 0xAE, 0x62,
    0xAD, 0x62, 0xAD, 0x62, 0xAD, 0x62, 0xAD, 0x62, 0xAD, 0x62, 0xAD, 0x62, 0xAD, 0x62, 0xAD, 0x62,
    0xAD, 0x62, 0xAD, 0x62, 0xAD, 0x62, 0x8D, 0x5A, 0x8D, 0x5A, 0xCD, 0x39, 0x89, 0x41, 0xAB, 0x51,
    0xCC, 0x5A, 0x0B, 0x8B, 0x82, 0xB0, 0xFF, 0xDF, 0x29, 0xFF, 0xFF, 0xDE, 0xFF, 0xDE, 0xFF, 0xDE,
    0xFF, 0xDE, 0xFF, 0xDE, 0xFF, 0xDE, 0xFF, 0xDE, 0xFF, 0x9E, 0xFF, 0x9E, 0xFF, 0x9E, 0xFF, 0x9E,
    0xFF, 0x9D, 0xFF, 0x9D, 0xFF, 0x9D, 0xFF, 0x9C, 0xFF, 0x9C, 0xFF, 0x9C, 0xFF, 0xBC, 0xFF, 0xBD,
    0xFF, 0xBD, 0xFF, 0xBD, 0xFF, 0x9D, 0xFF, 0x7C, 0xFF, 0x5C, 0xFF, 0x9D, 0xFF, 0x9D, 0xFF, 0x9D,
    0xFF, 0x5C, 0xFF, 0x1B, 0xFE, 0xFB, 0xFE, 0xFB, 0xFE, 0xFB, 0xF6, 0xDA, 0xF6, 0xBA, 0xF6, 0x9A,
    0xF6, 0xBA, 0xF6, 0xBA, 0xF6, 0x9A, 0xEE, 0x99, 0xEE, 0x99, 0xEE, 0x99, 0xEE, 0x59, 0xF6, 0x59,
    0xF6, 0x59, 0xEE, 0x59, 0xEE, 0x38, 0xEE, 0x38, 0xEE, 0x38, 0xEE, 0x38, 0xEE, 0x38, 0xEE, 0x38,
    0xE6, 0x18, 0xE6, 0x18, 0xE6, 0x18, 0xEE, 0x18, 0xEE, 0x18, 0xEE, 0x18, 0xEE, 0x18, 0xE6, 0x18,
    0xE6, 0x18, 0xE6, 0x18, 0xE6, 0x18, 0xE5, 0xF8, 0xE5, 0xF7, 0xE5, 0xFF, 0xD7, 0xE5, 0xF7, 0xE5,
    0xD7, 0xDD, 0xB6, 0xDD, 0x96, 0xE5, 0x96, 0xE5, 0xB7, 0xE5, 0x96, 0xDD, 0x76, 0xE5, 0x96, 0xED,
    0xD7, 0xED, 0xB6, 0xE5, 0xB6, 0xED, 0xB6, 0xE5, 0xB6, 0xE5, 0x96, 0xE5, 0x96, 0xE5, 0x96, 0xE5,
    0x95, 0xE5, 0x95, 0xE5, 0x95, 0xE5, 0x95, 0xE5, 0x95, 0xE5, 0x95, 0xE5, 0x76, 0xDD, 0x76, 0xDD,
    0x76, 0xDD, 0x76, 0xDD, 0x75, 0xDD, 0x75, 0xDD, 0x75, 0xDD, 0x76, 0xD5, 0x76, 0xCD, 0x35, 0xCD,
    0x15, 0xC4, 0xF4, 0xC4, 0xD4, 0xC4, 0xD4, 0xBC, 0xD5, 0xBC, 0xD5, 0xBC, 0xD5, 0xBC, 0xD5, 0xBC,
    0xB5, 0xBC, 0xB5, 0xBC, 0xB5, 0xBC, 0xD5, 0xB4, 0x95, 0xAC, 0x54, 0xAC, 0x33, 0xA4, 0x13, 0xA4,
    0x13, 0xA4, 0x13, 0xA4, 0x13, 0xA4, 0x13, 0xA4, 0x13, 0xA3, 0xF3, 0xA3, 0xF3, 0xA3, 0xF3, 0xA3,
    0xF3, 0xA3, 0xF3, 0xA3, 0xF3, 0xA3, 0xF3, 0xA3, 0xF3, 0xA3, 0xF3, 0xA3, 0xA6, 0xF3, 0xA3, 0xF3,
    0xA3, 0xF3, 0xA3, 0xF3, 0xA3, 0xF3, 0xA3, 0xF3, 0xA3, 0xF3, 0xA3, 0xF3, 0x9B, 0xF3, 0x9B, 0xF3,
    0x9B, 0xF3, 0x9B, 0xF3, 0x93, 0xD2, 0x93, 0xD2, 0x93, 0xD2, 0x93, 0xF2, 0x93, 0xF2, 0x93, 0xF2,
    0x93, 0xF2, 0x93, 0xF2, 0x2D, 0xFF, 0xFF, 0xFE, 0xFF, 0xFE, 0xFF, 0xFE, 0xFF, 0xFE, 0xFF, 0xFE,
    0xFF, 0xFE, 0xFF, 0xFE, 0xFF, 0xFE, 0xFF, 0xFE, 0xFF, 0xFE, 0xFF, 0xFE, 0xFF, 0xFE, 0xFF, 0xFE,
    0xFF, 0xFE, 0xFF, 0xFE, 0xFF, 0xFE, 0xFF, 0xFE, 0xFF, 0xFE, 0xFF, 0xDE, 0xFF, 0x7C, 0xEE, 0xDA,
    0x8B, 0x0C, 0x82, 0xAB, 0xCC, 0xF4, 0xED, 0xF8, 0xF6, 0x18, 0xF6, 0x18, 0xF5, 0xF8, 0xFE, 0x19,
    0xDD, 0x36, 0xAB, 0xD0, 0x8B, 0x2D, 0x83, 0x0C, 0x8B, 0x6D, 0x8B, 0x6E, 0x7B, 0x2D, 0x7B, 0x0D,
    0x72, 0xEC, 0x6A, 0xAB, 0x7B, 0x0C, 0x7B, 0x0C, 0x7A, 0xCD, 0x7A, 0xCD, 0x7A, 0xCD, 0x7A, 0xCD,
    0x7A, 0xAC, 0x7A, 0xAC, 0x7A, 0xAC, 0x7A, 0xCD, 0x7A, 0xCC, 0x7A, 0xCC, 0x7A, 0xCC, 0x7A, 0xCC,
    0x7A, 0xCC, 0x7A, 0xCC, 0x82, 0xCC, 0x82, 0xCC, 0x82, 0xCC, 0x82, 0xCC, 0x82, 0xCC, 0x82, 0xCC,
    0x82, 0xCD, 0x8A, 0xED, 0x8A, 0xED, 0x8A, 0xFF, 0xED, 0x8A, 0xED, 0x8A, 0xED, 0x8A, 0xED, 0x8A,
    0xEE, 0x8A, 0xEE, 0x8A, 0xEE, 0x8A, 0xEE, 0x8B, 0x0E, 0x8B, 0x0E, 0x8B, 0x0E, 0x83, 0x2F, 0x72,
    0xAD, 0x7A, 0xCD, 0x6A, 0x2A, 0xC4, 0xD4, 0xA3, 0xD0, 0xAB, 0xCF, 0xA3, 0x70, 0x9B, 0x4F, 0x82,
    0x6C, 0x61, 0x67, 0x92, 0xCD, 0x9B, 0x4F, 0x8A, 0xCD, 0x38, 0xE5, 0x38, 0xC5, 0x41, 0x06, 0x38,
    0xE5, 0x38, 0xE5, 0x38, 0xE5, 0x31, 0x27, 0x31, 0x68, 0x31, 0x68, 0x31, 0x68, 0x31, 0x68, 0x31,
    0x68, 0x31, 0x68, 0x29, 0x68, 0x29, 0x69, 0x31, 0x49, 0x31, 0x49, 0x39, 0x49, 0x62, 0x8E, 0x6A,
    0x6E, 0x62, 0xAE, 0x62, 0xAD, 0x62, 0xAD, 0x62, 0xAD, 0x62, 0xAD, 0x62, 0xAD, 0x62, 0xAD, 0x62,
    0xAD, 0x62, 0xAD, 0x62, 0xAD, 0x62, 0x8D, 0x62, 0xAD, 0x62, 0xAD, 0x4A, 0x0A, 0x41, 0xE9, 0x41,
    0xAA, 0x41, 0x8A, 0x49, 0xAB, 0x62, 0x6C, 0x7B, 0x80, 0x2E, 0x1F, 0xFF, 0xFF, 0xFE, 0xFF, 0xFE,
    0xFF, 0xFE, 0xFF, 0xFE, 0xFF, 0xFE, 0xFF, 0xFE, 0xFF, 0xFE, 0xFF, 0xFE, 0xFF, 0xFE, 0xFF, 0xDE,
    0xFF, 0xDE, 0xFF, 0xDE, 0xFF, 0xDE, 0xFF, 0x9E, 0xFF, 0x9E, 0xFF, 0x9E, 0xFF, 0x9E, 0xFF, 0x9D,
    0xFF, 0x9D, 0xFF, 0x9D, 0xFF, 0x9C, 0xFF, 0xBC, 0xFF, 0xBD, 0xFF, 0xDD, 0xFF, 0xDD, 0xFF, 0xBC,
    0xFF, 0x9C, 0xFF, 0x5C, 0xFF, 0x5C, 0xFF, 0x5C, 0xFF, 0x5C, 0xFF, 0x5C, 0xFF, 0x5C, 0xFF, 0x3C,
    0xFE, 0xFB, 0xFE, 0xFB, 0xF6, 0xDA, 0xF6, 0xDA, 0xF6, 0xDA, 0xF6, 0xDA, 0xF6, 0xBA, 0xF6, 0xBA,
    0xF6, 0xBA, 0xF6, 0xBA, 0xF6, 0x9A, 0xF6, 0x9A, 0xF6, 0x9A, 0xF6, 0x79, 0xF6, 0x79, 0xF6, 0x79,
    0xF6, 0x79, 0xF6, 0x59, 0xEE, 0x38, 0xEE, 0x38, 0xEE, 0x18, 0xEE, 0x18, 0xEE, 0x18, 0xE5, 0xF8,
    0xE5, 0xF8, 0xE5, 0xF8, 0xE6, 0x18, 0xEE, 0x18, 0xEE, 0x18, 0xEE, 0x18, 0xE6, 0xFF, 0x18, 0xE6,
    0x18, 0xE6, 0x18, 0xE5, 0xF7, 0xE5, 0xD7, 0xE5, 0xD7, 0xE5, 0xD7, 0xE5, 0xD7, 0xDD, 0xB6, 0xDD,
    0x96, 0xDD, 0x76, 0xDD, 0x96, 0xE5, 0xB6, 0xE5, 0xD7, 0xED, 0xD7, 0xED, 0xD7, 0xED, 0xD7, 0xED,
    0xD7, 0xED, 0xD6, 0xE5, 0x96, 0xE5, 0x96, 0xE5, 0x95, 0xE5, 0x95, 0xE5, 0x95, 0xE5, 0x95, 0xE5,
    0x95, 0xE5, 0x95, 0xE5, 0x75, 0xE5, 0x75, 0xE5, 0x75, 0xE5, 0x96, 0xDD, 0x96, 0xDD, 0x96, 0xDD,
    0x96, 0xDD, 0x75, 0xDD, 0x75, 0xDD, 0x75, 0xD5, 0x76, 0xD5, 0x56, 0xCD, 0x15, 0xC4, 0xF4, 0xCD,
    0x15, 0xC4, 0xF4, 0xC4, 0xD4, 0xBC, 0xB4, 0xBC, 0xB5, 0xBC, 0xB5, 0xBC, 0xB5, 0xBC, 0xB5, 0xBC,
    0xB5, 0xBC, 0xB5, 0xB4, 0x94, 0xB4, 0x74, 0xAC, 0x33, 0xA4, 0x13, 0xA4, 0x13, 0xA4, 0x13, 0xA4,
    0x13, 0xA3, 0xF3, 0xA3, 0xF3, 0xA3, 0xF3, 0x9B, 0xF3, 0x9B, 0xF3, 0x9B, 0xF3, 0x9B, 0xB2, 0xF3,
    0x9B, 0xF3, 0x9B, 0xF3, 0x9B, 0xF3, 0x9B, 0xF3, 0x9B, 0xF3, 0x9B, 0xF3, 0x9B, 0xF3, 0xA3, 0xF3,
    0xA3, 0xF3, 0xA3, 0xF3, 0xA3, 0xF3, 0xA3, 0xF3, 0xA3, 0xF3, 0x9B, 0xF3, 0x9B, 0xF3, 0x9B, 0xF3,
    0x9B, 0xF3, 0x9B, 0xF3, 0x9B, 0xF3, 0x9B, 0xF3, 0x93, 0xF2, 0x93, 0xF2, 0x93, 0xF2, 0x93, 0xD2,
    0x93, 0xD2, 0x2D, 0xFF, 0xFF, 0xFE, 0xFF, 0xFE, 0xFF, 0xFE, 0xFF, 0xFE, 0xFF, 0xFE, 0xFF, 0xFE,
    0xFF, 0xFE, 0xFF, 0xFE, 0xFF, 0xFE, 0xFF, 0xFE, 0xFF, 0xFE, 0xFF, 0xFE, 0xFF, 0xFE, 0xFF, 0xFE,
    0xFF, 0xFE, 0xFF, 0xFE, 0xFF, 0xFE, 0xFF, 0xFE, 0xFF, 0xFE, 0xFF, 0xFE, 0xFF, 0xBD, 0xFF, 0x5C,
    0xD5, 0xD6, 0x93, 0xAE, 0x93, 0x8D, 0xCD, 0x14, 0xF6, 0x7A, 0xFE, 0x59, 0xF5, 0xF8, 0xF6, 0x38,
    0xFE, 0x39, 0xED, 0xF8, 0xBC, 0x72, 0x9B, 0x8E, 0x8B, 0x2D, 0x83, 0x0C, 0x82, 0xEC, 0x82, 0xEC,
    0x8B, 0x4E, 0x8B, 0x4D, 0x82, 0xEC, 0x7A, 0xCD, 0x7A, 0xCD, 0x7A, 0xCD, 0x7A, 0xCD, 0x7A, 0xCD,
    0x7A, 0xCD, 0x7A, 0xCD, 0x7A, 0xCD, 0x7A, 0xCC, 0x7A, 0xCC, 0x7A, 0xCC, 0x7A, 0xCC, 0x7A, 0xCC,
    0x7A, 0xCC, 0x82, 0xCC, 0x82, 0xCC, 0x82, 0xCC, 0x82, 0xCC, 0x82, 0xCC, 0x82, 0xCC, 0x82, 0xCD,
    0x82, 0xED, 0x82, 0xED, 0x82, 0xFF, 0xED, 0x82, 0xED, 0x82, 0xED, 0x82, 0xED, 0x82, 0xED, 0x82,
    0xEE, 0x82, 0xEE, 0x82, 0xEE, 0x8A, 0xEE, 0x8A, 0xEE, 0x8A, 0xEE, 0x8B, 0x70, 0x7A, 0xAD, 0x93,
    0xB0, 0x6A, 0x2A, 0xEE, 0x3A, 0xA3, 0xAF, 0xB4, 0x10, 0xA3, 0x70, 0x9B, 0x4F, 0x82, 0x6B, 0x61,
    0x68, 0x92, 0xEE, 0x9B, 0x2F, 0x8A, 0xCD, 0x39, 0x06, 0x38, 0xC5, 0x38, 0xE5, 0x38, 0xE5, 0x38,
    0xE5, 0x38, 0xE5, 0x31, 0x27, 0x31, 0x68, 0x31, 0x68, 0x31, 0x68, 0x31, 0x68, 0x31, 0x68, 0x31,
    0x68, 0x29, 0x68, 0x29, 0x69, 0x31, 0x49, 0x31, 0x49, 0x39, 0x69, 0x6A, 0x8E, 0x6A, 0x6E, 0x62,
    0xAE, 0x62, 0xAD, 0x62, 0xAD, 0x62, 0xAD, 0x62, 0xAD, 0x62, 0xAD, 0x62, 0xAD, 0x62, 0xAD, 0x62,
    0xAD, 0x62, 0xAD, 0x62, 0xAD, 0x62, 0xAD, 0x62, 0xAD, 0x52, 0x2B, 0x41, 0xEA, 0x41, 0xEB, 0x41,
    0x8A, 0x49, 0xAB, 0x62, 0x4C, 0x72, 0x82, 0xED, 0xFF, 0xDF, 0x1D, 0xFF, 0xFF, 0xFE, 0xFF, 0xFE,
    0xFF, 0xFE, 0xFF, 0xFE, 0xFF, 0xFE, 0xFF, 0xFE, 0xFF, 0xFE, 0xFF, 0xFE, 0xFF, 0xFE, 0xFF, 0xDE,
    0xFF, 0xDE, 0xFF, 0xDE, 0xFF, 0xDE, 0xFF, 0x9E, 0xFF, 0x9E, 0xFF, 0x9E, 0xFF, 0x9E, 0xFF, 0x9D,
    0xFF, 0x9D, 0xFF, 0x9D, 0xFF, 0x9C, 0xFF, 0xBC, 0xFF, 0xBC, 0xFF, 0xDD, 0xFF, 0xBD, 0xFF, 0xBC,
    0xFF, 0x7C, 0xFF, 0x5C, 0xFF, 0x3C, 0xFF, 0x3C, 0xFF, 0x3C, 0xFF, 0x5C, 0xFF, 0x5C, 0xFF, 0x3C,
    0xFE, 0xFB, 0xFE, 0xFB, 0xF6, 0xDA, 0xF6, 0xDA, 0xF6, 0xDA, 0xF6, 0xDA, 0xF6, 0xBA, 0xF6, 0xBA,
    0xF6, 0xBA, 0xF6, 0xBA, 0xF6, 0x9A, 0xF6, 0x9A, 0xF6, 0x9A, 0xF6, 0x79, 0xF6, 0x79, 0xF6, 0x79,
    0xF6, 0x79, 0xF6, 0x59, 0xEE, 0x38, 0xEE, 0x38, 0xEE, 0x18, 0xEE, 0x18, 0xEE, 0x18, 0xE5, 0xF8,
    0xE5, 0xF8, 0xE5, 0xF8, 0xE6, 0x18, 0xEE, 0x18, 0xEE, 0x18, 0xEE, 0x18, 0xE5, 0xFF, 0xF7, 0xE5,
    0xF7, 0xE5, 0xF7, 0xE5, 0xF7, 0xE5, 0xD7, 0xE5, 0xD7, 0xE5, 0xD7, 0xE5, 0xD7, 0xDD, 0xB6, 0xDD,
    0xB6, 0xDD, 0x96, 0xE5, 0x96, 0xE5, 0xB7, 0xE5, 0xD7, 0xED, 0xD7, 0xED, 0xD7, 0xED, 0xD7, 0xED,
    0xD7, 0xED, 0xD6, 0xE5, 0x96, 0xE5, 0x96, 0xE5, 0x95, 0xE5, 0x95, 0xE5, 0x95, 0xE5, 0x75, 0xE5,
    0x75, 0xE5, 0x75, 0xDD, 0x75, 0xDD, 0x75, 0xDD, 0x75, 0xDD, 0x75, 0xDD, 0x76, 0xDD, 0x76, 0xDD,
    0x76, 0xDD, 0x75, 0xDD, 0x75, 0xDD, 0x75, 0xD5, 0x76, 0xD5, 0x56, 0xCD, 0x15, 0xC4, 0xF4, 0xCD,
    0x15, 0xC4, 0xF4, 0xC4, 0xD4, 0xBC, 0xB4, 0xBC, 0xB5, 0xBC, 0xB5, 0xBC, 0xB5, 0xBC, 0xB5, 0xBC,
    0xB5, 0xBC, 0xB5, 0xB4, 0x94, 0xB4, 0x74, 0xAC, 0x33, 0xA4, 0x13, 0xA4, 0x13, 0xA4, 0x13, 0xA4,
    0x13, 0xA3, 0xF3, 0xA3, 0xF3, 0xA3, 0xF3, 0x9B, 0xF3, 0x9B, 0xF3, 0x9B, 0xF3, 0x9B, 0xB2, 0xF3,
    0x9B, 0xF3, 0x9B, 0xF3, 0x9B, 0xF3, 0x9B, 0xF3, 0x9B, 0xF3, 0x9B, 0xF3, 0x9B, 0xF3, 0xA3, 0xF3,
    0xA3, 0xF3, 0xA3, 0xF3, 0xA3, 0xF3, 0xA3, 0xF3, 0xA3, 0xF3, 0x9B, 0xF3, 0x9B, 0xF3, 0x9B, 0xF3,
    0x9B, 0xF3, 0x9B, 0xF3, 0x9B, 0xF3, 0x9B, 0xF3, 0x93, 0xF2, 0x93, 0xF2, 0x93, 0xF2, 0x93, 0xD2,
    0x93, 0xD2, 0x2D, 0xFF, 0xAD, 0xFE, 0xFF, 0xFE, 0xFF, 0xFE, 0xFF, 0xFE, 0xFF, 0xFE, 0xFF, 0xFE,
    0xFF, 0xFE, 0xFF, 0xFE, 0xFF, 0xFE, 0xFF, 0xFE, 0xFF, 0xFE, 0xFF, 0xFE, 0xFF, 0xFE, 0xFF, 0xFE,
    0xFF, 0xFE, 0xFF, 0xFE, 0xFF, 0xFE, 0xFF, 0xFE, 0xFF, 0xFE, 0xFF, 0xFE, 0xFF, 0xFE, 0xFF, 0xDE,
    0xFF, 0xBD, 0xFF, 0x02, 0xDE, 0xFF, 0x78, 0x8B, 0xCE, 0x6A, 0xAA, 0xBC, 0xB2, 0xE5, 0xB6, 0xFE,
    0x79, 0xF6, 0x18, 0xF6, 0x18, 0xF5, 0xD7, 0xED, 0xB7, 0xDD, 0x55, 0xB4, 0x31, 0x9B, 0x6E, 0x8A,
    0xEC, 0x8A, 0xCB, 0x8A, 0xCC, 0x8A, 0xEC, 0x82, 0xED, 0x82, 0xED, 0x82, 0xED, 0x7A, 0xED, 0x7A,
    0xCD, 0x7A, 0xCD, 0x7A, 0xCD, 0x7A, 0xCD, 0x7A, 0xCC, 0x7A, 0xCC, 0x7A, 0xCC, 0x7A, 0xCC, 0x7A,
    0xCC, 0x7A, 0xCC, 0x82, 0xCC, 0x82, 0xCC, 0x82, 0xCC, 0x82, 0xCC, 0x82, 0xCC, 0x82, 0xCC, 0x82,
    0xCC, 0x82, 0xCD, 0x82, 0xCD, 0x82, 0xCD, 0x82, 0xCD, 0x82, 0xCD, 0x82, 0xCD, 0x82, 0xCD, 0x82,
    0xCD, 0x82, 0xCD, 0x82, 0xCD, 0x82, 0xEE, 0x82, 0xEE, 0x82, 0xEE, 0x7A, 0xEE, 0x7A, 0xED, 0x72,
    0x8C, 0xC4, 0xF5, 0xFE, 0xBC, 0x8A, 0xCC, 0x9B, 0x8E, 0x9B, 0x4F, 0x9B, 0x2E, 0x7A, 0x4B, 0x61,
    0x88, 0x9B, 0x2E, 0x9B, 0x2E, 0x8A, 0xD2, 0xCD, 0x41, 0x06, 0x38, 0xC5, 0x38, 0xE5, 0x38, 0xE5,
    0x38, 0xE5, 0x38, 0xE5, 0x31, 0x27, 0x31, 0x68, 0x31, 0x68, 0x31, 0x68, 0x31, 0x68, 0x31, 0x68,
    0x31, 0x68, 0x29, 0x68, 0x29, 0x69, 0x31, 0x49, 0x31, 0x49, 0x41, 0xAA, 0x6A, 0xAF, 0x6A, 0x6E,
    0x62, 0xAE, 0x62, 0xAD, 0x62, 0xAD, 0x62, 0xAD, 0x62, 0xAD, 0x62, 0xAD, 0x62, 0xAD, 0x62, 0xAD,
    0x62, 0xAD, 0x62, 0xAD, 0x62, 0xAD, 0x62, 0xAD, 0x62, 0xCD, 0x5A, 0x8C, 0x42, 0x0A, 0x52, 0x2C,
    0x41, 0x8A, 0x49, 0xAB, 0x5A, 0x2B, 0x62, 0x8C, 0xFF, 0xDF, 0x0F, 0xFF, 0xFF, 0xFE, 0xFF, 0xFE,
    0xFF, 0xFE, 0xFF, 0xFE, 0xFF, 0xFE, 0xFF, 0xFE, 0xFF, 0xFE, 0xFF, 0xFE, 0xFF, 0xFE, 0xFF, 0xFE,
    0xFF, 0xFE, 0xFF, 0xFE, 0xFF, 0xFE, 0xFF, 0xFE, 0xFF, 0xFE, 0xFF, 0xFE, 0xFF, 0xDE, 0xFF, 0xDE,
    0xFF, 0xDE, 0xFF, 0xDE, 0xFF, 0x9E, 0xFF, 0x9E, 0xFF, 0x9E, 0xFF, 0x9E, 0xFF, 0x9D, 0xFF, 0x9D,
    0xFF, 0x9D, 0xFF, 0xBC, 0xFF, 0xBC, 0xFF, 0xBC, 0xFF, 0xBD, 0xFF, 0xBC, 0xFF, 0x9C, 0xFF, 0x7C,
    0xFF, 0x3C, 0xFF, 0x3C, 0xFF, 0x3C, 0xFF, 0x3C, 0xFF, 0x3C, 0xFF, 0x3C, 0xFF, 0x1C, 0xFE, 0xFB,
    0xFE, 0xFB, 0xF6, 0xDA, 0xF6, 0xDA, 0xF6, 0xDA, 0xF6, 0xDA, 0xF6, 0xBA, 0xF6, 0xBA, 0xF6, 0xBA,
    0xF6, 0xBA, 0xF6, 0x9A, 0xF6, 0x9A, 0xF6, 0x9A, 0xF6, 0x79, 0xF6, 0x79, 0xF6, 0x79, 0xF6, 0x79,
    0xF6, 0x59, 0xEE, 0x38, 0xEE, 0x38, 0xEE, 0x18, 0xEE, 0x18, 0xEE, 0x18, 0xE5, 0xFF, 0xF8, 0xE5,
    0xF8, 0xE5, 0xF8, 0xE5, 0xF8, 0xE5, 0xF7, 0xE5, 0xF7, 0xE5, 0xF7, 0xE5, 0xD7, 0xE5, 0xD7, 0xE5,
    0xD7, 0xE5, 0xD7, 0xE5, 0xD7, 0xE5, 0xD7, 0xE5, 0xD7, 0xDD, 0xB6, 0xDD, 0xB6, 0xDD, 0xB7, 0xE5,
    0xB6, 0xE5, 0xB7, 0xE5, 0xD7, 0xED, 0xD7, 0xED, 0xD7, 0xED, 0xD7, 0xED, 0xD7, 0xED, 0xD7, 0xED,
    0xD6, 0xE5, 0x96, 0xE5, 0x96, 0xE5, 0x95, 0xE5, 0x95, 0xE5, 0x95, 0xDD, 0x75, 0xDD, 0x75, 0xDD,
    0x75, 0xDD, 0x55, 0xDD, 0x55, 0xDD, 0x55, 0xDD, 0x55, 0xDD, 0x55, 0xDD, 0x55, 0xDD, 0x55, 0xDD,
    0x75, 0xDD, 0x75, 0xDD, 0x75, 0xD5, 0x76, 0xD5, 0x56, 0xCD, 0x15, 0xC4, 0xF4, 0xCD, 0x15, 0xC4,
    0xF4, 0xC4, 0xD4, 0xBC, 0xB4, 0xBC, 0xB5, 0xBC, 0xB5, 0xBC, 0xB5, 0xBC, 0xB5, 0xBC, 0xB5, 0xBC,
    0xB5, 0xB4, 0x94, 0xB4, 0x74, 0xAC, 0x33, 0xA4, 0x13, 0xA4, 0x13, 0xA4, 0x13, 0xA4, 0xC0, 0x13,
    0xA3, 0xF3, 0xA3, 0xF3, 0xA3, 0xF3, 0x9B, 0xF3, 0x9B, 0xF3, 0x9B, 0xF3, 0x9B, 0xF3, 0x9B, 0xF3,
    0x9B, 0xF3, 0x9B, 0xF3, 0x9B, 0xF3, 0x9B, 0xF3, 0x9B, 0xF3, 0x9B, 0xF3, 0xA3, 0xF3, 0xA3, 0xF3,
    0xA3, 0xF3, 0xA3, 0xF3, 0xA3, 0xF3, 0xA3, 0xF3, 0x9B, 0xF3, 0x9B, 0xF3, 0x9B, 0xF3, 0x9B, 0xF3,
    0x9B, 0xF3, 0x9B, 0xF3, 0x9B, 0xF3, 0x93, 0xF2, 0x93, 0xF2, 0x93, 0xF2, 0x93, 0xD2, 0x93, 0xD2,
    0x2D, 0xFF, 0xCB, 0xFE, 0xFF, 0xFE, 0xFF, 0xFE, 0xFF, 0xFE, 0xFF, 0xFE, 0xFF, 0xFE, 0xFF, 0xFE,
    0xFF, 0xFE, 0xFF, 0xFE, 0xFF, 0xFE, 0xFF, 0xFE, 0xFF, 0xFE, 0xFF, 0xFE, 0xFF, 0xFE, 0xFF, 0xFE,
    0xFF, 0xFE, 0xFF, 0xFE, 0xFF, 0xFE, 0xF7, 0xDD, 0xF7, 0xDD, 0xF7, 0xFD, 0xF7, 0xFD, 0xF7, 0xFE,
    0xFF, 0xFE, 0xFF, 0xFE, 0xFF, 0xFE, 0xFF, 0xBD, 0xE6, 0x99, 0xAC, 0x50, 0x82, 0xCA, 0xAC, 0x0F,
    0xDD, 0x75, 0xFE, 0x38, 0xFE, 0x79, 0xFE, 0x59, 0xFE, 0x19, 0xF5, 0xF8, 0xF5, 0xD7, 0xD4, 0x02,
    0xB3, 0xFF, 0xAF, 0xA3, 0x0D, 0x8B, 0x0D, 0x83, 0x0D, 0x83, 0x0D, 0x83, 0x0D, 0x82, 0xED, 0x82,
    0xED, 0x82, 0xED, 0x7A, 0xCC, 0x7A, 0xCC, 0x7A, 0xCC, 0x7A, 0xCC, 0x7A, 0xCC, 0x7A, 0xCC, 0x7A,
    0xCC, 0x7A, 0xCD, 0x7A, 0xCD, 0x7A, 0xCD, 0x7A, 0xCD, 0x7A, 0xCD, 0x7A, 0xCD, 0x7A, 0xCD, 0x7A,
    0xCC, 0x7A, 0xCC, 0x82, 0xAC, 0x82, 0xAC, 0x82, 0xAC, 0x7A, 0xCC, 0x7A, 0xAD, 0x7A, 0xAD, 0x7A,
    0xAD, 0x7A, 0xAD, 0x82, 0xCD, 0x82, 0xCD, 0x82, 0xCD, 0x83, 0x0E, 0x83, 0x0E, 0x83, 0x0E, 0x93,
    0x6F, 0xFE, 0xBC, 0xAB, 0xD0, 0xB4, 0x11, 0x9B, 0x2E, 0x93, 0x0E, 0x7A, 0x2A, 0x69, 0xA8, 0xA3,
    0x4F, 0x93, 0x0E, 0x92, 0xED, 0x41, 0x26, 0x38, 0xC5, 0x38, 0xC5, 0x39, 0x06, 0x39, 0x06, 0x39,
    0x06, 0x31, 0x27, 0x31, 0x68, 0x31, 0x68, 0x31, 0x68, 0x31, 0x68, 0x31, 0x68, 0x31, 0x68, 0x29,
    0x69, 0x29, 0x83, 0x69, 0x31, 0x49, 0x31, 0x02, 0x49, 0xAE, 0xEB, 0x72, 0xCF, 0x6A, 0x6E, 0x62,
    0xAE, 0x62, 0xAD, 0x62, 0xAD, 0x62, 0xAD, 0x62, 0xAD, 0x62, 0xAD, 0x62, 0xAD, 0x62, 0xAD, 0x62,
    0xAD, 0x62, 0xAD, 0x62, 0xAD, 0x62, 0xAD, 0x62, 0xCD, 0x6A, 0xCE, 0x42, 0x0A, 0x5A, 0x8D, 0x39,
    0x8A, 0x49, 0x8A, 0x51, 0xEB, 0x5A, 0x2A, 0xFF, 0xBE, 0x0F, 0xFF, 0xFF, 0xDE, 0xFF, 0xDE, 0xFF,
    0xDE, 0xFF, 0xDD, 0xFF, 0xDD, 0xFF, 0xDD, 0xFF, 0xFD, 0xFF, 0xFE, 0xFF, 0xFE, 0xFF, 0xFE, 0xFF,
    0xFE, 0xFF, 0xFE, 0xFF, 0xFE, 0xFF, 0xFE, 0xFF, 0xFE, 0xFF, 0xFE, 0xFF, 0xDE, 0xFF, 0xDE, 0xFF,
    0xBE, 0xFF, 0xDE, 0xFF, 0x9E, 0xFF, 0x9E, 0xFF, 0x9E, 0xFF, 0x9E, 0xFF, 0x9D, 0xFF, 0x9D, 0xFF,
    0x9D, 0xFF, 0xDD, 0xFF, 0xBD, 0xFF, 0x9C, 0xFF, 0xBD, 0xFF, 0x9C, 0xFF, 0x7C, 0xFF, 0x5C, 0xFF,
    0x3C, 0xFF, 0x3C, 0xFF, 0x3C, 0xFF, 0x3C, 0xFF, 0x3C, 0xFF, 0x3C, 0xFF, 0x1B, 0xFE, 0xFB, 0xFE,
    0xDB, 0xF6, 0xDA, 0xF6, 0xDA, 0xF6, 0xDA, 0xF6, 0xDA, 0xF6, 0xBA, 0xF6, 0xBA, 0xF6, 0xBA, 0xF6,
    0xBA, 0xF6, 0x9A, 0xF6, 0x9A, 0xF6, 0x9A, 0xF6, 0x79, 0xF6, 0x79, 0xF6, 0x79, 0xF6, 0x79, 0xF6,
    0x59, 0xEE, 0x38, 0xEE, 0x38, 0xEE, 0x18, 0xEE, 0x18, 0xEE, 0x18, 0xE5, 0xFF, 0xF8, 0xE5, 0xF8,
    0xE5, 0xF8, 0xE5, 0xF7, 0xE5, 0xF7, 0xE5, 0xF7, 0xE5, 0xF7, 0xDD, 0xD7, 0xDD, 0xD7, 0xDD, 0xD7,
    0xDD, 0xD7, 0xE5, 0xD7, 0xE5, 0xD7, 0xE5, 0xD7, 0xDD, 0x96, 0xDD, 0xB7, 0xE5, 0xD7, 0xE5, 0xB7,
    0xED, 0xD7, 0xED, 0xF7, 0xED, 0xF7, 0xED, 0xD7, 0xED, 0xD7, 0xED, 0xD7, 0xED, 0xD7, 0xED, 0xD6,
    0xE5, 0x96, 0xE5, 0x96, 0xE5, 0x95, 0xE5, 0x95, 0xE5, 0x95, 0xDD, 0x55, 0xDD, 0x55, 0xDD, 0x55,
    0xDD, 0x35, 0xDD, 0x35, 0xDD, 0x55, 0xD5, 0x55, 0xD5, 0x55, 0xD5, 0x55, 0xD5, 0x55, 0xDD, 0x76,
    0xDD, 0x76, 0xDD, 0x76, 0xD5, 0x76, 0xD5, 0x56, 0xCD, 0x15, 0xC4, 0xF4, 0xCD, 0x15, 0xC4, 0xF5,
    0xC4, 0xD4, 0xBC, 0xB4, 0xBC, 0xB5, 0xBC, 0xB5, 0xBC, 0xB5, 0xBC, 0xB5, 0xBC, 0xB5, 0xBC, 0xB5,
    0xB4, 0x94, 0xB4, 0x74, 0xAC, 0x33, 0xA4, 0x13, 0xA4, 0x13, 0xA4, 0x13, 0xA4, 0xC0, 0x13, 0xA3,
    0xF3, 0xA3, 0xF3, 0xA3, 0xF3, 0x9B, 0xF2, 0x9B, 0xF2, 0x9B, 0xF2, 0x9B, 0xF2, 0x9B, 0xF2, 0x9B,
    0xD2, 0x9B, 0xD2, 0x9B, 0xD2, 0x9B, 0xD2, 0x9B, 0xD2, 0x9B, 0xF3, 0xA3, 0xF3, 0xA3, 0xF3, 0xA3,
    0xF3, 0xA3, 0xF3, 0xA3, 0xF3, 0xA3, 0xF3, 0x9B, 0xF3, 0x9B, 0xF2, 0x9B, 0xF2, 0x9B, 0xF2, 0x9B,
    0xF2, 0x9B, 0xF2, 0x9B, 0xF2, 0x93, 0xD2, 0x93, 0xF2, 0x93, 0xF2, 0x93, 0xD2, 0x93, 0xD2, 0x2D,
    0xFF, 0x8C, 0xFE, 0xFF, 0xFD, 0xFF, 0xFD, 0xFF, 0xFD, 0xFF, 0xFD, 0xFF, 0xFE, 0xFF, 0xFD, 0x0F,
    0xFF, 0xFF, 0xFE, 0xFF, 0xFE, 0xFF, 0xFE, 0xFF, 0xFE, 0xFF, 0xFE, 0xFF, 0xFE, 0xFF, 0xFE, 0xFF,
    0xFE, 0xFF, 0xFE, 0xFF, 0xFE, 0xFF, 0xFE, 0xFF, 0xFE, 0xFF, 0xFE, 0xFF, 0xFE, 0xFF, 0xBD, 0xE6,
    0xFA, 0xCD, 0xD6, 0x94, 0x2F, 0x83, 0x6D, 0x83, 0x6D, 0xAC, 0x71, 0xF6, 0x58, 0xFE, 0xB9, 0xFE,
    0x58, 0xF5, 0x96, 0xF5, 0x75, 0xF5, 0x55, 0xC4, 0x92, 0xA3, 0x8E, 0x8A, 0xEC, 0x93, 0x2D, 0x8B,
    0x0C, 0x83, 0x0C, 0x83, 0x0C, 0x7A, 0xCC, 0x7A, 0xCC, 0x72, 0xCC, 0x72, 0xCC, 0x7A, 0xED, 0x73,
    0x0D, 0x73, 0x0D, 0x7A, 0xCD, 0x7A, 0xCD, 0x7A, 0xCD, 0x7A, 0xCD, 0x7A, 0xCD, 0x7A, 0xCD, 0x7A,
    0xCD, 0x7A, 0xCD, 0x7A, 0xCD, 0x7A, 0xCD, 0x7A, 0xCD, 0x7A, 0xCD, 0x7A, 0xCD, 0x7A, 0xCD, 0x7A,
    0xCE, 0x7A, 0xCE, 0x7A, 0xCE, 0x7A, 0xEE, 0x7A, 0xEE, 0x7A, 0xEE, 0x8A, 0xED, 0x82, 0xCC, 0x7A,
    0xCC, 0x6A, 0xE6, 0x6A, 0xFF, 0x3D, 0xB4, 0x11, 0xA3, 0x2E, 0x9B, 0x2E, 0x9A, 0xED, 0x8A, 0xAC,
    0x92, 0xCC, 0x9B, 0x0E, 0x9B, 0x0E, 0x9B, 0x0E, 0x39, 0x46, 0x39, 0x26, 0x41, 0x07, 0x39, 0x28,
    0x31, 0x07, 0x29, 0x28, 0x31, 0x89, 0x31, 0x49, 0x31, 0x49, 0x31, 0x49, 0x31, 0x49, 0x31, 0x49,
    0x31, 0x49, 0x29, 0x49, 0x29, 0x48, 0x31, 0x49, 0x31, 0x69, 0x52, 0x0C, 0x6A, 0xAF, 0x6A, 0x8E,
    0x62, 0xAE, 0x62, 0xAD, 0x62, 0xAD, 0x62, 0xAD, 0x62, 0xAD, 0x62, 0xAD, 0x62, 0xAD, 0x62, 0xAD,
    0x62, 0xAD, 0x62, 0xAD, 0x62, 0xAD, 0x62, 0xAD, 0x62, 0xAD, 0x62, 0xAD, 0x5A, 0xAD, 0x52, 0x4C,
    0x39, 0xAA, 0x41, 0x8A, 0x5A, 0x2B, 0x62, 0x6A, 0xF7, 0x5C, 0x09, 0xFF, 0x80, 0xDF, 0x03, 0xFF,
    0xFF, 0xDE, 0xFF, 0xDD, 0xFF, 0xDC, 0xFF, 0xDC, 0xFF, 0xDB, 0xFF, 0xDA, 0xFF, 0xDA, 0xFF, 0xD9,
    0xFF, 0xDA, 0xFF, 0xDA, 0xFF, 0xDA, 0xFF, 0xDB, 0xFF, 0xDB, 0xFF, 0xDC, 0xFF, 0xFD, 0xFF, 0xFD,
    0xFF, 0xBD, 0xFF, 0xBE, 0xFF, 0x9E, 0xFF, 0x9F, 0xFF, 0x9F, 0xFF, 0x9D, 0xFF, 0x9D, 0xFF, 0x9D,
    0xFF, 0xBD, 0xFF, 0xBD, 0xFF, 0xDE, 0xFF, 0xFE, 0xFF, 0xDD, 0xFF, 0xBD, 0xFF, 0x9D, 0xFF, 0x7C,
    0xFF, 0x5C, 0xFF, 0x3C, 0xFF, 0x3C, 0xFF, 0x3C, 0xFF, 0x3C, 0xFF, 0x3C, 0xFF, 0x3C, 0xFF, 0x1B,
    0xFF, 0x1B, 0xFE, 0xFB, 0xF6, 0xDA, 0xF6, 0xBA, 0xF6, 0x9A, 0xF6, 0x9A, 0xF6, 0xBA, 0xFE, 0xDA,
    0xF6, 0xBA, 0xF6, 0xBA, 0xF6, 0xBA, 0xF6, 0xBA, 0xF6, 0x9A, 0xEE, 0x79, 0xEE, 0x79, 0xEE, 0x59,
    0xEE, 0x39, 0xEE, 0x39, 0xEE, 0x59, 0xEE, 0x39, 0xEE, 0x38, 0xEE, 0x18, 0xE5, 0xF8, 0xE5, 0xF8,
    0xE5, 0xFF, 0xF8, 0xE5, 0xF7, 0xE5, 0xF7, 0xE5, 0xF7, 0xE5, 0xF7, 0xE5, 0xF7, 0xE5, 0xF7, 0xE5,
    0xF7, 0xE5, 0xD7, 0xE5, 0xD7, 0xE5, 0xD7, 0xE5, 0xB7, 0xDD, 0xB7, 0xDD, 0xB7, 0xDD, 0xB7, 0xDD,
    0xB7, 0xE5, 0xB7, 0xE5, 0xD8, 0xF6, 0x18, 0xEE, 0x17, 0xED, 0xF7, 0xE5, 0xD6, 0xE5, 0xD6, 0xE5,
    0xD6, 0xE5, 0xD6, 0xE5, 0xD6, 0xE5, 0xB6, 0xDD, 0x95, 0xDD, 0x95, 0xDD, 0x95, 0xDD, 0x95, 0xDD,
    0x95, 0xDD, 0x56, 0xD5, 0x56, 0xD5, 0x35, 0xDD, 0x76, 0xDD, 0x56, 0xD5, 0x35, 0xD5, 0x35, 0xD5,
    0x56, 0xD5, 0x56, 0xD5, 0x56, 0xD5, 0x56, 0xD5, 0x56, 0xD5, 0x56, 0xCD, 0x35, 0xC4, 0xF5, 0xC4,
    0xF5, 0xC4, 0xF5, 0xC4, 0xF5, 0xC4, 0xD5, 0xC4, 0xD4, 0xBC, 0xB4, 0xBC, 0xB5, 0xBC, 0xB5, 0xBC,
    0xB5, 0xBC, 0xB5, 0xBC, 0xB5, 0xBC, 0xB5, 0xBC, 0xB5, 0xB4, 0x95, 0xAC, 0x33, 0xA4, 0x13, 0xA4,
    0x13, 0xA4, 0xC2, 0x13, 0xA4, 0x13, 0xA4, 0x13, 0xA4, 0x13, 0xA4, 0x13, 0x9B, 0xF2, 0x9B, 0xF2,
    0x9B, 0xF2, 0x9B, 0xD2, 0x9B, 0xD2, 0x9B, 0xD2, 0x9B, 0xD2, 0xA3, 0xF2, 0xA3, 0xF2, 0xA3, 0xF2,
    0xA3, 0xF2, 0xA3, 0xF2, 0xA3, 0xF2, 0xA3, 0xF2, 0xA4, 0x13, 0xA4, 0x13, 0xA4, 0x13, 0xA4, 0x13,
    0xA4, 0x12, 0xA4, 0x12, 0xA4, 0x12, 0xA4, 0x12, 0xA4, 0x12, 0xA4, 0x12, 0x9B, 0xF2, 0x9B, 0xF3,
    0x9B, 0xF3, 0x9B, 0xD3, 0x9B, 0xD2, 0x2D, 0xFF, 0x8C, 0xFE, 0xFF, 0xFE, 0xFF, 0xFE, 0xFF, 0xFE,
    0xFF, 0xFE, 0xFF, 0xFE, 0xFF, 0xFE, 0x0F, 0xFF, 0xFF, 0xFE, 0xFF, 0xFE, 0xFF, 0xFE, 0xFF, 0xFE,
    0xFF, 0xFE, 0xFF, 0xFE, 0xFF, 0xFE, 0xFF, 0xFE, 0xFF, 0xFE, 0xFF, 0xFE, 0xFF, 0xFE, 0xFF, 0xFE,
    0xFF, 0xFE, 0xFF, 0xDD, 0xFF, 0xBD, 0xFF, 0xBD, 0xFF, 0x9D, 0xFF, 0x9D, 0xFF, 0xFE, 0xFF, 0xBE,
    0xFF, 0x5C, 0xC5, 0x74, 0xA4, 0x2F, 0xA4, 0x0F, 0xAC, 0x30, 0xD5, 0x34, 0xFE, 0x38, 0xFE, 0x9A,
    0xFE, 0x59, 0xF6, 0x59, 0xE5, 0xD7, 0xCC, 0xD3, 0xB3, 0xF0, 0x92, 0xEC, 0x9B, 0x0E, 0x93, 0x0E,
    0x93, 0x2E, 0x8B, 0x0D, 0x83, 0x0D, 0x83, 0x0D, 0x7B, 0x2D, 0x82, 0xED, 0x82, 0xED, 0x82, 0xED,
    0x7A, 0xCD, 0x7A, 0xCD, 0x7A, 0xCD, 0x7A, 0xCD, 0x7A, 0xCC, 0x7A, 0xCC, 0x82, 0xCD, 0x82, 0xCD,
    0x82, 0xCD, 0x7A, 0xCC, 0x7A, 0xCD, 0x7A, 0xCD, 0x7A, 0xCD, 0x7A, 0xCD, 0x7A, 0xEE, 0x7A, 0xEE,
    0x82, 0xCE, 0x82, 0xAC, 0x82, 0xCC, 0x7A, 0xEC, 0x51, 0xE6, 0xA7, 0xEE, 0x7A, 0xBC, 0x52, 0xAB,
    0x4F, 0x9B, 0x0E, 0x9B, 0x0D, 0x9A, 0xED, 0x9A, 0xED, 0x9B, 0x0E, 0x9B, 0x0E, 0x9B, 0x0E, 0x41,
    0x67, 0x30, 0xE5, 0x38, 0xE6, 0x30, 0xE7, 0x31, 0x28, 0x29, 0x49, 0x29, 0x49, 0x31, 0x49, 0x31,
    0x49, 0x31, 0x49, 0x31, 0x49, 0x31, 0x49, 0x31, 0x49, 0x29, 0x49, 0x29, 0x48, 0x31, 0x49, 0x31,
    0x69, 0x52, 0x4D, 0x6A, 0xAF, 0x62, 0x6E, 0x62, 0xAE, 0x62, 0xAD, 0x62, 0xAD, 0x62, 0xAD, 0x62,
    0xAD, 0x62, 0xAD, 0x62, 0xAD, 0x62, 0xAD, 0x62, 0xAD, 0x62, 0xAD, 0x62, 0xAD, 0x62, 0xAD, 0x62,
    0xAD, 0x62, 0xAD, 0x5A, 0xAD, 0x4A, 0x0B, 0x4A, 0x0B, 0x41, 0x8A, 0x52, 0x0A, 0x6A, 0xAB, 0xFF,
    0xBE, 0x07, 0xFF, 0xA1, 0xFE, 0xFF, 0xDD, 0xFF, 0xDC, 0xFF, 0xDB, 0xFF, 0xBA, 0xFF, 0xBA, 0xFF,
    0xB9, 0xFF, 0xB8, 0xFF, 0xB8, 0xFF, 0xB8, 0xFF, 0xB7, 0xFF, 0xB7, 0xFF, 0xB8, 0xFF, 0xB8, 0xFF,
    0xB8, 0xFF, 0x98, 0xF7, 0x58, 0xF6, 0x02, 0xF7, 0xFF, 0x18, 0xFF, 0x7B, 0xFF, 0x9C, 0xFF, 0xBD,
    0xFF, 0x9D, 0xFF, 0x7D, 0xFF, 0x7C, 0xFF, 0x9D, 0xFF, 0x9C, 0xFF, 0x9D, 0xFF, 0xBD, 0xFF, 0xDD,
    0xFF, 0xDD, 0xFF, 0xDD, 0xFF, 0xBD, 0xFF, 0x9D, 0xFF, 0x7C, 0xFF, 0x5C, 0xFF, 0x3C, 0xFF, 0x3C,
    0xFF, 0x3C, 0xFF, 0x3C, 0xFF, 0x3C, 0xFF, 0x3C, 0xFF, 0x1B, 0xFF, 0x1B, 0xFE, 0xFB, 0xF6, 0xDA,
    0xF6, 0xBA, 0xF6, 0x9A, 0xF6, 0x9A, 0xF6, 0xBA, 0xFE, 0xDA, 0xF6, 0xBA, 0xF6, 0xBA, 0xF6, 0xBA,
    0xF6, 0xBA, 0xF6, 0x9A, 0xEE, 0x79, 0xEE, 0x79, 0xEE, 0x59, 0xEE, 0x39, 0xEE, 0x39, 0xEE, 0x59,
    0xEE, 0x39, 0xEE, 0x38, 0xEE, 0x18, 0xE5, 0xF8, 0xE5, 0xF8, 0xE5, 0xF8, 0xE5, 0xF7, 0xE5, 0xF7,
    0xE5, 0xF7, 0xE5, 0xF7, 0xE5, 0xF7, 0xE5, 0xF7, 0xE5, 0xF7, 0xE5, 0xD7, 0xE5, 0xD7, 0xE5, 0xD7,
    0xDD, 0xB7, 0xDD, 0xB6, 0xDD, 0xB6, 0xDD, 0xB6, 0xDD, 0xFF, 0xB6, 0xE5, 0xD7, 0xE5, 0xD7, 0xED,
    0xF7, 0xED, 0xD7, 0xE5, 0xD6, 0xE5, 0xB6, 0xE5, 0xB6, 0xE5, 0xB6, 0xE5, 0xB6, 0xE5, 0xB6, 0xE5,
    0x96, 0xDD, 0x75, 0xDD, 0x75, 0xDD, 0x55, 0xDD, 0x55, 0xDD, 0x55, 0xD5, 0x56, 0xD5, 0x35, 0xD5,
    0x15, 0xD5, 0x35, 0xD5, 0x35, 0xD5, 0x35, 0xD5, 0x35, 0xCD, 0x35, 0xCD, 0x35, 0xCD, 0x35, 0xCD,
    0x35, 0xCD, 0x35, 0xCD, 0x35, 0xCD, 0x15, 0xC4, 0xF5, 0xC4, 0xF5, 0xC4, 0xF5, 0xC4, 0xF5, 0xC4,
    0xD5, 0xC4, 0xD4, 0xBC, 0xB4, 0xBC, 0xB5, 0xBC, 0xB5, 0xBC, 0xB5, 0xBC, 0xB5, 0xBC, 0xB5, 0xBC,
    0xB5, 0xBC, 0xB5, 0xB4, 0x95, 0xAC, 0x33, 0xA4, 0x13, 0xA4, 0x13, 0xA4, 0x13, 0xA4, 0x13, 0xA4,
    0x13, 0xA4, 0x13, 0xA4, 0x13, 0xA4, 0x13, 0xA4, 0x13, 0xA4, 0x13, 0xA4, 0x13, 0xA3, 0xF3, 0xA3,
    0xF3, 0xA3, 0xF3, 0xA4, 0x13, 0xA4, 0x13, 0xA4, 0x13, 0xA4, 0xA4, 0x13, 0xA4, 0x13, 0xA4, 0x13,
    0xA4, 0x13, 0xA4, 0x13, 0xA4, 0x13, 0xA4, 0x13, 0xA4, 0x13, 0xA4, 0x12, 0xA4, 0x12, 0xA4, 0x12,
    0xA4, 0x12, 0xA4, 0x12, 0xA4, 0x12, 0x9B, 0xF2, 0x9B, 0xF3, 0x9B, 0xF3, 0x9B, 0xD3, 0x9B, 0xD2,
    0x2D, 0xFF, 0x8C, 0xFE, 0xFF, 0xFE, 0xFF, 0xFE, 0xFF, 0xFE, 0xFF, 0xFE, 0xFF, 0xFE, 0xFF, 0xFE,
    0x0F, 0xFF, 0xFF, 0xFE, 0xFF, 0xFE, 0xFF, 0xFE, 0xFF, 0xFE, 0xFF, 0xFE, 0xFF, 0xFE, 0xFF, 0xFE,
    0xFF, 0xFE, 0xFF, 0xFE, 0xFF, 0xFE, 0xFF, 0xFE, 0xFF, 0xFE, 0xFF, 0xFE, 0xFF, 0xFE, 0xFF, 0xFE,
    0xFF, 0xFE, 0xFF, 0xFE, 0xFF, 0xFE, 0xFF, 0xFE, 0xFF, 0xDD, 0xF7, 0x7C, 0xFF, 0xDD, 0xFF, 0xFE,
    0xFF, 0xDD, 0xF7, 0x3B, 0xBD, 0x33, 0x9B, 0xEF, 0xA4, 0x30, 0xC5, 0x14, 0xDD, 0xB6, 0xED, 0xF8,
    0xF6, 0x19, 0xED, 0xD7, 0xE5, 0x35, 0xC4, 0x32, 0xAB, 0x90, 0x93, 0x0D, 0x8A, 0xED, 0x8B, 0x0D,
    0x8B, 0x2D, 0x83, 0x2D, 0x8B, 0x0D, 0x8B, 0x0D, 0x8B, 0x0D, 0x82, 0xCC, 0x82, 0xAC, 0x82, 0xCC,
    0x82, 0xCC, 0x82, 0xCC, 0x82, 0xCC, 0x82, 0xCC, 0x82, 0xCC, 0x82, 0xCC, 0x82, 0xCC, 0x7A, 0xCC,
    0x7A, 0xCD, 0x7A, 0xCD, 0x7A, 0xCD, 0x82, 0xED, 0x82, 0xCD, 0x82, 0xED, 0x82, 0xAB, 0x82, 0xCC,
    0x7A, 0xEC, 0x51, 0xA0, 0x87, 0xEE, 0x9B, 0xCC, 0xD5, 0xA3, 0x2E, 0x9B, 0x0E, 0x9B, 0x0E, 0x9B,
    0x0E, 0x9B, 0x0E, 0x9B, 0x0E, 0x9B, 0x0E, 0x9B, 0x2D, 0x51, 0xC9, 0x41, 0x27, 0x41, 0x47, 0x30,
    0xE7, 0x31, 0x48, 0x31, 0x69, 0x02, 0x29, 0xC1, 0x31, 0x49, 0x31, 0x49, 0x31, 0x49, 0x31, 0x49,
    0x31, 0x49, 0x31, 0x49, 0x29, 0x49, 0x29, 0x48, 0x31, 0x49, 0x31, 0x69, 0x5A, 0x6D, 0x6A, 0xAF,
    0x62, 0x4D, 0x62, 0xAE, 0x62, 0xAD, 0x62, 0xAD, 0x62, 0xAD, 0x62, 0xAD, 0x62, 0xAD, 0x62, 0xAD,
    0x62, 0xAD, 0x62, 0xAD, 0x62, 0xAD, 0x62, 0xAD, 0x62, 0xAD, 0x62, 0xAD, 0x62, 0xAD, 0x5A, 0xCD,
    0x41, 0xEA, 0x52, 0x4C, 0x39, 0x69, 0x52, 0x0A, 0x6A, 0xCB, 0x07, 0xFF, 0xFF, 0xFD, 0xFF, 0xFC,
    0xFF, 0xDB, 0xFF, 0xBA, 0xFF, 0xB8, 0xFF, 0xB8, 0xFF, 0x98, 0xFF, 0x97, 0xFF, 0x97, 0xFF, 0x97,
    0xFF, 0x97, 0xFF, 0x96, 0xFF, 0xB5, 0xFF, 0x96, 0xFF, 0x96, 0xFF, 0x97, 0xF7, 0x56, 0xEF, 0x15,
    0xEE, 0x95, 0xEE, 0x95, 0xEE, 0x76, 0xEE, 0x76, 0xF6, 0x77, 0xFE, 0xD9, 0xFE, 0xFA, 0xFF, 0x7C,
    0xFF, 0x7C, 0xFF, 0x9C, 0xFF, 0x9C, 0xFF, 0xBC, 0xFF, 0xBD, 0xFF, 0xDD, 0xFF, 0xDD, 0xFF, 0xBD,
    0xFF, 0x9D, 0xFF, 0x7C, 0xFF, 0x5C, 0xFF, 0x3C, 0xFF, 0x3C, 0xFF, 0x3C, 0xFF, 0x3C, 0xFF, 0x3C,
    0xFF, 0x3C, 0xFF, 0x1B, 0xFF, 0x1B, 0xFE, 0xFB, 0xF6, 0xDA, 0xF6, 0xBA, 0xF6, 0x9A, 0xF6, 0x9A,
    0xF6, 0xBA, 0xFE, 0xDA, 0xF6, 0xBA, 0xF6, 0xBA, 0xF6, 0xBA, 0xF6, 0xBA, 0xF6, 0x9A, 0xEE, 0x79,
    0xEE, 0x79, 0xEE, 0x59, 0xEE, 0x39, 0xEE, 0x39, 0xEE, 0x59, 0xEE, 0x39, 0xEE, 0xFF, 0x38, 0xEE,
    0x18, 0xE5, 0xF8, 0xE5, 0xF8, 0xE5, 0xF8, 0xE5, 0xF7, 0xE5, 0xF7, 0xE5, 0xF7, 0xE5, 0xF7, 0xE5,
    0xF7, 0xE5, 0xF7, 0xE5, 0xF7, 0xE5, 0xD7, 0xE5, 0xD7, 0xE5, 0xD7, 0xDD, 0xB7, 0xDD, 0xB6, 0xDD,
    0xB6, 0xDD, 0xB6, 0xDD, 0xB6, 0xE5, 0xD7, 0xE5, 0xD7, 0xED, 0xF7, 0xE5, 0xD6, 0xE5, 0xB6, 0xDD,
    0x95, 0xDD, 0x95, 0xDD, 0x95, 0xDD, 0x95, 0xE5, 0x96, 0xDD, 0x96, 0xDD, 0x75, 0xD5, 0x55, 0xD5,
    0x55, 0xD5, 0x55, 0xD5, 0x55, 0xD5, 0x36, 0xD5, 0x15, 0xCC, 0xF5, 0xCC, 0xF4, 0xCC, 0xF5, 0xD5,
    0x15, 0xD5, 0x35, 0xCD, 0x35, 0xCD, 0x35, 0xCD, 0x35, 0xCD, 0x35, 0xCD, 0x35, 0xCD, 0x35, 0xCD,
    0x15, 0xC4, 0xF5, 0xC4, 0xF5, 0xC4, 0xF5, 0xC4, 0xF5, 0xC4, 0xD5, 0xC4, 0xD4, 0xBC, 0xB4, 0xBC,
    0xB5, 0xBC, 0xB5, 0xBC, 0xB5, 0xBC, 0xB5, 0xBC, 0xB5, 0xBC, 0xB5, 0xBC, 0xB5, 0xB4, 0xCA, 0x95,
    0xAC, 0x33, 0xA4, 0x13, 0xA4, 0x13, 0xA4, 0x13, 0xA4, 0x13, 0xA4, 0x13, 0xA4, 0x13, 0xA4, 0x13,
    0xA4, 0x33, 0xA4, 0x33, 0xA4, 0x33, 0xA4, 0x13, 0xA4, 0x13, 0xA4, 0x13, 0xA4, 0x13, 0xA4, 0x13,
    0xA4, 0x13, 0xA4, 0x13, 0xA4, 0x13, 0xA4, 0x13, 0xA4, 0x13, 0xA4, 0x13, 0xA4, 0x13, 0xA4, 0x13,
    0xA4, 0x13, 0xA4, 0x13, 0xA4, 0x12, 0xA4, 0x12, 0xA4, 0x12, 0xA4, 0x12, 0xA4, 0x12, 0xA4, 0x12,
    0x9B, 0xF2, 0x9B, 0xF3, 0x9B, 0xF3, 0x9B, 0xD3, 0x9B, 0xD2, 0x3D, 0xFF, 0x80, 0xFE, 0x0B, 0xFF,
    0xC9, 0xFE, 0xFF, 0xFE, 0xFF, 0xFE, 0xFF, 0xFE, 0xFF, 0xFE, 0xFF, 0xFE, 0xFF, 0xFE, 0xFF, 0xFE,
    0xFF, 0xFE, 0xFF, 0xFE, 0xFF, 0xFE, 0xFF, 0xFE, 0xFF, 0xFE, 0xFF, 0xFE, 0xFF, 0xFE, 0xFF, 0xFE,
    0xFF, 0xFE, 0xFF, 0xFE, 0xFF, 0xFE, 0xFF, 0xFE, 0xFF, 0xFE, 0xFF, 0xFE, 0xFF, 0xFE, 0xFF, 0xFE,
    0xFF, 0xFE, 0xFF, 0xFE, 0xFF, 0xDE, 0xFF, 0x3C, 0xDE, 0x17, 0xA4, 0x50, 0x8B, 0x2C, 0xBC, 0x72,
    0xE5, 0x76, 0xF5, 0xF8, 0xED, 0x97, 0xF5, 0xD8, 0xE5, 0x77, 0xC4, 0x02, 0x93, 0xFF, 0x6E, 0x8B,
    0x0D, 0x82, 0xEC, 0x9B, 0x6E, 0x93, 0x4E, 0x8B, 0x0C, 0x82, 0xCC, 0x82, 0xCC, 0x82, 0xCC, 0x82,
    0xCC, 0x82, 0xAB, 0x82, 0xAB, 0x82, 0xAB, 0x8B, 0x0C, 0x8A, 0xEC, 0x82, 0xCB, 0x82, 0xAC, 0x82,
    0xAC, 0x82, 0xCC, 0x82, 0xCC, 0x7A, 0xAC, 0x82, 0xAC, 0x82, 0xAC, 0x82, 0xAC, 0x7A, 0x8B, 0x83,
    0x2D, 0x59, 0xE8, 0xCD, 0x56, 0xE5, 0x97, 0xA3, 0x2E, 0x9B, 0x0E, 0x9B, 0x0E, 0x9B, 0x0E, 0x9B,
    0x0E, 0x9B, 0x0E, 0x9B, 0x0E, 0x9B, 0x0E, 0x62, 0x2A, 0x39, 0x06, 0x39, 0x27, 0x39, 0x48, 0x31,
    0x48, 0x31, 0x49, 0x31, 0x49, 0x31, 0x49, 0x31, 0x49, 0x31, 0x49, 0x31, 0x49, 0x31, 0x49, 0x31,
    0x49, 0x29, 0x69, 0x31, 0x89, 0x29, 0x28, 0x41, 0xCA, 0x62, 0xAE, 0x6A, 0x8E, 0x6A, 0x8E, 0x62,
    0xAE, 0x62, 0xAD, 0x62, 0xAD, 0x62, 0xAD, 0x62, 0xAD, 0x62, 0xAD, 0x62, 0xAD, 0x62, 0xFF, 0xAD,
    0x62, 0xAD, 0x62, 0xAD, 0x62, 0xAD, 0x62, 0xAD, 0x62, 0xAD, 0x62, 0xAD, 0x62, 0xEE, 0x4A, 0x0B,
    0x41, 0xCA, 0x41, 0xAA, 0x5A, 0x4B, 0x5A, 0x49, 0xFF, 0xBD, 0xFF, 0xFE, 0xFF, 0xFD, 0xFF, 0xDB,
    0xF7, 0x79, 0xFF, 0x78, 0xFF, 0x77, 0xFF, 0x97, 0xFF, 0xB7, 0xFF, 0xB7, 0xFF, 0xB7, 0xFF, 0xB7,
    0xFF, 0x96, 0xFF, 0x76, 0xFF, 0x76, 0xFF, 0x95, 0xFF, 0x96, 0xFF, 0x96, 0xFF, 0xD7, 0xFF, 0x97,
    0xF7, 0x16, 0xF6, 0xB5, 0xF6, 0x95, 0xEE, 0x34, 0xE6, 0x14, 0xEE, 0x15, 0xE5, 0xF5, 0xE5, 0xF5,
    0xEE, 0x78, 0xF6, 0xB9, 0xF6, 0xD9, 0xF7, 0x3A, 0xFF, 0xDD, 0xFF, 0xFD, 0xF7, 0x7B, 0xFF, 0xDE,
    0xFF, 0xBD, 0xFF, 0xBD, 0xFF, 0x7D, 0xFF, 0x5C, 0xFF, 0x3C, 0xFF, 0x3C, 0xFF, 0x3C, 0xFF, 0x3C,
    0xFF, 0x3C, 0xFF, 0x1B, 0xFF, 0x1B, 0xFF, 0x1B, 0xFF, 0x1B, 0xFF, 0x1B, 0xFE, 0xFB, 0xFE, 0xFF,
    0xDB, 0xFE, 0xDA, 0xFE, 0xDA, 0xFE, 0xDA, 0xF6, 0xBA, 0xF6, 0xBA, 0xF6, 0xBA, 0xF6, 0xBA, 0xF6,
    0x9A, 0xEE, 0x79, 0xEE, 0x79, 0xEE, 0x59, 0xEE, 0x38, 0xEE, 0x18, 0xEE, 0x18, 0xEE, 0x18, 0xEE,
    0x18, 0xEE, 0x18, 0xEE, 0x18, 0xE5, 0xF8, 0xE5, 0xF7, 0xE5, 0xF7, 0xE5, 0xF7, 0xE5, 0xF7, 0xE5,
    0xD7, 0xE5, 0xD7, 0xDD, 0xD7, 0xDD, 0xB6, 0xE5, 0xD7, 0xE5, 0xD7, 0xE5, 0xF7, 0xE5, 0xF7, 0xED,
    0xF7, 0xED, 0xF7, 0xED, 0xF7, 0xE5, 0xF7, 0xE5, 0xF7, 0xE5, 0xF7, 0xED, 0xD7, 0xE5, 0xD6, 0xE5,
    0xB6, 0xDD, 0x95, 0xDD, 0x75, 0xDD, 0x55, 0xD5, 0x34, 0xDD, 0x76, 0xDD, 0x56, 0xD5, 0x35, 0xD5,
    0x35, 0xD5, 0x35, 0xD5, 0x35, 0xD5, 0x35, 0xD5, 0x36, 0xD5, 0x15, 0xD5, 0x15, 0xCC, 0xF4, 0xCC,
    0xF4, 0xCC, 0xF4, 0xCC, 0xF4, 0xC4, 0xF4, 0xC4, 0xF4, 0xC4, 0xF4, 0xCD, 0x15, 0xCD, 0x15, 0xCD,
    0xEA, 0x15, 0xCD, 0x15, 0xCC, 0xF5, 0xC4, 0xD5, 0xC4, 0xD4, 0xBC, 0xB4, 0xBC, 0xB4, 0xBC, 0xB4,
    0xBC, 0xB4, 0xBC, 0xB5, 0xBC, 0xB5, 0xBC, 0xB5, 0xBC, 0xB5, 0xBC, 0xB5, 0xBC, 0xB5, 0xBC, 0xD6,
    0xB4, 0x74, 0xA4, 0x13, 0xA4, 0x13, 0xA4, 0x13, 0xA4, 0x13, 0xA4, 0x13, 0xA4, 0x33, 0xA4, 0x33,
    0xA4, 0x33, 0xA4, 0x13, 0xA4, 0x13, 0xA4, 0x13, 0xA4, 0x13, 0xA4, 0x13, 0xA4, 0x13, 0xA4, 0x13,
    0xA4, 0x13, 0xA4, 0x13, 0xA4, 0x13, 0xA4, 0x13, 0xA4, 0x13, 0xA4, 0x13, 0xA4, 0x13, 0xAC, 0x34,
    0xAC, 0x34, 0xAC, 0x34, 0xA4, 0x33, 0xA4, 0x13, 0xA4, 0x13, 0xA4, 0x13, 0xA4, 0x12, 0xA4, 0x12,
    0xA4, 0x12, 0x9B, 0xF2, 0x9B, 0xF3, 0x9B, 0xF3, 0x9B, 0xD3, 0x9B, 0xD2, 0x49, 0xFF, 0xAB, 0xFE,
    0xFF, 0xFE, 0xFF, 0xFE, 0xFF, 0xFE, 0xFF, 0xFE, 0xFF, 0xFE, 0xFF, 0xFE, 0xFF, 0xFE, 0xFF, 0xFE,
    0xFF, 0xFE, 0xFF, 0xFE, 0xFF, 0xFE, 0xFF, 0xFE, 0xFF, 0xFE, 0xFF, 0xFE, 0xFF, 0xFE, 0xFF, 0xFE,
    0xFF, 0xFE, 0xFF, 0xFE, 0xFF, 0xFE, 0xFF, 0xFE, 0xF7, 0xFF, 0xF7, 0x0A, 0xFF, 0xFF, 0xBD, 0xFF,
    0xDD, 0xFF, 0xDE, 0xFF, 0xDE, 0xFF, 0x9D, 0xEE, 0xBA, 0xAC, 0x91, 0x8B, 0x6D, 0xAC, 0x71, 0xD5,
    0xB6, 0xEE, 0x39, 0xFE, 0x9A, 0xFE, 0x79, 0xED, 0xF7, 0xD5, 0x34, 0xB4, 0x10, 0xA3, 0x8E, 0xBC,
    0x31, 0xBC, 0x31, 0xBC, 0x31, 0xB4, 0x31, 0xB4, 0x30, 0xB4, 0x30, 0xB4, 0x10, 0xAB, 0xCF, 0xAB,
    0xCF, 0xAB, 0xEF, 0xAB, 0xCF, 0x9B, 0x8F, 0xA3, 0xAF, 0xA3, 0xD0, 0xAB, 0xF0, 0xBC, 0x92, 0xD5,
    0x35, 0xE5, 0xB8, 0xDD, 0x77, 0xCD, 0x76, 0x8B, 0x6E, 0x9B, 0x8F, 0xF6, 0x1A, 0xAB, 0x2F, 0x9B,
    0x0E, 0x9B, 0x0E, 0x9B, 0x0E, 0x9B, 0x0E, 0x9B, 0x0E, 0x9B, 0x0E, 0x9B, 0x0E, 0x62, 0x2A, 0x41,
    0x27, 0x39, 0x47, 0x31, 0x48, 0x31, 0x48, 0x31, 0x49, 0x31, 0x49, 0x31, 0x49, 0x31, 0x49, 0x31,
    0x49, 0x31, 0x49, 0x31, 0x49, 0x31, 0x49, 0x29, 0x49, 0x31, 0x89, 0x31, 0x49, 0x4A, 0xFF, 0x0B,
    0x62, 0xAE, 0x6A, 0x8E, 0x6A, 0x8E, 0x62, 0xAE, 0x62, 0xAD, 0x62, 0xAD, 0x62, 0xAD, 0x62, 0xAD,
    0x62, 0xAD, 0x62, 0xAD, 0x62, 0xAD, 0x62, 0xAD, 0x62, 0xAD, 0x62, 0xAD, 0x62, 0xAD, 0x62, 0xAD,
    0x62, 0xAD, 0x62, 0xCD, 0x4A, 0x2B, 0x41, 0xCA, 0x41, 0xAA, 0x5A, 0x2A, 0x72, 0xCC, 0xFF, 0x9B,
    0xF7, 0x99, 0xF7, 0x78, 0xF7, 0x77, 0xF7, 0x56, 0xFF, 0x56, 0xFF, 0x35, 0xFF, 0x14, 0xFF, 0x14,
    0xFF, 0x15, 0xFF, 0x15, 0xEE, 0xB4, 0xF6, 0xD5, 0xF6, 0xD5, 0xF6, 0xF5, 0xFF, 0x15, 0xFF, 0x16,
    0xFF, 0x16, 0xDE, 0x33, 0xCD, 0x71, 0xDD, 0xF3, 0xEE, 0x74, 0xEE, 0x54, 0xEE, 0x34, 0xE5, 0xF4,
    0xDD, 0xD4, 0xDD, 0x94, 0xD5, 0x94, 0xDD, 0x94, 0xD5, 0x73, 0xCD, 0x52, 0xCD, 0x92, 0xD5, 0xF4,
    0xE6, 0xB7, 0xFF, 0x7A, 0xFF, 0xFE, 0xFF, 0xFE, 0xFF, 0x9C, 0xFF, 0x7C, 0xFF, 0x5C, 0xFF, 0xFF,
    0x3C, 0xFF, 0x3C, 0xFF, 0x3C, 0xFF, 0x3C, 0xFF, 0x3C, 0xFF, 0x1B, 0xFF, 0x1B, 0xFF, 0x1B, 0xFF,
    0x1B, 0xFF, 0x1B, 0xFE, 0xFB, 0xFE, 0xDB, 0xFE, 0xDA, 0xFE, 0xDA, 0xFE, 0xDA, 0xF6, 0xBA, 0xF6,
    0xBA, 0xF6, 0xBA, 0xF6, 0xBA, 0xF6, 0x9A, 0xEE, 0x79, 0xEE, 0x79, 0xEE, 0x59, 0xEE, 0x38, 0xEE,
    0x18, 0xEE, 0x18, 0xEE, 0x18, 0xEE, 0x18, 0xEE, 0x18, 0xEE, 0x18, 0xE5, 0xF8, 0xE5, 0xF7, 0xE5,
    0xF7, 0xE5, 0xF7, 0xE5, 0xF7, 0xE5, 0xD7, 0xE5, 0xD7, 0xE5, 0xD7, 0xE5, 0xF7, 0xEE, 0x18, 0xEE,
    0x18, 0xEE, 0x18, 0xEE, 0x17, 0xEE, 0x17, 0xEE, 0x17, 0xEE, 0x17, 0xE5, 0xF6, 0xE5, 0xF6, 0xE5,
    0xF6, 0xED, 0xF7, 0xED, 0xF7, 0xE5, 0xD6, 0xE5, 0xB6, 0xDD, 0x95, 0xDD, 0x75, 0xDD, 0x55, 0xDD,
    0x56, 0xD5, 0x36, 0xD5, 0x15, 0xD5, 0x15, 0xD5, 0x15, 0xD5, 0x15, 0xD5, 0x15, 0xD5, 0x15, 0xCD,
    0xFF, 0x15, 0xCC, 0xF4, 0xCC, 0xD4, 0xCC, 0xD4, 0xCC, 0xD4, 0xC4, 0xD4, 0xC4, 0xF4, 0xC4, 0xF4,
    0xC4, 0xF4, 0xC4, 0xF4, 0xC4, 0xF4, 0xC4, 0xF4, 0xC4, 0xF4, 0xC4, 0xD5, 0xBC, 0xB4, 0xBC, 0xB4,
    0xBC, 0xB4, 0xBC, 0xB4, 0xBC, 0xB4, 0xBC, 0xB4, 0xBC, 0xB5, 0xBC, 0xB5, 0xBC, 0xB5, 0xBC, 0xB5,
    0xBC, 0xB5, 0xBC, 0xB5, 0xB4, 0x95, 0xAC, 0x33, 0xA4, 0x13, 0xA4, 0x13, 0xA4, 0x13, 0xA4, 0x13,
    0xA4, 0x13, 0xA4, 0x33, 0xA4, 0x33, 0xA4, 0x33, 0xA4, 0x33, 0xA4, 0x33, 0xA4, 0x33, 0xA4, 0x13,
    0xA4, 0x13, 0xA4, 0x13, 0xA4, 0x13, 0xAC, 0x33, 0xAC, 0x33, 0xAC, 0x33, 0xAC, 0x33, 0xAC, 0x33,
    0xAC, 0x33, 0xAC, 0x33, 0xAC, 0x34, 0xAC, 0x34, 0xAC, 0x34, 0xA4, 0x33, 0xA4, 0x13, 0xA4, 0x13,
    0xA4, 0x13, 0xA4, 0x12, 0xA4, 0x12, 0xA4, 0x12, 0x9B, 0xF2, 0x9B, 0xF3, 0x9B, 0xF3, 0x9B, 0xD3,
    0x9B, 0x80, 0xD2, 0x29, 0xFF, 0x80, 0xFE, 0x1F, 0xFF, 0xA9, 0xFE, 0xFF, 0xFE, 0xFF, 0xFE, 0xFF,
    0xFE, 0xFF, 0xFE, 0xFF, 0xFE, 0xFF, 0xFE, 0xFF, 0xFE, 0xFF, 0xFE, 0xFF, 0xFE, 0xFF, 0xFE, 0xFF,
    0xFE, 0xFF, 0xFE, 0xFF, 0xFE, 0xFF, 0xFE, 0xFF, 0xFE, 0xFF, 0xFE, 0xFF, 0xFE, 0xFF, 0xFE, 0xFF,
    0xFE, 0xFF, 0xFE, 0xF7, 0x0C, 0xFF, 0xFF, 0xFE, 0xFF, 0xFE, 0xFF, 0xFE, 0xFF, 0xFE, 0xFF, 0xFE,
    0xF7, 0xDD, 0xFF, 0xFD, 0xF7, 0x9C, 0xC5, 0xD6, 0x9C, 0x50, 0x93, 0x8D, 0xAC, 0x31, 0xD5, 0x34,
    0xED, 0xF7, 0xFE, 0x38, 0xFE, 0x38, 0xFE, 0x38, 0xF5, 0xF7, 0xF5, 0xF7, 0xF5, 0xF7, 0xF5, 0xF7,
    0xED, 0xD7, 0xED, 0xD7, 0xED, 0xD7, 0xED, 0xD7, 0xED, 0xD7, 0xE5, 0x96, 0xE5, 0xD7, 0xED, 0xD8,
    0xE5, 0xB7, 0xDD, 0x96, 0xD5, 0x55, 0xC4, 0x93, 0xAB, 0xF0, 0x8A, 0xCC, 0x7A, 0x8B, 0x62, 0x29,
    0x72, 0xAB, 0x8B, 0x2D, 0xFE, 0x7B, 0xA3, 0x2F, 0x9B, 0x0E, 0x9B, 0x0D, 0x9B, 0x0E, 0x9B, 0x0E,
    0x9B, 0x0E, 0x9B, 0x0E, 0x9B, 0x0E, 0x6A, 0x4B, 0x41, 0x47, 0x39, 0x68, 0x31, 0x68, 0x31, 0x48,
    0x31, 0x49, 0x31, 0x49, 0x31, 0x49, 0x31, 0x49, 0x31, 0x49, 0x31, 0x49, 0x31, 0x49, 0x31, 0x49,
    0x29, 0x49, 0x31, 0x89, 0x31, 0x89, 0x52, 0xFF, 0x2C, 0x62, 0xAE, 0x6A, 0x8E, 0x6A, 0x8E, 0x62,
    0xAE, 0x62, 0xAD, 0x62, 0xAD, 0x62, 0xAD, 0x62, 0xAD, 0x62, 0xAD, 0x62, 0xAD, 0x62, 0xAD, 0x62,
    0xAD, 0x62, 0xAD, 0x62, 0xAD, 0x62, 0xAD, 0x62, 0xAD, 0x62, 0xAD, 0x5A, 0xAC, 0x52, 0x6C, 0x41,
    0xCA, 0x41, 0x89, 0x5A, 0x2B, 0x83, 0x4E, 0xFF, 0x9B, 0xF7, 0x97, 0xF7, 0x96, 0xF7, 0x56, 0xFF,
    0x55, 0xFF, 0x35, 0xF6, 0xF4, 0xF6, 0xD3, 0xF6, 0xF4, 0xF6, 0xD4, 0xF6, 0xD4, 0xFF, 0x37, 0xFF,
    0x17, 0xFE, 0xF7, 0xF6, 0x96, 0xE6, 0x34, 0xE6, 0x34, 0xE6, 0x34, 0xCD, 0x72, 0xBC, 0xF0, 0xCD,
    0x52, 0xD5, 0xB2, 0xD5, 0xB2, 0xD5, 0xD3, 0xD5, 0xB3, 0xCD, 0x73, 0xCD, 0x53, 0xC5, 0x33, 0xCD,
    0x32, 0xCD, 0x31, 0xC5, 0x11, 0xC5, 0x31, 0xAC, 0xCF, 0xA4, 0xAF, 0xAC, 0xF0, 0xCE, 0x37, 0xEF,
    0x1B, 0xFF, 0xBD, 0xFF, 0x5C, 0xFF, 0x5C, 0xFF, 0xFF, 0x5C, 0xFF, 0x3C, 0xFF, 0x3C, 0xFF, 0x3C,
    0xFF, 0x3C, 0xFF, 0x1B, 0xFF, 0x1B, 0xFF, 0x1B, 0xFF, 0x1B, 0xFF, 0x1B, 0xFE, 0xFB, 0xFE, 0xDB,
    0xFE, 0xDA, 0xFE, 0xDA, 0xFE, 0xDA, 0xF6, 0xBA, 0xF6, 0xBA, 0xF6, 0xBA, 0xF6, 0xBA, 0xF6, 0x9A,
    0xEE, 0x79, 0xEE, 0x79, 0xEE, 0x59, 0xEE, 0x38, 0xEE, 0x18, 0xEE, 0x18, 0xEE, 0x18, 0xEE, 0x18,
    0xEE, 0x18, 0xEE, 0x18, 0xE5, 0xF8, 0xE5, 0xF7, 0xE5, 0xF7, 0xE5, 0xF7, 0xE5, 0xF7, 0xE5, 0xD7,
    0xE5, 0xD7, 0xE5, 0xF7, 0xEE, 0x38, 0xEE, 0x38, 0xEE, 0x39, 0xEE, 0x38, 0xEE, 0x38, 0xEE, 0x37,
    0xEE, 0x37, 0xEE, 0x37, 0xEE, 0x16, 0xEE, 0x16, 0xEE, 0x16, 0xEE, 0x17, 0xED, 0xF7, 0xED, 0xF7,
    0xE5, 0xD6, 0xE5, 0xB6, 0xDD, 0x95, 0xDD, 0x75, 0xD5, 0x36, 0xD5, 0x36, 0xD5, 0x15, 0xCC, 0xF5,
    0xCC, 0xF5, 0xCC, 0xF5, 0xCC, 0xF5, 0xCD, 0x15, 0xCC, 0xFF, 0xF4, 0xCC, 0xD4, 0xC4, 0xB4, 0xC4,
    0xB4, 0xC4, 0xB4, 0xC4, 0xD4, 0xC4, 0xD4, 0xC4, 0xD4, 0xC4, 0xD4, 0xC4, 0xF4, 0xC4, 0xF4, 0xC4,
    0xF4, 0xC4, 0xD4, 0xC4, 0xD4, 0xBC, 0x94, 0xBC, 0x93, 0xBC, 0xB4, 0xBC, 0xB4, 0xBC, 0xB4, 0xBC,
    0xB4, 0xBC, 0xB5, 0xBC, 0xB5, 0xBC, 0xB5, 0xBC, 0xB5, 0xBC, 0xB5, 0xBC, 0xB5, 0xAC, 0x54, 0xA4,
    0x13, 0xA4, 0x13, 0xA4, 0x13, 0xA4, 0x13, 0xA4, 0x13, 0xA4, 0x13, 0xA4, 0x33, 0xA4, 0x33, 0xA4,
    0x33, 0xA4, 0x33, 0xA4, 0x33, 0xA4, 0x53, 0xAC, 0x33, 0xAC, 0x33, 0xAC, 0x33, 0xAC, 0x33, 0xAC,
    0x54, 0xAC, 0x34, 0xAC, 0x54, 0xAC, 0x54, 0xAC, 0x54, 0xAC, 0x54, 0xAC, 0x54, 0xAC, 0x34, 0xAC,
    0x34, 0xAC, 0x34, 0xA4, 0x33, 0xA4, 0x13, 0xA4, 0x13, 0xA4, 0x13, 0xA4, 0x12, 0xA4, 0x12, 0xA4,
    0x12, 0x9B, 0xF2, 0x9B, 0xF3, 0x9B, 0xF3, 0x9B, 0xD3, 0x9B, 0x80, 0xD2, 0x49, 0xFF, 0xA8, 0xFE,
    0xFF, 0xFE, 0xFF, 0xFE, 0xFF, 0xFE, 0xFF, 0xFE, 0xFF, 0xFE, 0xFF, 0xFE, 0xFF, 0xFE, 0xFF, 0xFE,
    0xFF, 0xFE, 0xFF, 0xFE, 0xFF, 0xFE, 0xFF, 0xFE, 0xFF, 0xFE, 0xFF, 0xFE, 0xFF, 0xFE, 0xFF, 0xFE,
    0xFF, 0xFE, 0xFF, 0xFE, 0xFF, 0xFE, 0xFF, 0xFE, 0x0D, 0xFF, 0xFF, 0xFE, 0xFF, 0xFE, 0xFF, 0xFE,
    0xF7, 0xFE, 0xF7, 0xFD, 0xF7, 0xFE, 0xEF, 0xFD, 0xFF, 0xFE, 0xFF, 0xFD, 0xFF, 0xFE, 0xFF, 0xDE,
    0xD5, 0xB6, 0xA4, 0x30, 0x9B, 0x8E, 0xCC, 0xB2, 0xED, 0xD7, 0xF6, 0x18, 0xF5, 0xF7, 0xF5, 0xF7,
    0xED, 0xF7, 0xED, 0xF7, 0xED, 0xD7, 0xED, 0xD7, 0xED, 0xD7, 0xDD, 0x55, 0xD5, 0x14, 0xBC, 0x92,
    0xB4, 0x30, 0x93, 0x6E, 0x82, 0xEC, 0x7A, 0x8A, 0x82, 0xEC, 0x9B, 0x8E, 0xAC, 0x30, 0xEE, 0x19,
    0xFE, 0xDB, 0xF6, 0xFC, 0xEE, 0xBB, 0x93, 0xAF, 0xFE, 0x9B, 0xA3, 0x2E, 0x9B, 0x0D, 0x9B, 0x0D,
    0x9B, 0x0D, 0x9B, 0x0D, 0x9B, 0x0D, 0x9B, 0x0D, 0x9B, 0x0D, 0x6A, 0x4B, 0x41, 0x47, 0x41, 0x88,
    0x31, 0x48, 0x31, 0x48, 0x31, 0x49, 0x31, 0x49, 0x31, 0x49, 0x31, 0x49, 0x31, 0x49, 0x31, 0x49,
    0x31, 0x49, 0x31, 0x49, 0x29, 0x48, 0x31, 0x89, 0x39, 0x89, 0x52, 0xFF, 0x4D, 0x62, 0xAE, 0x6A,
    0xAE, 0x6A, 0xAE, 0x62, 0xAE, 0x62, 0xAD, 0x62, 0xAD, 0x62, 0xAD, 0x62, 0xAD, 0x62, 0xAD, 0x62,
    0xAD, 0x62, 0xAD, 0x62, 0xAD, 0x62, 0xAD, 0x62, 0xAD, 0x62, 0xAD, 0x62, 0xAD, 0x62, 0xAD, 0x5A,
    0xAC, 0x52, 0x6D, 0x41, 0xCB, 0x39, 0x89, 0x52, 0x2A, 0x8B, 0xAE, 0xFF, 0xBA, 0xFF, 0xB6, 0xFF,
    0xB6, 0xFF, 0x76, 0xFF, 0x36, 0xFE, 0xF5, 0xF6, 0xB4, 0xF6, 0xB4, 0xF6, 0xD5, 0xF6, 0xD6, 0xF6,
    0xD6, 0xDD, 0xF3, 0xCD, 0x72, 0xC5, 0x11, 0xC5, 0x32, 0xD5, 0x93, 0xD5, 0x93, 0xCD, 0x73, 0xCD,
    0x53, 0xCD, 0x53, 0xC5, 0x12, 0xC5, 0x31, 0xBD, 0x31, 0xC5, 0x52, 0xC5, 0x52, 0xC5, 0x33, 0xC5,
    0x13, 0xBD, 0x13, 0xC5, 0x12, 0xCD, 0x32, 0xCD, 0x73, 0xC5, 0x52, 0xB5, 0x11, 0xAC, 0xF0, 0xA4,
    0xAF, 0x9C, 0x91, 0x9C, 0x91, 0xB5, 0x33, 0xFF, 0x3C, 0xFF, 0x3B, 0xFF, 0xFF, 0x5C, 0xFF, 0x5C,
    0xFF, 0x3B, 0xFF, 0x3C, 0xFF, 0x3C, 0xFF, 0x1B, 0xFF, 0x3C, 0xFF, 0x3C, 0xFF, 0x1B, 0xFF, 0x1B,
    0xFE, 0xFB, 0xFE, 0xDB, 0xF6, 0xDA, 0xF6, 0xDA, 0xF6, 0xDA, 0xF6, 0xBA, 0xF6, 0xBA, 0xF6, 0xBA,
    0xF6, 0xBA, 0xF6, 0x9A, 0xEE, 0x79, 0xEE, 0x79, 0xEE, 0x59, 0xEE, 0x38, 0xEE, 0x18, 0xEE, 0x18,
    0xEE, 0x18, 0xEE, 0x18, 0xEE, 0x18, 0xEE, 0x18, 0xE5, 0xF8, 0xE5, 0xF7, 0xE5, 0xF7, 0xE5, 0xF7,
    0xE5, 0xF7, 0xE5, 0xD7, 0xE5, 0xD7, 0xEE, 0x18, 0xF6, 0x59, 0xF6, 0x59, 0xF6, 0x59, 0xF6, 0x59,
    0xF6, 0x38, 0xF6, 0x37, 0xF6, 0x37, 0xF6, 0x37, 0xEE, 0x16, 0xEE, 0x16, 0xEE, 0x16, 0xF6, 0x18,
    0xEE, 0x18, 0xED, 0xF7, 0xE5, 0xD7, 0xE5, 0xB6, 0xE5, 0x96, 0xDD, 0x75, 0xD5, 0x36, 0xD5, 0x35,
    0xCC, 0xF5, 0xCC, 0xF5, 0xCC, 0xF5, 0xCC, 0xF5, 0xCC, 0xF5, 0xCC, 0xF5, 0xCC, 0xFF, 0xD4, 0xC4,
    0xD4, 0xC4, 0xB4, 0xC4, 0xB4, 0xC4, 0xB4, 0xC4, 0xB4, 0xBC, 0xD4, 0xBC, 0xD4, 0xBC, 0xD4, 0xC4,
    0xD4, 0xC4, 0xD4, 0xC4, 0xD4, 0xBC, 0xD4, 0xBC, 0xB4, 0xBC, 0x94, 0xB4, 0x93, 0xBC, 0xB4, 0xBC,
    0xB4, 0xBC, 0xB4, 0xBC, 0xB4, 0xBC, 0xB5, 0xBC, 0xB5, 0xBC, 0xB5, 0xBC, 0xB5, 0xBC, 0xB5, 0xBC,
    0xB5, 0xAC, 0x53, 0xA3, 0xF2, 0xA4, 0x13, 0xA4, 0x33, 0xA4, 0x12, 0xA4, 0x12, 0xA4, 0x12, 0xA4,
    0x33, 0xA4, 0x33, 0xA4, 0x33, 0xAC, 0x33, 0xAC, 0x33, 0xAC, 0x53, 0xAC, 0x33, 0xAC, 0x33, 0xAC,
    0x33, 0xAC, 0x33, 0xAC, 0x54, 0xAC, 0x54, 0xAC, 0x54, 0xB4, 0x54, 0xB4, 0x54, 0xB4, 0x54, 0xB4,
    0x54, 0xAC, 0x34, 0xAC, 0x34, 0xAC, 0x34, 0xA4, 0x33, 0xA4, 0x13, 0xA4, 0x13, 0xA4, 0x12, 0xA4,
    0x12, 0xA4, 0x12, 0xA3, 0xF2, 0x9B, 0xF2, 0x9B, 0xF2, 0x9B, 0xF2, 0x9B, 0xF2, 0x9B, 0x80, 0xD1,
    0x7F, 0xFF, 0x1C, 0xFF, 0x9C, 0x7E, 0xEE, 0x9B, 0xBC, 0xF4, 0x83, 0x4D, 0x8B, 0x6E, 0x8B, 0xAF,
    0x9C, 0x10, 0xAC, 0xB3, 0xC5, 0x55, 0xDE, 0x18, 0xF7, 0x1C, 0xFF, 0x5D, 0xFF, 0xBF, 0xFF, 0xBF,
    0xFF, 0xDE, 0x09, 0xFF, 0xFF, 0xDE, 0xFF, 0xFE, 0xFF, 0xFE, 0xFF, 0xFE, 0xFF, 0xBD, 0x83, 0x6D,
    0xF6, 0x7A, 0xB3, 0xAF, 0xA3, 0x0D, 0xA3, 0x2D, 0xA3, 0x2D, 0xA3, 0x0D, 0x9B, 0x0D, 0x9B, 0x0D,
    0x9B, 0x0D, 0x59, 0xE9, 0x39, 0x26, 0x41, 0x47, 0x39, 0x48, 0x31, 0x48, 0x31, 0x49, 0x31, 0x49,
    0x31, 0x49, 0x31, 0x49, 0x31, 0x49, 0x31, 0x49, 0x31, 0x49, 0x31, 0x49, 0x39, 0x48, 0x39, 0x88,
    0x39, 0x88, 0x5A, 0x8C, 0x62, 0xAD, 0x62, 0xAD, 0x62, 0xAD, 0x62, 0xAD, 0x62, 0xAD, 0x62, 0xAD,
    0x62, 0xAD, 0x62, 0xAD, 0x62, 0xAD, 0x62, 0xAD, 0x62, 0xAD, 0x62, 0xAD, 0x62, 0xAD, 0x62, 0xAD,
    0x62, 0xAD, 0x62, 0xAD, 0x62, 0xAD, 0x5A, 0x8D, 0x52, 0x2D, 0x39, 0x8B, 0x49, 0xCB, 0x62, 0xAB,
    0x8B, 0xEC, 0xFF, 0x97, 0xFF, 0x97, 0xFF, 0x57, 0xFF, 0x16, 0xFE, 0xD6, 0xFE, 0xD7, 0xF6, 0x55,
    0xE5, 0xF4, 0xDD, 0xD4, 0xDD, 0xFF, 0xD4, 0xD5, 0x94, 0xD5, 0x94, 0xD5, 0x75, 0xD5, 0x55, 0xCD,
    0x34, 0xC5, 0x14, 0xC5, 0x13, 0xC5, 0x13, 0xC5, 0x14, 0xBC, 0xF3, 0xBC, 0xF3, 0xBC, 0xD3, 0xB4,
    0xD2, 0xB4, 0xB2, 0xB4, 0xB2, 0xB4, 0xD2, 0xB4, 0xB2, 0xAC, 0x91, 0xAC, 0xB1, 0xA4, 0xB1, 0xA4,
    0xB1, 0xA4, 0xB0, 0x9C, 0x6F, 0x94, 0x2F, 0x94, 0x0F, 0x94, 0x11, 0xA4, 0x72, 0xA4, 0x72, 0xAC,
    0x50, 0xBC, 0x91, 0xCD, 0x33, 0xD5, 0x94, 0xE6, 0x14, 0xF6, 0xB7, 0xFF, 0x19, 0xFF, 0x39, 0xFF,
    0x7B, 0xFF, 0x7B, 0xFF, 0x5B, 0xFE, 0xFB, 0xFE, 0xFB, 0xFE, 0xFB, 0xEE, 0x99, 0xF6, 0xBA, 0xF6,
    0xDA, 0xF6, 0xBA, 0xFE, 0xBA, 0xFE, 0xBA, 0xF6, 0x9A, 0xF6, 0x79, 0xF6, 0x79, 0xF6, 0x79, 0xEE,
    0x59, 0xEE, 0x39, 0xEE, 0x38, 0xEE, 0x38, 0xEE, 0x38, 0xEE, 0x38, 0xEE, 0x38, 0xE5, 0xF8, 0xE5,
    0xF8, 0xE5, 0xF8, 0xE6, 0x18, 0xEE, 0xD5, 0x18, 0xEE, 0x18, 0xEE, 0x18, 0xED, 0xF7, 0xEE, 0x17,
    0xF6, 0x38, 0xF6, 0x38, 0xF6, 0x38, 0xF6, 0x38, 0xF6, 0x38, 0xF6, 0x17, 0xF6, 0x17, 0xF6, 0x17,
    0xF6, 0x17, 0xF6, 0x17, 0xF6, 0x17, 0xF6, 0x18, 0xED, 0xF8, 0xE5, 0xD7, 0xE5, 0x96, 0xDD, 0x96,
    0xDD, 0x76, 0xDD, 0x55, 0xD5, 0x56, 0xCD, 0x35, 0xCD, 0x15, 0xCD, 0x15, 0xCD, 0x15, 0xCD, 0x15,
    0xCD, 0x15, 0xC4, 0xF5, 0xC4, 0xF5, 0xC4, 0xF5, 0xC4, 0xD5, 0xC4, 0xD5, 0xC4, 0xD5, 0xBC, 0xD4,
    0xBC, 0xD4, 0xBC, 0xD4, 0xBC, 0xD4, 0xBC, 0xD4, 0xBC, 0xD4, 0xBC, 0xD4, 0xBC, 0x07, 0xB4, 0x8D,
    0xBC, 0xB5, 0xBC, 0xB5, 0xBC, 0xB5, 0xBC, 0xB5, 0xBC, 0xB5, 0xBC, 0xB5, 0xBC, 0xB5, 0x03, 0xB4,
    0xD0, 0x94, 0xAC, 0x53, 0xA4, 0x32, 0xA4, 0x32, 0xA4, 0x32, 0xAC, 0x32, 0xAC, 0x53, 0xAC, 0x53,
    0xAC, 0x53, 0xAC, 0x33, 0xAC, 0x13, 0xAC, 0x13, 0xB4, 0x33, 0xB4, 0x33, 0xB4, 0x33, 0xAC, 0x53,
    0xAC, 0x73, 0xAC, 0x74, 0xAC, 0x54, 0xAC, 0x54, 0xAC, 0x54, 0xAC, 0x54, 0xB4, 0x55, 0xB4, 0x34,
    0xB4, 0x34, 0xAC, 0x13, 0xB4, 0x54, 0xAC, 0x34, 0xAC, 0x33, 0xAC, 0x32, 0xBC, 0x51, 0xBC, 0x51,
    0xB4, 0x31, 0xBC, 0x72, 0xC4, 0xF4, 0xCD, 0x35, 0xDD, 0xD7, 0xDD, 0xF7, 0xDD, 0xF7, 0xD5, 0xB6,
    0xCD, 0x75, 0x7F, 0xFF, 0x18, 0xFF, 0x8C, 0xDE, 0xFF, 0xFE, 0xFF, 0xDE, 0xFF, 0xDE, 0xFF, 0xDE,
    0xFF, 0x9E, 0xFF, 0xBE, 0x03, 0xFF, 0x8E, 0xDF, 0xFF, 0xDE, 0xFF, 0xDF, 0xFF, 0xDF, 0xFF, 0x9E,
    0xFF, 0xBE, 0xFF, 0xBE, 0xFF, 0xDE, 0x07, 0xFF, 0xFF, 0xBE, 0xFF, 0xBE, 0xFF, 0xDE, 0xFF, 0xFE,
    0xFF, 0xFE, 0xFF, 0xFE, 0xFF, 0xDD, 0x8B, 0x8D, 0xEE, 0x18, 0xBB, 0xF0, 0xA3, 0x2D, 0xA3, 0x2D,
    0x9B, 0x2D, 0x9B, 0x2D, 0x9B, 0x0D, 0x9B, 0x0D, 0x9B, 0x0D, 0x51, 0xC9, 0x41, 0x27, 0x41, 0x47,
    0x39, 0x48, 0x31, 0x48, 0x31, 0x49, 0x31, 0x49, 0x31, 0x49, 0x31, 0x49, 0x31, 0x49, 0x31, 0x49,
    0x31, 0x49, 0x31, 0x49, 0x39, 0x69, 0x41, 0x89, 0x41, 0x89, 0x62, 0xAD, 0x62, 0xAD, 0x62, 0xAD,
    0x62, 0xAD, 0x62, 0xAD, 0x62, 0xAD, 0x62, 0xAD, 0x62, 0xAD, 0x62, 0xAD, 0x62, 0xAD, 0x62, 0xAD,
    0x62, 0xAD, 0x62, 0xAD, 0x62, 0xAD, 0x62, 0xAD, 0x62, 0xAD, 0x62, 0xAD, 0x62, 0xAD, 0x5A, 0x8D,
    0x52, 0x2D, 0x39, 0x8B, 0x49, 0xCB, 0x62, 0xAB, 0xA4, 0x8E, 0xFF, 0x77, 0xFF, 0x97, 0xFF, 0x57,
    0xFF, 0x16, 0xFE, 0xD6, 0xFE, 0x96, 0xF6, 0x55, 0xEE, 0xFF, 0x15, 0xDD, 0xD3, 0xD5, 0x73, 0xCD,
    0x53, 0xD5, 0x94, 0xD5, 0x75, 0xD5, 0x55, 0xC5, 0x14, 0xBC, 0xD2, 0xB4, 0xB2, 0xB4, 0xB2, 0xB4,
    0xB2, 0xB4, 0xB2, 0xAC, 0x91, 0xB4, 0x92, 0xAC, 0x91, 0xAC, 0x71, 0xAC, 0x71, 0xAC, 0x71, 0xAC,
    0x71, 0xA4, 0x50, 0xA4, 0x70, 0x9C, 0x70, 0x9C, 0x70, 0x9C, 0x50, 0x8B, 0xEE, 0x8B, 0xEE, 0x8B,
    0xEE, 0x8C, 0x12, 0x9C, 0x73, 0x9C, 0x72, 0x9C, 0x31, 0xA4, 0x51, 0xAC, 0x92, 0xBC, 0xD1, 0xCD,
    0x10, 0xD5, 0x51, 0xD5, 0x51, 0xE5, 0xB3, 0xEE, 0x14, 0xF6, 0x34, 0xF6, 0x97, 0xFE, 0xFA, 0xFF,
    0x1A, 0xFF, 0x3B, 0xFF, 0x3B, 0xFF, 0x1A, 0xFE, 0xFA, 0xFE, 0xB9, 0xFE, 0xB9, 0xFE, 0xB9, 0xFE,
    0x99, 0xF6, 0x78, 0xF6, 0x78, 0xF6, 0x78, 0xF6, 0x59, 0xEE, 0x39, 0xEE, 0x38, 0xEE, 0x38, 0xEE,
    0x38, 0xEE, 0x38, 0xEE, 0x38, 0xE5, 0xF8, 0xE5, 0xF8, 0xE5, 0xD9, 0xF8, 0xEE, 0x18, 0xEE, 0x38,
    0xEE, 0x59, 0xF6, 0x38, 0xF6, 0x18, 0xF6, 0x38, 0xF6, 0x38, 0xF6, 0x38, 0xF6, 0x38, 0xF6, 0x38,
    0xF6, 0x38, 0xF6, 0x17, 0xF6, 0x17, 0xF6, 0x17, 0xF6, 0x17, 0xF6, 0x17, 0xF6, 0x17, 0xF6, 0x18,
    0xED, 0xF7, 0xE5, 0xB7, 0xE5, 0x96, 0xDD, 0x96, 0xDD, 0x76, 0xDD, 0x55, 0xD5, 0x56, 0xCD, 0x35,
    0xCD, 0x15, 0xCD, 0x15, 0xCD, 0x15, 0xCD, 0x15, 0xCD, 0x15, 0xC4, 0xF5, 0xC4, 0xF5, 0xC4, 0xF5,
    0xC4, 0xD5, 0xC4, 0xD5, 0xC4, 0xD5, 0xBC, 0xD4, 0xBC, 0xD4, 0xBC, 0xD4, 0xBC, 0xD4, 0xBC, 0xD4,
    0xBC, 0xD4, 0xBC, 0xD4, 0xBC, 0x07, 0xB4, 0x8C, 0xBC, 0xB5, 0xBC, 0xB5, 0xBC, 0xB5, 0xBC, 0xB5,
    0xBC, 0xB5, 0xBC, 0xB5, 0xBC, 0x02, 0xB4, 0xD2, 0x94, 0xB4, 0x73, 0xAC, 0x33, 0xA4, 0x32, 0xA4,
    0x32, 0xA4, 0x32, 0xAC, 0x32, 0xAC, 0x53, 0xAC, 0x53, 0xAC, 0x53, 0xAC, 0x33, 0xB4, 0x33, 0xB4,
    0x33, 0xB4, 0x53, 0xB4, 0x53, 0xB4, 0x53, 0xB4, 0x54, 0xAC, 0x94, 0xAC, 0x94, 0xAC, 0x75, 0xAC,
    0x74, 0xAC, 0x74, 0xAC, 0x74, 0xB4, 0x74, 0xB4, 0x53, 0xB4, 0x32, 0xB4, 0x32, 0xAC, 0x11, 0xC4,
    0xB2, 0xD5, 0x34, 0xE5, 0x73, 0xED, 0x72, 0xED, 0x92, 0xE5, 0x94, 0xE5, 0xB5, 0xDD, 0xB5, 0xBC,
    0xD2, 0xAC, 0x51, 0xA4, 0x50, 0x9C, 0x0F, 0x93, 0xCE, 0x8B, 0x6D, 0x7F, 0xFF, 0x16, 0xFF, 0x86,
    0xDE, 0xFF, 0xDE, 0xFF, 0xFE, 0xFF, 0xDE, 0x0D, 0xFF, 0x80, 0xFE, 0x04, 0xFF, 0x83, 0xF7, 0xDE,
    0xFF, 0xFE, 0x03, 0xFF, 0x8A, 0xDE, 0xFF, 0xBE, 0xFF, 0xDE, 0xFF, 0xBE, 0xFF, 0xBE, 0xFF, 0xDF,
    0x03, 0xFF, 0xFF, 0xFE, 0xFF, 0xFE, 0xFF, 0xFE, 0xFF, 0xDE, 0x8B, 0xAE, 0xDD, 0x96, 0xC4, 0x31,
    0x9B, 0x2D, 0x9B, 0x2E, 0x9B, 0x2D, 0x9B, 0x2D, 0x9B, 0x2D, 0x9B, 0x0D, 0x9B, 0x2E, 0x49, 0xA8,
    0x41, 0x47, 0x41, 0x68, 0x39, 0x48, 0x31, 0x48, 0x31, 0x49, 0x31, 0x49, 0x31, 0x49, 0x31, 0x49,
    0x31, 0x49, 0x31, 0x49, 0x31, 0x49, 0x31, 0x49, 0x39, 0x69, 0x41, 0xA9, 0x41, 0xA9, 0x62, 0xAD,
    0x62, 0xAD, 0x62, 0xAD, 0x62, 0xAD, 0x62, 0xAD, 0x62, 0xAD, 0x62, 0xAD, 0x62, 0xAD, 0x62, 0xAD,
    0x62, 0xAD, 0x62, 0xAD, 0x62, 0xAD, 0x62, 0xAD, 0x62, 0xAD, 0x62, 0xAD, 0x62, 0xAD, 0x62, 0xAD,
    0x62, 0xAD, 0x5A, 0x8D, 0x52, 0x2D, 0x39, 0x8B, 0x49, 0xEC, 0x62, 0xAB, 0xAC, 0xF0, 0xF7, 0x57,
    0xFF, 0x97, 0xFF, 0x57, 0xFF, 0x16, 0xFE, 0xD6, 0xF6, 0x75, 0xF6, 0x76, 0xF6, 0x76, 0xE6, 0x14,
    0xD5, 0x73, 0xD5, 0xFF, 0x73, 0xD5, 0x94, 0xD5, 0x75, 0xD5, 0x55, 0xCD, 0x34, 0xBC, 0xF3, 0xB4,
    0xB2, 0xB4, 0x91, 0xAC, 0x71, 0xAC, 0x51, 0xA4, 0x30, 0xAC, 0x71, 0xA4, 0x51, 0xA4, 0x30, 0xA4,
    0x30, 0xA4, 0x50, 0xA4, 0x30, 0x9C, 0x10, 0x9C, 0x30, 0x9C, 0x30, 0x9C, 0x30, 0x94, 0x0F, 0x8B,
    0xEE, 0x93, 0xEF, 0x93, 0xEF, 0x84, 0x12, 0x94, 0x73, 0x94, 0x73, 0x94, 0x73, 0x94, 0x53, 0x94,
    0x32, 0x9C, 0x51, 0xB4, 0x90, 0xC5, 0x11, 0xD5, 0x52, 0xCD, 0x11, 0xD5, 0x10, 0xD5, 0x10, 0xD5,
    0x32, 0xDD, 0x94, 0xDD, 0xB5, 0xE5, 0xF5, 0xEE, 0x36, 0xF6, 0x78, 0xFE, 0xD9, 0xFE, 0xB8, 0xFE,
    0x99, 0xFE, 0x99, 0xFE, 0x98, 0xFE, 0x78, 0xFE, 0x78, 0xFE, 0x78, 0xF6, 0x59, 0xEE, 0x39, 0xEE,
    0x38, 0xEE, 0x38, 0xEE, 0x38, 0xEE, 0x38, 0xEE, 0x38, 0xE5, 0xF8, 0xE5, 0xF8, 0xE5, 0xF8, 0xEE,
    0x38, 0xEE, 0x39, 0xEE, 0xD3, 0x59, 0xF6, 0x59, 0xF6, 0x58, 0xF6, 0x58, 0xF6, 0x38, 0xF6, 0x38,
    0xF6, 0x38, 0xF6, 0x38, 0xF6, 0x38, 0xF6, 0x17, 0xF6, 0x17, 0xF6, 0x17, 0xF6, 0x17, 0xF6, 0x17,
    0xF6, 0x17, 0xED, 0xF8, 0xED, 0xD7, 0xE5, 0xB7, 0xDD, 0x96, 0xDD, 0x96, 0xDD, 0x76, 0xDD, 0x55,
    0xD5, 0x56, 0xCD, 0x35, 0xCD, 0x15, 0xCD, 0x15, 0xCD, 0x15, 0xCD, 0x15, 0xCD, 0x15, 0xC4, 0xF5,
    0xC4, 0xF5, 0xC4, 0xF5, 0xC4, 0xD5, 0xC4, 0xD5, 0xC4, 0xD5, 0xBC, 0xD4, 0xBC, 0xD4, 0xBC, 0xD4,
    0xBC, 0xD4, 0xBC, 0xD4, 0xBC, 0xD4, 0xBC, 0xD4, 0xBC, 0x07, 0xB4, 0x8B, 0xBC, 0xB5, 0xBC, 0xB5,
    0xBC, 0xB5, 0xBC, 0xB5, 0xBC, 0xB5, 0xBC, 0xB5, 0x03, 0xB4, 0xA8, 0x94, 0xAC, 0x73, 0xA4, 0x32,
    0xA4, 0x32, 0xA4, 0x32, 0xA4, 0x32, 0xAC, 0x32, 0xAC, 0x53, 0xAC, 0x53, 0xAC, 0x53, 0xB4, 0x53,
    0xB4, 0x53, 0xB4, 0x53, 0xB4, 0x74, 0xB4, 0x74, 0xB4, 0x74, 0xB4, 0x74, 0xB4, 0x95, 0xB4, 0x95,
    0xB4, 0x94, 0xB4, 0x94, 0x05, 0xB4, 0xA4, 0x73, 0xB4, 0x51, 0xBC, 0xD2, 0xCC, 0xF2, 0xD5, 0x32,
    0xE5, 0x92, 0xED, 0xD3, 0xF5, 0xD2, 0xF5, 0xB2, 0xF5, 0xB3, 0xED, 0xB4, 0xD5, 0x53, 0xB4, 0x70,
    0x93, 0xAE, 0x8B, 0x8D, 0x83, 0x2D, 0x83, 0x2C, 0x8B, 0x8D, 0x8B, 0x8D, 0x7F, 0xFF, 0x29, 0xFF,
    0x8A, 0xF7, 0xFE, 0xF7, 0xFE, 0xF7, 0xFE, 0xF7, 0xFF, 0xF7, 0xFF, 0xF7, 0x10, 0xFF, 0xFF, 0xFE,
    0xFF, 0xFE, 0xFF, 0xFE, 0xFF, 0xFE, 0xAC, 0x91, 0xAC, 0x10, 0xCC, 0x52, 0x92, 0xED, 0x9B, 0x4E,
    0x93, 0x2E, 0x93, 0x0D, 0x93, 0x0D, 0x8A, 0xCC, 0x82, 0xAC, 0x41, 0x26, 0x41, 0x47, 0x41, 0x47,
    0x39, 0x48, 0x39, 0x48, 0x31, 0x69, 0x31, 0x69, 0x31, 0x49, 0x31, 0x49, 0x31, 0x49, 0x31, 0x49,
    0x31, 0x69, 0x39, 0x8A, 0x41, 0x89, 0x39, 0x88, 0x49, 0xEA, 0x6A, 0xCE, 0x62, 0xAD, 0x62, 0xAD,
    0x62, 0xAD, 0x62, 0xCD, 0x6A, 0xEE, 0x5A, 0x6C, 0x6A, 0xEE, 0x62, 0xAD, 0x62, 0xAD, 0x62, 0xAD,
    0x62, 0xAD, 0x62, 0xAD, 0x62, 0xAD, 0x62, 0xAD, 0x62, 0xAD, 0x62, 0xAD, 0x62, 0xAD, 0x62, 0xCE,
    0x4A, 0x0C, 0x39, 0x6B, 0x49, 0xEC, 0x62, 0x8A, 0xB5, 0x11, 0xFF, 0x97, 0xFF, 0x77, 0xFF, 0x56,
    0xFF, 0x37, 0xF6, 0x95, 0xF6, 0x75, 0xF6, 0x55, 0xEE, 0x15, 0xDD, 0xF4, 0xD5, 0x93, 0xD5, 0xFF,
    0x73, 0xD5, 0x74, 0xC5, 0x13, 0xBC, 0xB2, 0xB4, 0x92, 0xAC, 0x91, 0xAC, 0x71, 0xAC, 0x51, 0xA4,
    0x30, 0xA4, 0x30, 0x9C, 0x0F, 0xA4, 0x30, 0xA4, 0x30, 0xA4, 0x30, 0xA4, 0x30, 0x9C, 0x0F, 0x9B,
    0xEF, 0x93, 0xCF, 0x8B, 0xCF, 0x8B, 0xCF, 0x8B, 0xCF, 0x8B, 0xEF, 0x8B, 0xEF, 0x8B, 0xCF, 0x8B,
    0xAF, 0x84, 0x12, 0x8C, 0x32, 0x8C, 0x53, 0x94, 0x74, 0x8C, 0x74, 0x8C, 0x74, 0x8C, 0x53, 0x8C,
    0x32, 0x8C, 0x32, 0x8C, 0x31, 0x9C, 0x72, 0x9C, 0x71, 0xA4, 0x71, 0xA4, 0x51, 0xAC, 0x70, 0xB4,
    0xB1, 0xBC, 0xD2, 0xBC, 0xF2, 0xC5, 0x33, 0xCD, 0x94, 0xEE, 0x58, 0xF6, 0x78, 0xFE, 0xB9, 0xFE,
    0xFA, 0xFE, 0xB9, 0xF6, 0x78, 0xF6, 0x58, 0xEE, 0x38, 0xEE, 0x38, 0xEE, 0x59, 0xEE, 0x38, 0xEE,
    0x38, 0xEE, 0x38, 0xEE, 0x38, 0xEE, 0x18, 0xE5, 0xF8, 0xE5, 0xF7, 0xE5, 0xF8, 0xF6, 0x59, 0xF6,
    0xD3, 0x79, 0xF6, 0x38, 0xF6, 0x58, 0xF6, 0x58, 0xF6, 0x58, 0xF6, 0x38, 0xF6, 0x38, 0xF6, 0x38,
    0xF6, 0x38, 0xF6, 0x17, 0xF6, 0x17, 0xF6, 0x17, 0xF6, 0x17, 0xF6, 0x17, 0xED, 0xF6, 0xED, 0xD7,
    0xE5, 0xD7, 0xE5, 0xB7, 0xDD, 0x96, 0xDD, 0x76, 0xDD, 0x76, 0xDD, 0x76, 0xD5, 0x56, 0xD5, 0x56,
    0xCD, 0x35, 0xCD, 0x15, 0xCD, 0x15, 0xCD, 0x15, 0xCD, 0x15, 0xC4, 0xF5, 0xC4, 0xF5, 0xC4, 0xF5,
    0xC4, 0xD5, 0xC4, 0xD5, 0xC4, 0xD5, 0xBC, 0xD4, 0xBC, 0xD4, 0xBC, 0xD4, 0xBC, 0xD4, 0xBC, 0xD4,
    0xBC, 0xD4, 0xBC, 0xD4, 0xBC, 0x14, 0xB4, 0xD4, 0x94, 0xB4, 0x73, 0xAC, 0x53, 0xAC, 0x33, 0xAC,
    0x53, 0xAC, 0x53, 0xAC, 0x53, 0xAC, 0x53, 0xAC, 0x53, 0xAC, 0x53, 0xAC, 0x53, 0xB4, 0x53, 0xB4,
    0x53, 0xB4, 0x53, 0xBC, 0x94, 0xBC, 0x94, 0xBC, 0x94, 0xBC, 0x94, 0xBC, 0x94, 0xB4, 0x73, 0xB4,
    0x51, 0xB4, 0x71, 0xBC, 0xB1, 0xC4, 0xF2, 0xCD, 0x12, 0xDD, 0x52, 0xED, 0xD3, 0xF5, 0xF3, 0xED,
    0xD2, 0xF5, 0xB0, 0xF5, 0xB0, 0xF5, 0xB2, 0xF5, 0x94, 0xDC, 0xD2, 0xAB, 0xCF, 0xA3, 0xAF, 0x93,
    0x90, 0x8B, 0x6F, 0x83, 0x4D, 0x83, 0x4D, 0x83, 0x4D, 0x7B, 0x2D, 0x7B, 0x4D, 0x7F, 0xFF, 0x44,
    0xFF, 0xFF, 0xFE, 0xFF, 0xFE, 0xFF, 0xFE, 0xFF, 0xDD, 0xC5, 0x75, 0xAB, 0xCF, 0xDC, 0xD4, 0xA3,
    0xB0, 0x8A, 0xED, 0x59, 0xA8, 0x59, 0x67, 0x59, 0x87, 0x59, 0x88, 0x59, 0xA8, 0x51, 0xC9, 0x51,
    0xC9, 0x41, 0x88, 0x39, 0x48, 0x39, 0x48, 0x31, 0x69, 0x31, 0x69, 0x31, 0x49, 0x31, 0x49, 0x31,
    0x49, 0x31, 0x49, 0x31, 0x69, 0x39, 0x8A, 0x41, 0x89, 0x39, 0x88, 0x49, 0xEA, 0x6A, 0xCE, 0x62,
    0xAD, 0x62, 0xAD, 0x62, 0xAD, 0x73, 0x0F, 0x5A, 0x6C, 0x52, 0x2B, 0x6A, 0xCE, 0x62, 0xAD, 0x62,
    0xAD, 0x62, 0xAD, 0x62, 0xAD, 0x62, 0xAD, 0x62, 0xAD, 0x62, 0xAD, 0x62, 0xAD, 0x62, 0xAD, 0x62,
    0xAD, 0x62, 0xCD, 0x41, 0xCB, 0x41, 0xAB, 0x49, 0xEC, 0x62, 0xAB, 0xC5, 0xB3, 0xFF, 0x97, 0xFF,
    0xB8, 0xFF, 0x97, 0xFF, 0x58, 0xFE, 0xF7, 0xF6, 0x75, 0xE5, 0xD3, 0xDD, 0xB3, 0xD5, 0xB3, 0xCD,
    0x73, 0xCD, 0xFF, 0x32, 0xC4, 0xF2, 0xBC, 0x92, 0xB4, 0x71, 0xAC, 0x51, 0xAC, 0x71, 0xAC, 0x50,
    0xA4, 0x50, 0xA4, 0x30, 0xA4, 0x0F, 0x9B, 0xEF, 0x9C, 0x0F, 0x9C, 0x0F, 0x9C, 0x0F, 0x9C, 0x0F,
    0x9B, 0xEF, 0x93, 0xCE, 0x93, 0xCF, 0x8B, 0xAF, 0x8B, 0xCF, 0x8B, 0xCF, 0x8B, 0xD0, 0x8B, 0xAF,
    0x83, 0xAF, 0x83, 0x8F, 0x83, 0xD0, 0x8B, 0xF1, 0x8C, 0x12, 0x83, 0xF2, 0x84, 0x13, 0x7C, 0x13,
    0x84, 0x34, 0x84, 0x34, 0x84, 0x34, 0x84, 0x34, 0x84, 0x33, 0x84, 0x33, 0x84, 0x33, 0x83, 0xF1,
    0x8B, 0xCF, 0x8B, 0xEF, 0x93, 0xF0, 0x9C, 0x71, 0xA4, 0x92, 0xAC, 0xD3, 0xB4, 0xD3, 0xC5, 0x34,
    0xD5, 0xB6, 0xE6, 0x59, 0xEE, 0x9A, 0xF6, 0xDA, 0xF6, 0xDB, 0xF6, 0x79, 0xEE, 0x39, 0xEE, 0x18,
    0xEE, 0x18, 0xEE, 0x38, 0xEE, 0x38, 0xEE, 0x38, 0xEE, 0x18, 0xE5, 0xF8, 0xE5, 0xF7, 0xE5, 0xF8,
    0xF6, 0x59, 0xF6, 0xD3, 0x79, 0xF6, 0x38, 0xF6, 0x58, 0xF6, 0x58, 0xF6, 0x58, 0xF6, 0x38, 0xF6,
    0x38, 0xF6, 0x38, 0xF6, 0x38, 0xF6, 0x17, 0xF6, 0x17, 0xF6, 0x17, 0xF6, 0x17, 0xED, 0xF6, 0xED,
    0xD6, 0xED, 0xD7, 0xE5, 0xB7, 0xE5, 0x96, 0xDD, 0x96, 0xDD, 0x76, 0xDD, 0x76, 0xDD, 0x76, 0xD5,
    0x56, 0xD5, 0x56, 0xCD, 0x35, 0xCD, 0x15, 0xCD, 0x15, 0xCD, 0x15, 0xCD, 0x15, 0xC4, 0xF5, 0xC4,
    0xF5, 0xC4, 0xF5, 0xC4, 0xD5, 0xC4, 0xD5, 0xC4, 0xD5, 0xBC, 0xD4, 0xBC, 0xD4, 0xBC, 0xD4, 0xBC,
    0xD4, 0xBC, 0xD4, 0xBC, 0xD4, 0xBC, 0xD4, 0xBC, 0x14, 0xB4, 0xD4, 0x94, 0xB4, 0x94, 0xAC, 0x73,
    0xAC, 0x53, 0xAC, 0x53, 0xAC, 0x53, 0xAC, 0x53, 0xAC, 0x53, 0xAC, 0x53, 0xAC, 0x53, 0xAC, 0x53,
    0xB4, 0x53, 0xB4, 0x53, 0xB4, 0x53, 0xBC, 0x94, 0xBC, 0x94, 0xBC, 0x73, 0xBC, 0x73, 0xCC, 0x92,
    0xCC, 0x92, 0xCC, 0xD2, 0xDD, 0x32, 0xE5, 0x73, 0xF6, 0x14, 0xFE, 0x34, 0xFD, 0xF4, 0xF5, 0xD3,
    0xF5, 0xD2, 0xF5, 0xD2, 0xFD, 0xF1, 0xF5, 0xD0, 0xED, 0xB2, 0xCC, 0x92, 0xA3, 0xCF, 0x9B, 0x8F,
    0x93, 0xAF, 0x8B, 0x8F, 0x83, 0x4F, 0x83, 0x4E, 0x83, 0x4E, 0x7B, 0x6E, 0x83, 0x6E, 0x83, 0x8E,
    0x0F, 0xFF, 0x80, 0xFE, 0x7F, 0xFF, 0x34, 0xFF, 0xFF, 0xFE, 0xFF, 0xFE, 0xFF, 0xFE, 0xFF, 0xBD,
    0xE6, 0x99, 0xA3, 0xAE, 0xE5, 0x15, 0x72, 0x2A, 0x61, 0xC9, 0x82, 0xCD, 0x9B, 0x90, 0x93, 0x6F,
    0x93, 0x4F, 0x93, 0x4F, 0x93, 0xB0, 0x7B, 0x0E, 0x51, 0xEA, 0x39, 0x48, 0x39, 0x48, 0x31, 0x69,
    0x31, 0x69, 0x31, 0x49, 0x31, 0x49, 0x31, 0x49, 0x31, 0x49, 0x31, 0x69, 0x39, 0x8A, 0x41, 0x89,
    0x39, 0x88, 0x49, 0xEA, 0x6A, 0xCE, 0x62, 0xAD, 0x62, 0xAD, 0x62, 0xAD, 0x5A, 0x6C, 0x49, 0xEA,
    0x5A, 0x6C, 0x62, 0xCD, 0x62, 0xAD, 0x62, 0xAD, 0x62, 0xAD, 0x62, 0xAD, 0x62, 0xAD, 0x62, 0xAD,
    0x62, 0xAD, 0x62, 0xAD, 0x62, 0xAD, 0x62, 0xAD, 0x62, 0xCD, 0x39, 0x8A, 0x49, 0xCC, 0x52, 0x0C,
    0x6A, 0xCB, 0xDE, 0x56, 0xF7, 0x56, 0xFF, 0x77, 0xFF, 0x56, 0xFF, 0x16, 0xFF, 0x17, 0xEE, 0x34,
    0xDD, 0x92, 0xDD, 0x72, 0xCD, 0x72, 0xC5, 0x11, 0xC4, 0xFF, 0xF1, 0xBC, 0xB1, 0xB4, 0x91, 0xB4,
    0x71, 0xAC, 0x51, 0xAC, 0x50, 0xA4, 0x30, 0xA4, 0x30, 0xA4, 0x0F, 0x9B, 0xEF, 0x9B, 0xCE, 0x9B,
    0xEF, 0x9B, 0xEF, 0x9B, 0xEF, 0x9B, 0xEF, 0x9B, 0xEF, 0x93, 0xAE, 0x93, 0xAE, 0x8B, 0x8F, 0x8B,
    0xAF, 0x8B, 0xAF, 0x8B, 0xAF, 0x83, 0x8F, 0x83, 0x6F, 0x83, 0x6E, 0x83, 0x6E, 0x83, 0xAF, 0x8B,
    0xD0, 0x83, 0xD1, 0x83, 0xF2, 0x84, 0x33, 0x84, 0x33, 0x8C, 0x33, 0x8C, 0x34, 0x84, 0x34, 0x84,
    0x34, 0x7C, 0x34, 0x7C, 0x34, 0x84, 0x33, 0x94, 0x32, 0x94, 0x32, 0x94, 0x52, 0x8B, 0xF1, 0x8C,
    0x11, 0x8C, 0x31, 0x94, 0x31, 0x94, 0x11, 0x8C, 0x10, 0x94, 0x31, 0xA4, 0xB3, 0xC5, 0xB7, 0xD6,
    0x19, 0xF6, 0x9A, 0xF6, 0x59, 0xEE, 0x39, 0xEE, 0x38, 0xEE, 0x38, 0xEE, 0x38, 0xEE, 0x38, 0xEE,
    0x18, 0xE5, 0xF8, 0xE5, 0xF7, 0xE5, 0xF8, 0xF6, 0x59, 0xF6, 0xD3, 0x79, 0xF6, 0x38, 0xF6, 0x58,
    0xF6, 0x58, 0xF6, 0x58, 0xF6, 0x38, 0xF6, 0x38, 0xF6, 0x38, 0xF6, 0x38, 0xF6, 0x17, 0xF6, 0x17,
    0xF6, 0x17, 0xF5, 0xF7, 0xED, 0xF6, 0xED, 0xD6, 0xE5, 0xB7, 0xE5, 0x96, 0xDD, 0x96, 0xDD, 0x76,
    0xDD, 0x76, 0xDD, 0x76, 0xDD, 0x76, 0xD5, 0x56, 0xD5, 0x56, 0xCD, 0x35, 0xCD, 0x15, 0xCD, 0x15,
    0xCD, 0x15, 0xCD, 0x15, 0xC4, 0xF5, 0xC4, 0xF5, 0xC4, 0xF5, 0xC4, 0xD5, 0xC4, 0xD5, 0xC4, 0xD5,
    0xBC, 0xD4, 0xBC, 0xD4, 0xBC, 0xD4, 0xBC, 0xD4, 0xBC, 0xD4, 0xBC, 0xD4, 0xBC, 0xD4, 0xBC, 0x18,
    0xB4, 0xD0, 0x94, 0xAC, 0x73, 0xAC, 0x53, 0xAC, 0x53, 0xAC, 0x53, 0xAC, 0x53, 0xAC, 0x53, 0xAC,
    0x53, 0xAC, 0x53, 0xB4, 0x53, 0xB4, 0x53, 0xB4, 0x53, 0xAC, 0x12, 0xB4, 0x32, 0xBC, 0x73, 0xCC,
    0xB3, 0xDC, 0xB2, 0xED, 0x33, 0xFD, 0xF5, 0xFE, 0x34, 0xFE, 0x33, 0xFD, 0xF1, 0xFD, 0xF2, 0xFD,
    0xD2, 0xFD, 0xB1, 0xF5, 0x91, 0xF5, 0xD1, 0xFE, 0x12, 0xED, 0xB0, 0xD5, 0x30, 0xA4, 0x2F, 0x93,
    0xAD, 0x93, 0xAE, 0x8B, 0xAE, 0x8B, 0x8D, 0x7B, 0x4D, 0x7B, 0x6E, 0x7B, 0x6E, 0x7B, 0x4E, 0x7B,
    0x6E, 0x7B, 0x4E, 0x7F, 0xFF, 0x44, 0xFF, 0xE6, 0xFE, 0xFF, 0xFE, 0xFF, 0xFE, 0xFF, 0xFE, 0xF7,
    0x1B, 0x9B, 0xAE, 0x9B, 0x2D, 0x8A, 0xCC, 0x93, 0x4E, 0x9B, 0x8F, 0x93, 0x4F, 0x8B, 0x2F, 0x8B,
    0x4F, 0x8B, 0x4F, 0x83, 0x2E, 0x83, 0x6F, 0x5A, 0x4A, 0x39, 0x68, 0x39, 0x68, 0x39, 0x69, 0x39,
    0x69, 0x39, 0x69, 0x39, 0x69, 0x39, 0x69, 0x39, 0x69, 0x39, 0x69, 0x39, 0xAA, 0x41, 0xAA, 0x39,
    0x68, 0x5A, 0x6C, 0x62, 0xAD, 0x62, 0xAD, 0x62, 0xAD, 0x62, 0xCD, 0x41, 0xC9, 0x62, 0x8D, 0x6A,
    0xEE, 0x62, 0xAD, 0x62, 0xAD, 0x62, 0xAD, 0x62, 0xAD, 0x62, 0xAD, 0x62, 0xAD, 0x62, 0xAD, 0x62,
    0xAD, 0x62, 0xAD, 0x62, 0xAD, 0x62, 0xAE, 0x52, 0x6C, 0x39, 0x8A, 0x41, 0xAB, 0x5A, 0x4C, 0x02,
    0x6A, 0xFF, 0xE6, 0x37, 0xE6, 0x14, 0xDD, 0xD3, 0xD5, 0xB3, 0xD5, 0x93, 0xD5, 0x52, 0xD5, 0x52,
    0xCD, 0x32, 0xCD, 0x12, 0xCD, 0x13, 0xC4, 0xF2, 0xC4, 0xD2, 0xBC, 0x91, 0xBC, 0x91, 0xB4, 0x71,
    0xB4, 0x51, 0xAC, 0x30, 0xAC, 0x10, 0xAC, 0x10, 0xA3, 0xCF, 0x9B, 0xAF, 0x9B, 0x8E, 0x9B, 0xCF,
    0x93, 0xCF, 0x93, 0xAE, 0x8B, 0x8E, 0x8B, 0x8E, 0x8B, 0x8E, 0x8B, 0x8E, 0x8B, 0x90, 0x83, 0x90,
    0x7B, 0x6F, 0x7B, 0x4F, 0x73, 0x6F, 0x73, 0x6F, 0x73, 0x6E, 0x73, 0x6F, 0x73, 0xB0, 0x83, 0xF1,
    0x84, 0x32, 0x8C, 0x53, 0x94, 0xB4, 0x8C, 0x74, 0x84, 0x12, 0x84, 0x12, 0x84, 0x12, 0x8C, 0x74,
    0x84, 0x33, 0x7B, 0xF2, 0x7B, 0xF2, 0x84, 0x32, 0x84, 0x33, 0x8C, 0x53, 0x84, 0x33, 0x84, 0x52,
    0x84, 0x52, 0x8C, 0x32, 0x8C, 0x32, 0x8C, 0x32, 0x84, 0x32, 0x84, 0x12, 0x84, 0x12, 0x84, 0x11,
    0x83, 0xAF, 0xE3, 0x8B, 0xF0, 0xA4, 0x93, 0xC5, 0x76, 0xDE, 0x5A, 0xDE, 0x7A, 0xE6, 0x7A, 0xF6,
    0x3A, 0xEE, 0x19, 0xE5, 0xF8, 0xFE, 0x99, 0xF6, 0x79, 0xF6, 0x78, 0xF6, 0x58, 0xFE, 0x58, 0xFE,
    0x58, 0xF6, 0x38, 0xF6, 0x38, 0xF6, 0x38, 0xFE, 0x58, 0xF6, 0x38, 0xE6, 0x17, 0xEE, 0x17, 0xEE,
    0x17, 0xF6, 0x18, 0xF5, 0xD7, 0xED, 0xB7, 0xED, 0x97, 0xE5, 0x97, 0xE5, 0x97, 0xDD, 0x97, 0xD5,
    0x76, 0xCD, 0x75, 0xCD, 0x55, 0xCD, 0x56, 0xCD, 0x35, 0xCD, 0x15, 0xCD, 0x15, 0xCD, 0x15, 0xCD,
    0x15, 0xCD, 0x15, 0xC4, 0xF5, 0xC4, 0xF5, 0xC4, 0xF5, 0xC4, 0xD5, 0xC4, 0xD5, 0xC4, 0xD5, 0xBC,
    0xD5, 0xBC, 0xD5, 0xBC, 0xD5, 0xBC, 0xD5, 0x07, 0xB4, 0x8D, 0x94, 0xB4, 0x94, 0xB4, 0x94, 0xB4,
    0x94, 0xB4, 0x94, 0xB4, 0x94, 0xB4, 0x94, 0xAC, 0x03, 0xB4, 0x80, 0xAC, 0x02, 0xB4, 0x8E, 0xB5,
    0xB4, 0x95, 0xB4, 0x74, 0xAC, 0x34, 0xAC, 0x74, 0xAC, 0x74, 0xAC, 0x73, 0xB4, 0x94, 0x03, 0xB4,
    0xC2, 0x94, 0xB4, 0x74, 0xAC, 0x13, 0xB4, 0x32, 0xB4, 0x72, 0xCC, 0xF2, 0xE5, 0x73, 0xF6, 0x14,
    0xFD, 0xF3, 0xFD, 0xB2, 0xFD, 0xB2, 0xFD, 0xD2, 0xFD, 0xF2, 0xFD, 0xD1, 0xF5, 0x70, 0xF5, 0x91,
    0xF5, 0xB3, 0xE5, 0x73, 0xDD, 0x32, 0xAC, 0x0E, 0xA3, 0xCD, 0xAC, 0x0E, 0xAC, 0x4F, 0x93, 0xAE,
    0x8B, 0x8D, 0x93, 0xCE, 0x8B, 0x8D, 0x8B, 0x8D, 0x8B, 0x6D, 0x83, 0x6F, 0x7B, 0x0D, 0x72, 0xED,
    0x72, 0xED, 0x6A, 0xAC, 0x7F, 0xFF, 0x44, 0xFF, 0xFF, 0xFE, 0xFF, 0xFE, 0xFF, 0xFE, 0xFF, 0xBD,
    0xF7, 0x3B, 0x9B, 0xCF, 0x9B, 0x0D, 0x9B, 0x2D, 0x9B, 0x6E, 0x93, 0x4E, 0x8B, 0x2E, 0x8B, 0x4F,
    0x8B, 0x4F, 0x8B, 0x4F, 0x83, 0x2D, 0x83, 0x6F, 0x62, 0x6B, 0x41, 0x68, 0x39, 0x68, 0x39, 0x69,
    0x39, 0x69, 0x39, 0x69, 0x39, 0x69, 0x39, 0x69, 0x39, 0x69, 0x39, 0x69, 0x39, 0xAA, 0x41, 0xAA,
    0x39, 0x68, 0x5A, 0x6C, 0x62, 0xAD, 0x62, 0xAD, 0x6A, 0xEE, 0x5A, 0x6C, 0x52, 0x2B, 0x62, 0xAD,
    0x6A, 0xCE, 0x62, 0x8D, 0x62, 0xCD, 0x62, 0xAD, 0x62, 0xAD, 0x62, 0xAD, 0x62, 0xAD, 0x62, 0xAD,
    0x62, 0xAD, 0x62, 0xAD, 0x62, 0xAD, 0x62, 0xAE, 0x4A, 0x4C, 0x39, 0xAA, 0x41, 0xCA, 0x5A, 0x2C,
    0x72, 0xAB, 0xE6, 0x16, 0xE5, 0xD4, 0xD5, 0x93, 0xD5, 0x73, 0xD5, 0x52, 0xCD, 0x32, 0xCD, 0x32,
    0xC5, 0x11, 0xC4, 0xF2, 0xC4, 0xF2, 0xBC, 0xB2, 0xBC, 0xFF, 0xB2, 0xB4, 0x91, 0xB4, 0x71, 0xB4,
    0x50, 0xAC, 0x30, 0xAC, 0x30, 0xAC, 0x10, 0xAC, 0x10, 0xA3, 0xCF, 0x9B, 0xAF, 0x9B, 0x8E, 0x93,
    0x8E, 0x8B, 0x8E, 0x8B, 0x6E, 0x8B, 0x6E, 0x8B, 0x8E, 0x8B, 0x8E, 0x8B, 0x8E, 0x83, 0x90, 0x83,
    0x70, 0x7B, 0x6F, 0x73, 0x4F, 0x6B, 0x6F, 0x6B, 0x6F, 0x6B, 0x6F, 0x63, 0x2F, 0x6B, 0x6F, 0x6B,
    0x90, 0x73, 0xB1, 0x73, 0xD1, 0x7C, 0x12, 0x84, 0x32, 0x84, 0x53, 0x84, 0x53, 0x84, 0x53, 0x7C,
    0x12, 0x84, 0x32, 0x84, 0x33, 0x84, 0x53, 0x8C, 0x53, 0x84, 0x53, 0x84, 0x53, 0x84, 0x33, 0x84,
    0x33, 0x84, 0x33, 0x84, 0x33, 0x84, 0x33, 0x84, 0x33, 0x84, 0x32, 0x7C, 0x12, 0x7C, 0x12, 0x84,
    0x12, 0x94, 0x53, 0x7B, 0xB0, 0x7B, 0xB0, 0x7B, 0x90, 0x8C, 0x12, 0xA4, 0xF5, 0xBD, 0x98, 0xD5,
    0x77, 0xDD, 0xB8, 0xE6, 0x19, 0xE6, 0x18, 0xE6, 0x58, 0xEE, 0xCC, 0x98, 0xF6, 0x78, 0xF6, 0x38,
    0xF6, 0x38, 0xF6, 0x38, 0xF6, 0x38, 0xEE, 0x38, 0xEE, 0x17, 0xEE, 0x38, 0xF6, 0x58, 0xEE, 0x37,
    0xEE, 0x17, 0xF6, 0x18, 0xF5, 0xD7, 0xED, 0xB6, 0xED, 0x96, 0xED, 0x96, 0xE5, 0x96, 0xDD, 0x96,
    0xDD, 0x96, 0xD5, 0x95, 0xCD, 0x75, 0xD5, 0x56, 0xCD, 0x35, 0xCD, 0x15, 0xCD, 0x15, 0xCD, 0x15,
    0xCD, 0x15, 0xCD, 0x15, 0xC4, 0xF5, 0xC4, 0xF5, 0xC4, 0xF5, 0xC4, 0xD5, 0xC4, 0xD5, 0xC4, 0xD5,
    0xBC, 0xD5, 0xBC, 0xD5, 0xBC, 0xD5, 0xBC, 0xD5, 0x07, 0xB4, 0x91, 0x94, 0xB4, 0x94, 0xB4, 0x94,
    0xB4, 0x94, 0xB4, 0x94, 0xB4, 0x94, 0xB4, 0x94, 0xAC, 0xD4, 0xAC, 0xB4, 0xAC, 0x02, 0xB4, 0xD4,
    0xB5, 0xB4, 0x75, 0xAC, 0x74, 0xB4, 0x34, 0xB4, 0x74, 0xB4, 0x74, 0xAC, 0x73, 0xAC, 0x73, 0xAC,
    0x53, 0xAC, 0x52, 0xAC, 0x72, 0xBC, 0x73, 0xC4, 0xD4, 0xD5, 0x34, 0xED, 0x93, 0xF5, 0xD3, 0xFD,
    0xF2, 0xFD, 0xD1, 0xFD, 0xB1, 0xFD, 0xB1, 0xFD, 0xB1, 0xFD, 0xB1, 0xFD, 0xD1, 0xFD, 0xB1, 0xF5,
    0xB3, 0xE5, 0x73, 0xC4, 0x90, 0xC4, 0xB1, 0xB4, 0x70, 0xA4, 0x0F, 0xA4, 0x10, 0xA4, 0x30, 0xA4,
    0x30, 0x9C, 0x0F, 0x8B, 0x8E, 0x8B, 0x8E, 0x8B, 0x6D, 0x8B, 0x6D, 0x83, 0x4E, 0x73, 0x0D, 0x6A,
    0xCC, 0x6A, 0xCC, 0x6A, 0xAC, 0x7F, 0xFF, 0x44, 0xFF, 0xFF, 0xFE, 0xFF, 0xFE, 0xFF, 0xFE, 0xFF,
    0xBD, 0xFF, 0xBD, 0x9B, 0xAE, 0xDD, 0x35, 0xAB, 0xAF, 0x9B, 0x6E, 0x93, 0x2E, 0x8B, 0x2E, 0x8B,
    0x4F, 0x8B, 0x4F, 0x8B, 0x4F, 0x83, 0x2D, 0x8B, 0x6F, 0x72, 0xCC, 0x41, 0x68, 0x39, 0x68, 0x39,
    0x69, 0x39, 0x69, 0x39, 0x69, 0x39, 0x69, 0x39, 0x69, 0x39, 0x69, 0x39, 0x69, 0x39, 0xAA, 0x41,
    0xAA, 0x39, 0x68, 0x5A, 0x6C, 0x62, 0xAD, 0x62, 0xAD, 0x62, 0xAD, 0x52, 0x0B, 0x62, 0xAD, 0x6A,
    0xCE, 0x62, 0xAD, 0x62, 0x8D, 0x62, 0xAD, 0x62, 0xAD, 0x62, 0xAD, 0x62, 0xAD, 0x62, 0xAD, 0x62,
    0xAD, 0x62, 0xAD, 0x62, 0xAD, 0x62, 0xAD, 0x62, 0xAE, 0x41, 0xEB, 0x39, 0xAA, 0x49, 0xCB, 0x5A,
    0x0B, 0x7A, 0xEC, 0xDD, 0xB5, 0xDD, 0x93, 0xCD, 0x52, 0xCD, 0x32, 0xCD, 0x11, 0xC4, 0xF1, 0xC4,
    0xF1, 0xBC, 0xB0, 0xBC, 0xB1, 0xB4, 0xB1, 0xB4, 0x71, 0xB4, 0xFF, 0x70, 0xAC, 0x70, 0xAC, 0x50,
    0xAC, 0x30, 0xA4, 0x30, 0xAC, 0x10, 0xA3, 0xEF, 0xA3, 0xEF, 0x9B, 0xCF, 0x9B, 0xCF, 0x9B, 0xAE,
    0x8B, 0x6E, 0x8B, 0x6D, 0x83, 0x4D, 0x83, 0x4D, 0x8B, 0x6E, 0x8B, 0x6E, 0x8B, 0x6E, 0x83, 0x4F,
    0x7B, 0x4F, 0x73, 0x4F, 0x73, 0x4E, 0x6B, 0x4E, 0x6B, 0x4E, 0x63, 0x4E, 0x5B, 0x0E, 0x63, 0x0E,
    0x63, 0x2E, 0x63, 0x2F, 0x63, 0x4F, 0x63, 0x4F, 0x6B, 0x4F, 0x63, 0x4F, 0x63, 0x4F, 0x63, 0x4F,
    0x6B, 0x90, 0x73, 0xD1, 0x84, 0x32, 0x84, 0x33, 0x84, 0x32, 0x84, 0x32, 0x84, 0x32, 0x84, 0x32,
    0x84, 0x32, 0x84, 0x32, 0x84, 0x32, 0x84, 0x32, 0x84, 0x32, 0x84, 0x12, 0x7C, 0x12, 0x7C, 0x12,
    0x84, 0x12, 0x7B, 0xF2, 0x73, 0x90, 0x7B, 0xB1, 0x83, 0xF2, 0x83, 0xD2, 0x7B, 0xB1, 0x7B, 0x91,
    0x93, 0xD1, 0x9C, 0x53, 0xAC, 0xD5, 0xCD, 0xD8, 0xD6, 0x19, 0xE6, 0xCC, 0x7A, 0xEE, 0x9A, 0xEE,
    0x39, 0xEE, 0x59, 0xEE, 0x7A, 0xF6, 0x7A, 0xEE, 0x7A, 0xEE, 0x59, 0xEE, 0x79, 0xF6, 0x58, 0xEE,
    0x37, 0xEE, 0x17, 0xF6, 0x17, 0xF5, 0xD6, 0xF5, 0xB5, 0xED, 0x95, 0xED, 0x96, 0xED, 0x96, 0xE5,
    0xB6, 0xDD, 0xB5, 0xDD, 0x95, 0xD5, 0x75, 0xD5, 0x55, 0xCD, 0x35, 0xCD, 0x15, 0xCD, 0x15, 0xCD,
    0x15, 0xCD, 0x15, 0xCD, 0x15, 0xC4, 0xF5, 0xC4, 0xF5, 0xC4, 0xF5, 0xC4, 0xD5, 0xC4, 0xD5, 0xC4,
    0xD5, 0xBC, 0xD5, 0xBC, 0xD5, 0xBC, 0xD5, 0xBC, 0xD5, 0x07, 0xB4, 0x8C, 0x94, 0xB4, 0x94, 0xB4,
    0x94, 0xB4, 0x94, 0xB4, 0x94, 0xB4, 0x94, 0xB4, 0x94, 0x02, 0xB4, 0x80, 0xAC, 0x04, 0xB4, 0xD4,
    0x94, 0xB4, 0x74, 0xB4, 0x74, 0xB4, 0x33, 0xB4, 0x54, 0xB4, 0x73, 0xB4, 0x73, 0xB4, 0x52, 0xAC,
    0x51, 0xBC, 0xB2, 0xBC, 0xD2, 0xD5, 0x14, 0xE5, 0x74, 0xF5, 0xB5, 0xFE, 0x14, 0xFD, 0xD2, 0xF5,
    0xB0, 0xF5, 0x90, 0xF5, 0x91, 0xF5, 0x91, 0xF5, 0x91, 0xF5, 0x91, 0xF5, 0x91, 0xED, 0x71, 0xE5,
    0x72, 0xCC, 0xD1, 0xAB, 0xCD, 0xB4, 0x2F, 0xBC, 0xB1, 0xA4, 0x10, 0x9C, 0x10, 0x9C, 0x10, 0x9C,
    0x30, 0x9C, 0x10, 0x83, 0x6D, 0x8B, 0x6D, 0x83, 0x6D, 0x83, 0x4D, 0x7B, 0x2E, 0x6A, 0xCC, 0x62,
    0xAC, 0x6A, 0xAC, 0x62, 0xAB, 0x7F, 0xFF, 0x44, 0xFF, 0xFF, 0xFE, 0xFF, 0xFE, 0xFF, 0xFE, 0xFF,
    0xDE, 0xC5, 0x75, 0xA3, 0xEF, 0xCC, 0xB3, 0xA3, 0xAF, 0x9B, 0x4E, 0x9B, 0x6E, 0x9B, 0x6F, 0x8B,
    0x4F, 0x8B, 0x4F, 0x8B, 0x4F, 0x83, 0x2D, 0x8B, 0x6F, 0x83, 0x0E, 0x41, 0x48, 0x41, 0x48, 0x41,
    0x49, 0x39, 0x69, 0x39, 0x69, 0x39, 0x69, 0x39, 0x69, 0x39, 0x69, 0x39, 0x69, 0x39, 0xAA, 0x41,
    0xAA, 0x39, 0x68, 0x5A, 0x6C, 0x62, 0xAD, 0x6A, 0xCE, 0x41, 0xA9, 0x49, 0xEA, 0x62, 0xAD, 0x62,
    0xAD, 0x6A, 0xCE, 0x6A, 0xCE, 0x62, 0xAD, 0x62, 0xAD, 0x62, 0xAD, 0x62, 0xAD, 0x62, 0xAD, 0x62,
    0xAD, 0x62, 0xAD, 0x62, 0xAD, 0x62, 0xAD, 0x62, 0xAE, 0x39, 0xA9, 0x41, 0xCB, 0x49, 0xCB, 0x51,
    0xEA, 0x8B, 0x4E, 0xCD, 0x74, 0xCD, 0x32, 0xC5, 0x11, 0xC4, 0xF1, 0xC4, 0xD0, 0xBC, 0xB0, 0xBC,
    0x8F, 0xB4, 0x6F, 0xB4, 0x6F, 0xAC, 0x70, 0xAC, 0x30, 0xA4, 0xFF, 0x2F, 0xAC, 0x30, 0xA4, 0x2F,
    0xA4, 0x0F, 0xA4, 0x0F, 0x9C, 0x0F, 0x9B, 0xEF, 0x9B, 0xEF, 0x9B, 0xEF, 0x9B, 0xCF, 0x93, 0xAE,
    0x9B, 0xCF, 0x93, 0xCF, 0x93, 0xAF, 0x8B, 0x8E, 0x8B, 0x4D, 0x8B, 0x4D, 0x8B, 0x4E, 0x83, 0x4F,
    0x7B, 0x2F, 0x73, 0x2E, 0x6B, 0x2E, 0x6B, 0x2E, 0x63, 0x2E, 0x63, 0x4E, 0x6B, 0x4F, 0x63, 0x4F,
    0x63, 0x4F, 0x63, 0x2E, 0x63, 0x2E, 0x5B, 0x0E, 0x5B, 0x0E, 0x63, 0x2E, 0x63, 0x2E, 0x63, 0x2E,
    0x5A, 0xED, 0x5B, 0x0E, 0x63, 0x2E, 0x63, 0x2E, 0x6B, 0x6F, 0x73, 0xD1, 0x7C, 0x12, 0x7C, 0x12,
    0x7C, 0x12, 0x7C, 0x12, 0x7C, 0x12, 0x7C, 0x12, 0x7C, 0x12, 0x7C, 0x12, 0x7C, 0x12, 0x7C, 0x12,
    0x7C, 0x12, 0x8C, 0x55, 0x7B, 0xD3, 0x7B, 0xD2, 0x7B, 0xF3, 0x83, 0xF3, 0x7B, 0xF3, 0x83, 0xF3,
    0x8C, 0x34, 0x84, 0x14, 0x83, 0xF3, 0x7B, 0xB2, 0x7B, 0xD2, 0x83, 0xCC, 0xF3, 0x83, 0xD2, 0x83,
    0x6F, 0x83, 0xB0, 0x93, 0xF1, 0x8B, 0xB0, 0x94, 0x12, 0xA4, 0x73, 0xB5, 0x14, 0xD5, 0xD6, 0xE6,
    0x17, 0xEE, 0x37, 0xF6, 0x37, 0xED, 0xF6, 0xED, 0xD5, 0xE5, 0xB5, 0xE5, 0xB5, 0xE5, 0xB5, 0xE5,
    0xB5, 0xE5, 0xB5, 0xE5, 0x95, 0xDD, 0x75, 0xD5, 0x56, 0xCD, 0x35, 0xCD, 0x15, 0xCD, 0x15, 0xCD,
    0x15, 0xCD, 0x15, 0xCD, 0x15, 0xC4, 0xF5, 0xC4, 0xF5, 0xC4, 0xF5, 0xC4, 0xD5, 0xC4, 0xD5, 0xC4,
    0xD5, 0xBC, 0xD5, 0xBC, 0xD5, 0xBC, 0xD5, 0xBC, 0xD5, 0x07, 0xB4, 0x8C, 0x94, 0xB4, 0x94, 0xB4,
    0x94, 0xB4, 0x94, 0xB4, 0x94, 0xB4, 0x94, 0xB4, 0x94, 0x06, 0xB4, 0xD5, 0xBC, 0x94, 0xBC, 0x73,
    0xBC, 0x52, 0xBC, 0x32, 0xBC, 0x53, 0xBC, 0x53, 0xBC, 0x51, 0xC4, 0x91, 0xD5, 0x12, 0xE5, 0xD3,
    0xF6, 0x14, 0xFD, 0xD4, 0xFD, 0xB3, 0xFD, 0x92, 0xFD, 0x91, 0xED, 0x2F, 0xE5, 0x0E, 0xED, 0x50,
    0xE5, 0x73, 0xE5, 0x72, 0xE5, 0x73, 0xE5, 0x72, 0xDD, 0x11, 0xC4, 0x6E, 0xB4, 0x2E, 0xB4, 0x2F,
    0xB4, 0x50, 0xAC, 0x50, 0x9B, 0xCE, 0x8B, 0xAE, 0x93, 0xF0, 0x94, 0x10, 0x7B, 0x4E, 0x7B, 0x0D,
    0x83, 0x6E, 0x83, 0x4E, 0x7B, 0x4D, 0x7B, 0x2D, 0x6B, 0x0D, 0x62, 0xAB, 0x5A, 0x8B, 0x5A, 0xAB,
    0x5A, 0xAB, 0x7F, 0xFF, 0x44, 0xFF, 0xFF, 0xFE, 0xFF, 0xFE, 0xFF, 0xFE, 0xF7, 0x9C, 0x83, 0x8D,
    0xDD, 0xD7, 0xBC, 0x51, 0xAB, 0xAF, 0xA3, 0xCF, 0x93, 0x6E, 0x7A, 0xAC, 0x6A, 0x4B, 0x62, 0x0A,
    0x59, 0xEA, 0x7A, 0x8C, 0x93, 0x4F, 0x8B, 0x2F, 0x6A, 0x6C, 0x5A, 0x0B, 0x49, 0x89, 0x39, 0x6A,
    0x39, 0x8A, 0x39, 0x8A, 0x39, 0x8A, 0x39, 0x8A, 0x39, 0x8A, 0x41, 0xAA, 0x41, 0xAA, 0x49, 0xCA,
    0x5A, 0x6C, 0x6A, 0xEE, 0x62, 0x8D, 0x49, 0xCA, 0x62, 0xAD, 0x62, 0xAD, 0x62, 0xAD, 0x62, 0xAD,
    0x62, 0xAD, 0x62, 0xAD, 0x62, 0xAD, 0x62, 0xAD, 0x62, 0xAD, 0x62, 0xAD, 0x62, 0xAD, 0x62, 0xAD,
    0x62, 0xAD, 0x6A, 0xEE, 0x4A, 0x0A, 0x39, 0xCA, 0x39, 0xAA, 0x49, 0xEB, 0x5A, 0x2C, 0x8B, 0x6E,
    0xCD, 0x74, 0xC4, 0xF0, 0xC4, 0xD0, 0xBC, 0xD0, 0xBC, 0xB0, 0xBC, 0x8F, 0xB4, 0x8F, 0xB4, 0x6F,
    0xAC, 0x4F, 0xA4, 0x2F, 0xA4, 0x2F, 0xA4, 0xFF, 0x2F, 0xA4, 0x0F, 0x9B, 0xEE, 0x9B, 0xCE, 0x9B,
    0xEF, 0x9B, 0xEF, 0x9B, 0xEF, 0x9B, 0xEF, 0x93, 0xCF, 0x93, 0xAE, 0x93, 0x8E, 0x93, 0x8E, 0x93,
    0x8E, 0x93, 0x8E, 0x8B, 0x8E, 0x8B, 0x8E, 0x8B, 0x6E, 0x8B, 0x4E, 0x7B, 0x2F, 0x73, 0x2E, 0x73,
    0x0E, 0x6B, 0x2E, 0x6B, 0x2E, 0x6B, 0x4E, 0x63, 0x4E, 0x63, 0x2E, 0x63, 0x2E, 0x63, 0x2E, 0x5B,
    0x0E, 0x5B, 0x0E, 0x5B, 0x0E, 0x5B, 0x0E, 0x5B, 0x0E, 0x5B, 0x0E, 0x5B, 0x0E, 0x5A, 0xEE, 0x5A,
    0xEE, 0x5A, 0xEE, 0x5B, 0x0E, 0x63, 0x2E, 0x63, 0x2F, 0x63, 0x4F, 0x63, 0x2E, 0x63, 0x4F, 0x6B,
    0x90, 0x6B, 0x90, 0x6B, 0x90, 0x6B, 0x90, 0x73, 0xB0, 0x7B, 0xF1, 0x7C, 0x12, 0x84, 0x32, 0x84,
    0x33, 0x7B, 0xF3, 0x7B, 0xF2, 0x7B, 0xF3, 0x7B, 0xF3, 0x7B, 0xF3, 0x7B, 0xF3, 0x7C, 0x13, 0x7C,
    0x13, 0x7C, 0x13, 0x7C, 0x14, 0x7C, 0x14, 0x7C, 0xCF, 0x14, 0x83, 0xF4, 0x83, 0xF2, 0x83, 0xF2,
    0x83, 0xF2, 0x83, 0xD2, 0x83, 0xD2, 0x83, 0xD2, 0x83, 0xD1, 0x94, 0x11, 0xA4, 0x72, 0xAC, 0xD3,
    0xCD, 0x74, 0xD5, 0xB5, 0xDD, 0xF5, 0xF6, 0x58, 0xEE, 0x17, 0xDD, 0xB6, 0xDD, 0x95, 0xE5, 0xB6,
    0xE5, 0x95, 0xDD, 0x75, 0xDD, 0x96, 0xD5, 0x76, 0xCD, 0x35, 0xCD, 0x15, 0xCD, 0x15, 0xCD, 0x15,
    0xCD, 0x15, 0xC4, 0xF5, 0xC4, 0xF5, 0xC4, 0xF5, 0xC4, 0xD5, 0xC4, 0xD5, 0xC4, 0xD5, 0xBC, 0xD5,
    0xBC, 0xB4, 0xBC, 0xB4, 0xBC, 0xB4, 0xBC, 0xB4, 0xBC, 0x02, 0xB4, 0x9E, 0x94, 0xB4, 0x94, 0xB4,
    0x94, 0xB4, 0x94, 0xB4, 0x94, 0xB4, 0x94, 0xB4, 0x94, 0xB4, 0x94, 0xB4, 0x74, 0xB4, 0x94, 0xBC,
    0x94, 0xBC, 0x93, 0xBC, 0x72, 0xBC, 0x72, 0xBC, 0x51, 0xCC, 0x93, 0x02, 0xD4, 0xC9, 0xED, 0x95,
    0xED, 0xB4, 0xED, 0xB3, 0xE5, 0xB2, 0xE5, 0x91, 0xF5, 0x71, 0xF5, 0x71, 0xF5, 0x91, 0xED, 0x30,
    0xED, 0x50, 0xED, 0x50, 0xE5, 0x52, 0xDD, 0x53, 0xCC, 0xF1, 0xBC, 0x4F, 0xB4, 0x2E, 0xBC, 0x4F,
    0xBC, 0x4F, 0xB4, 0x4F, 0xB4, 0x50, 0xA4, 0x0F, 0x9B, 0xCE, 0x8B, 0x8E, 0x93, 0xD0, 0x83, 0x8F,
    0x73, 0x2D, 0x73, 0x0D, 0x6A, 0xED, 0x6A, 0xEC, 0x6A, 0xED, 0x73, 0x0D, 0x7B, 0x4E, 0x63, 0x0C,
    0x62, 0xEC, 0x5A, 0xCC, 0x5A, 0xCB, 0x5A, 0xAB, 0x7F, 0xFF, 0x44, 0xFF, 0xFF, 0xFE, 0xFF, 0xFE,
    0xFF, 0xFE, 0xF7, 0x7C, 0x8B, 0xEE, 0xD5, 0x96, 0xC4, 0x72, 0xAB, 0xAF, 0xA3, 0x8E, 0x7A, 0x8B,
    0x72, 0x6B, 0x72, 0x6B, 0x72, 0x8D, 0x72, 0xAD, 0x61, 0xC8, 0x83, 0x0E, 0x83, 0x0E, 0x83, 0x0F,
    0x83, 0x30, 0x6A, 0x8D, 0x41, 0x49, 0x39, 0x8A, 0x39, 0x8A, 0x39, 0x8A, 0x39, 0x8A, 0x39, 0x8A,
    0x41, 0xAA, 0x41, 0xAA, 0x49, 0xCA, 0x5A, 0x6C, 0x62, 0xAD, 0x49, 0xCA, 0x62, 0x8D, 0x6A, 0xCE,
    0x62, 0xAD, 0x62, 0xAD, 0x62, 0xAD, 0x62, 0xAD, 0x62, 0xAD, 0x62, 0xAD, 0x62, 0xAD, 0x62, 0xAD,
    0x62, 0xAD, 0x62, 0xAD, 0x62, 0xCD, 0x62, 0x8D, 0x62, 0xCD, 0x49, 0xCA, 0x41, 0xEA, 0x41, 0xCA,
    0x4A, 0x0B, 0x62, 0x4C, 0x9B, 0xCF, 0xC5, 0x12, 0xC4, 0xD0, 0xBC, 0xB0, 0xBC, 0x90, 0xB4, 0x8F,
    0xB4, 0x6F, 0xB4, 0x4F, 0xAC, 0x2E, 0xA4, 0x2E, 0x9C, 0x2F, 0x9C, 0x0F, 0x9C, 0xFF, 0x2F, 0x9C,
    0x0F, 0x93, 0xEE, 0x93, 0xCE, 0x93, 0xCE, 0x93, 0xEF, 0x93, 0xEF, 0x93, 0xEF, 0x93, 0xCE, 0x93,
    0xAE, 0x8B, 0x8D, 0x8B, 0x4D, 0x8B, 0x4D, 0x8B, 0x4D, 0x8B, 0x6E, 0x8B, 0x8E, 0x8B, 0x6E, 0x8B,
    0x4E, 0x83, 0x2F, 0x73, 0x2E, 0x73, 0x0E, 0x6B, 0x2E, 0x6B, 0x2E, 0x6B, 0x4E, 0x63, 0x4E, 0x63,
    0x2E, 0x63, 0x2E, 0x63, 0x2E, 0x5B, 0x0E, 0x5B, 0x0E, 0x5B, 0x0E, 0x5B, 0x0E, 0x5B, 0x0E, 0x5B,
    0x0E, 0x5B, 0x0E, 0x5B, 0x0E, 0x5B, 0x0E, 0x5B, 0x0E, 0x5B, 0x0E, 0x5B, 0x0E, 0x63, 0x2E, 0x63,
    0x2E, 0x52, 0xCD, 0x5A, 0xED, 0x5B, 0x0E, 0x5B, 0x0E, 0x5B, 0x0E, 0x5B, 0x0E, 0x63, 0x4F, 0x73,
    0x90, 0x73, 0xB0, 0x73, 0xD1, 0x7C, 0x12, 0x74, 0x12, 0x74, 0x12, 0x74, 0x12, 0x7C, 0x32, 0x7C,
    0x33, 0x7C, 0x52, 0x7C, 0x13, 0x7C, 0x13, 0x7C, 0x13, 0x7B, 0xF4, 0x7B, 0xF4, 0x7B, 0xCF, 0xF5,
    0x7B, 0xF4, 0x7C, 0x14, 0x7C, 0x14, 0x7C, 0x14, 0x7B, 0xF3, 0x7B, 0xF3, 0x7B, 0xF3, 0x73, 0xD2,
    0x73, 0xB1, 0x73, 0xB0, 0x7B, 0x90, 0x83, 0xEF, 0x94, 0x2F, 0x9C, 0x70, 0xAC, 0xD2, 0xBD, 0x14,
    0xCD, 0xB6, 0xE6, 0x18, 0xE5, 0xD8, 0xDD, 0xB7, 0xDD, 0x56, 0xDD, 0x97, 0xD5, 0x76, 0xCD, 0x35,
    0xCD, 0x15, 0xCD, 0x15, 0xCD, 0x15, 0xCD, 0x15, 0xC4, 0xF5, 0xC4, 0xF5, 0xC4, 0xF5, 0xC4, 0xD5,
    0xC4, 0xD5, 0xC4, 0xD5, 0xBC, 0xD5, 0xBC, 0xB4, 0xBC, 0xB4, 0xBC, 0xB4, 0xBC, 0xB4, 0xBC, 0x02,
    0xB4, 0xEA, 0x94, 0xB4, 0x94, 0xB4, 0x94, 0xB4, 0x94, 0xB4, 0x94, 0xB4, 0x94, 0xB4, 0x94, 0xB4,
    0x94, 0xBC, 0x95, 0xBC, 0x95, 0xBC, 0xB4, 0xC4, 0xB3, 0xCC, 0xD3, 0xD5, 0x13, 0xE5, 0x74, 0xF5,
    0xB5, 0xF5, 0xB5, 0xF5, 0xB5, 0xF5, 0xD4, 0xF5, 0xD3, 0xF5, 0xB2, 0xED, 0x91, 0xED, 0x50, 0xE5,
    0x30, 0xDC, 0xAF, 0xD4, 0xB0, 0xCC, 0xB0, 0xCC, 0xB0, 0xC4, 0xB1, 0xB4, 0x50, 0xA3, 0xCE, 0x9B,
    0x6D, 0xAB, 0xEF, 0xA3, 0xAE, 0xB4, 0x30, 0xB4, 0x91, 0xAC, 0x50, 0x9B, 0xEF, 0x93, 0xCF, 0x83,
    0x6E, 0x7B, 0x4E, 0x6A, 0xED, 0x6B, 0x0D, 0x73, 0x2E, 0x6B, 0x0D, 0x6B, 0x0D, 0x6B, 0x0D, 0x6A,
    0xED, 0x62, 0xCC, 0x5A, 0xEC, 0x5A, 0xEC, 0x5A, 0xCB, 0x5A, 0xAB, 0x52, 0xAB, 0x7F, 0xFF, 0x44,
    0xFF, 0xFF, 0xFE, 0xFF, 0xFE, 0xFF, 0xFE, 0xFF, 0xFE, 0xB5, 0x13, 0xAC, 0x51, 0xC4, 0x72, 0xA3,
    0x6E, 0x72, 0x29, 0xA3, 0xF0, 0x8B, 0x2E, 0x8B, 0x4F, 0x8B, 0x50, 0x8B, 0x70, 0x59, 0x88, 0x8B,
    0x2E, 0x82, 0xED, 0x82, 0xEF, 0x7B, 0x0F, 0x72, 0x8E, 0x49, 0xAA, 0x39, 0x8A, 0x39, 0x8A, 0x39,
    0x8A, 0x39, 0x8A, 0x39, 0x8A, 0x41, 0xAA, 0x41, 0x89, 0x49, 0xCA, 0x5A, 0x6C, 0x52, 0x2B, 0x4A,
    0x0A, 0x6A, 0xCE, 0x62, 0x8D, 0x62, 0xAD, 0x62, 0xAD, 0x62, 0xAD, 0x62, 0xAD, 0x62, 0xAD, 0x62,
    0xAD, 0x62, 0xAD, 0x62, 0xAD, 0x62, 0xAD, 0x62, 0xAD, 0x62, 0xCD, 0x62, 0xAD, 0x62, 0x8D, 0x39,
    0x88, 0x42, 0x0B, 0x41, 0xCB, 0x52, 0x0C, 0x62, 0x4C, 0xA4, 0x31, 0xB4, 0xB1, 0xBC, 0xB0, 0xB4,
    0x6F, 0xB4, 0x4F, 0xAC, 0x4E, 0xAC, 0x2E, 0xAC, 0x2E, 0xA3, 0xED, 0x9B, 0xED, 0x93, 0xEE, 0x93,
    0xEE, 0x93, 0xFF, 0xEE, 0x93, 0xEE, 0x8B, 0xCE, 0x8B, 0xCD, 0x8B, 0xCE, 0x8B, 0xCE, 0x8B, 0xCE,
    0x8B, 0xCE, 0x8B, 0xAE, 0x8B, 0xAD, 0x83, 0x6D, 0x8B, 0xAE, 0x93, 0x8E, 0x93, 0x8E, 0x8B, 0x8E,
    0x8B, 0x8E, 0x8B, 0x6E, 0x8B, 0x4E, 0x7B, 0x2F, 0x73, 0x2E, 0x73, 0x0E, 0x6B, 0x2E, 0x6B, 0x2E,
    0x6B, 0x4E, 0x63, 0x4E, 0x63, 0x2E, 0x63, 0x2E, 0x63, 0x2E, 0x5B, 0x0E, 0x5B, 0x0E, 0x5B, 0x0E,
    0x5B, 0x0E, 0x5B, 0x0E, 0x5B, 0x0E, 0x5B, 0x0E, 0x63, 0x2E, 0x63, 0x2E, 0x63, 0x2E, 0x63, 0x2E,
    0x5B, 0x0E, 0x5A, 0xED, 0x5A, 0xCD, 0x5A, 0xEE, 0x5A, 0xED, 0x5A, 0xED, 0x5A, 0xEE, 0x5A, 0xED,
    0x5A, 0xEE, 0x5A, 0xEE, 0x5A, 0xED, 0x5B, 0x0E, 0x63, 0x2E, 0x5B, 0x2D, 0x5B, 0x6D, 0x63, 0x6E,
    0x63, 0x6E, 0x63, 0xAF, 0x6B, 0xEF, 0x73, 0xF0, 0x84, 0x11, 0x84, 0x12, 0x84, 0x12, 0x83, 0xF3,
    0x83, 0xF4, 0x83, 0xCF, 0xF4, 0x7B, 0xF5, 0x74, 0x15, 0x74, 0x15, 0x74, 0x15, 0x73, 0xF5, 0x74,
    0x15, 0x74, 0x15, 0x74, 0x15, 0x6C, 0x15, 0x6C, 0x14, 0x6B, 0xF3, 0x6B, 0xB0, 0x6B, 0xAE, 0x6B,
    0x8D, 0x73, 0xAF, 0x73, 0x8F, 0x7B, 0x8F, 0x83, 0x90, 0x93, 0xF1, 0xAC, 0x53, 0xBC, 0xF5, 0xD5,
    0x97, 0xD5, 0x76, 0xCD, 0x35, 0xCD, 0x15, 0xCD, 0x15, 0xCD, 0x15, 0xCD, 0x15, 0xC4, 0xF5, 0xC4,
    0xF5, 0xC4, 0xF5, 0xC4, 0xD5, 0xC4, 0xD5, 0xC4, 0xD5, 0xBC, 0xD5, 0xBC, 0xB4, 0xBC, 0xB4, 0xBC,
    0xB4, 0xBC, 0xB4, 0xBC, 0x02, 0xB4, 0xEA, 0x94, 0xB4, 0x94, 0xB4, 0x94, 0xB4, 0x94, 0xB4, 0x94,
    0xB4, 0x94, 0xB4, 0x94, 0xB4, 0x94, 0xBC, 0x95, 0xC4, 0xB5, 0xC4, 0xD5, 0xCC, 0xF4, 0xD5, 0x13,
    0xDD, 0x53, 0xED, 0x93, 0xF5, 0xB2, 0xF5, 0x92, 0xF5, 0x71, 0xED, 0x71, 0xED, 0x71, 0xED, 0x50,
    0xED, 0x30, 0xED, 0x51, 0xE5, 0x52, 0xC4, 0x6F, 0xC4, 0x91, 0xBC, 0x92, 0xBC, 0x92, 0xB4, 0x52,
    0x9B, 0xAF, 0x8B, 0x4D, 0x9B, 0xAF, 0x93, 0x8E, 0x9B, 0xCF, 0x9B, 0xAF, 0x93, 0xAE, 0x93, 0xAE,
    0x83, 0x4C, 0x7B, 0x0C, 0x7B, 0x2D, 0x6A, 0xEC, 0x73, 0x2E, 0x7B, 0x90, 0x73, 0x6F, 0x6B, 0x2E,
    0x62, 0xED, 0x62, 0xCD, 0x62, 0xCD, 0x5A, 0xAC, 0x5A, 0xCC, 0x52, 0xCB, 0x52, 0xAB, 0x4A, 0x8A,
    0x4A, 0x8A, 0x7F, 0xFF, 0x2A, 0xFF, 0x9C, 0xFE, 0xFF, 0xFE, 0xFF, 0xFE, 0xFF, 0xFE, 0xFF, 0xFE,
    0xFF, 0xFE, 0xFF, 0xFE, 0xFF, 0xFE, 0xFF, 0xFE, 0xFF, 0xFE, 0xFF, 0xFE, 0xFF, 0xFE, 0xFF, 0xFE,
    0xFF, 0xBF, 0xFF, 0xDF, 0x04, 0xFF, 0xFF, 0xCD, 0xF7, 0x8B, 0x2C, 0xDD, 0x14, 0x69, 0xE7, 0xCC,
    0xD2, 0xA3, 0xAF, 0x9B, 0x8E, 0x9B, 0x4E, 0x93, 0x2F, 0x93, 0x2F, 0x61, 0xC8, 0x7A, 0xAC, 0x8B,
    0x0E, 0x82, 0xEE, 0x82, 0xEE, 0x82, 0xCD, 0x6A, 0x4B, 0x49, 0x88, 0x41, 0x68, 0x41, 0xA9, 0x41,
    0xAA, 0x41, 0xAA, 0x41, 0xCA, 0x41, 0xCA, 0x49, 0xA9, 0x5A, 0x4C, 0x41, 0x89, 0x6A, 0xAD, 0x6A,
    0xAD, 0x6A, 0xAD, 0x6A, 0xAD, 0x62, 0xAD, 0x62, 0xAD, 0x62, 0xAD, 0x62, 0xAD, 0x62, 0xAD, 0x62,
    0xAD, 0x62, 0xAE, 0x62, 0xAE, 0x62, 0xAE, 0x62, 0xCF, 0x62, 0xCE, 0x49, 0xEB, 0x39, 0x89, 0x39,
    0xEB, 0x41, 0xCA, 0x5A, 0x0B, 0x62, 0x2A, 0xB4, 0x50, 0xBC, 0xB1, 0xAC, 0x4F, 0xAC, 0x70, 0xAC,
    0x4F, 0xA4, 0x2F, 0xA4, 0x2F, 0xA4, 0x0F, 0x9B, 0xEE, 0x9B, 0xEE, 0x9C, 0x0E, 0x93, 0xEE, 0x93,
    0xCE, 0x93, 0xEF, 0x8B, 0xEF, 0x8B, 0xCF, 0xFF, 0x8B, 0xCF, 0x8B, 0xAE, 0x8B, 0xAE, 0x8B, 0xAE,
    0x8B, 0xAE, 0x8B, 0xAE, 0x8B, 0xAE, 0x8B, 0xCF, 0x8B, 0xCF, 0x8B, 0xCF, 0x8B, 0xAF, 0x8B, 0xAF,
    0x83, 0x8E, 0x83, 0x8E, 0x7B, 0x6E, 0x73, 0x4E, 0x73, 0x2E, 0x6B, 0x2D, 0x6B, 0x0D, 0x63, 0x2D,
    0x6B, 0x0D, 0x5A, 0xEE, 0x5A, 0xEE, 0x5A, 0xEE, 0x5A, 0xEE, 0x5A, 0xEE, 0x5A, 0xEE, 0x5A, 0xEE,
    0x52, 0xEE, 0x52, 0xEE, 0x52, 0xEE, 0x52, 0xEE, 0x52, 0xEE, 0x52, 0xEE, 0x52, 0xEE, 0x52, 0xEE,
    0x52, 0xEE, 0x52, 0xEE, 0x52, 0xCE, 0x52, 0xCE, 0x52, 0xCE, 0x52, 0xAD, 0x52, 0xCD, 0x52, 0xEE,
    0x5B, 0x0E, 0x5B, 0x0E, 0x5B, 0x0E, 0x5B, 0x0E, 0x5B, 0x0E, 0x63, 0x2E, 0x63, 0x4E, 0x63, 0x4E,
    0x63, 0x4F, 0x63, 0x6F, 0x6B, 0x6F, 0x6B, 0xB0, 0x73, 0xB1, 0x73, 0xD1, 0x6B, 0xB1, 0x6B, 0xB1,
    0x6B, 0xB1, 0x6B, 0xB2, 0x73, 0xD2, 0x73, 0xD3, 0xCA, 0x73, 0xD3, 0x73, 0xF3, 0x73, 0xF3, 0x73,
    0xF3, 0x73, 0xF3, 0x74, 0x13, 0x74, 0x13, 0x73, 0xF3, 0x73, 0xD1, 0x6B, 0xB1, 0x6B, 0xB0, 0x6B,
    0x90, 0x6B, 0x90, 0x6B, 0x90, 0x73, 0x90, 0x73, 0xB1, 0x73, 0xB1, 0x73, 0x90, 0xA4, 0x53, 0xAC,
    0x93, 0xC5, 0x15, 0xC5, 0x36, 0xCD, 0x56, 0xCD, 0x77, 0xD5, 0x97, 0xCD, 0x15, 0xC4, 0xB4, 0xBC,
    0x73, 0xC4, 0xB4, 0xBC, 0xB3, 0xBC, 0x93, 0xBC, 0xB3, 0xBC, 0xD4, 0xBC, 0xD5, 0xBC, 0xB4, 0xBC,
    0x94, 0xBC, 0x94, 0xBC, 0x02, 0xB4, 0xE8, 0x93, 0xAC, 0x72, 0xB4, 0x93, 0xB4, 0x93, 0xB4, 0x92,
    0xC5, 0x14, 0xCD, 0x96, 0xE5, 0xB6, 0xDD, 0x54, 0xCC, 0xF3, 0xCC, 0xF2, 0xCC, 0xD2, 0xD4, 0xF2,
    0xD5, 0x32, 0xDD, 0x32, 0xDD, 0x32, 0xDD, 0x32, 0xE5, 0x53, 0xD5, 0x11, 0xC4, 0x8F, 0xD4, 0xD1,
    0xC4, 0x90, 0xCC, 0xF2, 0xCC, 0xD2, 0xAC, 0x2F, 0xB4, 0x30, 0xB4, 0x50, 0xB4, 0x51, 0xA4, 0x30,
    0x93, 0xCE, 0x83, 0x4C, 0x9C, 0x10, 0xAC, 0x71, 0x93, 0xCE, 0x83, 0x2D, 0x83, 0x4E, 0x7B, 0x2D,
    0x7B, 0x0D, 0x72, 0xCC, 0x72, 0xED, 0x6A, 0xED, 0x6A, 0xED, 0x63, 0x0D, 0x62, 0xED, 0x5A, 0xCD,
    0x5A, 0xCD, 0x5A, 0xCC, 0x52, 0xAC, 0x52, 0xAB, 0x52, 0xAB, 0x52, 0xAB, 0x52, 0xAB, 0x52, 0xAB,
    0x7F, 0xFF, 0x42, 0xFF, 0x80, 0xFE, 0x07, 0xFF, 0xFF, 0xFE, 0xEF, 0x3B, 0x8B, 0x8D, 0xAB, 0x8E,
    0xCC, 0xD2, 0xFE, 0xB9, 0xAB, 0xAE, 0x9B, 0x4E, 0x9B, 0x4E, 0x9B, 0x2E, 0x93, 0x0E, 0x69, 0xE9,
    0x82, 0xCC, 0x8B, 0x0D, 0x8A, 0xED, 0x82, 0xED, 0x82, 0xCD, 0x72, 0x8C, 0x59, 0xEA, 0x41, 0x68,
    0x49, 0xA9, 0x41, 0xA9, 0x41, 0xAA, 0x39, 0xCA, 0x41, 0xAA, 0x51, 0xEA, 0x41, 0x69, 0x62, 0x8D,
    0x6A, 0xAD, 0x6A, 0xAD, 0x6A, 0xAD, 0x6A, 0xAD, 0x62, 0xAD, 0x62, 0xAD, 0x62, 0xAD, 0x62, 0xAD,
    0x62, 0xAD, 0x62, 0xAD, 0x62, 0xAE, 0x62, 0xAE, 0x62, 0xAE, 0x62, 0xCF, 0x5A, 0x8E, 0x41, 0xCB,
    0x39, 0xAA, 0x3A, 0x0B, 0x49, 0xCA, 0x62, 0x2B, 0x72, 0x6B, 0xB4, 0x71, 0xB4, 0x90, 0xA4, 0x4F,
    0xAC, 0x50, 0xA4, 0x2F, 0xA4, 0x0F, 0xA4, 0x0F, 0x9C, 0x0F, 0x9B, 0xEE, 0x9B, 0xEE, 0x9B, 0xEE,
    0x93, 0xCD, 0x8B, 0xCE, 0x8B, 0xCF, 0x83, 0xAF, 0x83, 0xFF, 0xAF, 0x83, 0x8F, 0x83, 0x6E, 0x83,
    0x6E, 0x83, 0x6E, 0x83, 0x8E, 0x83, 0x8E, 0x83, 0x6E, 0x83, 0x8E, 0x83, 0x8E, 0x83, 0x8E, 0x83,
    0x8E, 0x83, 0x8E, 0x7B, 0x6D, 0x7B, 0x4D, 0x73, 0x4E, 0x6B, 0x2E, 0x63, 0x2D, 0x63, 0x0D, 0x63,
    0x0D, 0x63, 0x0D, 0x63, 0x0D, 0x5A, 0xEF, 0x5A, 0xEF, 0x5A, 0xEF, 0x5A, 0xEF, 0x5A, 0xEF, 0x5A,
    0xEF, 0x52, 0xEF, 0x52, 0xEE, 0x52, 0xEE, 0x52, 0xEE, 0x52, 0xEE, 0x52, 0xEE, 0x52, 0xEE, 0x52,
    0xEE, 0x52, 0xEE, 0x52, 0xEE, 0x52, 0xEE, 0x52, 0xCE, 0x52, 0xCE, 0x52, 0xCE, 0x52, 0xCE, 0x52,
    0xEE, 0x5B, 0x0E, 0x5B, 0x0F, 0x5B, 0x0E, 0x5B, 0x0E, 0x5B, 0x0E, 0x5B, 0x0E, 0x63, 0x2E, 0x63,
    0x4F, 0x63, 0x4F, 0x63, 0x4F, 0x6B, 0x6F, 0x6B, 0x70, 0x6B, 0xB1, 0x6B, 0xB1, 0x73, 0xD1, 0x6B,
    0xB1, 0x6B, 0xB1, 0x6B, 0xB1, 0x6B, 0xB1, 0x73, 0xB2, 0x73, 0xC8, 0xB2, 0x73, 0xB2, 0x73, 0xB2,
    0x73, 0xB2, 0x73, 0xB2, 0x73, 0xB2, 0x73, 0xB2, 0x6B, 0xB1, 0x6B, 0x91, 0x6B, 0x91, 0x6B, 0x91,
    0x63, 0x70, 0x6B, 0x90, 0x6B, 0x90, 0x6B, 0x90, 0x6B, 0x90, 0x6B, 0x90, 0x6B, 0x90, 0x6B, 0x90,
    0x6B, 0x0D, 0x6A, 0xED, 0x6A, 0xEC, 0x6A, 0xEC, 0x6B, 0x0D, 0x6B, 0x0D, 0x6B, 0x0D, 0x83, 0x2D,
    0x8B, 0x8E, 0x9B, 0xF0, 0xAC, 0x92, 0xB4, 0xB3, 0xBC, 0xF4, 0xC5, 0x35, 0xC5, 0x36, 0xC5, 0x15,
    0xBC, 0xD4, 0xBC, 0xD4, 0x02, 0xB4, 0xEB, 0xAC, 0x73, 0xAC, 0x92, 0xB4, 0x92, 0xA4, 0x51, 0xA4,
    0x10, 0xA4, 0x31, 0xAC, 0x72, 0xB4, 0xB3, 0xC4, 0xD2, 0xCC, 0xD2, 0xCC, 0xF2, 0xD5, 0x12, 0xCC,
    0xF2, 0xCC, 0xF2, 0xCD, 0x12, 0xD5, 0x33, 0xCD, 0x12, 0xC4, 0xB1, 0xBC, 0x70, 0xBC, 0x90, 0xC4,
    0xB0, 0xAB, 0xEE, 0xA3, 0xCE, 0xAC, 0x30, 0xAC, 0x30, 0xB4, 0x50, 0xAC, 0x30, 0xA3, 0xEF, 0x9B,
    0xCE, 0x93, 0xAE, 0x93, 0xAE, 0x8B, 0x8E, 0x93, 0xCE, 0x83, 0x4D, 0x83, 0x2C, 0x83, 0x4D, 0x7B,
    0x2E, 0x73, 0x0D, 0x72, 0xED, 0x6A, 0xCC, 0x6A, 0xCC, 0x6A, 0xCC, 0x62, 0xED, 0x5A, 0xED, 0x5A,
    0xCD, 0x5A, 0xCC, 0x5A, 0xCC, 0x5A, 0xAC, 0x52, 0x8C, 0x52, 0x8B, 0x52, 0x8B, 0x52, 0x8B, 0x52,
    0x8B, 0x52, 0x8B, 0x7F, 0xFF, 0x44, 0xFF, 0xFF, 0xFE, 0xFF, 0xFE, 0xFF, 0xFE, 0xFF, 0xFE, 0xF7,
    0xBC, 0x9B, 0xEE, 0x93, 0x0B, 0xFE, 0x78, 0xFE, 0x58, 0x93, 0x0C, 0xAB, 0xAF, 0x9B, 0x4E, 0x9B,
    0x2E, 0x93, 0x0E, 0x6A, 0x2A, 0x82, 0xCD, 0x8A, 0xED, 0x8A, 0xED, 0x82, 0xED, 0x82, 0xCD, 0x7A,
    0xCD, 0x62, 0x4B, 0x41, 0x68, 0x49, 0xA9, 0x41, 0xAA, 0x41, 0xAA, 0x39, 0xCA, 0x41, 0xAA, 0x49,
    0xA9, 0x49, 0xCA, 0x72, 0xCE, 0x6A, 0xAD, 0x6A, 0xAD, 0x6A, 0xAD, 0x6A, 0xAD, 0x62, 0xAD, 0x62,
    0xAD, 0x62, 0xAD, 0x62, 0xAD, 0x62, 0xAD, 0x62, 0xAD, 0x62, 0xAE, 0x62, 0xAE, 0x62, 0xAE, 0x62,
    0xAE, 0x52, 0x6D, 0x39, 0x8A, 0x41, 0xCA, 0x42, 0x0C, 0x49, 0xEB, 0x62, 0x2B, 0x7A, 0xAC, 0xBC,
    0x91, 0xB4, 0x70, 0xAC, 0x4F, 0xA4, 0x2F, 0xA4, 0x2F, 0x9C, 0x0F, 0x9C, 0x0F, 0x9B, 0xEE, 0x9B,
    0xCE, 0x93, 0xCE, 0x93, 0xCE, 0x8B, 0xAE, 0x83, 0xFF, 0xAE, 0x83, 0xAE, 0x7B, 0x8F, 0x7B, 0x6F,
    0x7B, 0x6E, 0x7B, 0x4E, 0x7B, 0x4E, 0x7B, 0x4E, 0x7B, 0x6E, 0x7B, 0x6E, 0x7B, 0x4E, 0x7B, 0x4E,
    0x7B, 0x4E, 0x73, 0x4D, 0x7B, 0x4E, 0x7B, 0x6E, 0x73, 0x4D, 0x73, 0x2D, 0x6B, 0x4E, 0x63, 0x2E,
    0x63, 0x0D, 0x63, 0x0D, 0x62, 0xED, 0x62, 0xED, 0x62, 0xED, 0x5A, 0xEF, 0x5A, 0xEF, 0x5A, 0xEF,
    0x5A, 0xEF, 0x5A, 0xEF, 0x5A, 0xEF, 0x52, 0xEF, 0x52, 0xEE, 0x52, 0xEE, 0x52, 0xEE, 0x52, 0xEE,
    0x52, 0xEE, 0x52, 0xEE, 0x52, 0xEE, 0x52, 0xEE, 0x52, 0xEE, 0x52, 0xEE, 0x52, 0xCE, 0x52, 0xCE,
    0x52, 0xCE, 0x52, 0xEE, 0x5B, 0x0E, 0x5B, 0x2F, 0x5B, 0x2F, 0x5B, 0x2F, 0x5B, 0x2F, 0x5B, 0x2F,
    0x5B, 0x0E, 0x63, 0x2E, 0x63, 0x4F, 0x63, 0x4F, 0x63, 0x4F, 0x6B, 0x6F, 0x6B, 0x70, 0x6B, 0xB1,
    0x6B, 0xB1, 0x73, 0xD1, 0x6B, 0xB1, 0x6B, 0xB1, 0x6B, 0xFF, 0xB1, 0x6B, 0xB1, 0x6B, 0xB1, 0x6B,
    0xB1, 0x6B, 0xB1, 0x6B, 0x91, 0x6B, 0x91, 0x6B, 0x91, 0x6B, 0x91, 0x63, 0x71, 0x63, 0x70, 0x63,
    0x50, 0x63, 0x70, 0x63, 0x50, 0x63, 0x30, 0x63, 0x70, 0x63, 0x70, 0x63, 0x70, 0x63, 0x70, 0x63,
    0x50, 0x63, 0x50, 0x63, 0x4F, 0x6B, 0x4E, 0x6B, 0x4E, 0x63, 0x2D, 0x6B, 0x2D, 0x6B, 0x4E, 0x63,
    0x2D, 0x63, 0x0D, 0x6B, 0x2D, 0x6B, 0x0C, 0x6A, 0xEC, 0x62, 0xCB, 0x62, 0xEC, 0x6B, 0x0C, 0x7B,
    0x4E, 0x8B, 0x8F, 0x9B, 0xF0, 0xAC, 0x72, 0xAC, 0xB3, 0xAC, 0xB3, 0xAC, 0xB3, 0xAC, 0x92, 0xA4,
    0x72, 0x9C, 0x31, 0x9C, 0x10, 0x9C, 0x31, 0xA4, 0x51, 0xA4, 0x51, 0xB4, 0x70, 0xC4, 0xB2, 0xC4,
    0xD2, 0xC4, 0xB1, 0xBC, 0xB1, 0xBC, 0x91, 0xBC, 0x70, 0xC4, 0xD2, 0xBC, 0xB1, 0xB4, 0x70, 0xBC,
    0x70, 0xC4, 0xF2, 0xCC, 0xF2, 0xB4, 0x50, 0x93, 0x6D, 0xA4, 0xBC, 0x0F, 0xA4, 0x10, 0x93, 0x6D,
    0x9B, 0xAE, 0xA4, 0x10, 0xA4, 0x31, 0x93, 0xCF, 0x83, 0x6E, 0x72, 0xEC, 0x83, 0x6D, 0x7B, 0x0C,
    0x7A, 0xEC, 0x7B, 0x2D, 0x73, 0x2D, 0x6A, 0xED, 0x6A, 0xED, 0x6A, 0xCC, 0x62, 0xCC, 0x62, 0xCC,
    0x62, 0xCC, 0x5A, 0xCC, 0x5A, 0xCC, 0x5A, 0xAC, 0x5A, 0xCC, 0x52, 0xAC, 0x52, 0x8B, 0x4A, 0x6B,
    0x52, 0x6B, 0x52, 0x6B, 0x52, 0x6B, 0x52, 0x6B, 0x7F, 0xFF, 0x0E, 0xFF, 0xFF, 0xFE, 0xFF, 0xFE,
    0xFF, 0xFE, 0xFF, 0xFE, 0xFF, 0xFE, 0xFF, 0xFE, 0xFF, 0xFE, 0xFF, 0xFE, 0xFF, 0xFE, 0xFF, 0xFE,
    0xFF, 0xFE, 0xFF, 0xFE, 0xFF, 0xFE, 0xFF, 0xFE, 0xFF, 0xFE, 0xFF, 0xFE, 0xFF, 0xFE, 0xFF, 0xFE,
    0xFF, 0xFE, 0xFF, 0xFE, 0xFF, 0xFE, 0xFF, 0xFE, 0xFF, 0xFE, 0xFF, 0xFE, 0xFF, 0xFE, 0xFF, 0xFE,
    0xFF, 0xFE, 0xFF, 0xFD, 0xFF, 0xFD, 0xFF, 0xFD, 0xFF, 0xFC, 0xFF, 0xDD, 0xC5, 0x53, 0xD5, 0x95,
    0xFE, 0x78, 0xE5, 0x75, 0xB4, 0x10, 0x9B, 0x2D, 0x9B, 0x4E, 0x9B, 0x2E, 0x93, 0x0E, 0x72, 0x4A,
    0x82, 0xED, 0x8A, 0xED, 0x8A, 0xED, 0x82, 0xED, 0x82, 0xCD, 0x82, 0xED, 0x6A, 0x6C, 0x41, 0x68,
    0x49, 0xA9, 0x41, 0xAA, 0x41, 0xAA, 0x39, 0xCA, 0x41, 0xAA, 0x41, 0x48, 0x62, 0x6D, 0x6A, 0xAD,
    0x6A, 0xAD, 0x6A, 0xAD, 0x6A, 0xAD, 0x6A, 0xAD, 0x62, 0xAD, 0x62, 0xAD, 0x62, 0xFF, 0xAD, 0x62,
    0xAD, 0x62, 0xAD, 0x62, 0xAD, 0x62, 0xAE, 0x62, 0xAE, 0x62, 0xAE, 0x62, 0xAE, 0x52, 0x4D, 0x39,
    0x8A, 0x41, 0xCB, 0x42, 0x0C, 0x49, 0xEB, 0x62, 0x4B, 0x7A, 0xCC, 0xBC, 0x92, 0xB4, 0x6F, 0xA4,
    0x2F, 0xA4, 0x2F, 0xA4, 0x0F, 0x9B, 0xEE, 0x9B, 0xEE, 0x9B, 0xEE, 0x93, 0xCE, 0x93, 0xCE, 0x8B,
    0xCE, 0x8B, 0xAE, 0x83, 0x8E, 0x7B, 0x8F, 0x73, 0x8F, 0x73, 0x4F, 0x73, 0x4E, 0x73, 0x4E, 0x73,
    0x4E, 0x73, 0x4E, 0x73, 0x4E, 0x73, 0x4E, 0x73, 0x4E, 0x6B, 0x2D, 0x6B, 0x2D, 0x6B, 0x2D, 0x73,
    0x4E, 0x73, 0x4E, 0x6B, 0x2D, 0x6B, 0x0D, 0x63, 0x2E, 0x63, 0x2E, 0x5B, 0x0E, 0x5B, 0x0E, 0x5A,
    0xEE, 0x5A, 0xEE, 0x5A, 0xEE, 0x5A, 0xEF, 0x5A, 0xEF, 0x5A, 0xEF, 0x5A, 0xEF, 0x5A, 0xEF, 0x5A,
    0xEF, 0x52, 0xEF, 0x52, 0xEE, 0x52, 0xEE, 0x52, 0xEE, 0x52, 0xEE, 0x52, 0xEE, 0x52, 0xFF, 0xEE,
    0x52, 0xEE, 0x52, 0xEE, 0x52, 0xEE, 0x52, 0xEE, 0x52, 0xCE, 0x52, 0xCE, 0x52, 0xCE, 0x5B, 0x0E,
    0x5B, 0x0E, 0x5B, 0x2F, 0x5B, 0x2F, 0x5B, 0x2F, 0x5B, 0x2F, 0x5B, 0x2F, 0x5B, 0x0E, 0x63, 0x2E,
    0x63, 0x4F, 0x63, 0x4F, 0x63, 0x4F, 0x6B, 0x6F, 0x6B, 0x70, 0x6B, 0xB1, 0x6B, 0xB1, 0x73, 0xD1,
    0x6B, 0xB1, 0x6B, 0xB1, 0x6B, 0xB1, 0x6B, 0xB1, 0x6B, 0x91, 0x6B, 0x91, 0x6B, 0x91, 0x6B, 0x71,
    0x6B, 0x71, 0x6B, 0x71, 0x63, 0x70, 0x63, 0x50, 0x63, 0x30, 0x5B, 0x2F, 0x63, 0x50, 0x63, 0x30,
    0x5B, 0x2F, 0x63, 0x70, 0x63, 0x6F, 0x63, 0x70, 0x63, 0x4F, 0x63, 0x4F, 0x63, 0x4F, 0x63, 0x4F,
    0x5B, 0x2D, 0x5B, 0x2E, 0x63, 0x4E, 0x63, 0x6F, 0x63, 0x4E, 0x5B, 0x2E, 0x5B, 0x2D, 0x5A, 0xEC,
    0x63, 0x0C, 0x63, 0x2D, 0x6B, 0x4E, 0x6B, 0x4D, 0x6B, 0x4D, 0x6B, 0x0D, 0x6A, 0xCC, 0x6A, 0xF2,
    0xEC, 0x72, 0xEC, 0x7B, 0x4D, 0x83, 0x6E, 0x8B, 0xF0, 0x94, 0x10, 0x9C, 0x30, 0x9C, 0x51, 0x9C,
    0x51, 0xA4, 0x92, 0xA4, 0x92, 0xA4, 0x71, 0xB4, 0x71, 0xBC, 0xB2, 0xBC, 0xB1, 0xB4, 0x50, 0xB4,
    0x50, 0xAC, 0x2F, 0xA3, 0xEF, 0xB4, 0x50, 0xB4, 0x50, 0xB4, 0x71, 0xB4, 0x70, 0xB4, 0x70, 0xAC,
    0x50, 0xA3, 0xCE, 0x8B, 0x6D, 0xA4, 0x10, 0xA4, 0x31, 0xA3, 0xF0, 0x9B, 0xEF, 0x9B, 0xCF, 0x8B,
    0x8E, 0x83, 0x4E, 0x83, 0x6E, 0x83, 0x6E, 0x7B, 0x2D, 0x7B, 0x4D, 0x7B, 0x2D, 0x73, 0x0D, 0x6B,
    0x2D, 0x6A, 0xED, 0x62, 0xEC, 0x62, 0xCC, 0x62, 0xCC, 0x62, 0xCC, 0x62, 0xCC, 0x5A, 0xCC, 0x5A,
    0xAC, 0x52, 0xAC, 0x5A, 0xAC, 0x52, 0x8C, 0x52, 0x6B, 0x4A, 0x6B, 0x4A, 0x6B, 0x4A, 0x6B, 0x4A,
    0x6B, 0x4A, 0x6B, 0x65, 0xFF, 0xFF, 0xFE, 0xFF, 0xFE, 0xFF, 0xFE, 0xFF, 0xFE, 0xFF, 0xFE, 0xFF,
    0xFE, 0xFF, 0xFE, 0xFF, 0xFD, 0xFF, 0xDD, 0xFF, 0xDD, 0xFF, 0xFD, 0xFF, 0xFD, 0xFF, 0xFD, 0xFF,
    0xDC, 0xFF, 0xDC, 0xFF, 0xDC, 0xFF, 0xDC, 0xFF, 0xDC, 0xFF, 0xDC, 0xFF, 0xDB, 0xFF, 0xBA, 0xFF,
    0xBA, 0xFF, 0xBA, 0xFF, 0xBA, 0xFF, 0xBA, 0xFF, 0xBA, 0xFF, 0xBA, 0xFF, 0x9A, 0xFF, 0x9A, 0xFF,
    0x9A, 0xFF, 0x9A, 0xFF, 0x9A, 0xFF, 0x9A, 0xFF, 0x9A, 0xFF, 0x9B, 0xFF, 0x9B, 0xFF, 0x9B, 0xFF,
    0x9B, 0xFF, 0x9B, 0xFF, 0x9B, 0xFF, 0xBB, 0xFF, 0xBB, 0xFF, 0xBB, 0xFF, 0xBB, 0xFF, 0xBB, 0xFF,
    0xBB, 0xFF, 0xBB, 0xFF, 0xDA, 0xFF, 0xFA, 0xFF, 0xDA, 0xFF, 0xBA, 0xEE, 0xD8, 0xAC, 0x6F, 0xFE,
    0x78, 0xFE, 0x58, 0xCC, 0xD2, 0xAB, 0xCF, 0xA3, 0x6E, 0xA3, 0x6F, 0x9B, 0x2E, 0x9B, 0x2F, 0x8B,
    0x2E, 0x8B, 0x0D, 0x8A, 0xED, 0x82, 0xFF, 0xCD, 0x82, 0xCD, 0x82, 0xCD, 0x7A, 0xCD, 0x7A, 0xEE,
    0x62, 0x6C, 0x49, 0xA9, 0x49, 0xCA, 0x41, 0xCA, 0x41, 0xEB, 0x41, 0xCA, 0x41, 0x89, 0x6A, 0xAE,
    0x6A, 0xAE, 0x6A, 0xAE, 0x6A, 0xAE, 0x6A, 0xAE, 0x6A, 0xAD, 0x62, 0xAD, 0x62, 0xAD, 0x62, 0xAD,
    0x62, 0xAD, 0x62, 0xAD, 0x62, 0xAD, 0x62, 0xAE, 0x62, 0xAE, 0x62, 0xAE, 0x62, 0xAE, 0x49, 0xEB,
    0x41, 0xCB, 0x41, 0xCB, 0x39, 0xCB, 0x52, 0x2B, 0x6A, 0x6C, 0x93, 0x6F, 0xB4, 0x50, 0xAC, 0x4F,
    0xAC, 0x4F, 0xA4, 0x2F, 0xA4, 0x2F, 0x9C, 0x0F, 0x9B, 0xEE, 0x9B, 0xEE, 0x93, 0xCE, 0x8B, 0xCE,
    0x8B, 0xCF, 0x83, 0xAE, 0x7B, 0x8F, 0x7B, 0x6F, 0x73, 0x4F, 0x6B, 0x4F, 0x6B, 0x4F, 0x6B, 0x4F,
    0x6B, 0x4F, 0x6B, 0x4F, 0x6B, 0x2E, 0x6B, 0x2E, 0x6B, 0x2E, 0x6B, 0x2E, 0x6B, 0x2E, 0x6B, 0x2E,
    0x6B, 0x2E, 0x6B, 0x2E, 0x6B, 0x2E, 0x6B, 0xFF, 0x2E, 0x5B, 0x0E, 0x5B, 0x2F, 0x5B, 0x2F, 0x5B,
    0x0E, 0x5B, 0x0E, 0x5B, 0x0E, 0x5B, 0x0E, 0x5A, 0xEF, 0x5A, 0xEF, 0x5A, 0xEF, 0x52, 0xEE, 0x52,
    0xEE, 0x52, 0xEE, 0x52, 0xEE, 0x52, 0xEE, 0x52, 0xEE, 0x52, 0xEE, 0x52, 0xCE, 0x52, 0xCE, 0x52,
    0xCE, 0x52, 0xCE, 0x52, 0xCE, 0x52, 0xCE, 0x52, 0xCE, 0x52, 0xCE, 0x52, 0xCE, 0x52, 0xCE, 0x52,
    0xCE, 0x52, 0xEE, 0x5B, 0x0E, 0x5B, 0x0E, 0x5B, 0x2F, 0x63, 0x4F, 0x63, 0x4F, 0x6B, 0x70, 0x6B,
    0x90, 0x6B, 0x90, 0x6B, 0x6F, 0x6B, 0x6F, 0x6B, 0x70, 0x6B, 0x90, 0x6B, 0x91, 0x6B, 0x91, 0x6B,
    0x91, 0x6B, 0xB1, 0x6B, 0xB1, 0x6B, 0xB1, 0x6B, 0xB1, 0x6B, 0xB2, 0x6B, 0xB1, 0x6B, 0x91, 0x6B,
    0xB1, 0x6B, 0x91, 0x63, 0x70, 0x63, 0x70, 0x63, 0x50, 0x5B, 0x30, 0x5B, 0x2F, 0x5A, 0xEF, 0x52,
    0xEE, 0x52, 0xCE, 0x4A, 0xAD, 0x52, 0xCD, 0x52, 0xFF, 0xEE, 0x5B, 0x0E, 0x5B, 0x0E, 0x5B, 0x0E,
    0x5B, 0x0E, 0x5B, 0x0E, 0x5B, 0x0E, 0x5B, 0x0E, 0x5B, 0x0E, 0x5B, 0x2E, 0x5B, 0x2E, 0x5B, 0x2E,
    0x5B, 0x0D, 0x5B, 0x0D, 0x5B, 0x0D, 0x5B, 0x0D, 0x5B, 0x2D, 0x5B, 0x2E, 0x63, 0x2D, 0x6B, 0x2C,
    0x6B, 0x2C, 0x6B, 0x2C, 0x6B, 0x2C, 0x6B, 0x2C, 0x6B, 0x4D, 0x73, 0x4D, 0x73, 0x4C, 0x7B, 0x8E,
    0x83, 0xAE, 0x9C, 0x71, 0x9C, 0x92, 0xA4, 0xD2, 0xA4, 0x30, 0xA4, 0x30, 0xA4, 0x10, 0xA4, 0x10,
    0xA4, 0x10, 0x9B, 0xEF, 0x9B, 0xAE, 0x93, 0xAE, 0x9B, 0xAE, 0x9B, 0xCF, 0x9B, 0xEF, 0xA4, 0x10,
    0xA4, 0x10, 0x9B, 0xEF, 0x83, 0x4D, 0x7B, 0x2D, 0x7B, 0x0D, 0x83, 0x2D, 0x83, 0x2D, 0x83, 0x2D,
    0x7B, 0x2D, 0x73, 0x2E, 0x73, 0x2E, 0x73, 0x2E, 0x73, 0x2D, 0x6B, 0x0D, 0x6A, 0xEC, 0x62, 0xEC,
    0x63, 0x0D, 0x5A, 0xEC, 0x5A, 0xCC, 0x5A, 0xCB, 0x5A, 0x98, 0xCB, 0x5A, 0xCB, 0x5A, 0xAC, 0x52,
    0xAC, 0x52, 0xAC, 0x52, 0xAC, 0x52, 0x8B, 0x52, 0x8B, 0x52, 0x8B, 0x4A, 0x6B, 0x4A, 0x6B, 0x4A,
    0x6B, 0x4A, 0x6B, 0x02, 0x4A, 0x65, 0xFF, 0xB2, 0xFE, 0xFF, 0xFE, 0xFF, 0xFE, 0xFF, 0xFE, 0xFF,
    0xFE, 0xFF, 0xFE, 0xFF, 0xFD, 0xFF, 0xDB, 0xFF, 0xFC, 0xFF, 0xDB, 0xFF, 0xBB, 0xFF, 0xBA, 0xFF,
    0xBB, 0xF7, 0x78, 0xFF, 0x78, 0xFF, 0x78, 0xFF, 0x78, 0xFF, 0x78, 0xFF, 0x78, 0xFF, 0x78, 0xFF,
    0x36, 0xFF, 0x36, 0xFF, 0x36, 0xFF, 0x16, 0xF7, 0x16, 0xF7, 0x16, 0x02, 0xF6, 0xFF, 0xFE, 0xD5,
    0xFE, 0xD5, 0xFE, 0xD5, 0xFE, 0xD5, 0xFE, 0xD5, 0xFE, 0xD5, 0xF6, 0xD6, 0xF6, 0xF7, 0xF6, 0xF7,
    0xF6, 0xF7, 0xF6, 0xF7, 0xFE, 0xF7, 0xFF, 0x18, 0xFF, 0x58, 0xF7, 0x98, 0xF7, 0x98, 0xF7, 0x98,
    0xF7, 0x98, 0xF7, 0x98, 0xF7, 0x98, 0xFF, 0x98, 0xFF, 0x98, 0xFF, 0x78, 0xFF, 0x59, 0xCD, 0x51,
    0xB4, 0x4F, 0xFE, 0x57, 0xF6, 0x16, 0xBC, 0x50, 0xAB, 0xCF, 0xA3, 0x8E, 0xA3, 0x6F, 0x9B, 0x2F,
    0x9B, 0x2F, 0x8B, 0x2E, 0x8B, 0x0D, 0x8A, 0xED, 0x82, 0xCD, 0x82, 0xCD, 0x82, 0xCD, 0x7A, 0xED,
    0x7A, 0xED, 0x72, 0xAD, 0x49, 0xC9, 0x49, 0xCA, 0x41, 0xCA, 0x41, 0xEB, 0x41, 0xAA, 0x49, 0x89,
    0x72, 0xEE, 0x6A, 0xAD, 0x6A, 0xAE, 0x6A, 0xAE, 0x6A, 0xAE, 0x6A, 0xAD, 0x62, 0xAD, 0x62, 0xAD,
    0x62, 0xAD, 0x62, 0xAD, 0x62, 0xAD, 0x62, 0xAD, 0x62, 0xAE, 0x62, 0xAE, 0x62, 0xAE, 0xFF, 0x5A,
    0x8E, 0x41, 0xAA, 0x41, 0xEB, 0x41, 0xAA, 0x39, 0xCB, 0x52, 0x2C, 0x6A, 0x6C, 0xA3, 0xD0, 0xB4,
    0x51, 0xAC, 0x4F, 0xAC, 0x4F, 0xA4, 0x2F, 0xA4, 0x2F, 0x9C, 0x0F, 0x9B, 0xEE, 0x9B, 0xEE, 0x93,
    0xCE, 0x93, 0xAE, 0x83, 0xCF, 0x7B, 0xAF, 0x7B, 0x8F, 0x73, 0x6F, 0x6B, 0x6F, 0x6B, 0x50, 0x6B,
    0x4F, 0x6B, 0x4F, 0x6B, 0x4F, 0x6B, 0x4F, 0x63, 0x4F, 0x63, 0x4E, 0x6B, 0x2E, 0x6B, 0x2E, 0x6B,
    0x2E, 0x63, 0x4F, 0x63, 0x4F, 0x63, 0x4F, 0x6B, 0x2E, 0x63, 0x2F, 0x5B, 0x2F, 0x53, 0x2F, 0x53,
    0x2F, 0x53, 0x0F, 0x53, 0x0F, 0x53, 0x0F, 0x53, 0x0F, 0x5A, 0xEF, 0x5A, 0xEF, 0x5A, 0xEF, 0x52,
    0xEE, 0x52, 0xEE, 0x52, 0xEE, 0x52, 0xEE, 0x52, 0xEE, 0x52, 0xEE, 0x52, 0xEE, 0x52, 0xCE, 0x52,
    0xCE, 0x52, 0xCE, 0x52, 0xCE, 0x52, 0xCE, 0x52, 0xCE, 0x52, 0xCE, 0x52, 0xCE, 0x52, 0xCE, 0xFF,
    0x52, 0xCE, 0x52, 0xCE, 0x52, 0xCE, 0x52, 0xEE, 0x52, 0xEE, 0x52, 0xEE, 0x5B, 0x0F, 0x5B, 0x2F,
    0x6B, 0x6F, 0x6B, 0x6F, 0x6B, 0x6F, 0x63, 0x4F, 0x63, 0x4F, 0x6B, 0x6F, 0x6B, 0x70, 0x63, 0x70,
    0x63, 0x70, 0x63, 0x70, 0x6B, 0x90, 0x6B, 0x90, 0x6B, 0x90, 0x6B, 0x91, 0x6B, 0x71, 0x6B, 0x91,
    0x6B, 0x91, 0x6B, 0x91, 0x63, 0x71, 0x63, 0x70, 0x63, 0x50, 0x5B, 0x30, 0x5B, 0x0F, 0x5B, 0x0F,
    0x52, 0xCE, 0x4A, 0xAE, 0x4A, 0x8D, 0x42, 0x6C, 0x4A, 0x8C, 0x4A, 0xAD, 0x52, 0xCD, 0x52, 0xCD,
    0x52, 0xCD, 0x52, 0xCD, 0x4A, 0xAD, 0x4A, 0xAD, 0x4A, 0xAD, 0x52, 0xCD, 0x5A, 0xEE, 0x5A, 0xEE,
    0x5A, 0xEE, 0x5A, 0xED, 0x5A, 0xED, 0x5A, 0xED, 0x5A, 0xEE, 0x5B, 0x0E, 0x63, 0x0E, 0x63, 0x2E,
    0x63, 0x2C, 0x63, 0x2C, 0x63, 0x2C, 0x63, 0x2C, 0x63, 0x4C, 0x6B, 0x6D, 0x73, 0x6D, 0x73, 0x6D,
    0xE3, 0x73, 0x6D, 0x73, 0x6D, 0x7B, 0x8E, 0x7B, 0xAE, 0x83, 0xEF, 0x93, 0xCE, 0x93, 0xCF, 0x93,
    0xCF, 0x93, 0xCF, 0x93, 0xCF, 0x93, 0xAE, 0x93, 0xAE, 0x93, 0xAF, 0x93, 0xAE, 0x8B, 0x8E, 0x93,
    0x8E, 0x93, 0x8E, 0x93, 0x8E, 0x93, 0xAF, 0x93, 0xD0, 0x8B, 0x8F, 0x83, 0x4F, 0x7B, 0x0E, 0x7B,
    0x0D, 0x7B, 0x0D, 0x73, 0x0E, 0x6B, 0x0E, 0x6B, 0x0E, 0x6B, 0x0E, 0x6B, 0x0E, 0x6A, 0xED, 0x62,
    0xCD, 0x62, 0xEC, 0x5A, 0xEC, 0x5A, 0xCC, 0x5A, 0xCB, 0x52, 0xAB, 0x52, 0xAB, 0x52, 0xAB, 0x52,
    0xAB, 0x52, 0x8B, 0x52, 0x8B, 0x52, 0x8B, 0x52, 0x6B, 0x52, 0x6B, 0x52, 0x6B, 0x4A, 0x6B, 0x4A,
    0x6B, 0x4A, 0x6B, 0x4A, 0x6B, 0x02, 0x4A, 0x65, 0xFF, 0xFF, 0xFE, 0xFF, 0xFE, 0xFF, 0xFE, 0xFF,
    0xFE, 0xFF, 0xFE, 0xFF, 0xFE, 0xFF, 0xDC, 0xFF, 0x99, 0xFF, 0x99, 0xFF, 0x78, 0xFF, 0x78, 0xFF,
    0x78, 0xFF, 0x78, 0xFF, 0x77, 0xFF, 0x77, 0xFF, 0x77, 0xFF, 0x77, 0xFF, 0x77, 0xFF, 0x77, 0xFF,
    0x77, 0xFF, 0x15, 0xFF, 0x15, 0xFF, 0x15, 0xFE, 0xF4, 0xFE, 0xD4, 0xFE, 0xD4, 0xFE, 0xD4, 0xFE,
    0x93, 0xFE, 0x93, 0xFE, 0x93, 0xFE, 0x93, 0xFE, 0x93, 0xFE, 0x93, 0xFE, 0x94, 0xFE, 0xB5, 0xFE,
    0xB5, 0xFE, 0xB5, 0xFE, 0xB5, 0xFE, 0xB5, 0xFE, 0xF6, 0xFF, 0x57, 0xFF, 0x97, 0xFF, 0x97, 0xFF,
    0x97, 0xFF, 0xB7, 0xFF, 0xB7, 0xFF, 0xB7, 0xFF, 0x56, 0xFF, 0x36, 0xF7, 0x15, 0xF6, 0xB6, 0xC5,
    0x10, 0xBC, 0x6F, 0xFE, 0x17, 0xED, 0xB5, 0xAB, 0xCE, 0xAB, 0xCF, 0xA3, 0x8E, 0xA3, 0x6F, 0x9B,
    0x2F, 0x9B, 0x2F, 0x8B, 0x2E, 0x8B, 0x0D, 0x8A, 0xED, 0x82, 0xFF, 0xCD, 0x82, 0xCD, 0x82, 0xCD,
    0x82, 0xEE, 0x72, 0xCD, 0x7A, 0xEE, 0x51, 0xEA, 0x49, 0xCA, 0x41, 0xCA, 0x41, 0xEB, 0x41, 0xAA,
    0x49, 0xA9, 0x7B, 0x0F, 0x6A, 0xAE, 0x6A, 0xAE, 0x6A, 0xAE, 0x6A, 0xAE, 0x6A, 0xAD, 0x62, 0xAD,
    0x62, 0xAD, 0x62, 0xAD, 0x62, 0xAD, 0x62, 0xAD, 0x62, 0xAD, 0x62, 0xAE, 0x62, 0xAE, 0x62, 0xAE,
    0x5A, 0x6D, 0x39, 0x8A, 0x49, 0xEB, 0x39, 0xAA, 0x39, 0xEB, 0x52, 0x2C, 0x6A, 0x8D, 0xAC, 0x52,
    0xB4, 0x71, 0xAC, 0x4F, 0xA4, 0x2E, 0xA4, 0x2F, 0xA4, 0x2F, 0x9C, 0x0F, 0x9B, 0xEE, 0x9B, 0xEE,
    0x93, 0xCE, 0x8B, 0xAE, 0x83, 0xCF, 0x83, 0xAF, 0x7B, 0xAF, 0x73, 0x6F, 0x6B, 0x70, 0x6B, 0x50,
    0x63, 0x2F, 0x63, 0x2F, 0x63, 0x2F, 0x63, 0x4F, 0x63, 0x4F, 0x63, 0x4F, 0x63, 0x4F, 0x63, 0x4F,
    0x63, 0x4F, 0x63, 0x4F, 0x63, 0x4F, 0x63, 0x4F, 0x63, 0x4F, 0x63, 0xFF, 0x4F, 0x53, 0x2F, 0x53,
    0x2F, 0x53, 0x2F, 0x53, 0x2F, 0x53, 0x0F, 0x53, 0x0F, 0x53, 0x0F, 0x5A, 0xEF, 0x5A, 0xEF, 0x5A,
    0xEF, 0x52, 0xEE, 0x52, 0xEE, 0x52, 0xEE, 0x52, 0xEE, 0x52, 0xEE, 0x52, 0xEE, 0x52, 0xEE, 0x52,
    0xCE, 0x52, 0xCE, 0x52, 0xCE, 0x52, 0xCE, 0x52, 0xCE, 0x52, 0xCE, 0x52, 0xCE, 0x52, 0xCE, 0x52,
    0xCE, 0x52, 0xCE, 0x4A, 0xAD, 0x52, 0xCD, 0x52, 0xCD, 0x52, 0xCE, 0x52, 0xCD, 0x52, 0xEE, 0x5A,
    0xEE, 0x5A, 0xEE, 0x5A, 0xEE, 0x5A, 0xEE, 0x5B, 0x0E, 0x63, 0x2F, 0x63, 0x4F, 0x6B, 0x4F, 0x63,
    0x4F, 0x63, 0x4F, 0x63, 0x4F, 0x63, 0x70, 0x63, 0x70, 0x63, 0x70, 0x63, 0x50, 0x63, 0x50, 0x63,
    0x70, 0x6B, 0x91, 0x6B, 0x91, 0x63, 0x70, 0x63, 0x50, 0x63, 0x30, 0x5B, 0x0F, 0x5B, 0x0F, 0x52,
    0xEF, 0x52, 0xEE, 0x52, 0xEE, 0x52, 0xCE, 0x52, 0xEE, 0x52, 0xCD, 0x4A, 0xFF, 0xAD, 0x4A, 0x8C,
    0x4A, 0x8C, 0x4A, 0x8C, 0x4A, 0x8C, 0x52, 0x8D, 0x52, 0x8D, 0x52, 0x8D, 0x52, 0xAD, 0x5A, 0xAE,
    0x5A, 0xAE, 0x5A, 0xAD, 0x5A, 0xCD, 0x5A, 0xCD, 0x5A, 0xCD, 0x5A, 0xCD, 0x5A, 0xEE, 0x5B, 0x0E,
    0x63, 0x2D, 0x63, 0x4C, 0x63, 0x4C, 0x63, 0x4C, 0x63, 0x2C, 0x63, 0x4D, 0x6B, 0x6D, 0x6B, 0x6D,
    0x73, 0x6D, 0x73, 0x8D, 0x7B, 0xAE, 0x73, 0x4C, 0x73, 0x8D, 0x7B, 0xAE, 0x8B, 0xCE, 0x93, 0xCF,
    0x93, 0xEF, 0x9C, 0x10, 0x9C, 0x10, 0x9C, 0x10, 0x9C, 0x10, 0x9C, 0x10, 0x9C, 0x10, 0x9C, 0x10,
    0x93, 0xCF, 0x83, 0x2D, 0x83, 0x2D, 0x8B, 0x8E, 0x93, 0xD0, 0x83, 0x6F, 0x7B, 0x2E, 0x73, 0x0D,
    0x73, 0x0D, 0x73, 0x0D, 0x73, 0x0D, 0x6B, 0x0E, 0x6B, 0x0E, 0x6B, 0x0E, 0x6B, 0x0E, 0x62, 0xED,
    0x62, 0xCD, 0x5A, 0xCC, 0x5A, 0xEC, 0x52, 0xCB, 0x52, 0xCB, 0x52, 0xAB, 0x52, 0x98, 0xAB, 0x52,
    0xAB, 0x52, 0x8B, 0x52, 0x6B, 0x52, 0x6B, 0x52, 0x6B, 0x4A, 0x6B, 0x4A, 0x6B, 0x4A, 0x6B, 0x4A,
    0x6B, 0x4A, 0x6B, 0x4A, 0x6B, 0x4A, 0x6B, 0x02, 0x4A, 0x51, 0xFF, 0x84, 0xFE, 0xFF, 0xFE, 0xFF,
    0xFE, 0x03, 0xFF, 0xFF, 0xFE, 0xFF, 0xFC, 0xFF, 0xBA, 0xFF, 0xB9, 0xFF, 0xB8, 0xFF, 0xB7, 0xFF,
    0x97, 0xFF, 0x97, 0xFF, 0x97, 0xFF, 0x77, 0xFF, 0x77, 0xFF, 0x77, 0xFF, 0x77, 0xFF, 0x77, 0xFF,
    0x77, 0xFF, 0x77, 0xFF, 0x76, 0xFF, 0x76, 0xFF, 0x76, 0xFF, 0x35, 0xFF, 0x55, 0xFF, 0x55, 0xFF,
    0x55, 0xFF, 0x55, 0xFF, 0x55, 0xFF, 0x35, 0xFF, 0x15, 0xFE, 0xF4, 0xFE, 0xB4, 0xFE, 0x93, 0xFE,
    0x93, 0xFE, 0x93, 0xFE, 0x93, 0xF6, 0x72, 0xF6, 0x72, 0xF6, 0x72, 0xF6, 0x73, 0xFE, 0x73, 0xFE,
    0x74, 0xFE, 0x74, 0xF6, 0x95, 0xFE, 0xB5, 0xFE, 0xD6, 0xFE, 0xD6, 0xFE, 0xD6, 0xFE, 0xD6, 0xFE,
    0xF7, 0xFF, 0x38, 0xFF, 0x58, 0xFF, 0x58, 0xFF, 0x58, 0xFF, 0x17, 0xF6, 0xF7, 0xFE, 0x97, 0xFE,
    0x76, 0xF6, 0x35, 0xF6, 0x15, 0xDD, 0x92, 0x9B, 0x6A, 0xFE, 0xB7, 0xF6, 0x16, 0xBC, 0x50, 0xB3,
    0xCF, 0xAB, 0xAE, 0xA3, 0xFF, 0x6E, 0x9B, 0x2D, 0x9B, 0x0D, 0x93, 0x2E, 0x93, 0x0D, 0x93, 0x0D,
    0x8A, 0xCC, 0x8A, 0xCC, 0x8A, 0xCC, 0x82, 0xEC, 0x82, 0xEC, 0x7A, 0xCD, 0x72, 0xAD, 0x51, 0xC9,
    0x41, 0x68, 0x51, 0xEB, 0x41, 0x89, 0x5A, 0x4B, 0x6A, 0xAD, 0x6A, 0xCD, 0x6A, 0xAD, 0x6A, 0x8D,
    0x62, 0x8C, 0x6A, 0xAD, 0x62, 0xAD, 0x62, 0xAD, 0x62, 0xAD, 0x62, 0xAD, 0x62, 0xAD, 0x62, 0xAD,
    0x6A, 0xCE, 0x62, 0x8D, 0x62, 0xAE, 0x41, 0xEB, 0x41, 0xCA, 0x41, 0xEB, 0x41, 0xEC, 0x41, 0xEB,
    0x62, 0x8B, 0x72, 0xAB, 0xAC, 0x50, 0xAC, 0x4F, 0xA4, 0x4F, 0x9C, 0x0E, 0xA4, 0x0D, 0x9B, 0xED,
    0x93, 0xEE, 0x94, 0x0E, 0x93, 0xEE, 0x8B, 0xCE, 0x7B, 0xAF, 0x73, 0x90, 0x73, 0x6F, 0x6B, 0x6F,
    0x73, 0x8F, 0x73, 0x6F, 0x6B, 0x4F, 0x6B, 0x4E, 0x6B, 0x2E, 0x6B, 0x2E, 0x6B, 0x2E, 0x6B, 0x2E,
    0x6B, 0x2E, 0x6B, 0x2E, 0x6B, 0xFF, 0x2E, 0x6B, 0x2E, 0x6B, 0x2E, 0x6B, 0x2E, 0x63, 0x2E, 0x63,
    0x2E, 0x63, 0x2E, 0x5B, 0x0F, 0x5B, 0x0F, 0x5B, 0x0F, 0x5B, 0x0F, 0x5A, 0xEF, 0x5A, 0xEF, 0x5A,
    0xEF, 0x52, 0xEF, 0x52, 0xEF, 0x52, 0xEF, 0x52, 0xEF, 0x52, 0xEF, 0x52, 0xEF, 0x52, 0xCF, 0x4A,
    0xEE, 0x4A, 0xEE, 0x4A, 0xEE, 0x4A, 0xEE, 0x4A, 0xEE, 0x4A, 0xEE, 0x4A, 0xEE, 0x4A, 0xEE, 0x4A,
    0xEE, 0x4A, 0xEE, 0x4A, 0xEE, 0x4A, 0xEE, 0x4A, 0xEE, 0x4A, 0xCE, 0x52, 0xAE, 0x52, 0xAE, 0x52,
    0xAE, 0x52, 0xAE, 0x52, 0xAE, 0x52, 0xAE, 0x52, 0xEE, 0x52, 0xEE, 0x52, 0xEE, 0x52, 0xCE, 0x52,
    0xAE, 0x52, 0xAE, 0x52, 0xAE, 0x52, 0xEE, 0x52, 0xEE, 0x52, 0xEE, 0x5B, 0x0F, 0x5B, 0x0F, 0x5B,
    0x0F, 0x5B, 0x0F, 0x5B, 0x0F, 0x63, 0x50, 0x6B, 0x71, 0x63, 0x50, 0x5B, 0x2F, 0x5B, 0x0F, 0x53,
    0x0F, 0x53, 0x0F, 0x53, 0x0F, 0x53, 0xFF, 0x0F, 0x53, 0x0F, 0x53, 0x0F, 0x53, 0x0F, 0x52, 0xEF,
    0x52, 0xEE, 0x52, 0xEE, 0x52, 0xEE, 0x52, 0xAE, 0x4A, 0x6D, 0x4A, 0xAD, 0x52, 0xCE, 0x52, 0xCE,
    0x52, 0xCE, 0x52, 0xCE, 0x52, 0xCE, 0x52, 0xCE, 0x52, 0xCE, 0x52, 0xCD, 0x52, 0xCD, 0x52, 0xCD,
    0x52, 0xED, 0x52, 0xED, 0x52, 0xED, 0x52, 0xED, 0x5A, 0xED, 0x5B, 0x0D, 0x5B, 0x0D, 0x63, 0x2E,
    0x63, 0x4E, 0x6B, 0x6E, 0x6B, 0x6E, 0x6B, 0x4C, 0x6B, 0x6D, 0x73, 0x8D, 0x73, 0x8D, 0x73, 0xAE,
    0x73, 0xAE, 0x83, 0x8E, 0x83, 0x8E, 0x8B, 0xAE, 0x8B, 0xCF, 0x8B, 0xCF, 0x8B, 0xCF, 0x8B, 0xCF,
    0x8B, 0xAF, 0x8B, 0xAF, 0x8B, 0xAF, 0x83, 0x6D, 0x7B, 0x2C, 0x83, 0x8E, 0x8B, 0xCF, 0x83, 0x8E,
    0x7B, 0x2D, 0x72, 0xEB, 0x73, 0x0C, 0x73, 0x0C, 0x72, 0xEB, 0x6A, 0xCC, 0x6A, 0xED, 0x6A, 0xED,
    0x6A, 0xED, 0x6A, 0xED, 0x6A, 0xCD, 0x62, 0xA6, 0xAC, 0x5A, 0xAC, 0x52, 0xCC, 0x52, 0xCC, 0x52,
    0xCC, 0x52, 0xAC, 0x52, 0xAC, 0x52, 0xAC, 0x52, 0xAC, 0x4A, 0x8B, 0x4A, 0x8B, 0x4A, 0x8B, 0x4A,
    0x6A, 0x4A, 0x6A, 0x4A, 0x6A, 0x4A, 0x6A, 0x4A, 0x6A, 0x4A, 0x6A, 0x4A, 0x6A, 0x4A, 0x6A, 0x4D,
    0xFF, 0xFF, 0xFE, 0xFF, 0xFE, 0xFF, 0xFD, 0xFF, 0xFD, 0xFF, 0xFD, 0xFF, 0xDD, 0xFF, 0xDD, 0xFF,
    0xDB, 0xFF, 0xBA, 0xFF, 0xB9, 0xFF, 0xB8, 0xFF, 0x98, 0xFF, 0x98, 0xFF, 0x97, 0xFF, 0x97, 0xFF,
    0x77, 0xFF, 0x77, 0xFF, 0x77, 0xFF, 0x77, 0xFF, 0x76, 0xFF, 0x76, 0xFF, 0x56, 0xFF, 0x56, 0xFF,
    0x56, 0xFF, 0x36, 0xFF, 0x35, 0xFF, 0x35, 0xFF, 0x35, 0xFF, 0x35, 0xFF, 0x14, 0xFF, 0x14, 0xFF,
    0x14, 0xFE, 0xD4, 0xFE, 0xB4, 0xFE, 0xB3, 0xFE, 0x93, 0xF6, 0x73, 0xF6, 0x73, 0xF6, 0x73, 0xF6,
    0x72, 0xF6, 0x72, 0xF6, 0x72, 0xFE, 0x73, 0xFE, 0x94, 0xFE, 0x94, 0xFE, 0x95, 0xF6, 0xB5, 0xFE,
    0xD6, 0xFE, 0xF6, 0xFE, 0xF7, 0xFE, 0xF7, 0xFE, 0xF7, 0xFF, 0x17, 0xFF, 0x38, 0xFF, 0x38, 0xFF,
    0x38, 0xF6, 0xF7, 0xF6, 0xB6, 0xEE, 0x96, 0xF6, 0x56, 0xF6, 0x35, 0xF6, 0x15, 0xE5, 0xB3, 0xFE,
    0x76, 0xA3, 0xFF, 0xAB, 0xEE, 0x15, 0xFE, 0xB8, 0xD5, 0x13, 0xAB, 0xCE, 0xAB, 0xCF, 0xAB, 0x8E,
    0xA3, 0x4E, 0x9B, 0x0D, 0x93, 0x2E, 0x93, 0x0D, 0x93, 0x0D, 0x8A, 0xCC, 0x8A, 0xCC, 0x8A, 0xCC,
    0x82, 0xEC, 0x7A, 0xEC, 0x7A, 0xCD, 0x72, 0xAD, 0x5A, 0x2B, 0x49, 0x89, 0x51, 0xEB, 0x49, 0xCA,
    0x6A, 0xCD, 0x6A, 0xAD, 0x6A, 0xAD, 0x7B, 0x2F, 0x72, 0xEE, 0x6A, 0xCD, 0x6A, 0xAD, 0x62, 0xAD,
    0x62, 0xAD, 0x62, 0xAD, 0x62, 0xAD, 0x62, 0xAD, 0x62, 0xAD, 0x6A, 0xAD, 0x62, 0xAD, 0x62, 0x8D,
    0x41, 0xAA, 0x41, 0xCA, 0x41, 0xEB, 0x41, 0xEC, 0x41, 0xEB, 0x62, 0x8C, 0x72, 0xAA, 0xAC, 0x50,
    0xAC, 0x4F, 0xA4, 0x4F, 0x9C, 0x0E, 0x9C, 0x0E, 0x9C, 0x0D, 0x93, 0xEE, 0x93, 0xEE, 0x8B, 0xCE,
    0x83, 0xAE, 0x7B, 0x8F, 0x73, 0x8F, 0x6B, 0x6F, 0x6B, 0x4E, 0x73, 0x6F, 0x6B, 0x4F, 0x6B, 0x4E,
    0x6B, 0x2E, 0x6B, 0xFF, 0x2E, 0x6B, 0x2E, 0x6B, 0x2E, 0x6B, 0x2E, 0x6B, 0x2E, 0x6B, 0x2E, 0x6B,
    0x2E, 0x6B, 0x2E, 0x6B, 0x2E, 0x6B, 0x2E, 0x63, 0x2E, 0x63, 0x2E, 0x63, 0x2E, 0x5B, 0x0F, 0x5B,
    0x0F, 0x5B, 0x0F, 0x5B, 0x0F, 0x5A, 0xEF, 0x5A, 0xEF, 0x5A, 0xEF, 0x52, 0xEF, 0x52, 0xEF, 0x52,
    0xEF, 0x52, 0xEF, 0x52, 0xEF, 0x52, 0xEF, 0x52, 0xCF, 0x4A, 0xEE, 0x4A, 0xEE, 0x4A, 0xEE, 0x4A,
    0xEE, 0x4A, 0xEE, 0x4A, 0xEE, 0x4A, 0xEE, 0x4A, 0xEE, 0x4A, 0xEE, 0x4A, 0xEE, 0x4A, 0xEE, 0x4A,
    0xEE, 0x4A, 0xEE, 0x4A, 0xCE, 0x52, 0xAE, 0x52, 0xAE, 0x52, 0xAE, 0x52, 0xAE, 0x52, 0xAE, 0x52,
    0xAE, 0x52, 0xCE, 0x52, 0xCE, 0x52, 0xCE, 0x52, 0xCE, 0x52, 0xAE, 0x52, 0xAE, 0x52, 0xAE, 0x4A,
    0x8D, 0x4A, 0x8D, 0x4A, 0x8D, 0x4A, 0x8D, 0x4A, 0x8D, 0x4A, 0x8D, 0x4A, 0xAE, 0x52, 0xCE, 0x5A,
    0xEF, 0x5B, 0x0F, 0x63, 0xFF, 0x50, 0x63, 0x30, 0x5B, 0x30, 0x5B, 0x2F, 0x53, 0x0F, 0x53, 0x0F,
    0x53, 0x0F, 0x53, 0x0F, 0x53, 0x0F, 0x53, 0x0F, 0x52, 0xEF, 0x52, 0xEE, 0x52, 0xEE, 0x52, 0xEE,
    0x52, 0xAE, 0x4A, 0x6D, 0x4A, 0xAD, 0x4A, 0xAD, 0x4A, 0xAD, 0x4A, 0xAD, 0x4A, 0xAD, 0x4A, 0xAD,
    0x4A, 0xAD, 0x4A, 0xAD, 0x52, 0xCD, 0x52, 0xCD, 0x52, 0xCD, 0x52, 0xCD, 0x52, 0xCD, 0x52, 0xCD,
    0x52, 0xCC, 0x52, 0xCC, 0x5A, 0xED, 0x5B, 0x0D, 0x5B, 0x0D, 0x63, 0x2E, 0x63, 0x4E, 0x63, 0x4E,
    0x6B, 0x4D, 0x6B, 0x6D, 0x73, 0x8E, 0x73, 0x8E, 0x73, 0xAE, 0x73, 0xAE, 0x7B, 0xAE, 0x83, 0x8E,
    0x8B, 0xAF, 0x8B, 0xCF, 0x8B, 0xCF, 0x8B, 0xCF, 0x8B, 0xCF, 0x8B, 0xAF, 0x8B, 0xAF, 0x8B, 0xCF,
    0x8B, 0xCF, 0x8B, 0xCF, 0x8B, 0xCF, 0x8B, 0xCF, 0x83, 0x8E, 0x7B, 0x4D, 0x73, 0x0C, 0x73, 0x0C,
    0x72, 0xEC, 0x6A, 0xCB, 0x62, 0xB2, 0xAC, 0x62, 0xAD, 0x62, 0xAC, 0x5A, 0x8C, 0x62, 0xCD, 0x62,
    0xCD, 0x62, 0x8C, 0x5A, 0xAC, 0x52, 0xAC, 0x52, 0xAC, 0x52, 0xAC, 0x4A, 0x8B, 0x4A, 0x8B, 0x4A,
    0x8B, 0x4A, 0x8B, 0x4A, 0x8B, 0x4A, 0x8B, 0x4A, 0x6B, 0x4A, 0x6A, 0x4A, 0x6A, 0x4A, 0x6A, 0x4A,
    0x6A, 0x4A, 0x6A, 0x4A, 0x6A, 0x4A, 0x6A, 0x4A, 0x6A, 0x49, 0xFF, 0xE0, 0xFD, 0xFF, 0xFD, 0xFF,
    0xFC, 0xFF, 0xFC, 0xFF, 0xDB, 0xFF, 0xDB, 0xFF, 0xDB, 0xFF, 0xBC, 0xFF, 0x9B, 0xFF, 0x9A, 0xFF,
    0xBA, 0xFF, 0xB9, 0xFF, 0xB8, 0xFF, 0x98, 0xFF, 0x97, 0xFF, 0x97, 0xFF, 0x97, 0xFF, 0x77, 0xFF,
    0x77, 0xFF, 0x77, 0xFF, 0x57, 0xFF, 0x56, 0xFF, 0x56, 0xFF, 0x56, 0xFF, 0x15, 0xFF, 0x15, 0xFF,
    0x15, 0xFF, 0x15, 0xFF, 0x14, 0xFF, 0x14, 0xFE, 0xF4, 0xFE, 0xF4, 0xFE, 0xF4, 0xFE, 0xD4, 0xFE,
    0x93, 0xFE, 0x93, 0xFE, 0x93, 0xF6, 0x73, 0xF6, 0x52, 0xF6, 0x52, 0xF6, 0x52, 0xF6, 0x72, 0xF6,
    0x72, 0xF6, 0x72, 0xFE, 0x93, 0xFE, 0x94, 0xFE, 0xB4, 0xFE, 0xD5, 0xF6, 0xD6, 0x02, 0xF6, 0xFF,
    0xFF, 0x17, 0xFF, 0x37, 0xFF, 0x37, 0xFF, 0x37, 0xFF, 0x17, 0xFE, 0xF7, 0xFE, 0xD6, 0xF6, 0xB6,
    0xEE, 0x95, 0xEE, 0x55, 0xE6, 0x34, 0xEE, 0x14, 0xEE, 0x14, 0xED, 0xF4, 0xEE, 0x14, 0xE5, 0x93,
    0xEE, 0x14, 0xB4, 0x4E, 0xFE, 0x78, 0xF6, 0x16, 0xBC, 0x30, 0xAB, 0xCF, 0xAB, 0x8F, 0xA3, 0x4E,
    0xA3, 0x2E, 0x93, 0x2E, 0x93, 0x0D, 0x93, 0x0D, 0x8A, 0xCC, 0x8A, 0xCC, 0x8A, 0xCC, 0x82, 0xEC,
    0x7A, 0xEC, 0x7A, 0xCD, 0x72, 0xAD, 0x72, 0xAD, 0x49, 0xA9, 0x49, 0xCA, 0x52, 0x0B, 0x7B, 0x2F,
    0x62, 0x6C, 0x62, 0x8C, 0x49, 0xC9, 0x49, 0xC9, 0x49, 0xC9, 0x6A, 0xAD, 0x62, 0xAD, 0x62, 0xAD,
    0x62, 0xAD, 0x62, 0xAD, 0x62, 0xAD, 0x62, 0xAD, 0x6A, 0xAD, 0x62, 0xAD, 0x5A, 0x6C, 0x39, 0x89,
    0x41, 0xCA, 0x41, 0xEB, 0x41, 0xEC, 0x41, 0xEB, 0x62, 0x8C, 0x72, 0xAB, 0xAC, 0x50, 0xAC, 0x4F,
    0xFF, 0xA4, 0x4F, 0x9C, 0x2F, 0x9C, 0x0E, 0x9C, 0x0E, 0x93, 0xEE, 0x8B, 0xCE, 0x83, 0xCE, 0x7B,
    0xAE, 0x7B, 0x8F, 0x73, 0x6F, 0x6B, 0x4E, 0x6B, 0x4E, 0x6B, 0x6F, 0x6B, 0x4E, 0x63, 0x2E, 0x63,
    0x2E, 0x6B, 0x2E, 0x6B, 0x2E, 0x6B, 0x2E, 0x6B, 0x2E, 0x6B, 0x2E, 0x6B, 0x2E, 0x6B, 0x2E, 0x6B,
    0x2E, 0x6B, 0x2E, 0x6B, 0x2E, 0x63, 0x2E, 0x63, 0x2E, 0x63, 0x2E, 0x5B, 0x0F, 0x5B, 0x0F, 0x5B,
    0x0F, 0x5B, 0x0F, 0x5A, 0xEF, 0x5A, 0xEF, 0x5A, 0xEF, 0x52, 0xEF, 0x52, 0xEF, 0x52, 0xEF, 0x52,
    0xEF, 0x52, 0xEF, 0x52, 0xEF, 0x52, 0xCF, 0x4A, 0xEE, 0x4A, 0xEE, 0x4A, 0xEE, 0x4A, 0xEE, 0x4A,
    0xEE, 0x4A, 0xEE, 0x4A, 0xEE, 0x4A, 0xEE, 0x4A, 0xEE, 0x4A, 0xEE, 0x4A, 0xEE, 0x4A, 0xEE, 0x4A,
    0xEE, 0x4A, 0xCE, 0x52, 0xAE, 0x52, 0xAE, 0x52, 0xAE, 0x52, 0xAE, 0x52, 0xAE, 0x52, 0xAE, 0x52,
    0xCE, 0xFF, 0x52, 0xCE, 0x52, 0xCE, 0x52, 0xCE, 0x52, 0xAE, 0x52, 0xAE, 0x52, 0xAE, 0x4A, 0x8D,
    0x4A, 0x8D, 0x4A, 0x8D, 0x4A, 0x8D, 0x4A, 0x8D, 0x4A, 0x8D, 0x4A, 0x8D, 0x4A, 0xAD, 0x4A, 0xAD,
    0x4A, 0x8D, 0x52, 0xCE, 0x52, 0xCE, 0x52, 0xEE, 0x53, 0x0F, 0x53, 0x0F, 0x53, 0x0F, 0x53, 0x0F,
    0x53, 0x0F, 0x53, 0x0F, 0x53, 0x0F, 0x52, 0xEF, 0x52, 0xEE, 0x52, 0xEE, 0x52, 0xEE, 0x52, 0xAE,
    0x4A, 0x6D, 0x4A, 0xAD, 0x4A, 0x8D, 0x4A, 0x8D, 0x4A, 0x8D, 0x4A, 0x8D, 0x4A, 0x8D, 0x4A, 0x8D,
    0x4A, 0x8D, 0x52, 0xCD, 0x52, 0xCD, 0x52, 0xCD, 0x4A, 0xAC, 0x4A, 0xAC, 0x4A, 0xAC, 0x4A, 0xAC,
    0x52, 0xCC, 0x52, 0xCC, 0x5A, 0xED, 0x5A, 0xED, 0x5B, 0x0D, 0x63, 0x2E, 0x63, 0x4D, 0x6B, 0x4D,
    0x6B, 0x6E, 0x73, 0x6E, 0x73, 0x8E, 0x73, 0x8F, 0x73, 0xAF, 0x7B, 0x8F, 0x83, 0x8F, 0x83, 0xAF,
    0x83, 0xCF, 0xD3, 0x8B, 0xF0, 0x8B, 0xF0, 0x8B, 0xD0, 0x83, 0xCF, 0x83, 0xCF, 0x83, 0xCF, 0x83,
    0xCF, 0x8B, 0xF0, 0x8B, 0xD0, 0x83, 0xCF, 0x8C, 0x10, 0x8B, 0xF0, 0x83, 0xCF, 0x7B, 0x4E, 0x73,
    0x4D, 0x73, 0x2D, 0x6B, 0x0D, 0x62, 0xED, 0x62, 0xCD, 0x5A, 0x8C, 0x62, 0xCD, 0x5A, 0xAC, 0x5A,
    0x8C, 0x52, 0x8C, 0x4A, 0x8B, 0x4A, 0x8B, 0x4A, 0x8B, 0x4A, 0x8B, 0x4A, 0x8B, 0x4A, 0x8B, 0x4A,
    0x6B, 0x4A, 0x6B, 0x4A, 0x6B, 0x4A, 0x6A, 0x4A, 0x6A, 0x4A, 0x6A, 0x4A, 0x6A, 0x4A, 0x6A, 0x4A,
    0x6A, 0x4A, 0x6A, 0x4A, 0x6A, 0x4A, 0x6A, 0x41, 0xFF, 0xFF, 0xFE, 0xFF, 0xFE, 0xFF, 0xFE, 0xFF,
    0xDE, 0xFF, 0x9A, 0xFF, 0xBA, 0xFF, 0xB9, 0xFF, 0xB9, 0xFF, 0xB8, 0xFF, 0xB8, 0xFF, 0xB8, 0xFF,
    0x99, 0xFF, 0x99, 0xFF, 0x99, 0xFF, 0x78, 0xFF, 0x78, 0xFF, 0x78, 0xFF, 0x77, 0xFF, 0x77, 0xFF,
    0x77, 0xFF, 0x77, 0xFF, 0x56, 0xFF, 0x56, 0xFF, 0x56, 0xFF, 0x36, 0xFF, 0x16, 0xFF, 0x16, 0xFF,
    0x16, 0xFF, 0x16, 0xFF, 0x15, 0xFE, 0xF5, 0xFE, 0xF4, 0xFE, 0xF4, 0xFE, 0xF4, 0xFE, 0xD4, 0xF6,
    0xB3, 0xF6, 0xB3, 0xFE, 0xB3, 0xFE, 0xB3, 0xFE, 0x93, 0xFE, 0x73, 0xF6, 0x72, 0xF6, 0x52, 0xF6,
    0x52, 0xF6, 0x52, 0xFE, 0x92, 0xFE, 0x92, 0xF6, 0x72, 0xFE, 0xB3, 0xFE, 0xB4, 0xFE, 0xD5, 0xFE,
    0xF6, 0xFF, 0x17, 0xFF, 0x57, 0xFF, 0x78, 0xFF, 0x58, 0xFF, 0x37, 0xF6, 0xD6, 0xF6, 0x95, 0xF6,
    0x76, 0xF6, 0x75, 0xF6, 0x55, 0xEE, 0x55, 0xEE, 0x34, 0xEE, 0xFF, 0x14, 0xED, 0xF4, 0xED, 0xF4,
    0xED, 0xF4, 0xED, 0xF4, 0xED, 0xF4, 0xFE, 0x97, 0xA3, 0xCC, 0xA3, 0xAD, 0xFE, 0x58, 0xF6, 0x38,
    0xA3, 0x8D, 0xB3, 0xD0, 0xA3, 0x4E, 0xA3, 0x2E, 0x93, 0x2E, 0x93, 0x0D, 0x93, 0x0D, 0x93, 0x0D,
    0x8A, 0xED, 0x8A, 0xEC, 0x82, 0xCC, 0x7A, 0xCC, 0x7A, 0xCD, 0x7A, 0xCD, 0x7A, 0xEE, 0x5A, 0x0B,
    0x49, 0xAA, 0x51, 0xEA, 0x49, 0xA9, 0x51, 0xEA, 0x6A, 0xAD, 0x6A, 0xAD, 0x6A, 0xAD, 0x6A, 0xAD,
    0x6A, 0xAD, 0x62, 0xAD, 0x62, 0xAD, 0x62, 0xAD, 0x62, 0xAD, 0x62, 0xAD, 0x62, 0xAD, 0x6A, 0xAD,
    0x62, 0x8C, 0x52, 0x4C, 0x39, 0x69, 0x41, 0xEB, 0x41, 0xEC, 0x41, 0xEC, 0x41, 0xEB, 0x62, 0x8C,
    0x72, 0xAB, 0xAC, 0x50, 0xAC, 0x4F, 0xA4, 0x2F, 0x9C, 0x0F, 0x94, 0x2F, 0x94, 0x0F, 0x8B, 0xEF,
    0x83, 0xAE, 0x83, 0xAF, 0x7B, 0x8F, 0x73, 0x8F, 0x73, 0x8F, 0x6B, 0xFF, 0x6F, 0x6B, 0x4E, 0x6B,
    0x2E, 0x6B, 0x2E, 0x6B, 0x2E, 0x6B, 0x2E, 0x6B, 0x2E, 0x6B, 0x2E, 0x6B, 0x2E, 0x6B, 0x2E, 0x6B,
    0x2E, 0x6B, 0x2E, 0x63, 0x2E, 0x63, 0x2E, 0x63, 0x2E, 0x63, 0x2E, 0x63, 0x2E, 0x63, 0x2E, 0x63,
    0x2E, 0x5B, 0x0F, 0x5B, 0x0F, 0x5B, 0x0F, 0x5B, 0x0F, 0x5A, 0xEF, 0x5A, 0xEF, 0x5A, 0xEF, 0x52,
    0xEF, 0x52, 0xEF, 0x52, 0xEF, 0x52, 0xEF, 0x52, 0xEF, 0x52, 0xEF, 0x52, 0xCF, 0x4A, 0xEE, 0x4A,
    0xEE, 0x4A, 0xEE, 0x4A, 0xEE, 0x4A, 0xEE, 0x4A, 0xEE, 0x4A, 0xCE, 0x4A, 0xCE, 0x4A, 0xCE, 0x4A,
    0xCE, 0x4A, 0xCE, 0x4A, 0xCE, 0x4A, 0xCE, 0x4A, 0xCE, 0x52, 0xAE, 0x52, 0xAE, 0x4A, 0xAE, 0x4A,
    0xAD, 0x4A, 0xAD, 0x4A, 0xAD, 0x4A, 0xAD, 0x4A, 0xAD, 0x4A, 0xAD, 0x4A, 0xAD, 0x4A, 0xAD, 0x4A,
    0xAD, 0x4A, 0xAD, 0x4A, 0xAD, 0x4A, 0xAD, 0x4A, 0xAD, 0x4A, 0x8D, 0x4A, 0xFF, 0x8D, 0x4A, 0x8D,
    0x4A, 0x8D, 0x4A, 0x8D, 0x4A, 0x8D, 0x4A, 0x8D, 0x4A, 0x8D, 0x4A, 0x8D, 0x4A, 0x8D, 0x4A, 0x8D,
    0x4A, 0xCE, 0x52, 0xEF, 0x53, 0x0F, 0x53, 0x0F, 0x53, 0x0F, 0x53, 0x0F, 0x52, 0xEF, 0x52, 0xEF,
    0x52, 0xEF, 0x52, 0xAE, 0x42, 0x6D, 0x42, 0x6D, 0x42, 0x6D, 0x42, 0x4C, 0x42, 0x4C, 0x42, 0x4C,
    0x42, 0x6D, 0x4A, 0x8D, 0x4A, 0x8D, 0x4A, 0x8D, 0x4A, 0xAC, 0x4A, 0xAC, 0x4A, 0xAC, 0x4A, 0xAC,
    0x4A, 0xAC, 0x4A, 0xAC, 0x52, 0xCC, 0x52, 0xCC, 0x52, 0xCC, 0x52, 0xCC, 0x5A, 0xEC, 0x5A, 0xEC,
    0x5A, 0xEC, 0x5A, 0xED, 0x63, 0x0D, 0x63, 0x0D, 0x63, 0x0D, 0x6B, 0x6F, 0x73, 0x6F, 0x73, 0x8F,
    0x73, 0x6F, 0x7B, 0x8F, 0x7B, 0x8F, 0x7B, 0xB0, 0x83, 0xD0, 0x83, 0xF1, 0x83, 0xF1, 0x83, 0xD0,
    0x83, 0xD0, 0x83, 0xD0, 0x7B, 0xB0, 0x7B, 0xAF, 0x7B, 0xAF, 0x7B, 0xAF, 0x7B, 0xA5, 0xB0, 0x7B,
    0xB0, 0x7B, 0xB0, 0x7B, 0x8F, 0x7B, 0x8F, 0x7B, 0x8F, 0x73, 0x8F, 0x73, 0x8F, 0x73, 0x8F, 0x73,
    0x8F, 0x73, 0xB0, 0x73, 0x8F, 0x63, 0x2E, 0x5A, 0xED, 0x52, 0xCC, 0x52, 0xAC, 0x4A, 0x8B, 0x42,
    0x4A, 0x42, 0x4A, 0x42, 0x02, 0x4A, 0x85, 0x6B, 0x4A, 0x6B, 0x42, 0x4A, 0x42, 0x02, 0x4A, 0x83,
    0x6B, 0x4A, 0x6B, 0x42, 0x02, 0x4A, 0x88, 0x6B, 0x4A, 0x6B, 0x4A, 0x6B, 0x4A, 0x6A, 0x4A, 0x6A,
    0x2F, 0xFF, 0xFF, 0xFE, 0xFF, 0xFE, 0xFF, 0xFE, 0xFF, 0xFE, 0xFF, 0xFE, 0xFF, 0xFE, 0xFF, 0xFD,
    0xFF, 0xFD, 0xFF, 0xFD, 0xFF, 0xFD, 0xFF, 0xDC, 0xFF, 0xDC, 0xFF, 0xFC, 0xFF, 0xBA, 0xFF, 0xBA,
    0xFF, 0xB9, 0xFF, 0xB9, 0xFF, 0xB8, 0xFF, 0xB8, 0xFF, 0xB8, 0xFF, 0x98, 0xFF, 0x98, 0xFF, 0x98,
    0xFF, 0x78, 0xFF, 0x78, 0xFF, 0x78, 0xFF, 0x77, 0xFF, 0x77, 0xFF, 0x77, 0xFF, 0x77, 0xFF, 0x56,
    0xFF, 0x56, 0xFF, 0x56, 0xFF, 0x36, 0xFF, 0x16, 0xFF, 0x16, 0xFF, 0x15, 0xFE, 0xF5, 0xFE, 0xF5,
    0xFE, 0xD5, 0xFE, 0xD4, 0xFE, 0xD4, 0xFE, 0xD4, 0xFE, 0xB4, 0xFE, 0xB3, 0xFE, 0xB3, 0xFE, 0x93,
    0xFE, 0xB3, 0xFE, 0x93, 0xF6, 0x72, 0xF6, 0x52, 0xF6, 0x52, 0xF6, 0x52, 0xF6, 0x52, 0xF6, 0x72,
    0xFE, 0x92, 0xFE, 0xB3, 0xFE, 0xD4, 0xFE, 0xF5, 0xFE, 0xF6, 0xFF, 0x16, 0xFE, 0xF7, 0xFE, 0xF7,
    0xFE, 0xD6, 0xFE, 0xFF, 0xD6, 0xF6, 0xB5, 0xEE, 0x74, 0xF6, 0x75, 0xF6, 0x55, 0xF6, 0x55, 0xF6,
    0x35, 0xF6, 0x34, 0xEE, 0x14, 0xED, 0xF4, 0xED, 0xD4, 0xED, 0xF4, 0xF6, 0x15, 0xFE, 0x56, 0xF6,
    0x55, 0xFE, 0x97, 0xD5, 0x31, 0x93, 0x2B, 0xDD, 0x54, 0xFE, 0x58, 0xE5, 0x75, 0xAB, 0xCF, 0x9B,
    0x2D, 0x9B, 0x2E, 0x93, 0x2E, 0x93, 0x0D, 0x93, 0x0D, 0x93, 0x0D, 0x8A, 0xED, 0x8A, 0xEC, 0x82,
    0xCC, 0x7A, 0xCC, 0x7A, 0xCD, 0x72, 0xED, 0x72, 0xCD, 0x6A, 0x8D, 0x41, 0x89, 0x5A, 0x4C, 0x72,
    0xCD, 0x7B, 0x4F, 0x72, 0xCD, 0x6A, 0xAD, 0x6A, 0xAD, 0x6A, 0xAD, 0x6A, 0xAD, 0x62, 0xAD, 0x62,
    0xAD, 0x62, 0xAD, 0x62, 0xAD, 0x62, 0xAD, 0x62, 0xAD, 0x6A, 0xAD, 0x62, 0x8C, 0x52, 0x0B, 0x39,
    0x89, 0x41, 0xEB, 0x41, 0xEC, 0x41, 0xEC, 0x41, 0xEB, 0x62, 0x8C, 0x72, 0xAB, 0xAC, 0x50, 0xAC,
    0x4F, 0xA4, 0x2F, 0x94, 0xFF, 0x0F, 0x94, 0x0F, 0x8C, 0x0F, 0x83, 0xEF, 0x7B, 0xCF, 0x7B, 0xAF,
    0x73, 0x8F, 0x73, 0x8F, 0x73, 0x8F, 0x6B, 0x6F, 0x6B, 0x4E, 0x6B, 0x2E, 0x6B, 0x2E, 0x6B, 0x2E,
    0x6B, 0x2E, 0x6B, 0x2E, 0x6B, 0x2E, 0x6B, 0x2E, 0x6B, 0x2E, 0x6B, 0x2E, 0x6B, 0x2E, 0x63, 0x2E,
    0x63, 0x2E, 0x63, 0x2E, 0x63, 0x2E, 0x63, 0x2E, 0x63, 0x2E, 0x63, 0x2E, 0x5B, 0x0F, 0x5B, 0x0F,
    0x5B, 0x0F, 0x5B, 0x0F, 0x5A, 0xEF, 0x5A, 0xEF, 0x5A, 0xEF, 0x52, 0xEF, 0x52, 0xEF, 0x52, 0xEF,
    0x52, 0xEF, 0x52, 0xEF, 0x52, 0xEF, 0x52, 0xCF, 0x4A, 0xEE, 0x4A, 0xEE, 0x4A, 0xEE, 0x4A, 0xEE,
    0x4A, 0xEE, 0x4A, 0xEE, 0x4A, 0xCE, 0x4A, 0xCE, 0x4A, 0xCE, 0x4A, 0xCE, 0x4A, 0xCE, 0x4A, 0xCE,
    0x4A, 0xCE, 0x4A, 0xCE, 0x52, 0xAE, 0x52, 0xAE, 0x4A, 0xAE, 0x4A, 0xAD, 0x4A, 0xAD, 0x4A, 0xAD,
    0x4A, 0xAD, 0x4A, 0xAD, 0x4A, 0xFF, 0xAD, 0x4A, 0xAD, 0x4A, 0xAD, 0x4A, 0xAD, 0x4A, 0xAD, 0x4A,
    0xAD, 0x4A, 0xAD, 0x4A, 0xAD, 0x4A, 0x8D, 0x4A, 0x8D, 0x4A, 0x8D, 0x4A, 0x8D, 0x4A, 0x8D, 0x4A,
    0x8D, 0x4A, 0x8D, 0x4A, 0x8D, 0x4A, 0x8D, 0x4A, 0x8D, 0x42, 0x8D, 0x42, 0x8D, 0x42, 0x8D, 0x42,
    0xAE, 0x4A, 0xCE, 0x4A, 0xCE, 0x4A, 0xCE, 0x4A, 0xAD, 0x4A, 0x8D, 0x4A, 0x8D, 0x4A, 0x8D, 0x42,
    0x6D, 0x42, 0x6D, 0x42, 0x6D, 0x42, 0x4C, 0x42, 0x4C, 0x42, 0x4C, 0x42, 0x6C, 0x4A, 0x8D, 0x4A,
    0x8D, 0x4A, 0x8D, 0x4A, 0x8C, 0x4A, 0x8C, 0x4A, 0x8C, 0x4A, 0xAC, 0x4A, 0xAC, 0x4A, 0xAC, 0x4A,
    0xAC, 0x52, 0xAC, 0x52, 0xAC, 0x52, 0xAC, 0x52, 0xCC, 0x52, 0xCC, 0x52, 0xCC, 0x5A, 0xCC, 0x5A,
    0xED, 0x5A, 0xED, 0x5A, 0xED, 0x62, 0xED, 0x63, 0x0E, 0x63, 0x0E, 0x6B, 0x4E, 0x6B, 0x4E, 0x73,
    0x6F, 0x73, 0x6F, 0x6B, 0x6F, 0x73, 0xBF, 0x6F, 0x73, 0x90, 0x7B, 0xB0, 0x7B, 0xB0, 0x7B, 0xB0,
    0x73, 0xB0, 0x73, 0xB0, 0x73, 0x90, 0x73, 0x90, 0x7B, 0xB0, 0x7B, 0xB0, 0x7B, 0xB0, 0x73, 0x90,
    0x73, 0x90, 0x73, 0x90, 0x73, 0x8F, 0x6B, 0x8F, 0x6B, 0x8F, 0x6B, 0x8F, 0x6B, 0x8F, 0x6B, 0x6F,
    0x63, 0x2E, 0x63, 0x2E, 0x63, 0x2E, 0x5B, 0x0D, 0x5B, 0x0D, 0x52, 0xCC, 0x52, 0xCC, 0x52, 0xCC,
    0x52, 0xAB, 0x4A, 0x6A, 0x42, 0x4A, 0x42, 0x02, 0x4A, 0x8B, 0x6B, 0x42, 0x4A, 0x42, 0x4A, 0x42,
    0x4A, 0x42, 0x4A, 0x42, 0x4A, 0x42, 0x02, 0x4A, 0x80, 0x6A, 0x2D, 0xFF, 0xFF, 0xFE, 0xFF, 0xFD,
    0xFF, 0xFD, 0xFF, 0xFD, 0xFF, 0xFD, 0xFF, 0xFD, 0xFF, 0xFD, 0xFF, 0xFB, 0xFF, 0xFA, 0xFF, 0xFA,
    0xFF, 0xDA, 0xFF, 0xDA, 0xFF, 0xDA, 0xFF, 0xDA, 0xFF, 0x9A, 0xFF, 0x99, 0xFF, 0x99, 0xFF, 0x99,
    0xFF, 0xB8, 0xFF, 0xB8, 0xFF, 0x98, 0xFF, 0x97, 0xFF, 0x97, 0xFF, 0x97, 0xFF, 0x77, 0xFF, 0x77,
    0xFF, 0x78, 0xFF, 0x77, 0xFF, 0x77, 0xFF, 0x77, 0xFF, 0x77, 0xFF, 0x56, 0xFF, 0x56, 0xFF, 0x56,
    0xFF, 0x36, 0xFF, 0x15, 0xFE, 0xF6, 0xFE, 0xF6, 0xFE, 0xD5, 0xFE, 0xD5, 0xFE, 0xB5, 0xFE, 0xB4,
    0xFE, 0xB3, 0xFE, 0xB3, 0xFE, 0xB3, 0xFE, 0x93, 0xFE, 0x93, 0xFE, 0x93, 0xFE, 0x73, 0xF6, 0x72,
    0xF6, 0x52, 0xF6, 0x52, 0xF6, 0x72, 0xFE, 0x73, 0xFE, 0x93, 0xF6, 0xB2, 0xFE, 0xD3, 0xFE, 0xD4,
    0xFF, 0x15, 0xFE, 0xF5, 0xFE, 0xF5, 0xFE, 0xB5, 0xFE, 0x95, 0xFE, 0x55, 0xF6, 0xFF, 0x34, 0xFE,
    0x34, 0xF6, 0x34, 0xF6, 0x14, 0xF6, 0x34, 0xFE, 0x35, 0xF6, 0x35, 0xF6, 0x14, 0xEE, 0x14, 0xED,
    0xF4, 0xED, 0xD3, 0xE5, 0xB3, 0xE5, 0xD3, 0xED, 0xF4, 0xED, 0xF4, 0xDD, 0x72, 0xDD, 0x72, 0xDD,
    0x72, 0xB4, 0x2E, 0x8A, 0xEA, 0xFE, 0xBA, 0xFE, 0x59, 0xC4, 0x72, 0xA3, 0x2E, 0xA3, 0x2E, 0x93,
    0x2E, 0x93, 0x0D, 0x93, 0x0D, 0x93, 0x0D, 0x8A, 0xED, 0x8A, 0xEC, 0x82, 0xCC, 0x7A, 0xCC, 0x7A,
    0xCD, 0x72, 0xED, 0x72, 0xCD, 0x72, 0xEE, 0x51, 0xCB, 0x62, 0x6C, 0x6A, 0xAD, 0x62, 0x6C, 0x6A,
    0xAD, 0x6A, 0xAD, 0x6A, 0xAD, 0x6A, 0xAD, 0x6A, 0xAD, 0x62, 0xAD, 0x62, 0xAD, 0x62, 0xAD, 0x62,
    0xAD, 0x62, 0xAD, 0x62, 0xAD, 0x62, 0x8D, 0x62, 0x8D, 0x41, 0xCA, 0x41, 0xAA, 0x41, 0xEB, 0x41,
    0xEC, 0x41, 0xEC, 0x41, 0xEB, 0x62, 0x8C, 0x72, 0xAB, 0xAC, 0x50, 0xA4, 0x2F, 0x9C, 0xFF, 0x0E,
    0x93, 0xEF, 0x8C, 0x0F, 0x83, 0xEF, 0x7B, 0xCF, 0x7B, 0xCF, 0x7B, 0xD0, 0x73, 0xB0, 0x73, 0x8F,
    0x73, 0x8F, 0x6B, 0x6F, 0x6B, 0x4E, 0x6B, 0x2E, 0x6B, 0x2E, 0x6B, 0x2E, 0x6B, 0x2E, 0x6B, 0x2E,
    0x6B, 0x2E, 0x6B, 0x2E, 0x6B, 0x2E, 0x6B, 0x2E, 0x6B, 0x2E, 0x63, 0x2E, 0x63, 0x2E, 0x63, 0x2E,
    0x63, 0x2E, 0x63, 0x2E, 0x63, 0x2E, 0x63, 0x2E, 0x5B, 0x0F, 0x5B, 0x0F, 0x5B, 0x0F, 0x5B, 0x0F,
    0x5A, 0xEF, 0x5A, 0xEF, 0x5A, 0xEF, 0x52, 0xEF, 0x52, 0xEF, 0x52, 0xEF, 0x52, 0xEF, 0x52, 0xEF,
    0x52, 0xEF, 0x52, 0xCF, 0x4A, 0xEE, 0x4A, 0xEE, 0x4A, 0xEE, 0x4A, 0xEE, 0x4A, 0xEE, 0x4A, 0xEE,
    0x4A, 0xCE, 0x4A, 0xCE, 0x4A, 0xCE, 0x4A, 0xCE, 0x4A, 0xCE, 0x4A, 0xCE, 0x4A, 0xCE, 0x4A, 0xCE,
    0x52, 0xAE, 0x52, 0xAE, 0x4A, 0xAE, 0x4A, 0xAD, 0x4A, 0xAD, 0x4A, 0xAD, 0x4A, 0xAD, 0x4A, 0xFF,
    0xAD, 0x4A, 0xAD, 0x4A, 0xAD, 0x4A, 0xAD, 0x4A, 0xAD, 0x4A, 0xAD, 0x4A, 0xAD, 0x4A, 0xAD, 0x4A,
    0xAD, 0x4A, 0x8D, 0x4A, 0x8D, 0x4A, 0x8D, 0x4A, 0x8D, 0x4A, 0x8D, 0x4A, 0x8D, 0x4A, 0x8D, 0x4A,
    0x8D, 0x4A, 0x8D, 0x4A, 0x8D, 0x42, 0x8D, 0x3A, 0x6D, 0x3A, 0x6C, 0x3A, 0x6C, 0x42, 0x6D, 0x42,
    0x6D, 0x42, 0x6D, 0x42, 0x4C, 0x42, 0x4C, 0x42, 0x4C, 0x42, 0x6C, 0x42, 0x6D, 0x42, 0x6D, 0x42,
    0x6D, 0x42, 0x4C, 0x42, 0x4C, 0x42, 0x4C, 0x42, 0x6C, 0x42, 0x6C, 0x42, 0x6C, 0x42, 0x6C, 0x42,
    0x6B, 0x42, 0x6B, 0x42, 0x6B, 0x4A, 0x8C, 0x4A, 0x8C, 0x4A, 0x8C, 0x4A, 0x8B, 0x4A, 0x8B, 0x4A,
    0x8B, 0x4A, 0x8B, 0x52, 0xAB, 0x52, 0xAB, 0x52, 0xAB, 0x52, 0xAC, 0x5A, 0xAD, 0x5A, 0xAD, 0x5A,
    0xAD, 0x52, 0x6C, 0x52, 0x6C, 0x52, 0xAD, 0x5A, 0xED, 0x63, 0x0E, 0x63, 0x0E, 0x63, 0x2E, 0x5B,
    0xCF, 0x0E, 0x63, 0x0E, 0x63, 0x2E, 0x6B, 0x6F, 0x6B, 0x6F, 0x6B, 0x8F, 0x6B, 0x90, 0x73, 0x90,
    0x73, 0x90, 0x73, 0x90, 0x73, 0xB0, 0x73, 0xB0, 0x73, 0xB0, 0x73, 0x6F, 0x73, 0x6F, 0x73, 0x6F,
    0x6B, 0x6F, 0x63, 0x6F, 0x63, 0x6F, 0x63, 0x6F, 0x6B, 0x8F, 0x63, 0x6F, 0x63, 0x4E, 0x63, 0x6E,
    0x6B, 0x8F, 0x6B, 0x6F, 0x63, 0x4E, 0x63, 0x2E, 0x63, 0x2E, 0x63, 0x2E, 0x5B, 0x0D, 0x52, 0xCC,
    0x52, 0xAB, 0x4A, 0x8B, 0x52, 0xAC, 0x4A, 0x8B, 0x4A, 0x8B, 0x42, 0x4A, 0x42, 0x4A, 0x42, 0x4A,
    0x42, 0x02, 0x4A, 0x80, 0x6A, 0x2B, 0xFF, 0xFF, 0xFE, 0xFF, 0xFD, 0xFF, 0xFB, 0xFF, 0xFB, 0xFF,
    0xFB, 0xFF, 0xFB, 0xFF, 0xFB, 0xFF, 0xFB, 0xFF, 0xD9, 0xFF, 0xD9, 0xFF, 0xF8, 0xFF, 0xD8, 0xFF,
    0xD8, 0xFF, 0xD8, 0xFF, 0xD9, 0xFF, 0x99, 0xFF, 0x99, 0xFF, 0x99, 0xFF, 0x99, 0xFF, 0x98, 0xFF,
    0x98, 0xFF, 0x98, 0xFF, 0x96, 0xFF, 0x97, 0xFF, 0x77, 0xFF, 0x77, 0xFF, 0x77, 0xFF, 0x58, 0xFF,
    0x77, 0xFF, 0x76, 0xFF, 0x76, 0xFF, 0x76, 0xFF, 0x56, 0xFF, 0x36, 0xFF, 0x56, 0xFF, 0x16, 0xFE,
    0xF5, 0xFE, 0xF5, 0xFE, 0xF5, 0xFE, 0xD5, 0xFE, 0xB4, 0xFE, 0x94, 0xFE, 0x93, 0xFE, 0x93, 0xFE,
    0x93, 0xFE, 0x93, 0xFE, 0xB3, 0xFE, 0xB3, 0xFE, 0xB3, 0xF6, 0x72, 0xF6, 0x52, 0xEE, 0x32, 0xEE,
    0x32, 0xF6, 0x72, 0xFE, 0x93, 0xFE, 0xD4, 0xFF, 0x35, 0xFE, 0xF4, 0xFE, 0x94, 0xEE, 0x12, 0xEE,
    0x12, 0xED, 0xF2, 0xED, 0xB2, 0xED, 0xB2, 0xF5, 0xFF, 0xD3, 0xF6, 0x14, 0xFE, 0x34, 0xFE, 0x35,
    0xFE, 0x35, 0xFE, 0x35, 0xF6, 0x15, 0xF6, 0x14, 0xF5, 0xF4, 0xED, 0xD4, 0xED, 0xD3, 0xE5, 0xB3,
    0xDD, 0x93, 0xDD, 0x52, 0xCD, 0x11, 0xCC, 0xD0, 0xD5, 0x31, 0xD5, 0x52, 0xCC, 0xF1, 0xD5, 0x12,
    0xAB, 0xEE, 0xB4, 0x0F, 0xFE, 0x59, 0xFE, 0x18, 0xAB, 0xAF, 0xA3, 0x6E, 0x9B, 0x2E, 0x93, 0x0D,
    0x93, 0x0D, 0x93, 0x0D, 0x8A, 0xED, 0x8A, 0xEC, 0x82, 0xCC, 0x7A, 0xCC, 0x7A, 0xCC, 0x7A, 0xCD,
    0x7B, 0x0E, 0x6A, 0x8C, 0x6A, 0xAD, 0x41, 0x48, 0x5A, 0x2B, 0x6A, 0x8C, 0x5A, 0x2B, 0x6A, 0xAD,
    0x6A, 0xAD, 0x6A, 0xAD, 0x6A, 0xAD, 0x62, 0xAD, 0x62, 0xAD, 0x62, 0xAD, 0x62, 0xAD, 0x62, 0xAD,
    0x62, 0xAD, 0x62, 0x8D, 0x62, 0xAD, 0x39, 0x89, 0x49, 0xEB, 0x41, 0xEB, 0x41, 0xEC, 0x41, 0xEC,
    0x41, 0xEB, 0x62, 0x8C, 0x72, 0xAB, 0xA4, 0x50, 0xA4, 0xFF, 0x2F, 0x94, 0x0E, 0x8B, 0xEF, 0x83,
    0xEF, 0x83, 0xCF, 0x7B, 0xAF, 0x7B, 0xD0, 0x7B, 0xD0, 0x73, 0xB0, 0x73, 0x8F, 0x73, 0x8F, 0x6B,
    0x6F, 0x6B, 0x4E, 0x6B, 0x2E, 0x6B, 0x2E, 0x6B, 0x2E, 0x6B, 0x2E, 0x6B, 0x2E, 0x6B, 0x2E, 0x6B,
    0x2E, 0x6B, 0x2E, 0x6B, 0x2E, 0x6B, 0x4E, 0x63, 0x2E, 0x63, 0x2E, 0x63, 0x2E, 0x63, 0x2E, 0x63,
    0x2E, 0x63, 0x2E, 0x63, 0x2E, 0x5B, 0x0F, 0x5B, 0x0F, 0x5B, 0x0F, 0x5B, 0x0F, 0x5A, 0xEE, 0x5A,
    0xEE, 0x5A, 0xEF, 0x52, 0xEF, 0x52, 0xEF, 0x52, 0xEF, 0x52, 0xEF, 0x52, 0xEF, 0x52, 0xEF, 0x52,
    0xEF, 0x4A, 0xEE, 0x4A, 0xEE, 0x4A, 0xEE, 0x4A, 0xEE, 0x4A, 0xEE, 0x4A, 0xEE, 0x4A, 0xCE, 0x4A,
    0xCE, 0x4A, 0xCE, 0x4A, 0xCE, 0x4A, 0xCE, 0x4A, 0xCE, 0x4A, 0xCE, 0x4A, 0xCE, 0x52, 0xAE, 0x4A,
    0xCE, 0x4A, 0xAE, 0x4A, 0xAE, 0x4A, 0xAE, 0x4A, 0xAE, 0x4A, 0xFF, 0xAE, 0x4A, 0xAE, 0x4A, 0xAE,
    0x4A, 0xAE, 0x4A, 0xAE, 0x4A, 0xAE, 0x4A, 0xAE, 0x4A, 0xAE, 0x4A, 0xAE, 0x4A, 0xAE, 0x4A, 0x8D,
    0x4A, 0x8D, 0x4A, 0x8D, 0x4A, 0x8D, 0x4A, 0x8D, 0x4A, 0x8D, 0x4A, 0x8D, 0x4A, 0x8D, 0x4A, 0x8D,
    0x4A, 0x8D, 0x4A, 0xAE, 0x4A, 0xCE, 0x42, 0x8D, 0x42, 0x8D, 0x42, 0xAD, 0x42, 0xAD, 0x42, 0xAD,
    0x42, 0x8D, 0x4A, 0x6D, 0x42, 0x8D, 0x42, 0x6D, 0x42, 0x6D, 0x42, 0x6D, 0x42, 0x6D, 0x42, 0x4C,
    0x42, 0x4C, 0x42, 0x4C, 0x42, 0x4C, 0x42, 0x4C, 0x42, 0x4C, 0x42, 0x4C, 0x42, 0x6B, 0x42, 0x6B,
    0x42, 0x6B, 0x42, 0x6C, 0x42, 0x6C, 0x42, 0x6C, 0x42, 0x6B, 0x42, 0x4B, 0x42, 0x4B, 0x42, 0x4B,
    0x4A, 0x6B, 0x4A, 0x6B, 0x4A, 0x6B, 0x4A, 0x6C, 0x52, 0x8D, 0x52, 0x8D, 0x52, 0x8D, 0x4A, 0x6C,
    0x52, 0x8D, 0x52, 0xAD, 0x4A, 0x8C, 0x52, 0xAD, 0x52, 0xCD, 0x5A, 0xFF, 0xEE, 0x5B, 0x0E, 0x5B,
    0x0E, 0x63, 0x2F, 0x63, 0x2F, 0x63, 0x2F, 0x63, 0x2F, 0x63, 0x4F, 0x6B, 0x70, 0x6B, 0x70, 0x6B,
    0x70, 0x6B, 0x90, 0x6B, 0x90, 0x6B, 0x90, 0x6B, 0x70, 0x6B, 0x70, 0x6B, 0x70, 0x63, 0x6F, 0x63,
    0x6F, 0x63, 0x6F, 0x63, 0x6F, 0x63, 0x4F, 0x63, 0x4F, 0x63, 0x6F, 0x63, 0x6F, 0x63, 0x6F, 0x63,
    0x4F, 0x63, 0x4F, 0x63, 0x2E, 0x63, 0x2E, 0x63, 0x2E, 0x63, 0x6F, 0x6B, 0x90, 0x6B, 0x6F, 0x63,
    0x6F, 0x63, 0x6F, 0x63, 0x4F, 0x63, 0x2E, 0x5A, 0xCD, 0x52, 0xCC, 0x52, 0xCC, 0x52, 0xAC, 0x4A,
    0x6B, 0xFF, 0xFE, 0xFF, 0xFE, 0xFF, 0xFE, 0xFF, 0xFE, 0xFF, 0xFE, 0xFF, 0xFE, 0xFF, 0xFE, 0xFF,
    0xFE, 0xFF, 0xFE, 0xFF, 0xFE, 0xFF, 0xFE, 0xFF, 0xFE, 0xFF, 0xFE, 0xFF, 0xFE, 0xFF, 0xFE, 0xFF,
    0xFE, 0xFF, 0xFE, 0xFF, 0xFE, 0xFF, 0xFD, 0xFF, 0xFC, 0xFF, 0xFC, 0xFF, 0xFF, 0xFC, 0xFF, 0xFB,
    0xFF, 0xDA, 0xFF, 0xDB, 0xFF, 0xDB, 0xFF, 0xDB, 0xFF, 0xDB, 0xFF, 0xDB, 0xFF, 0xD8, 0xFF, 0xD8,
    0xFF, 0xD8, 0xFF, 0xD8, 0xFF, 0xD8, 0xFF, 0xD8, 0xFF, 0xD8, 0xFF, 0xB9, 0xFF, 0xB9, 0xFF, 0xB9,
    0xFF, 0xB8, 0xFF, 0x98, 0xFF, 0x98, 0xFF, 0x98, 0xFF, 0x76, 0xFF, 0x76, 0xFF, 0x76, 0xFF, 0x56,
    0xFF, 0x56, 0xFF, 0x56, 0xFF, 0x56, 0xFF, 0x36, 0xFF, 0x36, 0xFF, 0x16, 0xFF, 0x16, 0xFF, 0x35,
    0xFF, 0x16, 0xFE, 0xF6, 0xFE, 0xD5, 0xFE, 0xD5, 0xFE, 0xD5, 0xFE, 0xB4, 0xFE, 0xB4, 0xFE, 0xB4,
    0xF6, 0xB3, 0xF6, 0xB3, 0xF6, 0xB3, 0xF6, 0xB3, 0xF6, 0xB3, 0xF6, 0xD3, 0xFE, 0xF4, 0xFE, 0xB3,
    0xFE, 0xB4, 0xFE, 0xD4, 0xFE, 0xD4, 0xFE, 0xD4, 0xFE, 0xD4, 0xFE, 0xB4, 0xFD, 0xD3, 0xF5, 0xB2,
    0xED, 0x91, 0xF5, 0x91, 0xF5, 0xB2, 0xF5, 0xD2, 0xF5, 0xF3, 0xEE, 0x34, 0xEE, 0xFF, 0x34, 0xEE,
    0x34, 0xEE, 0x34, 0xEE, 0x34, 0xEE, 0x34, 0xEE, 0x14, 0xED, 0xF4, 0xED, 0xF4, 0xED, 0xF4, 0xE5,
    0xD4, 0xE5, 0x93, 0xDD, 0x72, 0xD5, 0x12, 0xD4, 0xF2, 0xD4, 0xF1, 0xCC, 0xD1, 0xCC, 0xD1, 0xCC,
    0xD1, 0xCC, 0xD1, 0xC4, 0x90, 0xC4, 0xB1, 0x72, 0x08, 0xD4, 0xF5, 0xFE, 0x39, 0xCC, 0xF2, 0x9B,
    0x6C, 0xA3, 0x2E, 0x9B, 0x0D, 0x92, 0xED, 0x93, 0x0D, 0x8B, 0x0D, 0x8A, 0xEC, 0x82, 0xCC, 0x8A,
    0xAC, 0x82, 0xAC, 0x82, 0xCC, 0x82, 0xED, 0x7A, 0xEC, 0x72, 0x8B, 0x5A, 0x0A, 0x5A, 0x2B, 0x6A,
    0xAD, 0x62, 0x4B, 0x51, 0xEA, 0x6A, 0xCD, 0x6A, 0xAD, 0x6A, 0xAD, 0x62, 0xAD, 0x62, 0xAD, 0x62,
    0xAD, 0x62, 0xAD, 0x62, 0xAD, 0x62, 0xAE, 0x62, 0xCF, 0x5A, 0xAE, 0x39, 0x8A, 0x41, 0xEC, 0x41,
    0xCB, 0x41, 0xCB, 0x41, 0xCB, 0x42, 0x0B, 0x5A, 0x4B, 0x73, 0x0C, 0x9C, 0x0F, 0x94, 0xFF, 0x2F,
    0x8C, 0x30, 0x84, 0x0F, 0x84, 0x0F, 0x7B, 0xEF, 0x7B, 0xCF, 0x73, 0x8F, 0x73, 0x6F, 0x6B, 0x4F,
    0x6B, 0x4F, 0x6B, 0x4E, 0x6B, 0x4E, 0x6B, 0x4E, 0x6B, 0x2E, 0x6B, 0x2E, 0x6B, 0x2E, 0x6B, 0x2E,
    0x6B, 0x2E, 0x6B, 0x2E, 0x6B, 0x2E, 0x63, 0x2E, 0x63, 0x2E, 0x63, 0x2E, 0x63, 0x4E, 0x63, 0x4E,
    0x63, 0x4E, 0x63, 0x4E, 0x63, 0x4E, 0x63, 0x4E, 0x63, 0x4E, 0x5B, 0x0E, 0x5B, 0x0E, 0x5B, 0x0E,
    0x5B, 0x0E, 0x5B, 0x0E, 0x5B, 0x0E, 0x5B, 0x0E, 0x52, 0xEF, 0x52, 0xEF, 0x52, 0xEF, 0x52, 0xEF,
    0x52, 0xEF, 0x52, 0xEF, 0x52, 0xEF, 0x4A, 0xEE, 0x4A, 0xEE, 0x4A, 0xEE, 0x4A, 0xEE, 0x4A, 0xEE,
    0x4A, 0xEE, 0x4A, 0xCE, 0x4A, 0xCE, 0x4A, 0xCE, 0x4A, 0xCE, 0x4A, 0xCE, 0x4A, 0xCE, 0x4A, 0xCE,
    0x4A, 0xCE, 0x4A, 0xCE, 0x4A, 0xCE, 0x4A, 0xCE, 0x4A, 0xAE, 0x4A, 0xAE, 0x4A, 0xAE, 0x4A, 0xFF,
    0xAE, 0x4A, 0xAE, 0x4A, 0xAE, 0x4A, 0xAE, 0x4A, 0xAE, 0x4A, 0xAE, 0x4A, 0xAE, 0x4A, 0xAE, 0x4A,
    0xAE, 0x4A, 0xAE, 0x42, 0x8D, 0x42, 0x8D, 0x42, 0x8D, 0x42, 0x8D, 0x42, 0x8D, 0x42, 0x8D, 0x42,
    0x8D, 0x42, 0x8D, 0x42, 0x8D, 0x42, 0x8D, 0x42, 0x8D, 0x42, 0x8D, 0x42, 0x8D, 0x42, 0x8D, 0x42,
    0x8D, 0x42, 0x8D, 0x42, 0x8D, 0x42, 0x8D, 0x42, 0x8D, 0x42, 0x8D, 0x42, 0x8D, 0x42, 0x8D, 0x42,
    0x8D, 0x42, 0x8D, 0x42, 0x6C, 0x42, 0x6C, 0x42, 0x6C, 0x42, 0x6C, 0x42, 0x6C, 0x42, 0x6C, 0x42,
    0x6C, 0x3A, 0x6C, 0x3A, 0x6C, 0x3A, 0x6C, 0x3A, 0x6C, 0x3A, 0x6C, 0x3A, 0x6C, 0x42, 0x6C, 0x42,
    0x6C, 0x42, 0x6C, 0x42, 0x6C, 0x42, 0x6C, 0x42, 0x6C, 0x42, 0x6C, 0x42, 0x6C, 0x42, 0x4C, 0x42,
    0x4C, 0x42, 0x4C, 0x4A, 0x8D, 0x4A, 0x8D, 0x4A, 0x8D, 0x52, 0xCE, 0x52, 0xCE, 0x5A, 0xEF, 0x5B,
    0xFF, 0x0F, 0x5B, 0x30, 0x5B, 0x30, 0x5B, 0x30, 0x5B, 0x2F, 0x5B, 0x2F, 0x5B, 0x2F, 0x5B, 0x0F,
    0x5B, 0x0F, 0x63, 0x50, 0x63, 0x70, 0x63, 0x30, 0x63, 0x50, 0x63, 0x71, 0x63, 0x70, 0x63, 0x50,
    0x63, 0x30, 0x63, 0x50, 0x63, 0x70, 0x63, 0x50, 0x5B, 0x2F, 0x63, 0x50, 0x63, 0x50, 0x63, 0x50,
    0x63, 0x50, 0x63, 0x71, 0x63, 0x71, 0x63, 0x71, 0x63, 0x71, 0x63, 0x71, 0x63, 0x71, 0x63, 0x71,
    0x63, 0x71, 0x63, 0x50, 0x5B, 0x30, 0x5B, 0x30, 0x5B, 0x30, 0x5B, 0x30, 0x63, 0x2E, 0x63, 0x2E,
    0x63, 0x2E, 0x63, 0x0E, 0x63, 0x0E, 0xFF, 0xFE, 0xFF, 0xFE, 0xFF, 0xFE, 0xFF, 0xFE, 0xFF, 0xFE,
    0xFF, 0xFE, 0xFF, 0xFE, 0xFF, 0xFE, 0xFF, 0xFE, 0xFF, 0xFD, 0xFF, 0xFD, 0xFF, 0xFD, 0xFF, 0xFD,
    0xFF, 0xFD, 0xFF, 0xFD, 0xFF, 0xFE, 0xFF, 0xFE, 0xFF, 0xFE, 0xFF, 0xFD, 0xFF, 0xFC, 0xFF, 0xFC,
    0xFF, 0xFF, 0xFB, 0xFF, 0xFB, 0xFF, 0xDA, 0xFF, 0xDA, 0xFF, 0xDA, 0xFF, 0xDA, 0xFF, 0xDA, 0xFF,
    0xDA, 0xFF, 0xD8, 0xFF, 0xD8, 0xFF, 0xD8, 0xFF, 0xD8, 0xFF, 0xD8, 0xFF, 0xB8, 0xFF, 0xB8, 0xFF,
    0xB8, 0xFF, 0xB8, 0xFF, 0xB8, 0xFF, 0x98, 0xFF, 0x98, 0xFF, 0x98, 0xFF, 0x98, 0xFF, 0x57, 0xFF,
    0x56, 0xFF, 0x56, 0xFF, 0x56, 0xFF, 0x56, 0xFF, 0x56, 0xFF, 0x56, 0xFF, 0x36, 0xFF, 0x36, 0xFF,
    0x16, 0xFF, 0x16, 0xFF, 0x16, 0xFF, 0x16, 0xFE, 0xF5, 0xFE, 0xD5, 0xFE, 0xD5, 0xFE, 0xD5, 0xFE,
    0xD5, 0xFE, 0xD5, 0xFE, 0xD5, 0xFE, 0xD4, 0xFE, 0xD4, 0xFE, 0xD4, 0xFE, 0xD4, 0xFE, 0xF4, 0xFE,
    0xF4, 0xFF, 0x14, 0xFE, 0xF5, 0xFE, 0xB3, 0xFE, 0x93, 0xF6, 0x73, 0xF6, 0x52, 0xEE, 0x11, 0xE5,
    0xD0, 0xE5, 0x30, 0xE5, 0x50, 0xED, 0x71, 0xED, 0x91, 0xF5, 0x91, 0xF5, 0xB2, 0xF5, 0xF3, 0xEE,
    0x13, 0xEE, 0xFF, 0x13, 0xEE, 0x13, 0xEE, 0x13, 0xEE, 0x13, 0xEE, 0x13, 0xEE, 0x14, 0xF6, 0x15,
    0xEE, 0x15, 0xED, 0xF5, 0xDD, 0x93, 0xDD, 0x72, 0xD5, 0x31, 0xCC, 0xF1, 0xCC, 0xD1, 0xCC, 0xD1,
    0xC4, 0xB0, 0xCC, 0xB1, 0xCC, 0xB1, 0xCC, 0xB1, 0xC4, 0xB0, 0xC4, 0x71, 0x7A, 0x29, 0x7A, 0x4A,
    0xCC, 0xD4, 0xF6, 0x58, 0xBC, 0x70, 0x9A, 0xED, 0x92, 0xCC, 0x92, 0xED, 0x93, 0x0D, 0x8A, 0xED,
    0x8A, 0xEC, 0x82, 0xCC, 0x8A, 0xAC, 0x82, 0xAC, 0x82, 0xCC, 0x82, 0xCC, 0x7A, 0xCC, 0x72, 0xAC,
    0x6A, 0x8C, 0x51, 0xC9, 0x6A, 0x8C, 0x73, 0x0E, 0x5A, 0x0A, 0x62, 0x6C, 0x72, 0xEE, 0x6A, 0xAD,
    0x62, 0xAD, 0x62, 0xAD, 0x62, 0xAD, 0x62, 0xAD, 0x62, 0xAD, 0x62, 0xAE, 0x62, 0xCF, 0x4A, 0x2D,
    0x39, 0xAB, 0x41, 0xEC, 0x41, 0xEB, 0x41, 0xCB, 0x41, 0xCB, 0x42, 0x0B, 0x5A, 0x4B, 0x73, 0x0C,
    0x9C, 0x0F, 0x94, 0xFF, 0x2F, 0x8C, 0x30, 0x84, 0x0F, 0x7B, 0xEF, 0x7B, 0xEE, 0x73, 0xAF, 0x73,
    0x8F, 0x73, 0x6F, 0x6B, 0x4F, 0x6B, 0x4F, 0x6B, 0x4E, 0x6B, 0x4E, 0x6B, 0x4E, 0x6B, 0x2E, 0x6B,
    0x2E, 0x6B, 0x2E, 0x6B, 0x2E, 0x6B, 0x2E, 0x6B, 0x2E, 0x6B, 0x2E, 0x63, 0x2E, 0x63, 0x2E, 0x63,
    0x2E, 0x63, 0x4E, 0x63, 0x4E, 0x63, 0x4E, 0x63, 0x4E, 0x63, 0x4E, 0x63, 0x4E, 0x63, 0x4E, 0x63,
    0x2E, 0x63, 0x2E, 0x63, 0x2E, 0x63, 0x0E, 0x5B, 0x0E, 0x5B, 0x0E, 0x5B, 0x0E, 0x52, 0xEF, 0x52,
    0xEF, 0x52, 0xEF, 0x52, 0xEF, 0x52, 0xEF, 0x52, 0xEF, 0x52, 0xEF, 0x4A, 0xEE, 0x4A, 0xEE, 0x4A,
    0xEE, 0x4A, 0xEE, 0x4A, 0xEE, 0x4A, 0xEE, 0x4A, 0xCE, 0x4A, 0xCE, 0x4A, 0xCE, 0x4A, 0xCE, 0x4A,
    0xCE, 0x4A, 0xCE, 0x4A, 0xCE, 0x4A, 0xCE, 0x4A, 0xCE, 0x4A, 0xCE, 0x4A, 0xCE, 0x4A, 0xAE, 0x4A,
    0xAE, 0x4A, 0xAE, 0x4A, 0xFF, 0xAE, 0x4A, 0xAE, 0x4A, 0xAE, 0x4A, 0xAE, 0x4A, 0xAE, 0x4A, 0xAE,
    0x4A, 0xAE, 0x4A, 0xAE, 0x4A, 0xAE, 0x4A, 0xAE, 0x42, 0x8D, 0x42, 0x8D, 0x42, 0x8D, 0x42, 0x8D,
    0x42, 0x8D, 0x42, 0x8D, 0x42, 0x8D, 0x42, 0x8D, 0x42, 0x8D, 0x42, 0x8D, 0x42, 0x8D, 0x42, 0x8D,
    0x42, 0x8D, 0x42, 0x8D, 0x42, 0x8D, 0x42, 0x8D, 0x42, 0x8D, 0x42, 0x8D, 0x42, 0x8D, 0x42, 0x8D,
    0x42, 0x8D, 0x42, 0x8D, 0x42, 0x8D, 0x42, 0x8D, 0x42, 0x6C, 0x42, 0x6C, 0x42, 0x6C, 0x42, 0x6C,
    0x42, 0x6C, 0x42, 0x6C, 0x42, 0x6C, 0x3A, 0x6C, 0x3A, 0x6C, 0x3A, 0x6C, 0x3A, 0x6C, 0x3A, 0x6C,
    0x3A, 0x6C, 0x42, 0x6C, 0x42, 0x6C, 0x42, 0x6C, 0x42, 0x6C, 0x42, 0x6C, 0x42, 0x6C, 0x42, 0x6C,
    0x42, 0x6C, 0x42, 0x4C, 0x42, 0x4C, 0x42, 0x4C, 0x4A, 0x6D, 0x4A, 0x6D, 0x4A, 0x6D, 0x4A, 0xAD,
    0x52, 0xAE, 0x52, 0xCE, 0x52, 0xFF, 0xEE, 0x52, 0xEF, 0x52, 0xEF, 0x52, 0xEF, 0x52, 0xEE, 0x52,
    0xEE, 0x52, 0xEE, 0x52, 0xCE, 0x4A, 0x8D, 0x52, 0xCE, 0x52, 0xCE, 0x52, 0xEF, 0x5B, 0x0F, 0x5B,
    0x2F, 0x5B, 0x2F, 0x5B, 0x0F, 0x5B, 0x0F, 0x5A, 0xEF, 0x5B, 0x0F, 0x5B, 0x0F, 0x5B, 0x0F, 0x5B,
    0x0F, 0x5B, 0x0F, 0x5B, 0x0F, 0x5B, 0x30, 0x63, 0x50, 0x63, 0x50, 0x63, 0x50, 0x63, 0x50, 0x63,
    0x50, 0x63, 0x50, 0x63, 0x50, 0x63, 0x50, 0x63, 0x50, 0x63, 0x50, 0x63, 0x30, 0x63, 0x30, 0x63,
    0x30, 0x63, 0x2F, 0x63, 0x2F, 0x63, 0x2F, 0x63, 0x2F, 0x63, 0x2F, 0xFF, 0xFE, 0xFF, 0xFE, 0xFF,
    0xFE, 0xFF, 0xFE, 0xFF, 0xFE, 0xFF, 0xFE, 0xFF, 0xFE, 0xFF, 0xFE, 0xFF, 0xFE, 0xFF, 0xFD, 0xFF,
    0xFD, 0xFF, 0xFD, 0xFF, 0xFD, 0xFF, 0xFD, 0xFF, 0xFD, 0xFF, 0xFD, 0xFF, 0xFD, 0xFF, 0xFD, 0xFF,
    0xFC, 0xFF, 0xFC, 0xFF, 0xFB, 0xFF, 0xFF, 0xFB, 0xFF, 0xFA, 0xFF, 0xDA, 0xFF, 0xDA, 0xFF, 0xDA,
    0xFF, 0xF9, 0xFF, 0xF9, 0xFF, 0xF9, 0xFF, 0xD8, 0xFF, 0xD8, 0xFF, 0xD8, 0xFF, 0xD8, 0xFF, 0x97,
    0xFF, 0x97, 0xFF, 0x97, 0xFF, 0x77, 0xFF, 0x77, 0xFF, 0x77, 0xFF, 0x77, 0xFF, 0x77, 0xFF, 0x56,
    0xFF, 0x77, 0xFF, 0x36, 0xFF, 0x36, 0xFF, 0x36, 0xFF, 0x56, 0xFF, 0x56, 0xFF, 0x56, 0xFF, 0x56,
    0xFF, 0x36, 0xFF, 0x36, 0xFF, 0x16, 0xFE, 0xF5, 0xFE, 0xF5, 0xFE, 0xF5, 0xFE, 0xF5, 0xFE, 0xD5,
    0xFE, 0xD5, 0xFE, 0xD5, 0xFE, 0xF5, 0xFE, 0xF5, 0xFE, 0xF5, 0xFE, 0xF5, 0xFE, 0xF5, 0xFE, 0xF5,
    0xFE, 0xF4, 0xFE, 0xD4, 0xFE, 0xB3, 0xF6, 0x93, 0xEE, 0x11, 0xED, 0xF1, 0xED, 0xD0, 0xED, 0xB0,
    0xE5, 0x8F, 0xE5, 0x8F, 0xE5, 0x8F, 0xE5, 0x50, 0xED, 0x50, 0xED, 0x50, 0xED, 0x51, 0xED, 0x71,
    0xF5, 0x91, 0xED, 0xB2, 0xED, 0xD3, 0xED, 0xFF, 0xD3, 0xED, 0xD3, 0xED, 0xB2, 0xED, 0xB2, 0xE5,
    0xD2, 0xE5, 0xD3, 0xE5, 0xB3, 0xDD, 0x72, 0xD5, 0x52, 0xD5, 0x31, 0xCC, 0xF1, 0xCC, 0xD0, 0xC4,
    0xD0, 0xC4, 0xB0, 0xBC, 0x90, 0xBC, 0x90, 0xBC, 0xB0, 0xBC, 0xB0, 0xC4, 0x90, 0xC4, 0x90, 0xBC,
    0x50, 0xB3, 0xF0, 0xAB, 0xF0, 0x61, 0x87, 0xFE, 0x99, 0xF6, 0x16, 0xB3, 0xB0, 0x9B, 0x0E, 0x9B,
    0x2E, 0x93, 0x0D, 0x8A, 0xED, 0x8A, 0xEC, 0x82, 0xCC, 0x8A, 0xAC, 0x82, 0xAC, 0x82, 0xCC, 0x7A,
    0xAC, 0x7A, 0xAC, 0x7A, 0xCC, 0x72, 0xED, 0x6A, 0x8C, 0x49, 0xC9, 0x6A, 0xAD, 0x72, 0xEE, 0x49,
    0xA9, 0x51, 0xEA, 0x6A, 0xAD, 0x62, 0xAD, 0x62, 0xAD, 0x62, 0xAD, 0x62, 0xAD, 0x62, 0xAD, 0x62,
    0xAE, 0x62, 0xCF, 0x31, 0x8A, 0x41, 0xEC, 0x41, 0xEB, 0x41, 0xCB, 0x41, 0xCB, 0x41, 0xCB, 0x42,
    0x0B, 0x5A, 0x4B, 0x73, 0x0C, 0x9C, 0x0F, 0x94, 0xFF, 0x2F, 0x8C, 0x30, 0x84, 0x0F, 0x7B, 0xEE,
    0x7B, 0xCE, 0x73, 0x8F, 0x73, 0x8F, 0x73, 0x6F, 0x6B, 0x4F, 0x6B, 0x4F, 0x6B, 0x4E, 0x6B, 0x4E,
    0x6B, 0x4E, 0x6B, 0x2E, 0x6B, 0x2E, 0x6B, 0x2E, 0x6B, 0x2E, 0x6B, 0x2E, 0x6B, 0x2E, 0x6B, 0x2E,
    0x63, 0x2E, 0x63, 0x2E, 0x63, 0x2E, 0x63, 0x4E, 0x63, 0x4E, 0x63, 0x4E, 0x63, 0x4E, 0x63, 0x4E,
    0x63, 0x4E, 0x63, 0x4E, 0x63, 0x4F, 0x63, 0x4F, 0x63, 0x4F, 0x63, 0x2E, 0x5B, 0x0E, 0x5B, 0x0E,
    0x5B, 0x0E, 0x52, 0xEF, 0x52, 0xEF, 0x52, 0xEF, 0x52, 0xEF, 0x52, 0xEF, 0x52, 0xEF, 0x52, 0xEF,
    0x4A, 0xEE, 0x4A, 0xEE, 0x4A, 0xEE, 0x4A, 0xEE, 0x4A, 0xEE, 0x4A, 0xEE, 0x4A, 0xCE, 0x4A, 0xCE,
    0x4A, 0xCE, 0x4A, 0xCE, 0x4A, 0xCE, 0x4A, 0xCE, 0x4A, 0xCE, 0x4A, 0xCE, 0x4A, 0xCE, 0x4A, 0xCE,
    0x4A, 0xCE, 0x4A, 0xAE, 0x4A, 0xAE, 0x4A, 0xAE, 0x4A, 0xFF, 0xAE, 0x4A, 0xAE, 0x4A, 0xAE, 0x4A,
    0xAE, 0x4A, 0xAE, 0x4A, 0xAE, 0x4A, 0xAE, 0x4A, 0xAE, 0x4A, 0xAE, 0x4A, 0xAE, 0x42, 0x8D, 0x42,
    0x8D, 0x42, 0x8D, 0x42, 0x8D, 0x42, 0x8D, 0x42, 0x8D, 0x42, 0x8D, 0x42, 0x8D, 0x42, 0x8D, 0x42,
    0x8D, 0x42, 0x8D, 0x42, 0x8D, 0x42, 0x8D, 0x42, 0x8D, 0x42, 0x8D, 0x42, 0x8D, 0x42, 0x8D, 0x42,
    0x8D, 0x42, 0x8D, 0x42, 0x8D, 0x42, 0x8D, 0x42, 0x8D, 0x42, 0x8D, 0x42, 0x8D, 0x42, 0x6C, 0x42,
    0x6C, 0x42, 0x6C, 0x42, 0x6C, 0x42, 0x6C, 0x42, 0x6C, 0x42, 0x6C, 0x3A, 0x6C, 0x3A, 0x6C, 0x3A,
    0x6C, 0x3A, 0x6C, 0x3A, 0x6C, 0x3A, 0x6C, 0x42, 0x6C, 0x42, 0x6C, 0x42, 0x6C, 0x42, 0x6C, 0x42,
    0x6C, 0x42, 0x6C, 0x42, 0x6C, 0x42, 0x6C, 0x42, 0x4C, 0x42, 0x4C, 0x42, 0x4C, 0x42, 0x4C, 0x42,
    0x4C, 0x42, 0x4C, 0x42, 0x6C, 0x4A, 0x6D, 0x4A, 0x8D, 0x4A, 0xFF, 0xAD, 0x4A, 0x8D, 0x4A, 0x8D,
    0x4A, 0x8D, 0x4A, 0x8D, 0x4A, 0x8D, 0x4A, 0x8D, 0x4A, 0x8D, 0x4A, 0xAD, 0x4A, 0x8D, 0x4A, 0x8D,
    0x42, 0x6D, 0x4A, 0x8D, 0x4A, 0xAD, 0x52, 0xCE, 0x52, 0xAE, 0x4A, 0xAD, 0x4A, 0x8D, 0x4A, 0x8D,
    0x4A, 0xAD, 0x52, 0xCE, 0x52, 0xEE, 0x52, 0xEE, 0x52, 0xEE, 0x5B, 0x0F, 0x5B, 0x30, 0x5B, 0x30,
    0x5B, 0x30, 0x5B, 0x30, 0x5B, 0x30, 0x5B, 0x30, 0x5B, 0x0F, 0x5B, 0x0F, 0x5B, 0x30, 0x63, 0x50,
    0x63, 0x71, 0x63, 0x71, 0x63, 0x71, 0x63, 0x70, 0x63, 0x70, 0x63, 0x70, 0x63, 0x70, 0x63, 0x70,
    0xFF, 0xFE, 0xFF, 0xFE, 0xFF, 0xFE, 0xFF, 0xFE, 0xFF, 0xFE, 0xFF, 0xFE, 0xFF, 0xFE, 0xFF, 0xFE,
    0xFF, 0xFE, 0xFF, 0xFD, 0xFF, 0xFD, 0xFF, 0xFD, 0xFF, 0xFD, 0xFF, 0xFD, 0xFF, 0xFD, 0xFF, 0xFD,
    0xFF, 0xFD, 0xFF, 0xFC, 0xFF, 0xFB, 0xFF, 0xFB, 0xFF, 0xFA, 0xFF, 0xFF, 0xFA, 0xFF, 0xF9, 0xFF,
    0xF9, 0xFF, 0xF9, 0xFF, 0xF9, 0xFF, 0xF9, 0xFF, 0xF9, 0xFF, 0xF9, 0xFF, 0xD8, 0xFF, 0xD8, 0xFF,
    0xD8, 0xFF, 0xD8, 0xFF, 0x97, 0xFF, 0x77, 0xFF, 0x77, 0xFF, 0x56, 0xFF, 0x56, 0xFF, 0x56, 0xFF,
    0x56, 0xFF, 0x35, 0xF7, 0x35, 0xF7, 0x15, 0xFF, 0x35, 0xFF, 0x36, 0xFF, 0x36, 0xFF, 0x36, 0xFF,
    0x36, 0xFF, 0x36, 0xFF, 0x36, 0xFF, 0x15, 0xFF, 0x15, 0xFF, 0x15, 0xFE, 0xF5, 0xFE, 0xF5, 0xFE,
    0xF5, 0xFE, 0xF5, 0xFE, 0xF5, 0xFF, 0x15, 0xFF, 0x16, 0xFF, 0x16, 0xFF, 0x36, 0xFF, 0x56, 0xFE,
    0x93, 0xFE, 0x93, 0xF6, 0x73, 0xF6, 0x52, 0xEE, 0x31, 0xEE, 0x11, 0xED, 0xF1, 0xED, 0xD1, 0xED,
    0xB0, 0xED, 0xB0, 0xE5, 0x90, 0xE5, 0x6F, 0xE5, 0x6F, 0xDD, 0x4F, 0xE5, 0x30, 0xE5, 0x30, 0xE5,
    0x30, 0xED, 0x51, 0xED, 0x71, 0xF5, 0x91, 0xED, 0x92, 0xE5, 0x92, 0xE5, 0xFF, 0xB2, 0xE5, 0x92,
    0xE5, 0xB2, 0xE5, 0x92, 0xE5, 0x71, 0xDD, 0x72, 0xDD, 0x52, 0xD5, 0x32, 0xD5, 0x31, 0xC4, 0xD0,
    0xC4, 0xB0, 0xC4, 0xAF, 0xBC, 0x8F, 0xBC, 0x8F, 0xBC, 0x8F, 0xBC, 0x8F, 0xBC, 0x8F, 0xBC, 0xB0,
    0xC4, 0xB0, 0xC4, 0xB0, 0xBC, 0x70, 0xBC, 0x31, 0xBC, 0x52, 0x7A, 0x29, 0xFE, 0x79, 0xF6, 0x37,
    0xCC, 0x93, 0xA3, 0x2E, 0x9B, 0x4E, 0x92, 0xED, 0x8A, 0xED, 0x8A, 0xEC, 0x8A, 0xCC, 0x8A, 0xCD,
    0x82, 0xAC, 0x7A, 0xAC, 0x7A, 0xAC, 0x7A, 0xAC, 0x7A, 0xCC, 0x6A, 0xAC, 0x6A, 0xAD, 0x49, 0xC9,
    0x62, 0x6C, 0x6A, 0xAD, 0x62, 0x6C, 0x51, 0xC9, 0x5A, 0x6C, 0x6A, 0xCE, 0x52, 0x4B, 0x6A, 0xEE,
    0x62, 0xAD, 0x62, 0xAD, 0x62, 0xAE, 0x52, 0x4D, 0x39, 0xAA, 0x39, 0xAB, 0x41, 0xEC, 0x41, 0xCB,
    0x41, 0xCB, 0x41, 0xCB, 0x42, 0x0B, 0x5A, 0x6B, 0x7B, 0x4D, 0xA4, 0x50, 0x94, 0xFF, 0x2F, 0x8C,
    0x30, 0x7C, 0x0F, 0x7B, 0xCE, 0x73, 0xAE, 0x73, 0x8F, 0x73, 0x8F, 0x73, 0x6F, 0x6B, 0x4F, 0x6B,
    0x4F, 0x6B, 0x2E, 0x6B, 0x2E, 0x6B, 0x2E, 0x6B, 0x2E, 0x6B, 0x2E, 0x6B, 0x2E, 0x63, 0x2E, 0x63,
    0x0E, 0x63, 0x0E, 0x63, 0x0E, 0x63, 0x2E, 0x63, 0x2E, 0x63, 0x2E, 0x63, 0x4E, 0x63, 0x4E, 0x63,
    0x4E, 0x63, 0x4E, 0x63, 0x2E, 0x63, 0x2E, 0x63, 0x2E, 0x5B, 0x0E, 0x5B, 0x0E, 0x5B, 0x0E, 0x5B,
    0x0E, 0x5A, 0xEE, 0x5A, 0xEE, 0x5A, 0xEE, 0x52, 0xEF, 0x52, 0xEF, 0x52, 0xEF, 0x52, 0xEF, 0x52,
    0xEF, 0x52, 0xEF, 0x52, 0xEF, 0x52, 0xEF, 0x52, 0xEF, 0x52, 0xEF, 0x4A, 0xEE, 0x4A, 0xEE, 0x4A,
    0xEE, 0x4A, 0xEE, 0x4A, 0xEE, 0x4A, 0xEE, 0x4A, 0xEE, 0x4A, 0xCE, 0x4A, 0xCE, 0x4A, 0xCE, 0x4A,
    0xCE, 0x4A, 0xCE, 0x4A, 0xCE, 0x4A, 0xCE, 0x4A, 0xAE, 0x4A, 0xAE, 0x4A, 0xAE, 0x4A, 0xFF, 0xAE,
    0x4A, 0xAE, 0x4A, 0xAE, 0x4A, 0xAE, 0x4A, 0xAE, 0x4A, 0xAE, 0x4A, 0xAE, 0x42, 0x8D, 0x42, 0x8D,
    0x42, 0x8D, 0x42, 0x8D, 0x42, 0x8D, 0x42, 0x8D, 0x42, 0x8D, 0x42, 0x8D, 0x42, 0x8D, 0x42, 0x8D,
    0x42, 0x8D, 0x42, 0x8D, 0x42, 0x8D, 0x42, 0x8D, 0x42, 0x8D, 0x42, 0x8D, 0x42, 0x8D, 0x42, 0x8D,
    0x42, 0x8D, 0x42, 0x8D, 0x42, 0x8D, 0x42, 0x8D, 0x42, 0x8D, 0x42, 0x8D, 0x42, 0x8D, 0x42, 0x8D,
    0x42, 0x8D, 0x42, 0x6C, 0x42, 0x6C, 0x42, 0x6C, 0x42, 0x6C, 0x42, 0x6C, 0x42, 0x6C, 0x42, 0x6C,
    0x3A, 0x6C, 0x3A, 0x6C, 0x3A, 0x6C, 0x3A, 0x6C, 0x3A, 0x6C, 0x3A, 0x6C, 0x42, 0x6C, 0x42, 0x6C,
    0x42, 0x6C, 0x42, 0x6C, 0x42, 0x6C, 0x42, 0x6C, 0x42, 0x6C, 0x42, 0x6C, 0x42, 0x4C, 0x42, 0x4C,
    0x42, 0x4C, 0x42, 0x4C, 0x42, 0x4C, 0x42, 0x4C, 0x42, 0x6D, 0x42, 0x6D, 0x42, 0x6D, 0x4A, 0xFF,
    0x8D, 0x4A, 0x8D, 0x4A, 0x8D, 0x4A, 0x8D, 0x4A, 0x8D, 0x4A, 0x8D, 0x4A, 0x8D, 0x4A, 0x8D, 0x42,
    0x6D, 0x42, 0x6D, 0x42, 0x6D, 0x4A, 0xAD, 0x4A, 0xAD, 0x4A, 0xAD, 0x4A, 0x8D, 0x4A, 0x8D, 0x4A,
    0x8D, 0x4A, 0x8D, 0x4A, 0x8D, 0x4A, 0x8D, 0x4A, 0x8D, 0x52, 0xCE, 0x52, 0xCE, 0x52, 0xCE, 0x52,
    0xCE, 0x52, 0xCE, 0x5B, 0x0F, 0x5B, 0x10, 0x5B, 0x0F, 0x5A, 0xEF, 0x52, 0xEF, 0x52, 0xEF, 0x5B,
    0x0F, 0x5B, 0x0F, 0x5B, 0x30, 0x63, 0x30, 0x63, 0x30, 0x63, 0x30, 0x5B, 0x4F, 0x5B, 0x4F, 0x5B,
    0x4F, 0x5B, 0x2F, 0x53, 0x2E, 0xFF, 0xFE, 0xFF, 0xFE, 0xFF, 0xFE, 0xFF, 0xFE, 0xFF, 0xFE, 0xFF,
    0xFE, 0xFF, 0xFE, 0xFF, 0xFE, 0xFF, 0xFE, 0xFF, 0xFD, 0xFF, 0xFD, 0xFF, 0xFD, 0xFF, 0xFD, 0xFF,
    0xFD, 0xFF, 0xFD, 0xFF, 0xFC, 0xFF, 0xFC, 0xFF, 0xFC, 0xFF, 0xFB, 0xFF, 0xFA, 0xFF, 0xFA, 0xFF,
    0xFF, 0xF9, 0xFF, 0xF9, 0xFF, 0xF8, 0xFF, 0xF8, 0xFF, 0xF8, 0xFF, 0xF8, 0xFF, 0xF8, 0xFF, 0xF8,
    0xFF, 0xD8, 0xFF, 0xD8, 0xFF, 0xD8, 0xFF, 0xB8, 0xFF, 0x97, 0xFF, 0x77, 0xFF, 0x77, 0xFF, 0x55,
    0xFF, 0x55, 0xFF, 0x55, 0xFF, 0x55, 0xFF, 0x55, 0xFF, 0x35, 0xF7, 0x15, 0xFF, 0x16, 0xFF, 0x16,
    0xFF, 0x16, 0xFF, 0x36, 0xFF, 0x36, 0xFF, 0x36, 0xFF, 0x36, 0xFF, 0x36, 0xFF, 0x16, 0xFF, 0x16,
    0xFE, 0xF5, 0xFE, 0xF5, 0xFE, 0xF5, 0xFF, 0x15, 0xFF, 0x15, 0xFF, 0x36, 0xFF, 0x36, 0xFE, 0xF5,
    0xFE, 0xD5, 0xF6, 0xB4, 0xFE, 0x73, 0xFE, 0x73, 0xFE, 0x52, 0xF6, 0x32, 0xF6, 0x11, 0xEE, 0x11,
    0xED, 0xF1, 0xF5, 0xB1, 0xED, 0x90, 0xED, 0x6F, 0xED, 0x6F, 0xED, 0x4F, 0xE5, 0x2F, 0xE5, 0x2F,
    0xE5, 0x30, 0xE5, 0x30, 0xE5, 0x30, 0xE5, 0x50, 0xED, 0x50, 0xED, 0x71, 0xED, 0x71, 0xE5, 0x71,
    0xE5, 0xFF, 0x71, 0xE5, 0x71, 0xE5, 0x71, 0xE5, 0x51, 0xDD, 0x31, 0xDD, 0x31, 0xD5, 0x31, 0xD5,
    0x11, 0xCD, 0x11, 0xC4, 0xAF, 0xC4, 0xAF, 0xBC, 0x8F, 0xBC, 0x6F, 0xB4, 0x8F, 0xB4, 0x8F, 0xB4,
    0x8F, 0xB4, 0x8F, 0xBC, 0x90, 0xBC, 0xB0, 0xC4, 0xB0, 0xBC, 0x70, 0xB4, 0x31, 0xBC, 0x32, 0x7A,
    0x6A, 0xF6, 0x58, 0xF6, 0x17, 0xD4, 0x94, 0xA3, 0x4E, 0xA3, 0x4E, 0x93, 0x0D, 0x93, 0x0D, 0x8A,
    0xED, 0x8A, 0xCC, 0x8A, 0xCD, 0x82, 0xAC, 0x7A, 0xAC, 0x7A, 0xAC, 0x7A, 0xAC, 0x7A, 0xCC, 0x6A,
    0xAC, 0x72, 0xEE, 0x5A, 0x2B, 0x51, 0xC9, 0x72, 0xCD, 0x6A, 0xCD, 0x5A, 0x4B, 0x51, 0xEA, 0x62,
    0xAD, 0x62, 0xAD, 0x62, 0xCD, 0x62, 0xAD, 0x62, 0xAD, 0x62, 0xAE, 0x4A, 0x2C, 0x39, 0xAA, 0x39,
    0xAB, 0x41, 0xEC, 0x41, 0xCB, 0x41, 0xCB, 0x41, 0xCB, 0x42, 0x0B, 0x5A, 0x6B, 0x7B, 0x4D, 0xA4,
    0x50, 0x94, 0xFF, 0x2F, 0x8C, 0x30, 0x7C, 0x0F, 0x7B, 0xCE, 0x73, 0xAE, 0x73, 0x8F, 0x73, 0x8F,
    0x73, 0x6F, 0x6B, 0x4F, 0x6B, 0x4F, 0x6B, 0x2E, 0x6B, 0x2E, 0x6B, 0x2E, 0x6B, 0x2E, 0x6B, 0x2E,
    0x6B, 0x2E, 0x6B, 0x2E, 0x63, 0x2E, 0x63, 0x2E, 0x63, 0x2E, 0x63, 0x2E, 0x63, 0x2E, 0x63, 0x2E,
    0x63, 0x2E, 0x63, 0x4E, 0x63, 0x4E, 0x63, 0x2E, 0x63, 0x2E, 0x63, 0x2E, 0x63, 0x2E, 0x5B, 0x0E,
    0x5B, 0x0E, 0x5B, 0x0E, 0x5B, 0x0E, 0x5A, 0xEE, 0x5A, 0xEE, 0x5A, 0xEE, 0x52, 0xEF, 0x52, 0xEF,
    0x52, 0xEF, 0x52, 0xEF, 0x52, 0xEF, 0x52, 0xEF, 0x52, 0xEF, 0x52, 0xEF, 0x52, 0xEF, 0x52, 0xEF,
    0x4A, 0xEE, 0x4A, 0xEE, 0x4A, 0xEE, 0x4A, 0xEE, 0x4A, 0xEE, 0x4A, 0xEE, 0x4A, 0xEE, 0x4A, 0xCE,
    0x4A, 0xCE, 0x4A, 0xCE, 0x4A, 0xCE, 0x4A, 0xCE, 0x4A, 0xCE, 0x4A, 0xCE, 0x4A, 0xAE, 0x4A, 0xAE,
    0x4A, 0xAE, 0x4A, 0xFF, 0xAE, 0x4A, 0xAE, 0x4A, 0xAE, 0x4A, 0xAE, 0x4A, 0xAE, 0x4A, 0xAE, 0x4A,
    0xAE, 0x42, 0x8D, 0x42, 0x8D, 0x42, 0x8D, 0x42, 0x8D, 0x42, 0x8D, 0x42, 0x8D, 0x42, 0x8D, 0x42,
    0x8D, 0x42, 0x8D, 0x42, 0x8D, 0x42, 0x8D, 0x42, 0x8D, 0x42, 0x8D, 0x42, 0x8D, 0x42, 0x8D, 0x42,
    0x8D, 0x42, 0x8D, 0x42, 0x8D, 0x42, 0x8D, 0x42, 0x8D, 0x42, 0x8D, 0x42, 0x8D, 0x42, 0x8D, 0x42,
    0x8D, 0x42, 0x8D, 0x42, 0x8D, 0x42, 0x8D, 0x42, 0x6C, 0x42, 0x6C, 0x42, 0x6C, 0x42, 0x6C, 0x42,
    0x6C, 0x42, 0x6C, 0x42, 0x6C, 0x3A, 0x6C, 0x3A, 0x6C, 0x3A, 0x6C, 0x3A, 0x6C, 0x3A, 0x6C, 0x3A,
    0x6C, 0x42, 0x6C, 0x42, 0x6C, 0x42, 0x6C, 0x42, 0x6C, 0x42, 0x6C, 0x42, 0x6C, 0x42, 0x6C, 0x42,
    0x6C, 0x42, 0x4C, 0x42, 0x4C, 0x42, 0x4C, 0x42, 0x4C, 0x42, 0x4C, 0x42, 0x4C, 0x42, 0x6D, 0x42,
    0x6D, 0x42, 0x6D, 0x4A, 0xFF, 0x6D, 0x4A, 0x8D, 0x4A, 0x8D, 0x4A, 0x8D, 0x4A, 0x8D, 0x4A, 0x8D,
    0x4A, 0x8D, 0x4A, 0x6D, 0x42, 0x6D, 0x42, 0x6D, 0x42, 0x6D, 0x4A, 0x8D, 0x4A, 0x8D, 0x4A, 0x8D,
    0x52, 0xCE, 0x52, 0xCE, 0x52, 0xCE, 0x52, 0xCE, 0x52, 0xCE, 0x52, 0xCE, 0x52, 0xCE, 0x52, 0xCE,
    0x52, 0xCE, 0x52, 0xCE, 0x52, 0xCE, 0x52, 0xCE, 0x52, 0xEF, 0x52, 0xEF, 0x52, 0xCF, 0x5B, 0x0F,
    0x63, 0x30, 0x63, 0x50, 0x5B, 0x30, 0x5B, 0x30, 0x5B, 0x30, 0x5B, 0x0F, 0x5B, 0x0F, 0x5B, 0x10,
    0x53, 0x2F, 0x53, 0x2F, 0x53, 0x2F, 0x53, 0x0F, 0x53, 0x0F, 0xFF, 0xFE, 0xFF, 0xFE, 0xFF, 0xFE,
    0xFF, 0xFE, 0xFF, 0xFE, 0xFF, 0xFE, 0xFF, 0xFE, 0xFF, 0xFE, 0xFF, 0xFE, 0xFF, 0xFD, 0xFF, 0xFD,
    0xFF, 0xFD, 0xFF, 0xFD, 0xFF, 0xFD, 0xFF, 0xFD, 0xFF, 0xFC, 0xFF, 0xFB, 0xFF, 0xFB, 0xFF, 0xFA,
    0xFF, 0xF9, 0xFF, 0xF9, 0xFF, 0xFF, 0xF8, 0xFF, 0xF8, 0xFF, 0xD7, 0xFF, 0xD7, 0xFF, 0xD7, 0xFF,
    0xD7, 0xFF, 0xD7, 0xFF, 0xD7, 0xFF, 0xB7, 0xFF, 0xB7, 0xFF, 0xB7, 0xFF, 0x97, 0xFF, 0x97, 0xFF,
    0x77, 0xFF, 0x76, 0xFF, 0x55, 0xFF, 0x55, 0xFF, 0x55, 0xFF, 0x55, 0xFF, 0x54, 0xFF, 0x34, 0xFF,
    0x14, 0xFF, 0x36, 0xFF, 0x16, 0xFF, 0x16, 0xFF, 0x36, 0xFF, 0x36, 0xFF, 0x36, 0xFF, 0x36, 0xFF,
    0x56, 0xFF, 0x36, 0xFF, 0x36, 0xFF, 0x16, 0xFF, 0x16, 0xFF, 0x16, 0xFF, 0x16, 0xFF, 0x16, 0xFE,
    0xF5, 0xFE, 0xF5, 0xF6, 0x94, 0xF6, 0x73, 0xEE, 0x53, 0xFE, 0x32, 0xFE, 0x32, 0xFE, 0x32, 0xF6,
    0x12, 0xF6, 0x11, 0xF5, 0xF1, 0xED, 0xD1, 0xED, 0x90, 0xED, 0x4F, 0xED, 0x4F, 0xE5, 0x2F, 0xE5,
    0x2F, 0xE5, 0x0E, 0xE5, 0x0E, 0xDD, 0x0F, 0xE5, 0x0F, 0xDD, 0x0F, 0xDD, 0x0F, 0xE5, 0x0F, 0xE5,
    0x30, 0xE5, 0x30, 0xE5, 0x30, 0xE5, 0xFF, 0x30, 0xE5, 0x30, 0xDD, 0x10, 0xDC, 0xF0, 0xD4, 0xCF,
    0xD4, 0xD0, 0xC4, 0xB0, 0xC4, 0xAF, 0xC4, 0x8F, 0xBC, 0x6E, 0xBC, 0x4E, 0xB4, 0x4E, 0xB4, 0x6E,
    0xB4, 0x6F, 0xB4, 0x6F, 0xAC, 0x6F, 0xAC, 0x6F, 0xB4, 0x6F, 0xB4, 0x8F, 0xC4, 0xB0, 0xBC, 0x71,
    0xB4, 0x31, 0xBC, 0x32, 0x9B, 0x4E, 0xAB, 0xEF, 0xF6, 0x17, 0xDC, 0xD5, 0xA3, 0x4F, 0x9B, 0x4E,
    0x93, 0x2E, 0x93, 0x0D, 0x8B, 0x0D, 0x8A, 0xED, 0x8A, 0xCD, 0x82, 0xAC, 0x7A, 0xAC, 0x7A, 0xAC,
    0x7A, 0xAC, 0x7A, 0xCC, 0x72, 0xCD, 0x72, 0xCD, 0x72, 0xCD, 0x49, 0xA9, 0x62, 0x6C, 0x72, 0xEE,
    0x72, 0xCD, 0x52, 0x2B, 0x52, 0x0B, 0x62, 0xAD, 0x62, 0x8D, 0x62, 0xAD, 0x62, 0xAD, 0x62, 0xAE,
    0x39, 0xAA, 0x39, 0x8A, 0x39, 0xCB, 0x41, 0xEB, 0x41, 0xCB, 0x41, 0xCB, 0x41, 0xCB, 0x42, 0x0B,
    0x5A, 0x6B, 0x7B, 0x4D, 0xA4, 0x50, 0x94, 0xFF, 0x2F, 0x8C, 0x30, 0x7C, 0x0F, 0x7B, 0xCE, 0x73,
    0xAE, 0x73, 0x8F, 0x73, 0x8F, 0x73, 0x6F, 0x6B, 0x4F, 0x6B, 0x4F, 0x6B, 0x2E, 0x6B, 0x2E, 0x6B,
    0x2E, 0x6B, 0x2E, 0x6B, 0x2E, 0x6B, 0x2E, 0x6B, 0x4E, 0x6B, 0x4E, 0x6B, 0x4E, 0x6B, 0x4E, 0x63,
    0x2E, 0x63, 0x2E, 0x63, 0x2E, 0x63, 0x0D, 0x63, 0x2D, 0x63, 0x2D, 0x63, 0x2E, 0x63, 0x2E, 0x63,
    0x2E, 0x63, 0x2E, 0x5B, 0x0E, 0x5B, 0x0E, 0x5B, 0x0E, 0x5B, 0x0E, 0x5A, 0xEE, 0x5A, 0xEE, 0x5A,
    0xEE, 0x52, 0xEF, 0x52, 0xEF, 0x52, 0xEF, 0x52, 0xEF, 0x52, 0xEF, 0x52, 0xEF, 0x52, 0xEF, 0x52,
    0xEF, 0x52, 0xEF, 0x52, 0xEF, 0x4A, 0xEE, 0x4A, 0xEE, 0x4A, 0xEE, 0x4A, 0xEE, 0x4A, 0xEE, 0x4A,
    0xEE, 0x4A, 0xEE, 0x4A, 0xCE, 0x4A, 0xCE, 0x4A, 0xCE, 0x4A, 0xCE, 0x4A, 0xCE, 0x4A, 0xCE, 0x4A,
    0xCE, 0x4A, 0xAE, 0x4A, 0xAE, 0x4A, 0xAE, 0x4A, 0xFF, 0xAE, 0x4A, 0xAE, 0x4A, 0xAE, 0x4A, 0xAE,
    0x4A, 0xAE, 0x4A, 0xAE, 0x4A, 0xAE, 0x42, 0x8D, 0x42, 0x8D, 0x42, 0x8D, 0x42, 0x8D, 0x42, 0x8D,
    0x42, 0x8D, 0x42, 0x8D, 0x42, 0x8D, 0x42, 0x8D, 0x42, 0x8D, 0x42, 0x8D, 0x42, 0x8D, 0x42, 0x8D,
    0x42, 0x8D, 0x42, 0x8D, 0x42, 0x8D, 0x42, 0x8D, 0x42, 0x8D, 0x42, 0x8D, 0x42, 0x8D, 0x42, 0x8D,
    0x42, 0x8D, 0x42, 0x8D, 0x42, 0x8D, 0x42, 0x8D, 0x42, 0x8D, 0x42, 0x8D, 0x42, 0x6C, 0x42, 0x4C,
    0x42, 0x6C, 0x42, 0x6C, 0x42, 0x6C, 0x42, 0x6C, 0x42, 0x6C, 0x3A, 0x6C, 0x3A, 0x6C, 0x3A, 0x6C,
    0x3A, 0x6C, 0x3A, 0x6C, 0x3A, 0x6C, 0x42, 0x6C, 0x42, 0x6C, 0x42, 0x6C, 0x42, 0x6C, 0x42, 0x6C,
    0x42, 0x6C, 0x42, 0x6C, 0x42, 0x6C, 0x42, 0x4C, 0x42, 0x4C, 0x42, 0x4C, 0x42, 0x4C, 0x42, 0x4C,
    0x42, 0x4C, 0x42, 0x6D, 0x42, 0x6D, 0x42, 0x6D, 0x42, 0xFF, 0x6C, 0x42, 0x6C, 0x42, 0x6C, 0x42,
    0x6C, 0x42, 0x6C, 0x42, 0x6C, 0x42, 0x6C, 0x42, 0x6C, 0x42, 0x6D, 0x42, 0x6D, 0x42, 0x6D, 0x4A,
    0x6D, 0x4A, 0x6D, 0x4A, 0x6D, 0x4A, 0x6D, 0x4A, 0x6D, 0x4A, 0x6D, 0x4A, 0x6D, 0x4A, 0x6D, 0x4A,
    0x6D, 0x4A, 0x6D, 0x4A, 0x8D, 0x4A, 0x8D, 0x4A, 0x8D, 0x4A, 0x8D, 0x4A, 0xAE, 0x4A, 0x8D, 0x4A,
    0x8D, 0x4A, 0x8D, 0x4A, 0xAE, 0x52, 0xEF, 0x52, 0xEF, 0x52, 0xEF, 0x52, 0xEF, 0x52, 0xCE, 0x4A,
    0xAE, 0x4A, 0xAE, 0x4A, 0xAE, 0x4A, 0xCE, 0x4A, 0xCE, 0x4A, 0xCE, 0x4A, 0xCE, 0x4A, 0xCE, 0xFF,
    0xFE, 0xFF, 0xFE, 0xFF, 0xFE, 0xFF, 0xFE, 0xFF, 0xFE, 0xFF, 0xFE, 0xFF, 0xFE, 0xFF, 0xFE, 0xFF,
    0xFE, 0xFF, 0xFD, 0xFF, 0xFD, 0xFF, 0xFD, 0xFF, 0xFD, 0xFF, 0xFD, 0xFF, 0xFD, 0xFF, 0xFC, 0xFF,
    0xFB, 0xFF, 0xFB, 0xFF, 0xFA, 0xF7, 0xD9, 0xFF, 0xF8, 0xFF, 0xFF, 0xF8, 0xFF, 0xD8, 0xFF, 0xD7,
    0xFF, 0xD7, 0xFF, 0xD7, 0xFF, 0xD7, 0xFF, 0xD7, 0xFF, 0xD7, 0xFF, 0x97, 0xFF, 0x97, 0xFF, 0x97,
    0xFF, 0x97, 0xFF, 0x97, 0xFF, 0x77, 0xFF, 0x56, 0xFF, 0x55, 0xFF, 0x55, 0xFF, 0x55, 0xFF, 0x55,
    0xFF, 0x34, 0xFF, 0x34, 0xFF, 0x14, 0xFF, 0x35, 0xFF, 0x35, 0xFF, 0x35, 0xFF, 0x36, 0xFF, 0x36,
    0xFF, 0x36, 0xFF, 0x36, 0xFF, 0x56, 0xFF, 0x36, 0xFF, 0x36, 0xFF, 0x16, 0xFF, 0x16, 0xFF, 0x16,
    0xFE, 0xF6, 0xFE, 0xB5, 0xFE, 0x94, 0xFE, 0x94, 0xF6, 0x73, 0xFE, 0x74, 0xFE, 0x94, 0xFE, 0x32,
    0xFE, 0x12, 0xF6, 0x12, 0xF6, 0x12, 0xF6, 0x12, 0xF5, 0xF1, 0xED, 0xD1, 0xED, 0x70, 0xED, 0x4F,
    0xE5, 0x2F, 0xE5, 0x2F, 0xE5, 0x2F, 0xE5, 0x0E, 0xDC, 0xEE, 0xDC, 0xEF, 0xDC, 0xEF, 0xDC, 0xEF,
    0xDC, 0xEF, 0xDC, 0xEF, 0xDD, 0x10, 0xE5, 0x10, 0xDD, 0x10, 0xDD, 0xFF, 0x10, 0xDD, 0x10, 0xDC,
    0xEF, 0xD4, 0xCF, 0xD4, 0xAE, 0xCC, 0xAF, 0xC4, 0x8F, 0xBC, 0x6F, 0xBC, 0x6F, 0xBC, 0x4E, 0xB4,
    0x2E, 0xB4, 0x2E, 0xAC, 0x4E, 0xAC, 0x4E, 0xAC, 0x4E, 0xAC, 0x4E, 0xAC, 0x4E, 0xB4, 0x6F, 0xB4,
    0x8F, 0xC4, 0xB0, 0xBC, 0x70, 0xBC, 0x11, 0xBC, 0x32, 0xAB, 0xB0, 0x72, 0x08, 0xF6, 0x17, 0xDD,
    0x15, 0xA3, 0x6F, 0x9B, 0x4E, 0x9B, 0x2D, 0x93, 0x2D, 0x8B, 0x0D, 0x8A, 0xED, 0x8A, 0xCD, 0x82,
    0xAC, 0x7A, 0xAC, 0x7A, 0xAC, 0x7A, 0xAC, 0x72, 0xCC, 0x72, 0xCD, 0x6A, 0x8C, 0x72, 0xEE, 0x5A,
    0x4B, 0x5A, 0x0A, 0x6A, 0xAD, 0x72, 0xCD, 0x6A, 0xCE, 0x41, 0xA9, 0x52, 0x4B, 0x62, 0x8D, 0x62,
    0xAD, 0x62, 0xCD, 0x62, 0xAE, 0x31, 0x6A, 0x39, 0x8A, 0x39, 0xCB, 0x41, 0xCB, 0x41, 0xCB, 0x41,
    0xCB, 0x41, 0xCB, 0x49, 0xEB, 0x5A, 0x6B, 0x7B, 0x4D, 0x9C, 0x50, 0x94, 0xFF, 0x2F, 0x8C, 0x30,
    0x7B, 0xEF, 0x7B, 0xCF, 0x73, 0xAF, 0x73, 0x8F, 0x73, 0x8F, 0x73, 0x6F, 0x6B, 0x4F, 0x6B, 0x4F,
    0x6B, 0x4E, 0x6B, 0x4E, 0x6B, 0x4E, 0x6B, 0x4E, 0x6B, 0x4E, 0x6B, 0x4E, 0x6B, 0x4E, 0x6B, 0x4F,
    0x6B, 0x4F, 0x6B, 0x4F, 0x63, 0x2E, 0x63, 0x2E, 0x63, 0x2E, 0x5B, 0x0D, 0x5B, 0x0D, 0x5B, 0x0D,
    0x5B, 0x2E, 0x63, 0x2E, 0x63, 0x2E, 0x63, 0x2E, 0x5B, 0x0E, 0x5B, 0x0E, 0x5B, 0x0E, 0x5B, 0x0E,
    0x5A, 0xEE, 0x5A, 0xEE, 0x5A, 0xEE, 0x52, 0xEF, 0x52, 0xEF, 0x52, 0xEF, 0x52, 0xEF, 0x52, 0xEF,
    0x52, 0xEF, 0x52, 0xEF, 0x52, 0xEF, 0x52, 0xEF, 0x52, 0xEF, 0x4A, 0xEE, 0x4A, 0xEE, 0x4A, 0xEE,
    0x4A, 0xEE, 0x4A, 0xEE, 0x4A, 0xEE, 0x4A, 0xEE, 0x4A, 0xCE, 0x4A, 0xCE, 0x4A, 0xCE, 0x4A, 0xCE,
    0x4A, 0xCE, 0x4A, 0xCE, 0x4A, 0xCE, 0x4A, 0xAE, 0x4A, 0xAE, 0x4A, 0xAE, 0x4A, 0xFF, 0xAE, 0x4A,
    0xAE, 0x4A, 0xAE, 0x4A, 0xAE, 0x4A, 0xAE, 0x4A, 0xAE, 0x4A, 0xAE, 0x42, 0x8D, 0x42, 0x8D, 0x42,
    0x8D, 0x42, 0x8D, 0x42, 0x8D, 0x42, 0x8D, 0x42, 0x8D, 0x42, 0x8D, 0x42, 0x8D, 0x42, 0x8D, 0x42,
    0x8D, 0x42, 0x8D, 0x42, 0x8D, 0x42, 0x8D, 0x42, 0x8D, 0x42, 0x8D, 0x42, 0x8D, 0x42, 0x8D, 0x42,
    0x8D, 0x42, 0x8D, 0x42, 0x8D, 0x42, 0x8C, 0x42, 0x8D, 0x42, 0x8D, 0x42, 0x8D, 0x42, 0x8D, 0x42,
    0x8D, 0x42, 0x6C, 0x42, 0x6C, 0x42, 0x6C, 0x42, 0x6C, 0x42, 0x6C, 0x42, 0x6C, 0x42, 0x6C, 0x3A,
    0x6C, 0x3A, 0x6C, 0x3A, 0x6C, 0x3A, 0x6C, 0x3A, 0x6C, 0x3A, 0x6C, 0x42, 0x6C, 0x42, 0x6C, 0x42,
    0x6C, 0x42, 0x6C, 0x42, 0x6C, 0x42, 0x6C, 0x42, 0x6C, 0x42, 0x6C, 0x42, 0x4C, 0x42, 0x4C, 0x42,
    0x4C, 0x42, 0x4C, 0x42, 0x4C, 0x42, 0x4C, 0x42, 0x6D, 0x42, 0x6D, 0x42, 0x6D, 0x42, 0xFF, 0x6C,
    0x42, 0x4C, 0x42, 0x4C, 0x42, 0x4C, 0x42, 0x4C, 0x42, 0x4C, 0x42, 0x4C, 0x42, 0x6C, 0x42, 0x6D,
    0x42, 0x6D, 0x42, 0x6D, 0x42, 0x6C, 0x42, 0x6C, 0x42, 0x6C, 0x3A, 0x2B, 0x3A, 0x2B, 0x3A, 0x2B,
    0x3A, 0x2B, 0x3A, 0x2B, 0x3A, 0x2B, 0x3A, 0x2B, 0x42, 0x6C, 0x42, 0x6C, 0x42, 0x6C, 0x42, 0x8D,
    0x4A, 0xAE, 0x42, 0x6D, 0x42, 0x4D, 0x42, 0x6D, 0x42, 0x4C, 0x3A, 0x4C, 0x42, 0x4D, 0x4A, 0x8D,
    0x4A, 0x8D, 0x4A, 0x8D, 0x4A, 0x8D, 0x4A, 0x8D, 0x4A, 0x8D, 0x42, 0x8E, 0x42, 0x8E, 0x42, 0xAE,
    0x42, 0xAE, 0x42, 0xAE, 0xFF, 0xFE, 0xFF, 0xFE, 0xFF, 0xFD, 0xFF, 0xFE, 0xFF, 0xFE, 0xFF, 0xFE,
    0xFF, 0xFE, 0xFF, 0xFE, 0xFF, 0xFE, 0xFF, 0xFC, 0xFF, 0xFC, 0xFF, 0xFC, 0xFF, 0xFC, 0xFF, 0xFC,
    0xFF, 0xFC, 0xFF, 0xFB, 0xFF, 0xDB, 0xFF, 0xDB, 0xFF, 0xFA, 0xFF, 0xF9, 0xFF, 0xF9, 0xFF, 0xFF,
    0xF8, 0xFF, 0xF8, 0xFF, 0xF8, 0xFF, 0xF8, 0xFF, 0xF8, 0xFF, 0xD8, 0xFF, 0xD8, 0xFF, 0xD8, 0xFF,
    0x96, 0xFF, 0x96, 0xFF, 0x76, 0xFF, 0x75, 0xFF, 0x55, 0xFF, 0x55, 0xFF, 0x55, 0xFF, 0x15, 0xFF,
    0x15, 0xFF, 0x15, 0xFF, 0x14, 0xFF, 0x14, 0xFF, 0x14, 0xFF, 0x14, 0xF7, 0x14, 0xFF, 0x35, 0xFF,
    0x35, 0xFF, 0x35, 0xFF, 0x14, 0xF6, 0xF4, 0xF6, 0xD4, 0xFE, 0xF5, 0xFF, 0x36, 0xFF, 0x15, 0xF6,
    0xB4, 0xF6, 0x93, 0xEE, 0x93, 0xF6, 0x73, 0xFE, 0x73, 0xFE, 0x73, 0xFE, 0x73, 0xFE, 0x73, 0xFE,
    0x53, 0xFE, 0x53, 0xFE, 0x33, 0xFE, 0x13, 0xFD, 0xF2, 0xF5, 0xD2, 0xF5, 0xB1, 0xED, 0xB1, 0xED,
    0x91, 0xED, 0x51, 0xE5, 0x30, 0xE5, 0x30, 0xE5, 0x10, 0xDD, 0x0F, 0xDC, 0xEF, 0xDC, 0xCE, 0xD4,
    0xAF, 0xD4, 0xAF, 0xD4, 0xAF, 0xD4, 0xAF, 0xD4, 0xAF, 0xD4, 0xAF, 0xD4, 0xCF, 0xD4, 0xCF, 0xD4,
    0xFF, 0xCF, 0xD4, 0xAE, 0xCC, 0x8E, 0xCC, 0x8E, 0xCC, 0x6D, 0xC4, 0x6E, 0xBC, 0x4F, 0xBC, 0x4F,
    0xB4, 0x2E, 0xB4, 0x2E, 0xB4, 0x2E, 0xB4, 0x2E, 0xB4, 0x2E, 0xB4, 0x2E, 0xB4, 0x2E, 0xB4, 0x2E,
    0xB4, 0x4F, 0xB4, 0x6F, 0xBC, 0x8F, 0xBC, 0x8F, 0xC4, 0x8F, 0xAB, 0x6D, 0xCC, 0x51, 0xBB, 0xB0,
    0x61, 0x47, 0x8A, 0xED, 0xFE, 0x7A, 0xCC, 0xB3, 0xA3, 0x6E, 0x9B, 0x4D, 0x9B, 0x2D, 0x93, 0x0C,
    0x8A, 0xCC, 0x8A, 0xCD, 0x8A, 0xCD, 0x82, 0xAC, 0x7A, 0xAC, 0x7A, 0xAC, 0x72, 0xCC, 0x72, 0xCC,
    0x72, 0xAD, 0x72, 0xAD, 0x72, 0xAD, 0x51, 0xCA, 0x72, 0xCD, 0x72, 0xCD, 0x62, 0xAD, 0x62, 0xAD,
    0x62, 0x8D, 0x5A, 0x6C, 0x62, 0xAD, 0x6A, 0xCE, 0x49, 0xEA, 0x39, 0xAA, 0x39, 0xAB, 0x41, 0xCB,
    0x41, 0xEB, 0x41, 0xCB, 0x41, 0xCB, 0x41, 0xCB, 0x52, 0x0C, 0x5A, 0x8C, 0x7B, 0x6E, 0x94, 0x51,
    0x8C, 0xFF, 0x0F, 0x8B, 0xF0, 0x83, 0xD0, 0x7B, 0xD0, 0x73, 0xB0, 0x73, 0x6F, 0x6B, 0x4E, 0x6B,
    0x4E, 0x6B, 0x4E, 0x6B, 0x4E, 0x6B, 0x6E, 0x6B, 0x6E, 0x6B, 0x6E, 0x6B, 0x6E, 0x6B, 0x6E, 0x6B,
    0x6E, 0x63, 0x4F, 0x63, 0x4F, 0x63, 0x4F, 0x63, 0x4F, 0x63, 0x2E, 0x63, 0x2E, 0x63, 0x2E, 0x5B,
    0x2E, 0x5B, 0x2E, 0x5B, 0x2E, 0x5B, 0x2E, 0x5B, 0x2E, 0x5B, 0x2E, 0x5B, 0x2E, 0x5B, 0x2F, 0x5B,
    0x2F, 0x5B, 0x2F, 0x5B, 0x2F, 0x5B, 0x0F, 0x5B, 0x0F, 0x5B, 0x0F, 0x53, 0x0F, 0x53, 0x0F, 0x53,
    0x0F, 0x53, 0x0E, 0x53, 0x0E, 0x53, 0x0E, 0x53, 0x0E, 0x53, 0x0E, 0x53, 0x0E, 0x53, 0x0E, 0x4A,
    0xEE, 0x4A, 0xEE, 0x4A, 0xEE, 0x4A, 0xEE, 0x4A, 0xEE, 0x4A, 0xEE, 0x4A, 0xEE, 0x4A, 0xCE, 0x4A,
    0xCE, 0x4A, 0xCE, 0x4A, 0xCE, 0x4A, 0xCE, 0x4A, 0xCE, 0x4A, 0xCE, 0x4A, 0xCE, 0x4A, 0xCE, 0x4A,
    0xCE, 0x4A, 0xFF, 0xAE, 0x4A, 0xAE, 0x4A, 0xAE, 0x4A, 0xAE, 0x4A, 0xAE, 0x4A, 0xAE, 0x4A, 0xAE,
    0x42, 0x8D, 0x42, 0x8D, 0x42, 0x8D, 0x42, 0x8D, 0x42, 0x8D, 0x42, 0x8D, 0x42, 0x8D, 0x42, 0x8D,
    0x42, 0x8D, 0x42, 0x8D, 0x42, 0x8D, 0x42, 0x8D, 0x42, 0x8D, 0x42, 0x8D, 0x42, 0x8D, 0x42, 0x8D,
    0x42, 0x8D, 0x42, 0x8D, 0x42, 0x8D, 0x42, 0x8D, 0x42, 0x6D, 0x42, 0x6D, 0x42, 0x6D, 0x42, 0x6D,
    0x42, 0x6D, 0x42, 0x6D, 0x42, 0x6D, 0x42, 0x8D, 0x42, 0x8D, 0x42, 0x8D, 0x42, 0x8C, 0x3A, 0x6C,
    0x3A, 0x6C, 0x3A, 0x6C, 0x3A, 0x6C, 0x3A, 0x6C, 0x3A, 0x6C, 0x3A, 0x6C, 0x3A, 0x6C, 0x3A, 0x6C,
    0x3A, 0x6C, 0x3A, 0x6C, 0x3A, 0x6C, 0x3A, 0x6C, 0x3A, 0x4C, 0x3A, 0x4C, 0x3A, 0x4C, 0x3A, 0x4C,
    0x42, 0x4C, 0x42, 0x4C, 0x42, 0x4C, 0x42, 0x4C, 0x42, 0x4C, 0x42, 0x4C, 0x42, 0x4C, 0x42, 0x4C,
    0x42, 0x4C, 0x42, 0xFF, 0x4C, 0x42, 0x4C, 0x42, 0x4C, 0x42, 0x4C, 0x42, 0x4C, 0x42, 0x4C, 0x42,
    0x4C, 0x42, 0x4C, 0x42, 0x4C, 0x42, 0x4C, 0x42, 0x4C, 0x42, 0x4C, 0x42, 0x4C, 0x42, 0x4C, 0x42,
    0x4C, 0x42, 0x4C, 0x42, 0x4C, 0x42, 0x4C, 0x42, 0x4C, 0x42, 0x4C, 0x42, 0x4C, 0x42, 0x4C, 0x42,
    0x4C, 0x42, 0x4C, 0x42, 0x6C, 0x42, 0x6D, 0x42, 0x6D, 0x42, 0x6D, 0x3A, 0x6D, 0x3A, 0x6D, 0x3A,
    0x6D, 0x42, 0x6D, 0x42, 0x8D, 0x42, 0x8D, 0x42, 0x8D, 0x42, 0x8D, 0x42, 0x8D, 0x42, 0x8D, 0x42,
    0x8D, 0x42, 0x8D, 0x42, 0x8D, 0x42, 0x8D, 0x42, 0xAE, 0xFF, 0xFD, 0xFF, 0xFD, 0xFF, 0xFE, 0xFF,
    0xFD, 0xFF, 0xFD, 0xFF, 0xFD, 0xFF, 0xFD, 0xFF, 0xFD, 0xFF, 0xFD, 0xFF, 0xFC, 0xFF, 0xFC, 0xFF,
    0xFC, 0xFF, 0xFC, 0xFF, 0xFC, 0xFF, 0xFC, 0xFF, 0xFB, 0xFF, 0xDB, 0xFF, 0xDA, 0xFF, 0xD9, 0xFF,
    0xF9, 0xFF, 0xF8, 0xFF, 0xFF, 0xF8, 0xFF, 0xF8, 0xFF, 0xF8, 0xFF, 0xF8, 0xFF, 0xF8, 0xFF, 0xB7,
    0xFF, 0xB7, 0xFF, 0xB8, 0xFF, 0x96, 0xFF, 0x76, 0xFF, 0x75, 0xFF, 0x55, 0xFF, 0x35, 0xFF, 0x35,
    0xFF, 0x35, 0xFF, 0x14, 0xFE, 0xF4, 0xFE, 0xF4, 0xFE, 0xF4, 0xFF, 0x14, 0xFF, 0x14, 0xFF, 0x14,
    0xFF, 0x35, 0xFF, 0x35, 0xFF, 0x35, 0xF6, 0xD3, 0xF6, 0xD3, 0xF6, 0xB3, 0xF6, 0xB3, 0xFE, 0xF5,
    0xFE, 0xF5, 0xFE, 0xD4, 0xF6, 0xB4, 0xF6, 0x93, 0xF6, 0x93, 0xF6, 0x73, 0xFE, 0x73, 0xFE, 0x73,
    0xFE, 0x73, 0xFE, 0x53, 0xFE, 0x53, 0xF6, 0x32, 0xFE, 0x13, 0xFD, 0xF2, 0xF5, 0xF2, 0xF5, 0xD2,
    0xED, 0xB1, 0xED, 0x91, 0xED, 0x70, 0xED, 0x50, 0xE5, 0x30, 0xE5, 0x10, 0xDD, 0x0F, 0xDC, 0xEF,
    0xDC, 0xCE, 0xD4, 0xCE, 0xD4, 0xAF, 0xD4, 0xAF, 0xD4, 0xAF, 0xD4, 0x8E, 0xD4, 0x8E, 0xD4, 0x8E,
    0xD4, 0xAF, 0xD4, 0xAE, 0xCC, 0xFF, 0xAE, 0xCC, 0x8E, 0xCC, 0x6E, 0xC4, 0x6D, 0xC4, 0x4D, 0xBC,
    0x4E, 0xBC, 0x4F, 0xB4, 0x2E, 0xB4, 0x2E, 0xB4, 0x2E, 0xB4, 0x2E, 0xB4, 0x2E, 0xB4, 0x2E, 0xB4,
    0x2E, 0xB4, 0x2E, 0xB4, 0x2E, 0xB4, 0x4F, 0xBC, 0x4F, 0xBC, 0x6F, 0xBC, 0x8F, 0xC4, 0x8F, 0xAB,
    0x6D, 0xCC, 0x51, 0xC3, 0xF1, 0x61, 0x67, 0x59, 0x67, 0xF6, 0x39, 0xE5, 0x96, 0xB3, 0xF0, 0x9B,
    0x6E, 0x9B, 0x4D, 0x93, 0x0C, 0x92, 0xED, 0x8A, 0xCD, 0x8A, 0xCD, 0x82, 0xAC, 0x7A, 0xAC, 0x7A,
    0xAC, 0x72, 0xCC, 0x72, 0xCC, 0x72, 0xAD, 0x72, 0xAD, 0x72, 0xAD, 0x62, 0x4B, 0x72, 0xAD, 0x72,
    0xAD, 0x62, 0x8C, 0x6A, 0xCE, 0x6A, 0xCE, 0x5A, 0x8C, 0x62, 0x8D, 0x62, 0xAD, 0x41, 0xA9, 0x39,
    0xAA, 0x39, 0xAB, 0x41, 0xCB, 0x41, 0xEB, 0x41, 0xCB, 0x41, 0xCB, 0x41, 0xCB, 0x52, 0x0C, 0x5A,
    0x8C, 0x7B, 0x6E, 0x94, 0x51, 0x8C, 0xFF, 0x0F, 0x8B, 0xF0, 0x83, 0xD0, 0x7B, 0xD0, 0x73, 0xB0,
    0x73, 0x6F, 0x6B, 0x4E, 0x6B, 0x4E, 0x6B, 0x4E, 0x6B, 0x4E, 0x6B, 0x6E, 0x6B, 0x6E, 0x6B, 0x6E,
    0x6B, 0x6E, 0x6B, 0x6E, 0x6B, 0x6E, 0x63, 0x4F, 0x63, 0x4F, 0x63, 0x4F, 0x63, 0x4F, 0x63, 0x2E,
    0x63, 0x2E, 0x63, 0x2E, 0x5B, 0x2E, 0x5B, 0x2E, 0x5B, 0x2E, 0x5B, 0x2E, 0x5B, 0x2E, 0x5B, 0x2E,
    0x5B, 0x2E, 0x5B, 0x2F, 0x5B, 0x2F, 0x5B, 0x2F, 0x5B, 0x2F, 0x5B, 0x0F, 0x5B, 0x0F, 0x5B, 0x0F,
    0x53, 0x0F, 0x53, 0x0F, 0x53, 0x0F, 0x53, 0x0E, 0x53, 0x0E, 0x53, 0x0E, 0x53, 0x0E, 0x53, 0x0E,
    0x53, 0x0E, 0x53, 0x0E, 0x4A, 0xEE, 0x4A, 0xEE, 0x4A, 0xEE, 0x4A, 0xEE, 0x4A, 0xEE, 0x4A, 0xEE,
    0x4A, 0xEE, 0x4A, 0xCE, 0x4A, 0xCE, 0x4A, 0xCE, 0x4A, 0xCE, 0x4A, 0xCE, 0x4A, 0xCE, 0x4A, 0xCE,
    0x4A, 0xCE, 0x4A, 0xCE, 0x4A, 0xCE, 0x4A, 0xFF, 0xAE, 0x4A, 0xAE, 0x4A, 0xAE, 0x4A, 0xAE, 0x4A,
    0xAE, 0x4A, 0xAE, 0x4A, 0xAE, 0x42, 0x8D, 0x42, 0x8D, 0x42, 0x8D, 0x42, 0x8D, 0x42, 0x8D, 0x42,
    0x8D, 0x42, 0x8D, 0x42, 0x8D, 0x42, 0x8D, 0x42, 0x8D, 0x42, 0x8D, 0x42, 0x8D, 0x42, 0x8D, 0x42,
    0x8D, 0x42, 0x8D, 0x42, 0x8D, 0x42, 0x8D, 0x42, 0x8D, 0x42, 0x8D, 0x42, 0x8D, 0x42, 0x6D, 0x42,
    0x6D, 0x42, 0x6D, 0x42, 0x6D, 0x42, 0x6D, 0x42, 0x6D, 0x42, 0x6D, 0x42, 0x8D, 0x42, 0x8D, 0x42,
    0x8D, 0x42, 0x8C, 0x3A, 0x6C, 0x3A, 0x6C, 0x3A, 0x6C, 0x3A, 0x6C, 0x3A, 0x6C, 0x3A, 0x6C, 0x3A,
    0x6C, 0x3A, 0x6C, 0x3A, 0x6C, 0x3A, 0x6C, 0x3A, 0x6C, 0x3A, 0x6C, 0x3A, 0x6C, 0x3A, 0x4C, 0x3A,
    0x4C, 0x3A, 0x4C, 0x3A, 0x4C, 0x42, 0x4C, 0x42, 0x4C, 0x42, 0x4C, 0x42, 0x4C, 0x42, 0x4C, 0x42,
    0x4C, 0x42, 0x4C, 0x42, 0x4C, 0x42, 0x4C, 0x42, 0xFF, 0x4C, 0x42, 0x4C, 0x42, 0x4C, 0x42, 0x4C,
    0x42, 0x4C, 0x42, 0x4C, 0x42, 0x4C, 0x42, 0x4C, 0x42, 0x4C, 0x42, 0x4C, 0x42, 0x4C, 0x42, 0x4C,
    0x42, 0x4C, 0x42, 0x4C, 0x42, 0x4C, 0x42, 0x4C, 0x42, 0x4C, 0x42, 0x4C, 0x42, 0x4C, 0x42, 0x4C,
    0x42, 0x4C, 0x42, 0x4C, 0x42, 0x4C, 0x42, 0x4C, 0x42, 0x6C, 0x42, 0x8D, 0x42, 0x8D, 0x42, 0x8D,
    0x3A, 0x6D, 0x3A, 0x6D, 0x3A, 0x6D, 0x42, 0x6D, 0x42, 0x8D, 0x42, 0x8D, 0x42, 0x8D, 0x42, 0x6D,
    0x42, 0x6D, 0x42, 0x6D, 0x42, 0x6D, 0x42, 0x6D, 0x42, 0x6D, 0x42, 0x8D, 0x42, 0x8D, 0xFF, 0xFD,
    0xFF, 0xFD, 0xFF, 0xFD, 0xFF, 0xFD, 0xFF, 0xFD, 0xFF, 0xFD, 0xFF, 0xFD, 0xFF, 0xFD, 0xFF, 0xFD,
    0xFF, 0xFB, 0xFF, 0xFB, 0xFF, 0xFB, 0xFF, 0xFB, 0xFF, 0xFB, 0xFF, 0xFB, 0xFF, 0xFB, 0xFF, 0xFA,
    0xFF, 0xDA, 0xFF, 0xF9, 0xFF, 0xF9, 0xFF, 0xF8, 0xFF, 0xFF, 0xF8, 0xFF, 0xF7, 0xFF, 0xD8, 0xFF,
    0xD8, 0xFF, 0xD8, 0xFF, 0xB7, 0xFF, 0x96, 0xFF, 0x97, 0xFF, 0x76, 0xFF, 0x75, 0xFF, 0x55, 0xFF,
    0x35, 0xFF, 0x35, 0xFF, 0x35, 0xFF, 0x35, 0xFE, 0xF4, 0xFE, 0xF4, 0xFE, 0xF4, 0xFE, 0xF4, 0xFF,
    0x14, 0xFE, 0xF4, 0xFF, 0x14, 0xFF, 0x35, 0xFF, 0x15, 0xFF, 0x14, 0xF6, 0xB3, 0xF6, 0xB3, 0xFE,
    0xD3, 0xFE, 0xB4, 0xFE, 0xD4, 0xFE, 0xD4, 0xF6, 0x93, 0xFE, 0x94, 0xF6, 0x93, 0xF6, 0x73, 0xF6,
    0x73, 0xFE, 0x73, 0xFE, 0x73, 0xFE, 0x73, 0xF6, 0x33, 0xF6, 0x32, 0xF6, 0x12, 0xF6, 0x13, 0xF5,
    0xF2, 0xF5, 0xD2, 0xF5, 0xB1, 0xED, 0x91, 0xED, 0x91, 0xE5, 0x70, 0xE5, 0x30, 0xE5, 0x10, 0xDD,
    0x0F, 0xDC, 0xEF, 0xDC, 0xCE, 0xD4, 0xAE, 0xD4, 0xAE, 0xD4, 0x8E, 0xD4, 0x8E, 0xD4, 0x8E, 0xCC,
    0x6E, 0xCC, 0x6E, 0xCC, 0x6E, 0xCC, 0x6E, 0xCC, 0x8E, 0xC4, 0xFF, 0x6E, 0xC4, 0x6E, 0xC4, 0x4D,
    0xBC, 0x2D, 0xBC, 0x2C, 0xBC, 0x2E, 0xB4, 0x2E, 0xB4, 0x0E, 0xB4, 0x0E, 0xB4, 0x0E, 0xB4, 0x0E,
    0xB4, 0x0E, 0xB4, 0x2E, 0xB4, 0x0E, 0xB4, 0x0E, 0xBC, 0x2E, 0xBC, 0x2F, 0xBC, 0x4F, 0xBC, 0x6F,
    0xBC, 0x8F, 0xC4, 0x8F, 0xAB, 0x6D, 0xCC, 0x31, 0xC4, 0x11, 0x69, 0xC8, 0x61, 0xA8, 0xD4, 0xF4,
    0xF6, 0x18, 0xCC, 0xB3, 0xA3, 0x6E, 0x9B, 0x4D, 0x93, 0x2D, 0x92, 0xED, 0x8A, 0xCD, 0x8A, 0xCD,
    0x82, 0xAC, 0x7A, 0xAC, 0x7A, 0xAC, 0x72, 0xCC, 0x72, 0xCC, 0x72, 0xAD, 0x72, 0xAD, 0x72, 0xAD,
    0x72, 0xAD, 0x6A, 0x8D, 0x6A, 0x8C, 0x6A, 0xAD, 0x62, 0xAD, 0x62, 0xAD, 0x6A, 0xEE, 0x62, 0xAD,
    0x62, 0xAD, 0x39, 0x89, 0x39, 0xAA, 0x39, 0xAB, 0x41, 0xCB, 0x41, 0xEB, 0x41, 0xCB, 0x41, 0xCB,
    0x41, 0xCB, 0x52, 0x0C, 0x5A, 0x8C, 0x7B, 0x6E, 0x94, 0x51, 0x8C, 0xFF, 0x0F, 0x8B, 0xF0, 0x83,
    0xD0, 0x7B, 0xD0, 0x73, 0xB0, 0x73, 0x6F, 0x6B, 0x4E, 0x6B, 0x4E, 0x6B, 0x4E, 0x6B, 0x4E, 0x6B,
    0x6E, 0x6B, 0x6E, 0x6B, 0x6E, 0x6B, 0x6E, 0x6B, 0x6E, 0x6B, 0x6E, 0x63, 0x4F, 0x63, 0x4F, 0x63,
    0x4F, 0x63, 0x4F, 0x63, 0x2E, 0x63, 0x2E, 0x63, 0x2E, 0x5B, 0x2E, 0x5B, 0x2E, 0x5B, 0x2E, 0x5B,
    0x2E, 0x5B, 0x2E, 0x5B, 0x2E, 0x5B, 0x2E, 0x5B, 0x2F, 0x5B, 0x2F, 0x5B, 0x2F, 0x5B, 0x2F, 0x5B,
    0x0F, 0x5B, 0x0F, 0x5B, 0x0F, 0x53, 0x0F, 0x53, 0x0F, 0x53, 0x0F, 0x53, 0x0E, 0x53, 0x0E, 0x53,
    0x0E, 0x53, 0x0E, 0x53, 0x0E, 0x53, 0x0E, 0x53, 0x0E, 0x4A, 0xEE, 0x4A, 0xEE, 0x4A, 0xEE, 0x4A,
    0xEE, 0x4A, 0xEE, 0x4A, 0xEE, 0x4A, 0xEE, 0x4A, 0xCE, 0x4A, 0xCE, 0x4A, 0xCE, 0x4A, 0xCE, 0x4A,
    0xCE, 0x4A, 0xCE, 0x4A, 0xCE, 0x4A, 0xCE, 0x4A, 0xCE, 0x4A, 0xCE, 0x4A, 0xFF, 0xAE, 0x4A, 0xAE,
    0x4A, 0xAE, 0x4A, 0xAE, 0x4A, 0xAE, 0x4A, 0xAE, 0x4A, 0xAE, 0x42, 0x8D, 0x42, 0x8D, 0x42, 0x8D,
    0x42, 0x8D, 0x42, 0x8D, 0x42, 0x8D, 0x42, 0x8D, 0x42, 0x8D, 0x42, 0x8D, 0x42, 0x8D, 0x42, 0x8D,
    0x42, 0x8D, 0x42, 0x8D, 0x42, 0x8D, 0x42, 0x8D, 0x42, 0x8D, 0x42, 0x8D, 0x42, 0x8D, 0x42, 0x8D,
    0x42, 0x8D, 0x42, 0x6D, 0x42, 0x6D, 0x42, 0x6D, 0x42, 0x6D, 0x42, 0x6D, 0x42, 0x6D, 0x42, 0x6D,
    0x42, 0x8D, 0x42, 0x8D, 0x42, 0x8D, 0x42, 0x8C, 0x3A, 0x6C, 0x3A, 0x6C, 0x3A, 0x6C, 0x3A, 0x6C,
    0x3A, 0x6C, 0x3A, 0x6C, 0x3A, 0x6C, 0x3A, 0x6C, 0x3A, 0x6C, 0x3A, 0x6C, 0x3A, 0x6C, 0x3A, 0x6C,
    0x3A, 0x6C, 0x3A, 0x4C, 0x3A, 0x4C, 0x3A, 0x4C, 0x3A, 0x4C, 0x42, 0x4C, 0x42, 0x4C, 0x42, 0x4C,
    0x42, 0x4C, 0x42, 0x4C, 0x42, 0x4C, 0x42, 0x4C, 0x42, 0x4C, 0x42, 0x4C, 0x42, 0xFF, 0x4C, 0x42,
    0x4C, 0x42, 0x4C, 0x42, 0x4C, 0x42, 0x4C, 0x42, 0x4C, 0x42, 0x4C, 0x42, 0x4C, 0x42, 0x4C, 0x42,
    0x4C, 0x42, 0x4C, 0x42, 0x4C, 0x42, 0x4C, 0x42, 0x4C, 0x42, 0x4C, 0x42, 0x4C, 0x42, 0x4C, 0x42,
    0x4C, 0x42, 0x4C, 0x42, 0x4C, 0x42, 0x4C, 0x42, 0x4C, 0x42, 0x4C, 0x42, 0x4C, 0x42, 0x6D, 0x42,
    0xAD, 0x42, 0xAD, 0x42, 0xAD, 0x3A, 0x6D, 0x3A, 0x6D, 0x3A, 0x6D, 0x42, 0x6D, 0x42, 0x8D, 0x42,
    0x8D, 0x42, 0x6D, 0x3A, 0x6C, 0x3A, 0x6C, 0x3A, 0x6C, 0x3A, 0x6C, 0x3A, 0x6C, 0x3A, 0x6C, 0x3A,
    0x6D, 0x42, 0x6D, 0xFF, 0xFC, 0xFF, 0xFC, 0xFF, 0xFC, 0xFF, 0xFC, 0xFF, 0xFC, 0xFF, 0xFC, 0xFF,
    0xFC, 0xFF, 0xFC, 0xFF, 0xFC, 0xFF, 0xFA, 0xFF, 0xFB, 0xFF, 0xFA, 0xFF, 0xFB, 0xFF, 0xFB, 0xFF,
    0xFB, 0xFF, 0xFA, 0xFF, 0xF9, 0xFF, 0xF9, 0xFF, 0xF8, 0xFF, 0xF8, 0xFF, 0xF7, 0xFF, 0xFF, 0xF6,
    0xFF, 0xD6, 0xFF, 0xB6, 0xFF, 0xB6, 0xFF, 0x96, 0xF7, 0x55, 0xF7, 0x55, 0xF7, 0x55, 0xFF, 0x35,
    0xFF, 0x35, 0xFF, 0x35, 0xFF, 0x35, 0xFF, 0x14, 0xFF, 0x14, 0xFF, 0x14, 0xFE, 0xF4, 0xFE, 0xF4,
    0xFE, 0xF4, 0xFF, 0x14, 0xFF, 0x15, 0xFF, 0x15, 0xFF, 0x15, 0xFE, 0xD4, 0xFE, 0xD4, 0xFE, 0xB3,
    0xF6, 0x93, 0xFE, 0x93, 0xFE, 0xB3, 0xFE, 0xB4, 0xFE, 0x94, 0xFE, 0x94, 0xFE, 0x94, 0xFE, 0x53,
    0xFE, 0x73, 0xFE, 0x73, 0xFE, 0x53, 0xFE, 0x53, 0xFE, 0x53, 0xFE, 0x53, 0xF6, 0x33, 0xF6, 0x12,
    0xF6, 0x12, 0xF5, 0xD2, 0xF5, 0xB1, 0xED, 0x91, 0xED, 0x91, 0xED, 0x91, 0xE5, 0x70, 0xE5, 0x50,
    0xDD, 0x0F, 0xDC, 0xEF, 0xDC, 0xCE, 0xDC, 0xCE, 0xDC, 0xCE, 0xD4, 0xAE, 0xD4, 0xAE, 0xD4, 0x8E,
    0xD4, 0x8E, 0xCC, 0x6E, 0xCC, 0x6E, 0xCC, 0x6E, 0xCC, 0x6E, 0xC4, 0x6E, 0xBC, 0x4E, 0xBC, 0xFF,
    0x4E, 0xBC, 0x4E, 0xB4, 0x2D, 0xB4, 0x2D, 0xB4, 0x2D, 0xB4, 0x2E, 0xB4, 0x0E, 0xB4, 0x0E, 0xB4,
    0x0E, 0xB4, 0x0E, 0xB4, 0x0E, 0xB4, 0x0E, 0xB3, 0xEE, 0xBB, 0xEE, 0xBB, 0xEE, 0xBB, 0xEE, 0xBC,
    0x0E, 0xBC, 0x2F, 0xC4, 0x4F, 0xBC, 0x8F, 0xBC, 0x4E, 0xAB, 0x4C, 0xD4, 0x51, 0xBB, 0xF0, 0x7A,
    0x0A, 0x69, 0xC9, 0x82, 0x6A, 0xF6, 0x18, 0xDD, 0x56, 0xA3, 0x8E, 0x9B, 0x4D, 0xA3, 0x8F, 0x93,
    0x0D, 0x92, 0xED, 0x8A, 0xCD, 0x7A, 0xAC, 0x7A, 0xAC, 0x7A, 0xAC, 0x72, 0xCC, 0x72, 0xCC, 0x72,
    0xAD, 0x72, 0xAD, 0x72, 0xAD, 0x6A, 0x8D, 0x6A, 0x8D, 0x6A, 0x8D, 0x6A, 0xAD, 0x62, 0xAD, 0x62,
    0xAD, 0x62, 0xCD, 0x62, 0xAD, 0x52, 0x4B, 0x41, 0xCA, 0x39, 0xAA, 0x39, 0xAA, 0x39, 0xAA, 0x39,
    0xAB, 0x39, 0xCB, 0x41, 0xEB, 0x41, 0xEC, 0x49, 0xEC, 0x5A, 0x6C, 0x8B, 0xF0, 0x8B, 0xEF, 0x8B,
    0xFF, 0xEF, 0x83, 0xCF, 0x83, 0xD0, 0x7B, 0xB0, 0x73, 0x8F, 0x6B, 0x6F, 0x6B, 0x4F, 0x6B, 0x4E,
    0x63, 0x2E, 0x63, 0x2E, 0x63, 0x2E, 0x63, 0x2E, 0x63, 0x2E, 0x63, 0x4E, 0x63, 0x4E, 0x63, 0x4E,
    0x63, 0x4E, 0x63, 0x2E, 0x63, 0x2E, 0x63, 0x2E, 0x63, 0x2E, 0x63, 0x2E, 0x63, 0x2E, 0x5B, 0x2E,
    0x5B, 0x2E, 0x5B, 0x2E, 0x5B, 0x2E, 0x5B, 0x2E, 0x5B, 0x2E, 0x5B, 0x2E, 0x5B, 0x0E, 0x5B, 0x0F,
    0x5B, 0x0F, 0x5B, 0x0F, 0x5B, 0x0F, 0x5B, 0x0F, 0x5B, 0x0F, 0x53, 0x0F, 0x53, 0x0F, 0x53, 0x0F,
    0x53, 0x0E, 0x53, 0x0E, 0x53, 0x0E, 0x53, 0x0E, 0x53, 0x0E, 0x53, 0x0E, 0x53, 0x0E, 0x4A, 0xEE,
    0x4A, 0xEE, 0x4A, 0xEE, 0x4A, 0xEE, 0x4A, 0xEE, 0x4A, 0xEE, 0x4A, 0xEE, 0x4A, 0xCE, 0x4A, 0xCE,
    0x4A, 0xCE, 0x4A, 0xCE, 0x4A, 0xCE, 0x4A, 0xCE, 0x4A, 0xCE, 0x4A, 0xCE, 0x4A, 0xCE, 0x4A, 0xCE,
    0x4A, 0xFF, 0xAE, 0x4A, 0xAE, 0x4A, 0xAE, 0x4A, 0xAE, 0x4A, 0xAE, 0x4A, 0xAE, 0x4A, 0xAE, 0x4A,
    0xAE, 0x4A, 0xAE, 0x4A, 0xAE, 0x42, 0x8D, 0x42, 0x8D, 0x42, 0x8D, 0x42, 0x8D, 0x42, 0x8D, 0x42,
    0x8D, 0x42, 0x8D, 0x42, 0x8D, 0x42, 0x8D, 0x42, 0x8D, 0x42, 0x8D, 0x42, 0xAD, 0x42, 0xAD, 0x42,
    0xAD, 0x42, 0xAD, 0x42, 0xAD, 0x42, 0xAD, 0x42, 0x6D, 0x42, 0x6D, 0x42, 0x6D, 0x42, 0x6D, 0x42,
    0x6D, 0x42, 0x6D, 0x42, 0x6D, 0x42, 0x8D, 0x42, 0x8D, 0x42, 0x8D, 0x42, 0x8D, 0x42, 0x8D, 0x42,
    0x8D, 0x42, 0x8D, 0x3A, 0x6C, 0x3A, 0x6C, 0x3A, 0x6C, 0x3A, 0x6C, 0x3A, 0x6C, 0x3A, 0x6C, 0x3A,
    0x6C, 0x3A, 0x6C, 0x3A, 0x6C, 0x3A, 0x6C, 0x3A, 0x6C, 0x3A, 0x6C, 0x3A, 0x6C, 0x42, 0x6C, 0x42,
    0x4C, 0x42, 0x4C, 0x42, 0x4C, 0x42, 0x4C, 0x42, 0x4C, 0x42, 0x4C, 0x42, 0x4C, 0x42, 0x4C, 0x42,
    0x4C, 0x42, 0xFF, 0x4C, 0x42, 0x4C, 0x42, 0x4C, 0x42, 0x4C, 0x42, 0x4C, 0x42, 0x4C, 0x42, 0x4C,
    0x42, 0x4C, 0x42, 0x4C, 0x42, 0x4C, 0x42, 0x4C, 0x42, 0x4C, 0x42, 0x4C, 0x42, 0x4C, 0x42, 0x4C,
    0x42, 0x4C, 0x42, 0x4C, 0x42, 0x4C, 0x42, 0x4C, 0x42, 0x4C, 0x42, 0x4C, 0x42, 0x4C, 0x42, 0x4C,
    0x42, 0x4C, 0x42, 0x6D, 0x42, 0x8D, 0x42, 0x8D, 0x42, 0x8D, 0x42, 0x8D, 0x42, 0x8D, 0x42, 0x8D,
    0x42, 0x8D, 0x42, 0x8D, 0x42, 0x8D, 0x42, 0x8D, 0x42, 0x8D, 0x42, 0x8D, 0x42, 0x8D, 0x3A, 0x6D,
    0x3A, 0x6D, 0x3A, 0x6D, 0x3A, 0x6D, 0x3A, 0x6D, 0xFF, 0xFB, 0xFF, 0xFB, 0xFF, 0xFB, 0xFF, 0xFB,
    0xFF, 0xFB, 0xFF, 0xFB, 0xFF, 0xFB, 0xFF, 0xFB, 0xFF, 0xFB, 0xFF, 0xFA, 0xFF, 0xFA, 0xFF, 0xFA,
    0xFF, 0xFA, 0xFF, 0xFA, 0xFF, 0xFA, 0xFF, 0xF9, 0xFF, 0xF9, 0xFF, 0xF8, 0xFF, 0xF8, 0xFF, 0xD7,
    0xFF, 0xF6, 0xFF, 0xFF, 0xF6, 0xFF, 0xD6, 0xFF, 0xB6, 0xFF, 0x96, 0xFF, 0x96, 0xFF, 0x75, 0xFF,
    0x75, 0xFF, 0x55, 0xFF, 0x35, 0xFF, 0x35, 0xFF, 0x35, 0xFF, 0x35, 0xFF, 0x35, 0xFF, 0x15, 0xFF,
    0x15, 0xFF, 0x14, 0xFF, 0x14, 0xFF, 0x14, 0xFF, 0x15, 0xFF, 0x15, 0xFF, 0x15, 0xFE, 0xF4, 0xFE,
    0xD4, 0xFE, 0xB4, 0xFE, 0x93, 0xF6, 0x52, 0xF6, 0x52, 0xF6, 0x32, 0xF6, 0x32, 0xFE, 0x73, 0xFE,
    0x53, 0xFE, 0x53, 0xFE, 0x33, 0xF6, 0x33, 0xF6, 0x33, 0xF6, 0x33, 0xF6, 0x33, 0xF6, 0x33, 0xF6,
    0x33, 0xF6, 0x12, 0xED, 0xF2, 0xED, 0xF1, 0xED, 0xB2, 0xED, 0xB1, 0xED, 0x91, 0xED, 0x70, 0xE5,
    0x70, 0xE5, 0x50, 0xDD, 0x2F, 0xDC, 0xEF, 0xDC, 0xCE, 0xD4, 0xAE, 0xD4, 0xAE, 0xD4, 0xAE, 0xD4,
    0xAE, 0xD4, 0x8D, 0xD4, 0x8E, 0xCC, 0x6E, 0xCC, 0x4D, 0xCC, 0x4D, 0xCC, 0x4D, 0xCC, 0x4D, 0xC4,
    0x4E, 0xBC, 0x6E, 0xBC, 0xFF, 0x6E, 0xBC, 0x4F, 0xB4, 0x2E, 0xB4, 0x2E, 0xB4, 0x2E, 0xB4, 0x2E,
    0xB4, 0x0E, 0xB4, 0x0E, 0xB4, 0x0E, 0xB4, 0x0E, 0xB4, 0x0E, 0xB4, 0x0E, 0xBB, 0xEE, 0xBB, 0xEE,
    0xBB, 0xEE, 0xBB, 0xEE, 0xBC, 0x0E, 0xC4, 0x0F, 0xC4, 0x2F, 0xBC, 0x8E, 0xBC, 0x6E, 0xAB, 0x4C,
    0xCC, 0x51, 0xBB, 0xF0, 0x7A, 0x0A, 0x69, 0xC9, 0x61, 0x86, 0xC4, 0x92, 0xF5, 0xF8, 0xAB, 0xF0,
    0x93, 0x0C, 0x9B, 0x4D, 0x93, 0x0D, 0x92, 0xEE, 0x8A, 0xCD, 0x82, 0xAC, 0x7A, 0xAC, 0x7A, 0xAC,
    0x72, 0xCC, 0x72, 0xCC, 0x72, 0xAD, 0x72, 0xAD, 0x72, 0xAD, 0x6A, 0x8D, 0x6A, 0x8D, 0x6A, 0x8D,
    0x6A, 0xAD, 0x62, 0xAD, 0x62, 0xAD, 0x62, 0xCD, 0x62, 0x8D, 0x52, 0x0B, 0x41, 0xA9, 0x39, 0xAA,
    0x39, 0xAA, 0x39, 0xAA, 0x39, 0xAB, 0x39, 0xCB, 0x41, 0xEB, 0x41, 0xEC, 0x49, 0xEC, 0x5A, 0x6C,
    0x8B, 0xF0, 0x8B, 0xEF, 0x8B, 0xFF, 0xEF, 0x83, 0xCF, 0x83, 0xD0, 0x7B, 0xB0, 0x73, 0x8F, 0x6B,
    0x6F, 0x6B, 0x4F, 0x6B, 0x4E, 0x63, 0x2E, 0x63, 0x2E, 0x63, 0x2E, 0x63, 0x2E, 0x63, 0x2E, 0x63,
    0x2E, 0x63, 0x2E, 0x63, 0x2E, 0x63, 0x2E, 0x63, 0x2E, 0x63, 0x2E, 0x63, 0x2E, 0x63, 0x2E, 0x63,
    0x2E, 0x63, 0x2E, 0x5B, 0x2E, 0x5B, 0x2E, 0x5B, 0x2E, 0x5B, 0x2E, 0x5B, 0x2E, 0x5B, 0x2E, 0x5B,
    0x2E, 0x5B, 0x0E, 0x5B, 0x0F, 0x5B, 0x0F, 0x5B, 0x0F, 0x5B, 0x0F, 0x5B, 0x0F, 0x5B, 0x0F, 0x53,
    0x0F, 0x53, 0x0F, 0x53, 0x0F, 0x53, 0x0E, 0x53, 0x0E, 0x53, 0x0E, 0x53, 0x0E, 0x53, 0x0E, 0x53,
    0x0E, 0x53, 0x0E, 0x4A, 0xEE, 0x4A, 0xEE, 0x4A, 0xEE, 0x4A, 0xEE, 0x4A, 0xEE, 0x4A, 0xEE, 0x4A,
    0xEE, 0x4A, 0xCE, 0x4A, 0xCE, 0x4A, 0xCE, 0x4A, 0xCE, 0x4A, 0xCE, 0x4A, 0xCE, 0x4A, 0xCE, 0x4A,
    0xCE, 0x4A, 0xCE, 0x4A, 0xCE, 0x4A, 0xFF, 0xAE, 0x4A, 0xAE, 0x4A, 0xAE, 0x4A, 0xAE, 0x4A, 0xAE,
    0x4A, 0xAE, 0x4A, 0xAE, 0x4A, 0xAE, 0x4A, 0xAE, 0x4A, 0xAE, 0x42, 0x8D, 0x42, 0x8D, 0x42, 0x8D,
    0x42, 0x8D, 0x42, 0x8D, 0x42, 0x8D, 0x42, 0x8D, 0x42, 0x8D, 0x42, 0x8D, 0x42, 0x8D, 0x42, 0x8D,
    0x42, 0xAD, 0x42, 0xAD, 0x42, 0xAD, 0x42, 0xAD, 0x42, 0xAD, 0x42, 0xAD, 0x42, 0x6D, 0x42, 0x6D,
    0x42, 0x6D, 0x42, 0x6D, 0x42, 0x6D, 0x42, 0x6D, 0x42, 0x6D, 0x42, 0x8D, 0x42, 0x8D, 0x42, 0x8D,
    0x42, 0x8D, 0x42, 0x8D, 0x42, 0x8D, 0x42, 0x8D, 0x3A, 0x6C, 0x3A, 0x6C, 0x3A, 0x6C, 0x3A, 0x6C,
    0x3A, 0x6C, 0x3A, 0x6C, 0x3A, 0x6C, 0x3A, 0x6C, 0x3A, 0x6C, 0x3A, 0x6C, 0x3A, 0x6C, 0x3A, 0x6C,
    0x3A, 0x6C, 0x42, 0x6C, 0x42, 0x4C, 0x42, 0x4C, 0x42, 0x4C, 0x42, 0x4C, 0x42, 0x4C, 0x42, 0x4C,
    0x42, 0x4C, 0x42, 0x4C, 0x42, 0x4C, 0x42, 0xFF, 0x4C, 0x42, 0x4C, 0x42, 0x4C, 0x42, 0x4C, 0x42,
    0x4C, 0x42, 0x4C, 0x42, 0x4C, 0x42, 0x4C, 0x42, 0x4C, 0x42, 0x4C, 0x42, 0x4C, 0x42, 0x4C, 0x42,
    0x4C, 0x42, 0x4C, 0x42, 0x4C, 0x42, 0x4C, 0x42, 0x4C, 0x42, 0x4C, 0x42, 0x4C, 0x42, 0x4C, 0x42,
    0x4C, 0x42, 0x4C, 0x42, 0x4C, 0x42, 0x4C, 0x42, 0x6D, 0x42, 0x8D, 0x42, 0x8D, 0x42, 0x8D, 0x42,
    0x8D, 0x42, 0x8D, 0x42, 0x8D, 0x42, 0x8D, 0x42, 0x8D, 0x42, 0x8D, 0x42, 0x8D, 0x42, 0x8D, 0x42,
    0x8D, 0x42, 0x8D, 0x3A, 0x6D, 0x3A, 0x6D, 0x3A, 0x6D, 0x3A, 0x6D, 0x3A, 0x6D, 0xFF, 0xFB, 0xFF,
    0xFB, 0xFF, 0xFB, 0xFF, 0xFB, 0xFF, 0xFB, 0xFF, 0xFB, 0xFF, 0xFB, 0xFF, 0xFB, 0xFF, 0xFB, 0xFF,
    0xFA, 0xFF, 0xFA, 0xFF, 0xFA, 0xFF, 0xD9, 0xFF, 0xD9, 0xFF, 0xD9, 0xFF, 0xD9, 0xFF, 0xD8, 0xFF,
    0xD7, 0xFF, 0xD7, 0xFF, 0xD6, 0xFF, 0xD5, 0xFF, 0xFF, 0xD5, 0xFF, 0xB5, 0xFF, 0x96, 0xFF, 0x96,
    0xFF, 0x96, 0xFF, 0x75, 0xFF, 0x75, 0xFF, 0x75, 0xFF, 0x35, 0xFF, 0x35, 0xFF, 0x35, 0xFF, 0x35,
    0xFF, 0x35, 0xFF, 0x35, 0xFF, 0x35, 0xFF, 0x35, 0xFF, 0x35, 0xFF, 0x35, 0xFF, 0x35, 0xFF, 0x35,
    0xFE, 0xF4, 0xFE, 0xD4, 0xFE, 0xD4, 0xFE, 0xB4, 0xFE, 0x93, 0xFE, 0x73, 0xF6, 0x52, 0xF6, 0x32,
    0xF6, 0x12, 0xFE, 0x33, 0xFE, 0x33, 0xFE, 0x33, 0xF5, 0xF2, 0xF5, 0xF2, 0xF5, 0xF2, 0xF6, 0x12,
    0xF6, 0x12, 0xF6, 0x12, 0xF6, 0x12, 0xF6, 0x12, 0xED, 0xF1, 0xED, 0xD1, 0xED, 0xB1, 0xED, 0x91,
    0xED, 0x70, 0xE5, 0x50, 0xE5, 0x2F, 0xDD, 0x2F, 0xDC, 0xEE, 0xDC, 0xEF, 0xD4, 0xAE, 0xD4, 0xAE,
    0xD4, 0xAE, 0xD4, 0x8E, 0xD4, 0x8D, 0xCC, 0x6D, 0xCC, 0x8E, 0xCC, 0x4D, 0xCC, 0x4D, 0xC4, 0x2D,
    0xCC, 0x4D, 0xCC, 0x4D, 0xBC, 0x4E, 0xB4, 0x6F, 0xB4, 0xFF, 0x6F, 0xB4, 0x6F, 0xB4, 0x2E, 0xB4,
    0x2E, 0xB4, 0x2E, 0xB4, 0x2E, 0xB4, 0x0E, 0xB4, 0x0E, 0xB4, 0x0E, 0xB4, 0x0E, 0xB4, 0x0E, 0xB4,
    0x0E, 0xBB, 0xEE, 0xBB, 0xEE, 0xBB, 0xEE, 0xBB, 0xEE, 0xBB, 0xEE, 0xC4, 0x0F, 0xC4, 0x2F, 0xBC,
    0x6E, 0xC4, 0x8F, 0xAB, 0x6C, 0xCC, 0x31, 0xBB, 0xF0, 0x7A, 0x0A, 0x69, 0xC9, 0x71, 0xE8, 0x69,
    0xE8, 0xED, 0xD7, 0xD5, 0x15, 0xA3, 0x8E, 0x9B, 0x2D, 0x9B, 0x2E, 0x93, 0x0E, 0x92, 0xED, 0x82,
    0xCC, 0x7A, 0xAC, 0x7A, 0xAC, 0x72, 0xCC, 0x72, 0xCC, 0x72, 0xAD, 0x72, 0xAD, 0x72, 0xAD, 0x6A,
    0x8D, 0x6A, 0x8D, 0x6A, 0x8D, 0x6A, 0xAD, 0x62, 0xAD, 0x62, 0xAD, 0x62, 0xCD, 0x5A, 0x6C, 0x41,
    0xA9, 0x41, 0xA9, 0x39, 0xAA, 0x39, 0xAA, 0x39, 0xAA, 0x39, 0xAB, 0x39, 0xCB, 0x41, 0xEB, 0x41,
    0xEC, 0x49, 0xEC, 0x5A, 0x6C, 0x8B, 0xF0, 0x8B, 0xEF, 0x8B, 0xFF, 0xEF, 0x83, 0xCF, 0x83, 0xD0,
    0x7B, 0xB0, 0x73, 0x8F, 0x6B, 0x6F, 0x6B, 0x4F, 0x6B, 0x4E, 0x63, 0x2E, 0x63, 0x2E, 0x63, 0x2E,
    0x63, 0x2E, 0x63, 0x2E, 0x63, 0x2D, 0x63, 0x2D, 0x63, 0x2D, 0x63, 0x2E, 0x63, 0x2E, 0x63, 0x2E,
    0x63, 0x2E, 0x63, 0x2E, 0x63, 0x2E, 0x63, 0x2E, 0x5B, 0x2E, 0x5B, 0x2E, 0x5B, 0x2E, 0x5B, 0x2E,
    0x5B, 0x2E, 0x5B, 0x2E, 0x5B, 0x2E, 0x5B, 0x0E, 0x5B, 0x0F, 0x5B, 0x0F, 0x5B, 0x0F, 0x5B, 0x0F,
    0x5B, 0x0F, 0x5B, 0x0F, 0x53, 0x0F, 0x53, 0x0F, 0x53, 0x0F, 0x53, 0x0E, 0x53, 0x0E, 0x53, 0x0E,
    0x53, 0x0E, 0x53, 0x0E, 0x53, 0x0E, 0x53, 0x0E, 0x4A, 0xEE, 0x4A, 0xEE, 0x4A, 0xEE, 0x4A, 0xEE,
    0x4A, 0xEE, 0x4A, 0xEE, 0x4A, 0xEE, 0x4A, 0xCE, 0x4A, 0xCE, 0x4A, 0xCE, 0x4A, 0xCE, 0x4A, 0xCE,
    0x4A, 0xCE, 0x4A, 0xCE, 0x4A, 0xCE, 0x4A, 0xCE, 0x4A, 0xCE, 0x4A, 0xFF, 0xAE, 0x4A, 0xAE, 0x4A,
    0xAE, 0x4A, 0xAE, 0x4A, 0xAE, 0x4A, 0xAE, 0x4A, 0xAE, 0x4A, 0xAE, 0x4A, 0xAE, 0x4A, 0xAE, 0x42,
    0x8D, 0x42, 0x8D, 0x42, 0x8D, 0x42, 0x8D, 0x42, 0x8D, 0x42, 0x8D, 0x42, 0x8D, 0x42, 0x8D, 0x42,
    0x8D, 0x42, 0x8D, 0x42, 0x8D, 0x42, 0xAD, 0x42, 0xAD, 0x42, 0xAD, 0x42, 0xAD, 0x42, 0xAD, 0x42,
    0xAD, 0x42, 0x6D, 0x42, 0x6D, 0x42, 0x6D, 0x42, 0x6D, 0x42, 0x6D, 0x42, 0x6D, 0x42, 0x6D, 0x42,
    0x8D, 0x42, 0x8D, 0x42, 0x8D, 0x42, 0x8D, 0x42, 0x8D, 0x42, 0x8D, 0x42, 0x8D, 0x3A, 0x6C, 0x3A,
    0x6C, 0x3A, 0x6C, 0x3A, 0x6C, 0x3A, 0x6C, 0x3A, 0x6C, 0x3A, 0x6C, 0x3A, 0x6C, 0x3A, 0x6C, 0x3A,
    0x6C, 0x3A, 0x6C, 0x3A, 0x6C, 0x3A, 0x6C, 0x42, 0x6C, 0x42, 0x4C, 0x42, 0x4C, 0x42, 0x4C, 0x42,
    0x4C, 0x42, 0x4C, 0x42, 0x4C, 0x42, 0x4C, 0x42, 0x4C, 0x42, 0x4C, 0x42, 0xFF, 0x4C, 0x42, 0x4C,
    0x42, 0x4C, 0x42, 0x4C, 0x42, 0x4C, 0x42, 0x4C, 0x42, 0x4C, 0x42, 0x4C, 0x42, 0x4C, 0x42, 0x4C,
    0x42, 0x4C, 0x42, 0x4C, 0x42, 0x4C, 0x42, 0x4C, 0x42, 0x4C, 0x42, 0x4C, 0x42, 0x4C, 0x42, 0x4C,
    0x42, 0x4C, 0x42, 0x4C, 0x42, 0x4C, 0x42, 0x4C, 0x42, 0x4C, 0x42, 0x4C, 0x42, 0x6D, 0x42, 0x8D,
    0x42, 0x8D, 0x42, 0x8D, 0x42, 0x8D, 0x42, 0x8D, 0x42, 0x8D, 0x42, 0x8D, 0x42, 0x8D, 0x42, 0x8D,
    0x42, 0x8D, 0x42, 0x8D, 0x42, 0x8D, 0x42, 0x8D, 0x3A, 0x6D, 0x3A, 0x6D, 0x3A, 0x6D, 0x3A, 0x6D,
    0x3A, 0x6D, 0xFF, 0xFA, 0xFF, 0xFA, 0xFF, 0xFA, 0xFF, 0xFA, 0xFF, 0xFA, 0xFF, 0xFA, 0xFF, 0xFA,
    0xFF, 0xFA, 0xFF, 0xFA, 0xFF, 0xD9, 0xFF, 0xD9, 0xFF, 0xD8, 0xFF, 0x97, 0xFF, 0x97, 0xFF, 0x96,
    0xFF, 0xB7, 0xF7, 0xB7, 0xFF, 0xB7, 0xF7, 0xB7, 0xFF, 0xD7, 0xFF, 0xF7, 0xFF, 0x81, 0xF7, 0xFF,
    0x03, 0xF7, 0xFF, 0xFF, 0xF7, 0xFF, 0xF7, 0xFF, 0xB6, 0xFF, 0x96, 0xFF, 0x76, 0xEF, 0x54, 0xF7,
    0x74, 0xFF, 0x95, 0xFF, 0x96, 0xFF, 0x76, 0xFE, 0xF4, 0xFE, 0xD4, 0xFE, 0x72, 0xFE, 0x72, 0xFE,
    0x72, 0xFE, 0x72, 0xFE, 0x72, 0xFE, 0x72, 0xFE, 0x72, 0xFE, 0x73, 0xFE, 0x53, 0xFE, 0x32, 0xF5,
    0xD1, 0xF5, 0xD1, 0xF5, 0xD1, 0xF5, 0xD1, 0xF5, 0xB1, 0xF5, 0xB1, 0xF5, 0xB1, 0xF5, 0xB1, 0xF5,
    0xB1, 0xF5, 0xB1, 0xF5, 0xB1, 0xF5, 0xD2, 0xF5, 0xD2, 0xF5, 0xD2, 0xF5, 0xB2, 0xED, 0x91, 0xED,
    0x91, 0xED, 0x71, 0xE5, 0x50, 0xE5, 0x50, 0xDD, 0x0F, 0xDC, 0xEF, 0xDC, 0xEF, 0xD4, 0xCE, 0xCC,
    0xAE, 0xCC, 0xCE, 0xCC, 0xCE, 0xCC, 0xAE, 0xCC, 0xAE, 0xCC, 0xAE, 0xCC, 0xAE, 0xC4, 0x8F, 0xC4,
    0x6F, 0xBC, 0x6E, 0xBC, 0x4E, 0xBC, 0x6E, 0xBC, 0x6E, 0xB4, 0x4E, 0xAC, 0x4E, 0xAC, 0x4E, 0xAC,
    0x4E, 0xAC, 0x2E, 0xFF, 0xAC, 0x2E, 0xAC, 0x2E, 0xAC, 0x0E, 0xB4, 0x0E, 0xB4, 0x0E, 0xB4, 0x0E,
    0xAC, 0x0E, 0xAC, 0x0E, 0xAC, 0x0E, 0xB4, 0x0D, 0xBB, 0xED, 0xBB, 0xED, 0xBC, 0x0D, 0xBC, 0x0E,
    0xBC, 0x2E, 0xBC, 0x4E, 0xBC, 0x8E, 0xC4, 0x8F, 0x92, 0xCA, 0xC3, 0xF0, 0xBB, 0xD0, 0x71, 0xE9,
    0x61, 0xA9, 0x61, 0x87, 0x69, 0xA8, 0x7A, 0x4A, 0xFE, 0x59, 0xCC, 0xD3, 0xA3, 0x8E, 0x93, 0x0D,
    0x93, 0x0D, 0x92, 0xED, 0x8A, 0xEC, 0x82, 0xCD, 0x82, 0xCD, 0x7A, 0xAD, 0x72, 0xAD, 0x72, 0xAD,
    0x72, 0xAD, 0x72, 0xAD, 0x72, 0x8D, 0x72, 0x8D, 0x72, 0x8D, 0x6A, 0xAD, 0x6A, 0xAD, 0x6A, 0xAE,
    0x62, 0xCE, 0x4A, 0x0B, 0x31, 0x89, 0x39, 0xCA, 0x39, 0xAB, 0x39, 0xAA, 0x39, 0xAA, 0x39, 0xCB,
    0x41, 0xCB, 0x41, 0xCB, 0x41, 0xCB, 0x52, 0x0B, 0x62, 0x6B, 0x8C, 0x10, 0x8B, 0xEF, 0x8B, 0xF0,
    0x83, 0xD0, 0x7B, 0xD0, 0xFF, 0x73, 0xB0, 0x73, 0x90, 0x6B, 0x6F, 0x6B, 0x6F, 0x6B, 0x6F, 0x63,
    0x4E, 0x63, 0x2E, 0x5B, 0x2E, 0x5B, 0x2E, 0x5B, 0x2E, 0x5B, 0x2E, 0x5B, 0x2E, 0x5B, 0x2E, 0x5B,
    0x2E, 0x5B, 0x2E, 0x5B, 0x2E, 0x5B, 0x2E, 0x5B, 0x2E, 0x5B, 0x2E, 0x5B, 0x2E, 0x5B, 0x2E, 0x5B,
    0x2E, 0x5B, 0x2E, 0x5B, 0x2E, 0x5B, 0x2E, 0x5B, 0x2E, 0x5B, 0x2E, 0x5B, 0x0E, 0x5B, 0x0F, 0x5B,
    0x0F, 0x5B, 0x0E, 0x5B, 0x0E, 0x5B, 0x0E, 0x5B, 0x0E, 0x53, 0x0F, 0x53, 0x0F, 0x53, 0x0F, 0x53,
    0x0E, 0x53, 0x0E, 0x53, 0x0E, 0x53, 0x0E, 0x53, 0x0E, 0x53, 0x0E, 0x53, 0x0E, 0x53, 0x0E, 0x53,
    0x0E, 0x53, 0x0E, 0x52, 0xEE, 0x4A, 0xEE, 0x4A, 0xEE, 0x4A, 0xEE, 0x4A, 0xEE, 0x4A, 0xEE, 0x4A,
    0xEE, 0x4A, 0xCE, 0x4A, 0xCE, 0x4A, 0xCE, 0x4A, 0xCE, 0x4A, 0xCE, 0x4A, 0xCE, 0x4A, 0xCE, 0x4A,
    0xAE, 0x4A, 0xAE, 0x4A, 0xAE, 0xFF, 0x4A, 0xAE, 0x4A, 0xAE, 0x4A, 0xAE, 0x4A, 0xAE, 0x4A, 0xAE,
    0x4A, 0xAE, 0x4A, 0xAE, 0x42, 0x8D, 0x42, 0x8D, 0x42, 0x8D, 0x42, 0x8D, 0x42, 0x8D, 0x42, 0x8D,
    0x42, 0x8D, 0x42, 0x8D, 0x42, 0x8D, 0x42, 0x8D, 0x42, 0x8D, 0x42, 0x8D, 0x42, 0x8D, 0x42, 0x8D,
    0x42, 0x8D, 0x42, 0x8D, 0x42, 0x8D, 0x4A, 0x8D, 0x4A, 0x8D, 0x4A, 0x8D, 0x42, 0x8D, 0x42, 0x6D,
    0x42, 0x6D, 0x42, 0x6D, 0x42, 0x8D, 0x42, 0x8D, 0x42, 0x8D, 0x42, 0x8D, 0x42, 0x8D, 0x42, 0x8D,
    0x42, 0x8D, 0x42, 0x6D, 0x42, 0x6D, 0x42, 0x6D, 0x42, 0x6C, 0x42, 0x6C, 0x42, 0x6C, 0x42, 0x6C,
    0x42, 0x6C, 0x42, 0x6C, 0x42, 0x6C, 0x42, 0x6C, 0x42, 0x6C, 0x42, 0x6C, 0x42, 0x6C, 0x42, 0x6C,
    0x42, 0x6C, 0x42, 0x6C, 0x42, 0x6C, 0x42, 0x6C, 0x42, 0x6C, 0x42, 0x8D, 0x42, 0x8D, 0x42, 0x8D,
    0x42, 0x6C, 0x42, 0x6C, 0x42, 0x6C, 0xFB, 0x42, 0x6C, 0x42, 0x6C, 0x42, 0x6C, 0x42, 0x6C, 0x3A,
    0x4C, 0x3A, 0x4C, 0x3A, 0x4C, 0x3A, 0x4C, 0x3A, 0x4C, 0x3A, 0x4C, 0x3A, 0x4C, 0x3A, 0x4C, 0x3A,
    0x4C, 0x3A, 0x4C, 0x3A, 0x4C, 0x3A, 0x6C, 0x42, 0x6C, 0x42, 0x4C, 0x42, 0x4C, 0x42, 0x4C, 0x42,
    0x4C, 0x42, 0x6D, 0x42, 0x8D, 0x42, 0x8D, 0x42, 0x8D, 0x42, 0x6D, 0x42, 0x8D, 0x4A, 0xAE, 0x4A,
    0xAE, 0x42, 0x8D, 0x42, 0x8D, 0x42, 0x8D, 0x42, 0x8D, 0x42, 0x8D, 0x42, 0x8D, 0x3A, 0x4C, 0x3A,
    0x6D, 0x42, 0x8D, 0x42, 0x8D, 0x3A, 0x6C, 0xFF, 0xFA, 0xFF, 0xFA, 0xFF, 0xF9, 0xFF, 0xFA, 0xFF,
    0xFA, 0xFF, 0xFA, 0xFF, 0xFA, 0xFF, 0xFA, 0xFF, 0xFA, 0xFF, 0xD9, 0xFF, 0xF9, 0xFF, 0xD8, 0xFF,
    0xB7, 0xFF, 0xB7, 0xFF, 0xB7, 0xFF, 0xB6, 0xF7, 0xB7, 0xF7, 0xD7, 0xF7, 0xB7, 0xFF, 0xD7, 0xFF,
    0xF7, 0xFF, 0xD7, 0x06, 0xF7, 0xFF, 0xFF, 0xD7, 0xFF, 0xD7, 0xFF, 0x96, 0xFF, 0x96, 0xFF, 0xD5,
    0xFF, 0xB5, 0xFF, 0x54, 0xFF, 0x13, 0xF6, 0x92, 0xF6, 0x10, 0xED, 0xD0, 0xF6, 0x31, 0xF6, 0x31,
    0xF6, 0x31, 0xF6, 0x11, 0xF5, 0xF0, 0xF5, 0xF0, 0xF6, 0x10, 0xFD, 0xF2, 0xFD, 0xD1, 0xF5, 0xB1,
    0xF5, 0xB0, 0xF5, 0xB0, 0xF5, 0xB0, 0xF5, 0xB1, 0xF5, 0x91, 0xF5, 0x91, 0xF5, 0x91, 0xF5, 0x91,
    0xF5, 0x91, 0xF5, 0x91, 0xF5, 0xB1, 0xF5, 0xB2, 0xF5, 0xB2, 0xF5, 0xB2, 0xF5, 0x91, 0xED, 0x91,
    0xED, 0x71, 0xED, 0x50, 0xED, 0x50, 0xE5, 0x30, 0xDD, 0x0F, 0xDC, 0xEF, 0xDC, 0xCE, 0xD4, 0xAE,
    0xCC, 0xAE, 0xCC, 0xAE, 0xCC, 0xAE, 0xCC, 0xAE, 0xC4, 0xAE, 0xC4, 0xAE, 0xC4, 0xAE, 0xC4, 0x8F,
    0xBC, 0x6F, 0xBC, 0x6E, 0xBC, 0x4E, 0xBC, 0x4E, 0xBC, 0x4E, 0xB4, 0x4E, 0xAC, 0x4E, 0xAC, 0x4E,
    0xAC, 0x4E, 0xAC, 0x2E, 0xAC, 0x2E, 0xFF, 0xAC, 0x2E, 0xAC, 0x0E, 0xB4, 0x0E, 0xB4, 0x0E, 0xB4,
    0x0E, 0xAC, 0x0E, 0xAC, 0x0E, 0xAC, 0x0E, 0xB4, 0x0D, 0xB4, 0x0D, 0xB4, 0x0D, 0xB4, 0x0D, 0xBC,
    0x2D, 0xBC, 0x2E, 0xBC, 0x4E, 0xBC, 0x8F, 0xC4, 0x8F, 0x92, 0xCA, 0xC3, 0xF0, 0xBB, 0xD0, 0x71,
    0xE9, 0x61, 0xA9, 0x69, 0xE9, 0x61, 0xA8, 0x59, 0x67, 0xE5, 0x96, 0xED, 0xD7, 0x9B, 0x6D, 0x9B,
    0x6D, 0x93, 0x0C, 0x93, 0x0C, 0x8A, 0xEC, 0x82, 0xCD, 0x82, 0xCD, 0x7A, 0xAD, 0x72, 0x8D, 0x72,
    0xAD, 0x72, 0xAD, 0x72, 0xAD, 0x72, 0x8D, 0x72, 0x8D, 0x72, 0x8D, 0x6A, 0x8D, 0x6A, 0xAD, 0x6A,
    0xAE, 0x62, 0xAE, 0x41, 0xEB, 0x31, 0x8A, 0x31, 0xAB, 0x39, 0xAA, 0x39, 0xAA, 0x39, 0xAA, 0x39,
    0xCB, 0x41, 0xCB, 0x41, 0xCB, 0x41, 0xCB, 0x52, 0x0B, 0x62, 0x6B, 0x94, 0x10, 0x8C, 0x0F, 0x8B,
    0xF0, 0x83, 0xD1, 0x7B, 0xD1, 0x73, 0xB0, 0xFF, 0x73, 0xB0, 0x6B, 0x8F, 0x6B, 0x8F, 0x6B, 0x6F,
    0x63, 0x4E, 0x63, 0x2E, 0x5B, 0x2F, 0x5B, 0x2E, 0x5B, 0x2E, 0x5B, 0x2E, 0x5B, 0x2E, 0x5B, 0x2E,
    0x5B, 0x2E, 0x5B, 0x2E, 0x5B, 0x2E, 0x5B, 0x2E, 0x5B, 0x2E, 0x5B, 0x2E, 0x5B, 0x2E, 0x5B, 0x2E,
    0x5B, 0x2E, 0x5B, 0x2E, 0x5B, 0x2E, 0x5B, 0x2E, 0x5B, 0x2E, 0x5B, 0x2E, 0x5B, 0x0E, 0x5B, 0x0F,
    0x5B, 0x0F, 0x5B, 0x0E, 0x5B, 0x0E, 0x5B, 0x0E, 0x5B, 0x0E, 0x53, 0x0F, 0x53, 0x0F, 0x53, 0x0F,
    0x53, 0x0E, 0x53, 0x0E, 0x53, 0x0E, 0x53, 0x0E, 0x53, 0x0E, 0x53, 0x0E, 0x53, 0x0E, 0x53, 0x0E,
    0x53, 0x0E, 0x53, 0x0E, 0x52, 0xEE, 0x4A, 0xEE, 0x4A, 0xEE, 0x4A, 0xEE, 0x4A, 0xEE, 0x4A, 0xEE,
    0x4A, 0xEE, 0x4A, 0xCE, 0x4A, 0xCE, 0x4A, 0xCE, 0x4A, 0xCE, 0x4A, 0xCE, 0x4A, 0xCE, 0x4A, 0xCE,
    0x4A, 0xAE, 0x4A, 0xAE, 0x4A, 0xAE, 0x4A, 0xAE, 0xFF, 0x4A, 0xAE, 0x4A, 0xAE, 0x4A, 0xAE, 0x4A,
    0xAE, 0x4A, 0xAE, 0x4A, 0xAE, 0x42, 0x8D, 0x42, 0x8D, 0x42, 0x8D, 0x42, 0x8D, 0x42, 0x8D, 0x42,
    0x8D, 0x42, 0x8D, 0x42, 0x8D, 0x42, 0x8D, 0x42, 0x8D, 0x42, 0x8D, 0x42, 0x8D, 0x42, 0x8D, 0x42,
    0x8D, 0x42, 0x8D, 0x42, 0x8D, 0x42, 0x8D, 0x4A, 0x8D, 0x4A, 0x8D, 0x4A, 0x8D, 0x42, 0x8D, 0x42,
    0x6D, 0x42, 0x6D, 0x42, 0x6D, 0x42, 0x8D, 0x42, 0x8D, 0x42, 0x8D, 0x42, 0x8D, 0x42, 0x8D, 0x42,
    0x8D, 0x42, 0x8D, 0x42, 0x6D, 0x42, 0x6D, 0x42, 0x6D, 0x42, 0x4C, 0x42, 0x4C, 0x42, 0x4C, 0x42,
    0x4C, 0x42, 0x4C, 0x42, 0x4C, 0x42, 0x4C, 0x42, 0x4C, 0x42, 0x4C, 0x42, 0x4C, 0x42, 0x6C, 0x3A,
    0x6C, 0x3A, 0x6C, 0x3A, 0x6C, 0x3A, 0x6C, 0x3A, 0x6C, 0x3A, 0x6C, 0x42, 0x8D, 0x42, 0x8D, 0x42,
    0x8D, 0x42, 0x8C, 0x3A, 0x6C, 0x3A, 0x6C, 0x3A, 0x6C, 0xFF, 0x42, 0x6C, 0x42, 0x6C, 0x42, 0x6C,
    0x3A, 0x6C, 0x3A, 0x6C, 0x3A, 0x6C, 0x3A, 0x6C, 0x42, 0x4C, 0x42, 0x4C, 0x42, 0x4C, 0x42, 0x4C,
    0x42, 0x4C, 0x42, 0x4C, 0x42, 0x6C, 0x42, 0x6D, 0x42, 0x6D, 0x42, 0x6D, 0x42, 0x6D, 0x42, 0x6D,
    0x42, 0x6D, 0x42, 0x6D, 0x42, 0x8D, 0x42, 0x8D, 0x42, 0x8D, 0x42, 0x6D, 0x42, 0x8D, 0x4A, 0xAE,
    0x4A, 0xAE, 0x42, 0xAD, 0x42, 0xAD, 0x42, 0x8D, 0x42, 0x8D, 0x42, 0x8D, 0x42, 0x8D, 0x3A, 0x6C,
    0x42, 0x6D, 0x42, 0x8D, 0x42, 0x8D, 0x42, 0x6D, 0xFF, 0xFA, 0xFF, 0xFA, 0xFF, 0xFA, 0xFF, 0xFA,
    0xFF, 0xFA, 0xFF, 0xFA, 0xFF, 0xFA, 0xFF, 0xFA, 0xFF, 0xFA, 0xF7, 0xFA, 0xF7, 0xFA, 0xF7, 0xF9,
    0xFF, 0xD8, 0xFF, 0xD8, 0xFF, 0xD8, 0xFF, 0xB7, 0xFF, 0xB6, 0xFF, 0xB6, 0xFF, 0xB6, 0xFF, 0xD7,
    0xFF, 0xD7, 0xFF, 0xD7, 0xFF, 0xD7, 0xF7, 0xB6, 0xF7, 0xB6, 0xFF, 0xFF, 0xB6, 0xFF, 0x96, 0xFF,
    0x76, 0xFF, 0x56, 0xFF, 0x95, 0xFF, 0x54, 0xF6, 0xD3, 0xF6, 0x92, 0xFE, 0x52, 0xF5, 0xF0, 0xED,
    0xD0, 0xED, 0xD0, 0xED, 0xD0, 0xED, 0xD0, 0xED, 0xAF, 0xE5, 0x8E, 0xE5, 0x8E, 0xE5, 0x8E, 0xED,
    0x90, 0xED, 0x6F, 0xED, 0x6F, 0xED, 0x90, 0xED, 0x90, 0xED, 0x90, 0xED, 0x90, 0xED, 0x90, 0xED,
    0x90, 0xED, 0x90, 0xED, 0x90, 0xED, 0x90, 0xED, 0x90, 0xED, 0x91, 0xED, 0x71, 0xED, 0x71, 0xED,
    0x71, 0xED, 0x71, 0xED, 0x50, 0xE5, 0x50, 0xE5, 0x30, 0xE5, 0x0F, 0xDD, 0x0F, 0xDC, 0xCF, 0xDC,
    0xCE, 0xD4, 0xAE, 0xCC, 0x8D, 0xCC, 0x8E, 0xC4, 0xAE, 0xC4, 0xAE, 0xC4, 0x8E, 0xC4, 0x8E, 0xC4,
    0x8E, 0xC4, 0x8E, 0xBC, 0x6F, 0xBC, 0x4E, 0xB4, 0x4E, 0xB4, 0x4E, 0xB4, 0x4E, 0xB4, 0x4E, 0xB4,
    0x2E, 0xB4, 0x2E, 0xB4, 0x2E, 0xB4, 0x2E, 0xAC, 0x2E, 0xAC, 0x2E, 0xFF, 0xAC, 0x2E, 0xAC, 0x0E,
    0xB4, 0x0E, 0xB4, 0x0E, 0xB4, 0x0E, 0xAC, 0x0E, 0xAC, 0x0E, 0xAC, 0x0E, 0xB4, 0x0D, 0xB4, 0x0D,
    0xB4, 0x0D, 0xB4, 0x0D, 0xBC, 0x2D, 0xBC, 0x2E, 0xBC, 0x4E, 0xBC, 0x8F, 0xC4, 0x8F, 0x92, 0xCA,
    0xC3, 0xF0, 0xBB, 0xD0, 0x71, 0xE9, 0x61, 0xA9, 0x61, 0x88, 0x61, 0x88, 0x59, 0x87, 0x8A, 0xEC,
    0xF6, 0x7A, 0xCD, 0x14, 0x93, 0x2C, 0x9B, 0x2D, 0x93, 0x0D, 0x8B, 0x0D, 0x82, 0xCD, 0x82, 0xCD,
    0x7A, 0xAD, 0x72, 0x8D, 0x72, 0xAD, 0x72, 0xAD, 0x72, 0xAD, 0x72, 0x8D, 0x72, 0x8D, 0x72, 0x8D,
    0x6A, 0x8D, 0x6A, 0xAD, 0x6A, 0xAD, 0x5A, 0x8D, 0x39, 0xAA, 0x39, 0xAA, 0x31, 0x8A, 0x39, 0xAA,
    0x39, 0xAA, 0x39, 0xAA, 0x39, 0xCB, 0x41, 0xCB, 0x41, 0xCB, 0x41, 0xCB, 0x52, 0x0B, 0x62, 0x6B,
    0x94, 0x10, 0x8C, 0x0F, 0x8B, 0xF0, 0x83, 0xD1, 0x7B, 0xD1, 0x73, 0xB0, 0xFF, 0x73, 0xB0, 0x6B,
    0x8F, 0x6B, 0x8F, 0x6B, 0x6F, 0x63, 0x4E, 0x63, 0x2E, 0x5B, 0x2E, 0x5B, 0x2E, 0x5B, 0x2E, 0x5B,
    0x2E, 0x5B, 0x2E, 0x5B, 0x2E, 0x5B, 0x2E, 0x5B, 0x2E, 0x5B, 0x2E, 0x5B, 0x2E, 0x5B, 0x2E, 0x5B,
    0x2E, 0x5B, 0x2E, 0x5B, 0x2E, 0x5B, 0x2E, 0x5B, 0x2E, 0x5B, 0x2E, 0x5B, 0x2E, 0x5B, 0x2E, 0x5B,
    0x2E, 0x5B, 0x0E, 0x5B, 0x0F, 0x5B, 0x0F, 0x5B, 0x0E, 0x5B, 0x0E, 0x5B, 0x0E, 0x5B, 0x0E, 0x53,
    0x0F, 0x53, 0x0F, 0x53, 0x0F, 0x53, 0x0E, 0x53, 0x0E, 0x53, 0x0E, 0x53, 0x0E, 0x53, 0x0E, 0x53,
    0x0E, 0x53, 0x0E, 0x53, 0x0E, 0x53, 0x0E, 0x53, 0x0E, 0x52, 0xEE, 0x4A, 0xEE, 0x4A, 0xEE, 0x4A,
    0xEE, 0x4A, 0xEE, 0x4A, 0xEE, 0x4A, 0xEE, 0x4A, 0xCE, 0x4A, 0xCE, 0x4A, 0xCE, 0x4A, 0xCE, 0x4A,
    0xCE, 0x4A, 0xCE, 0x4A, 0xCE, 0x4A, 0xAE, 0x4A, 0xAE, 0x4A, 0xAE, 0x4A, 0xAE, 0xFF, 0x4A, 0xAE,
    0x4A, 0xAE, 0x4A, 0xAE, 0x4A, 0xAE, 0x4A, 0xAE, 0x4A, 0xAE, 0x42, 0x8D, 0x42, 0x8D, 0x42, 0x8D,
    0x42, 0x8D, 0x42, 0x8D, 0x42, 0x8D, 0x42, 0x8D, 0x42, 0x8D, 0x42, 0x8D, 0x42, 0x8D, 0x42, 0x8D,
    0x42, 0x8D, 0x42, 0x8D, 0x42, 0x8D, 0x42, 0x8D, 0x42, 0x8D, 0x42, 0x8D, 0x4A, 0x8D, 0x4A, 0x8D,
    0x4A, 0x8D, 0x42, 0x8D, 0x42, 0x6D, 0x42, 0x6D, 0x42, 0x6D, 0x42, 0x8D, 0x42, 0x8D, 0x42, 0x8D,
    0x42, 0x8D, 0x42, 0x8D, 0x42, 0x8D, 0x42, 0x8D, 0x42, 0x6D, 0x42, 0x6D, 0x42, 0x6D, 0x42, 0x4C,
    0x42, 0x4C, 0x42, 0x4C, 0x42, 0x4C, 0x42, 0x4C, 0x42, 0x4C, 0x42, 0x4C, 0x42, 0x4C, 0x42, 0x4C,
    0x42, 0x4C, 0x42, 0x6C, 0x3A, 0x6C, 0x3A, 0x6C, 0x3A, 0x6C, 0x3A, 0x6C, 0x3A, 0x6C, 0x3A, 0x6C,
    0x42, 0x8D, 0x42, 0x8D, 0x42, 0x8D, 0x42, 0x8C, 0x3A, 0x6C, 0x3A, 0x6C, 0x3A, 0x6C, 0xFF, 0x42,
    0x8D, 0x42, 0x8D, 0x42, 0x8D, 0x42, 0x8D, 0x42, 0x6C, 0x42, 0x6C, 0x42, 0x6C, 0x42, 0x6C, 0x42,
    0x6C, 0x42, 0x6C, 0x42, 0x6C, 0x42, 0x6C, 0x42, 0x6C, 0x42, 0x6D, 0x42, 0x8D, 0x42, 0x8D, 0x42,
    0x8D, 0x42, 0x8D, 0x42, 0x8D, 0x42, 0x8D, 0x42, 0x8D, 0x42, 0x8D, 0x42, 0x8D, 0x42, 0x8D, 0x42,
    0x6D, 0x42, 0x8D, 0x4A, 0xAE, 0x4A, 0xAE, 0x4A, 0xAE, 0x4A, 0xAE, 0x42, 0xAD, 0x42, 0x8D, 0x42,
    0x8D, 0x42, 0x8D, 0x42, 0x8D, 0x42, 0x8D, 0x4A, 0xAE, 0x4A, 0xAE, 0x42, 0xAD, 0xFF, 0xFA, 0xFF,
    0xFA, 0xFF, 0xFB, 0xFF, 0xFA, 0xFF, 0xFA, 0xFF, 0xFA, 0xFF, 0xF9, 0xFF, 0xF9, 0xFF, 0xF9, 0xF7,
    0xFA, 0xF7, 0xFA, 0xF7, 0xF9, 0xFF, 0xF9, 0xFF, 0xF9, 0xFF, 0xD8, 0xFF, 0xB7, 0xFF, 0xB6, 0xFF,
    0x96, 0xFF, 0x96, 0xFF, 0x96, 0xFF, 0xB6, 0xFF, 0xB6, 0xFF, 0x96, 0xFF, 0x75, 0xFF, 0x75, 0xFF,
    0xFF, 0x75, 0xFE, 0xF3, 0xFE, 0xD3, 0xFE, 0xD3, 0xF6, 0x51, 0xF6, 0x51, 0xF6, 0x11, 0xF5, 0xF0,
    0xED, 0xAF, 0xE5, 0x4E, 0xE5, 0x0D, 0xE5, 0x4E, 0xE5, 0x4E, 0xE5, 0x4E, 0xED, 0x4E, 0xED, 0x6E,
    0xED, 0x6E, 0xED, 0x6E, 0xED, 0x4F, 0xED, 0x6F, 0xED, 0x6F, 0xED, 0x4F, 0xED, 0x4F, 0xED, 0x4F,
    0xED, 0x70, 0xED, 0x70, 0xED, 0x70, 0xED, 0x70, 0xED, 0x70, 0xED, 0x70, 0xED, 0x70, 0xED, 0x71,
    0xED, 0x50, 0xED, 0x50, 0xED, 0x50, 0xE5, 0x30, 0xE5, 0x30, 0xE5, 0x0F, 0xDC, 0xEF, 0xDC, 0xEF,
    0xDC, 0xCE, 0xD4, 0xAE, 0xD4, 0xAE, 0xD4, 0x8D, 0xCC, 0x6D, 0xC4, 0x8E, 0xC4, 0x8E, 0xC4, 0x8E,
    0xC4, 0x8E, 0xC4, 0x6E, 0xC4, 0x6E, 0xC4, 0x6E, 0xBC, 0x4E, 0xB4, 0x4E, 0xB4, 0x2D, 0xB4, 0x2D,
    0xB4, 0x2D, 0xB4, 0x2D, 0xB4, 0x2E, 0xB4, 0x2E, 0xB4, 0x2E, 0xB4, 0x2E, 0xB4, 0x0E, 0xB4, 0x0E,
    0xFF, 0xB4, 0x0E, 0xB4, 0x0E, 0xB4, 0x0E, 0xB4, 0x0E, 0xB4, 0x0E, 0xAC, 0x0E, 0xAC, 0x0E, 0xAC,
    0x0E, 0xB4, 0x0D, 0xB4, 0x0D, 0xB4, 0x0D, 0xB4, 0x0D, 0xBC, 0x2D, 0xBC, 0x2E, 0xBC, 0x4E, 0xBC,
    0x8F, 0xC4, 0x8F, 0x92, 0xCA, 0xC3, 0xF0, 0xBB, 0xD0, 0x71, 0xE9, 0x61, 0xA9, 0x6A, 0x0B, 0x51,
    0x47, 0x59, 0x88, 0x51, 0x46, 0x8B, 0x0C, 0xED, 0xF8, 0xA3, 0xEF, 0x9B, 0x4D, 0x9B, 0x2D, 0x93,
    0x0D, 0x82, 0xCD, 0x82, 0xCD, 0x7A, 0xAD, 0x72, 0x8D, 0x72, 0xAD, 0x72, 0xAD, 0x72, 0xAD, 0x72,
    0x8D, 0x72, 0x8D, 0x72, 0x8D, 0x6A, 0x8D, 0x6A, 0xAD, 0x6A, 0xAE, 0x5A, 0x4C, 0x31, 0x89, 0x39,
    0xAA, 0x31, 0x8A, 0x39, 0xAA, 0x39, 0xAA, 0x39, 0xAA, 0x39, 0xCB, 0x41, 0xCB, 0x41, 0xCB, 0x41,
    0xCB, 0x52, 0x0B, 0x62, 0x6B, 0x94, 0x10, 0x8C, 0x0F, 0x8B, 0xF0, 0x83, 0xD1, 0x7B, 0xD1, 0x73,
    0xB0, 0xFF, 0x73, 0xB0, 0x6B, 0x8F, 0x6B, 0x8F, 0x6B, 0x6F, 0x63, 0x4E, 0x63, 0x2E, 0x5B, 0x2E,
    0x5B, 0x2E, 0x5B, 0x2E, 0x5B, 0x2E, 0x5B, 0x2E, 0x5B, 0x2E, 0x5B, 0x2E, 0x5B, 0x2E, 0x5B, 0x2E,
    0x5B, 0x2E, 0x5B, 0x2E, 0x5B, 0x2E, 0x5B, 0x2E, 0x5B, 0x2E, 0x5B, 0x2E, 0x5B, 0x2E, 0x5B, 0x2E,
    0x5B, 0x2E, 0x5B, 0x2E, 0x5B, 0x2E, 0x5B, 0x0E, 0x5B, 0x0F, 0x5B, 0x0F, 0x5B, 0x0E, 0x5B, 0x0E,
    0x5B, 0x0E, 0x5B, 0x0E, 0x53, 0x0F, 0x53, 0x0F, 0x53, 0x0F, 0x53, 0x0E, 0x53, 0x0E, 0x53, 0x0E,
    0x53, 0x0E, 0x53, 0x0E, 0x53, 0x0E, 0x53, 0x0E, 0x53, 0x0E, 0x53, 0x0E, 0x53, 0x0E, 0x52, 0xEE,
    0x4A, 0xEE, 0x4A, 0xEE, 0x4A, 0xEE, 0x4A, 0xEE, 0x4A, 0xEE, 0x4A, 0xEE, 0x4A, 0xCE, 0x4A, 0xCE,
    0x4A, 0xCE, 0x4A, 0xCE, 0x4A, 0xCE, 0x4A, 0xCE, 0x4A, 0xCE, 0x4A, 0xAE, 0x4A, 0xAE, 0x4A, 0xAE,
    0x4A, 0xAE, 0xFF, 0x4A, 0xAE, 0x4A, 0xAE, 0x4A, 0xAE, 0x4A, 0xAE, 0x4A, 0xAE, 0x4A, 0xAE, 0x42,
    0x8D, 0x42, 0x8D, 0x42, 0x8D, 0x42, 0x8D, 0x42, 0x8D, 0x42, 0x8D, 0x42, 0x8D, 0x42, 0x8D, 0x42,
    0x8D, 0x42, 0x8D, 0x42, 0x8D, 0x42, 0x8D, 0x42, 0x8D, 0x42, 0x8D, 0x42, 0x8D, 0x42, 0x8D, 0x42,
    0x8D, 0x4A, 0x8D, 0x4A, 0x8D, 0x4A, 0x8D, 0x42, 0x8D, 0x42, 0x6D, 0x42, 0x6D, 0x42, 0x6D, 0x42,
    0x8D, 0x42, 0x8D, 0x42, 0x8D, 0x42, 0x8D, 0x42, 0x8D, 0x42, 0x8D, 0x42, 0x8D, 0x42, 0x6D, 0x42,
    0x6D, 0x42, 0x6D, 0x42, 0x4C, 0x42, 0x4C, 0x42, 0x4C, 0x42, 0x4C, 0x42, 0x4C, 0x42, 0x4C, 0x42,
    0x4C, 0x42, 0x4C, 0x42, 0x4C, 0x42, 0x4C, 0x42, 0x6C, 0x3A, 0x6C, 0x3A, 0x6C, 0x3A, 0x6C, 0x3A,
    0x6C, 0x3A, 0x6C, 0x3A, 0x6C, 0x42, 0x8D, 0x42, 0x8D, 0x42, 0x8D, 0x42, 0x8C, 0x3A, 0x6C, 0x3A,
    0x6C, 0x3A, 0x6C, 0xFF, 0x42, 0xAD, 0x42, 0xAD, 0x42, 0xAD, 0x42, 0x8D, 0x42, 0x8D, 0x42, 0x8D,
    0x42, 0x8D, 0x42, 0x6D, 0x42, 0x6D, 0x42, 0x6D, 0x42, 0x6D, 0x42, 0x6D, 0x42, 0x6D, 0x42, 0x8D,
    0x42, 0xAD, 0x42, 0xAD, 0x42, 0xAD, 0x42, 0xAD, 0x42, 0xAD, 0x42, 0xAD, 0x42, 0x8D, 0x42, 0x8D,
    0x42, 0x8D, 0x42, 0x8D, 0x42, 0x6D, 0x42, 0x8D, 0x4A, 0xAE, 0x4A, 0xAE, 0x4A, 0xCE, 0x4A, 0xCE,
    0x4A, 0xAE, 0x42, 0x8D, 0x42, 0x8D, 0x42, 0x8D, 0x42, 0x8D, 0x42, 0xAE, 0x4A, 0xCE, 0x4A, 0xCE,
    0x4A, 0xCE, 0xFF, 0xFB, 0xFF, 0xFB, 0xFF, 0xFC, 0xFF, 0xFB, 0xFF, 0xFB, 0xFF, 0xFA, 0xFF, 0xF9,
    0xFF, 0xF9, 0xFF, 0xF9, 0xFF, 0xFA, 0xFF, 0xF9, 0xFF, 0xF8, 0xFF, 0xF8, 0xFF, 0xD8, 0xFF, 0x97,
    0xFF, 0x76, 0xFF, 0x55, 0xFF, 0x34, 0xFF, 0x34, 0xF6, 0xD3, 0xF6, 0xF3, 0xFF, 0x13, 0xFF, 0x14,
    0xFF, 0x13, 0xFE, 0xF3, 0xFF, 0xFE, 0xB3, 0xF6, 0x31, 0xED, 0xF0, 0xF5, 0xD0, 0xF5, 0xD0, 0xF5,
    0xB0, 0xED, 0x8F, 0xED, 0x6F, 0xED, 0x4E, 0xED, 0x4E, 0xED, 0x4E, 0xE5, 0x2E, 0xE5, 0x2E, 0xE5,
    0x2E, 0xE5, 0x2E, 0xED, 0x2E, 0xED, 0x2E, 0xED, 0x2E, 0xE5, 0x4F, 0xE5, 0x4F, 0xE5, 0x4F, 0xE5,
    0x4F, 0xE5, 0x4F, 0xE5, 0x4F, 0xE5, 0x4F, 0xE5, 0x50, 0xE5, 0x50, 0xE5, 0x50, 0xE5, 0x50, 0xE5,
    0x50, 0xE5, 0x50, 0xED, 0x50, 0xE5, 0x30, 0xE5, 0x30, 0xE5, 0x0F, 0xE5, 0x10, 0xDD, 0x0F, 0xDC,
    0xEF, 0xDC, 0xCF, 0xDC, 0xCE, 0xD4, 0xAE, 0xD4, 0x8E, 0xD4, 0x8D, 0xCC, 0x6D, 0xCC, 0x4D, 0xC4,
    0x6E, 0xC4, 0x6E, 0xC4, 0x6E, 0xC4, 0x6E, 0xC4, 0x6E, 0xC4, 0x6E, 0xC4, 0x6E, 0xB4, 0x4E, 0xB4,
    0x4E, 0xB4, 0x4E, 0xB4, 0x2D, 0xB4, 0x2D, 0xB4, 0x2D, 0xB4, 0x2E, 0xB4, 0x0E, 0xB4, 0x0E, 0xB4,
    0x0E, 0xB3, 0xEE, 0xB3, 0xEE, 0xFF, 0xB3, 0xEE, 0xAB, 0xED, 0xAB, 0xED, 0xAB, 0xED, 0xAB, 0xED,
    0xAC, 0x0E, 0xAC, 0x0E, 0xAC, 0x0E, 0xB4, 0x0D, 0xB4, 0x0D, 0xB4, 0x0D, 0xB4, 0x0D, 0xBC, 0x2D,
    0xBC, 0x2E, 0xBC, 0x4E, 0xBC, 0x6E, 0xC4, 0x6F, 0x92, 0xAA, 0xC3, 0xF0, 0xBB, 0xB0, 0x71, 0xC9,
    0x61, 0x89, 0x59, 0xA9, 0x59, 0x89, 0x51, 0x88, 0x59, 0xA8, 0x59, 0x87, 0x8B, 0x4D, 0xD5, 0x35,
    0x93, 0x0D, 0x93, 0x2D, 0x93, 0x2E, 0x8A, 0xED, 0x82, 0xED, 0x7A, 0xCD, 0x7A, 0xAD, 0x72, 0xAD,
    0x72, 0xAD, 0x72, 0xAD, 0x72, 0xAD, 0x72, 0xAD, 0x72, 0x8D, 0x6A, 0xAD, 0x62, 0x6C, 0x6A, 0xCE,
    0x41, 0xAA, 0x39, 0x8A, 0x31, 0xAA, 0x31, 0xAA, 0x39, 0xAA, 0x39, 0xAA, 0x39, 0xAA, 0x39, 0xCB,
    0x41, 0xCB, 0x41, 0xCB, 0x41, 0xCB, 0x51, 0xEB, 0x62, 0x6B, 0x8B, 0xF0, 0x8B, 0xEF, 0x83, 0xF0,
    0x7B, 0xD0, 0x73, 0xB0, 0x73, 0xB0, 0xFF, 0x6B, 0x8F, 0x6B, 0x6F, 0x6B, 0x6F, 0x63, 0x4E, 0x63,
    0x2E, 0x5B, 0x2E, 0x5B, 0x2E, 0x5B, 0x2E, 0x5B, 0x2E, 0x5B, 0x2E, 0x5B, 0x2E, 0x5B, 0x2E, 0x5B,
    0x2E, 0x5B, 0x2E, 0x5B, 0x2E, 0x5B, 0x2E, 0x5B, 0x2E, 0x5B, 0x2E, 0x5B, 0x2E, 0x5B, 0x2E, 0x5B,
    0x2E, 0x5B, 0x2E, 0x5B, 0x2E, 0x5B, 0x2E, 0x5B, 0x2E, 0x5B, 0x2E, 0x5B, 0x0E, 0x5B, 0x0E, 0x5B,
    0x0E, 0x5B, 0x0E, 0x5B, 0x0E, 0x5B, 0x0E, 0x5B, 0x0E, 0x53, 0x0F, 0x53, 0x0F, 0x53, 0x0F, 0x53,
    0x0E, 0x53, 0x0E, 0x53, 0x0E, 0x53, 0x0E, 0x53, 0x0E, 0x53, 0x0E, 0x53, 0x0E, 0x4A, 0xEE, 0x4A,
    0xEE, 0x4A, 0xEE, 0x4A, 0xEE, 0x4A, 0xEE, 0x4A, 0xEE, 0x4A, 0xEE, 0x4A, 0xEE, 0x4A, 0xEE, 0x4A,
    0xEE, 0x4A, 0xEE, 0x4A, 0xEE, 0x4A, 0xEE, 0x4A, 0xCE, 0x4A, 0xCE, 0x4A, 0xCE, 0x4A, 0xCE, 0x4A,
    0xCE, 0x4A, 0xCE, 0x4A, 0xCE, 0x4A, 0xCE, 0xFF, 0x4A, 0xAE, 0x4A, 0xAE, 0x4A, 0xAE, 0x4A, 0xAE,
    0x4A, 0xAE, 0x4A, 0xAE, 0x42, 0x8D, 0x42, 0x8D, 0x42, 0x8D, 0x42, 0x8D, 0x42, 0x8D, 0x42, 0x8D,
    0x42, 0x8D, 0x42, 0x8D, 0x42, 0x8D, 0x42, 0x8D, 0x42, 0x8D, 0x42, 0x8D, 0x42, 0x8D, 0x42, 0x8D,
    0x42, 0x8D, 0x42, 0x8D, 0x42, 0x8D, 0x4A, 0x8D, 0x4A, 0x8D, 0x4A, 0x8D, 0x4A, 0x8D, 0x4A, 0x8D,
    0x4A, 0x8D, 0x4A, 0x8D, 0x42, 0x8D, 0x42, 0x8D, 0x42, 0x8D, 0x42, 0x8D, 0x42, 0x8D, 0x42, 0x8D,
    0x42, 0x8D, 0x42, 0x6D, 0x42, 0x6D, 0x42, 0x6D, 0x42, 0x4C, 0x42, 0x4C, 0x42, 0x4C, 0x42, 0x4C,
    0x42, 0x4C, 0x42, 0x4C, 0x42, 0x4C, 0x42, 0x6D, 0x42, 0x6D, 0x42, 0x6D, 0x42, 0x6C, 0x3A, 0x6C,
    0x3A, 0x6C, 0x3A, 0x6C, 0x3A, 0x6C, 0x3A, 0x6C, 0x3A, 0x6C, 0x42, 0x8D, 0x42, 0x8D, 0x42, 0x8D,
    0x42, 0x8D, 0x42, 0x8D, 0x42, 0x8D, 0x42, 0x8D, 0xFF, 0x42, 0x8D, 0x42, 0x8D, 0x42, 0x8D, 0x42,
    0x8D, 0x42, 0x8D, 0x42, 0x8D, 0x42, 0x8D, 0x42, 0x6C, 0x42, 0x6C, 0x42, 0x6C, 0x4A, 0x8D, 0x4A,
    0x8D, 0x4A, 0x8D, 0x42, 0x8D, 0x42, 0x8D, 0x42, 0x8D, 0x42, 0x8D, 0x4A, 0xAE, 0x4A, 0xAE, 0x4A,
    0xAE, 0x42, 0xAE, 0x42, 0x8D, 0x42, 0x8D, 0x42, 0x8D, 0x3A, 0x6D, 0x4A, 0xAE, 0x4A, 0xEE, 0x52,
    0xEF, 0x4A, 0xCE, 0x42, 0x8D, 0x42, 0x6D, 0x42, 0x8D, 0x42, 0x8D, 0x42, 0x8D, 0x42, 0x6D, 0x42,
    0x6D, 0x42, 0x6D, 0x42, 0x8D, 0x42, 0x8D, 0xFF, 0xFB, 0xFF, 0xFB, 0xFF, 0xFC, 0xFF, 0xFC, 0xFF,
    0xFB, 0xFF, 0xFA, 0xFF, 0xF9, 0xFF, 0xF8, 0xFF, 0xF7, 0xFF, 0xF8, 0xFF, 0xD7, 0xFF, 0xB7, 0xFF,
    0x96, 0xFF, 0x75, 0xFF, 0x34, 0xFF, 0x14, 0xFF, 0x14, 0xF6, 0xB2, 0xF6, 0x71, 0xFE, 0xB2, 0xFE,
    0xB2, 0xFE, 0xB2, 0xFE, 0xD2, 0xFE, 0x71, 0xF6, 0x10, 0xFF, 0xED, 0xCF, 0xF5, 0xAF, 0xED, 0x6E,
    0xF5, 0x6E, 0xF5, 0x6F, 0xF5, 0x6F, 0xED, 0x4E, 0xED, 0x2E, 0xE5, 0x2E, 0xE5, 0x2E, 0xE5, 0x2E,
    0xE5, 0x0D, 0xE5, 0x0D, 0xE5, 0x0D, 0xE5, 0x0D, 0xED, 0x0E, 0xED, 0x0E, 0xED, 0x0E, 0xE5, 0x2E,
    0xE5, 0x2E, 0xE5, 0x2E, 0xE5, 0x2E, 0xE5, 0x2E, 0xE5, 0x2E, 0xE5, 0x2F, 0xE5, 0x2F, 0xE5, 0x2F,
    0xE5, 0x2F, 0xE5, 0x2F, 0xE5, 0x2F, 0xE5, 0x2F, 0xE5, 0x30, 0xE5, 0x30, 0xE5, 0x0F, 0xDC, 0xEF,
    0xDD, 0x0F, 0xDC, 0xEF, 0xDC, 0xCE, 0xD4, 0xCE, 0xD4, 0xAE, 0xD4, 0xAE, 0xD4, 0x8E, 0xD4, 0x8D,
    0xCC, 0x6D, 0xCC, 0x4D, 0xC4, 0x6E, 0xC4, 0x6E, 0xC4, 0x6E, 0xC4, 0x6E, 0xBC, 0x4E, 0xBC, 0x4E,
    0xBC, 0x4E, 0xB4, 0x4E, 0xB4, 0x4E, 0xB4, 0x4E, 0xB4, 0x2D, 0xB4, 0x2D, 0xB4, 0x2D, 0xB4, 0x0E,
    0xB4, 0x0E, 0xB4, 0x0E, 0xB4, 0x0E, 0xB3, 0xEE, 0xB3, 0xEE, 0xFF, 0xB3, 0xEE, 0xAB, 0xED, 0xAB,
    0xED, 0xAB, 0xED, 0xAB, 0xED, 0xAC, 0x0E, 0xAC, 0x0E, 0xAC, 0x0E, 0xB4, 0x0D, 0xB4, 0x0D, 0xB4,
    0x0D, 0xB4, 0x0D, 0xBC, 0x2D, 0xBC, 0x2E, 0xBC, 0x4E, 0xBC, 0x6E, 0xC4, 0x6F, 0x92, 0xAA, 0xC3,
    0xF0, 0xBB, 0xB0, 0x71, 0xC9, 0x61, 0x89, 0x59, 0xAA, 0x51, 0xA9, 0x51, 0x88, 0x51, 0x88, 0x49,
    0x46, 0x49, 0x46, 0xD5, 0x76, 0xBC, 0x31, 0x92, 0xEC, 0x8B, 0x0D, 0x8A, 0xEE, 0x82, 0xEE, 0x82,
    0xCE, 0x7A, 0xCE, 0x72, 0xAD, 0x72, 0xAD, 0x72, 0xAD, 0x72, 0xAD, 0x72, 0xAD, 0x72, 0xAD, 0x6A,
    0xAD, 0x62, 0x8D, 0x5A, 0x4C, 0x41, 0x89, 0x39, 0x8A, 0x31, 0xAA, 0x31, 0xAA, 0x39, 0xAA, 0x39,
    0xAA, 0x39, 0xAA, 0x39, 0xCB, 0x41, 0xCB, 0x41, 0xCB, 0x41, 0xCB, 0x51, 0xEB, 0x62, 0x6B, 0x8B,
    0xF0, 0x8B, 0xEF, 0x83, 0xF0, 0x7B, 0xD0, 0x73, 0xB0, 0x73, 0xB0, 0xFF, 0x6B, 0x8F, 0x6B, 0x6F,
    0x6B, 0x6F, 0x63, 0x4E, 0x63, 0x2E, 0x5B, 0x2E, 0x5B, 0x2E, 0x5B, 0x2E, 0x5B, 0x2E, 0x5B, 0x2E,
    0x5B, 0x2E, 0x5B, 0x2E, 0x5B, 0x2E, 0x5B, 0x2E, 0x5B, 0x2E, 0x5B, 0x2E, 0x5B, 0x2E, 0x5B, 0x2E,
    0x5B, 0x2E, 0x5B, 0x2E, 0x5B, 0x2E, 0x5B, 0x2E, 0x5B, 0x2E, 0x5B, 0x2E, 0x5B, 0x2E, 0x5B, 0x2E,
    0x5B, 0x0E, 0x5B, 0x0E, 0x5B, 0x0E, 0x5B, 0x0E, 0x5B, 0x0E, 0x5B, 0x0E, 0x5B, 0x0E, 0x53, 0x0F,
    0x53, 0x0F, 0x53, 0x0F, 0x53, 0x0E, 0x53, 0x0E, 0x53, 0x0E, 0x53, 0x0E, 0x53, 0x0E, 0x53, 0x0E,
    0x53, 0x0E, 0x4A, 0xEE, 0x4A, 0xEE, 0x4A, 0xEE, 0x4A, 0xEE, 0x4A, 0xEE, 0x4A, 0xEE, 0x4A, 0xEE,
    0x4A, 0xEE, 0x4A, 0xEE, 0x4A, 0xEE, 0x4A, 0xEE, 0x4A, 0xEE, 0x4A, 0xEE, 0x4A, 0xCE, 0x4A, 0xCE,
    0x4A, 0xCE, 0x4A, 0xCE, 0x4A, 0xCE, 0x4A, 0xCE, 0x4A, 0xCE, 0x4A, 0xCE, 0xFF, 0x4A, 0xAE, 0x4A,
    0xAE, 0x4A, 0xAE, 0x4A, 0xAE, 0x4A, 0xAE, 0x4A, 0xAE, 0x42, 0x8D, 0x42, 0x8D, 0x42, 0x8D, 0x42,
    0x8D, 0x42, 0x8D, 0x42, 0x8D, 0x42, 0x8D, 0x42, 0x8D, 0x42, 0x8D, 0x42, 0x8D, 0x42, 0x8D, 0x42,
    0x8D, 0x42, 0x8D, 0x42, 0x8D, 0x42, 0x8D, 0x42, 0x8D, 0x42, 0x8D, 0x4A, 0x8D, 0x4A, 0x8D, 0x4A,
    0x8D, 0x4A, 0x8D, 0x4A, 0x8D, 0x4A, 0x8D, 0x4A, 0x8D, 0x42, 0x8D, 0x42, 0x8D, 0x42, 0x8D, 0x42,
    0x8D, 0x42, 0x8D, 0x42, 0x8D, 0x42, 0x8D, 0x42, 0x6D, 0x42, 0x6D, 0x42, 0x6D, 0x42, 0x4C, 0x42,
    0x4C, 0x42, 0x4C, 0x42, 0x4C, 0x42, 0x4C, 0x42, 0x4C, 0x42, 0x4C, 0x42, 0x6D, 0x42, 0x6D, 0x42,
    0x6D, 0x42, 0x6C, 0x3A, 0x6C, 0x3A, 0x6C, 0x3A, 0x6C, 0x3A, 0x6C, 0x3A, 0x6C, 0x3A, 0x6C, 0x42,
    0x8D, 0x42, 0x8D, 0x42, 0x8D, 0x42, 0x8D, 0x42, 0x8D, 0x42, 0x8D, 0x42, 0x8D, 0xFF, 0x42, 0x8D,
    0x42, 0x8D, 0x42, 0x8D, 0x42, 0x8D, 0x42, 0x8D, 0x42, 0x8D, 0x42, 0x8D, 0x42, 0x8D, 0x42, 0x8D,
    0x42, 0x8D, 0x4A, 0x8D, 0x4A, 0x8D, 0x4A, 0x8D, 0x4A, 0xAD, 0x42, 0xAE, 0x42, 0xAE, 0x42, 0xAE,
    0x4A, 0xAE, 0x4A, 0xAE, 0x4A, 0xAE, 0x42, 0xAE, 0x42, 0x8D, 0x42, 0x8D, 0x42, 0x8D, 0x42, 0x8D,
    0x4A, 0xAE, 0x4A, 0xCE, 0x4A, 0xCE, 0x4A, 0xCE, 0x42, 0xAD, 0x42, 0x8D, 0x42, 0xAE, 0x42, 0xAE,
    0x42, 0xAE, 0x42, 0x8D, 0x42, 0x8D, 0x42, 0x8D, 0x42, 0x8D, 0x42, 0x8D, 0xFF, 0xFC, 0xFF, 0xFC,
    0xFF, 0xFD, 0xFF, 0xFC, 0xFF, 0xFB, 0xFF, 0xFA, 0xFF, 0xF8, 0xFF, 0xF7, 0xFF, 0xD6, 0xFF, 0x95,
    0xFF, 0x75, 0xFF, 0x53, 0xFE, 0xF2, 0xFE, 0xD1, 0xFE, 0x90, 0xFE, 0x91, 0xFE, 0x92, 0xFE, 0xB2,
    0xFE, 0xD2, 0xFE, 0xB2, 0xFE, 0x91, 0xF6, 0x71, 0xFE, 0x71, 0xFE, 0x30, 0xED, 0x6E, 0xFF, 0xE5,
    0x0C, 0xE5, 0x0C, 0xEC, 0xCC, 0xED, 0x0D, 0xED, 0x0D, 0xEC, 0xED, 0xE4, 0xCD, 0xE4, 0xCC, 0xE4,
    0xCD, 0xE4, 0xED, 0xDC, 0xED, 0xE4, 0xCD, 0xE4, 0xCD, 0xE4, 0xCD, 0xE4, 0xCD, 0xE4, 0xED, 0xE4,
    0xED, 0xE4, 0xED, 0xDD, 0x0E, 0xDD, 0x0E, 0xDD, 0x0E, 0xDC, 0xED, 0xDC, 0xED, 0xDC, 0xED, 0xDD,
    0x0E, 0xE5, 0x0F, 0xE5, 0x0F, 0xE5, 0x0F, 0xE5, 0x0F, 0xE5, 0x0F, 0xE5, 0x0F, 0xE5, 0x0F, 0xDD,
    0x0F, 0xDC, 0xEF, 0xDC, 0xCF, 0xDC, 0xEF, 0xDC, 0xCE, 0xD4, 0xAE, 0xD4, 0xAE, 0xD4, 0x8D, 0xCC,
    0x8D, 0xCC, 0x6D, 0xD4, 0x8D, 0xCC, 0x6D, 0xCC, 0x4D, 0xC4, 0x6E, 0xC4, 0x6F, 0xC4, 0x6F, 0xBC,
    0x4E, 0xBC, 0x2E, 0xBC, 0x2E, 0xBC, 0x2E, 0xB4, 0x4E, 0xB4, 0x4E, 0xB4, 0x4E, 0xB4, 0x2D, 0xB4,
    0x2D, 0xB4, 0x2D, 0xB4, 0x0E, 0xB3, 0xEE, 0xB3, 0xEE, 0xB3, 0xEE, 0xB3, 0xEE, 0xB3, 0xEE, 0xFF,
    0xB3, 0xEE, 0xB3, 0xED, 0xAB, 0xED, 0xAB, 0xED, 0xAB, 0xED, 0xAC, 0x0E, 0xAC, 0x0E, 0xAC, 0x0E,
    0xB4, 0x0D, 0xB4, 0x0D, 0xB4, 0x0D, 0xB4, 0x0D, 0xBC, 0x2D, 0xBC, 0x2E, 0xBC, 0x4E, 0xBC, 0x6E,
    0xC4, 0x8F, 0x92, 0xAA, 0xC3, 0xF0, 0xBB, 0xB0, 0x71, 0xC9, 0x61, 0x89, 0x59, 0xAA, 0x51, 0xA9,
    0x51, 0x89, 0x59, 0xE9, 0x51, 0x87, 0x51, 0xA8, 0x49, 0x25, 0xB4, 0x10, 0xB4, 0x11, 0x9B, 0x4E,
    0x93, 0x2E, 0x8B, 0x0E, 0x82, 0xEE, 0x7A, 0xCE, 0x72, 0xAD, 0x72, 0xAD, 0x72, 0xAD, 0x72, 0xAD,
    0x72, 0xAD, 0x72, 0xAD, 0x6A, 0x8D, 0x72, 0xCE, 0x49, 0xAA, 0x39, 0x69, 0x39, 0x8A, 0x31, 0xAA,
    0x31, 0xAA, 0x39, 0xAA, 0x39, 0xAA, 0x39, 0xAA, 0x39, 0xCB, 0x41, 0xCB, 0x41, 0xCB, 0x41, 0xCB,
    0x51, 0xEB, 0x62, 0x6B, 0x8B, 0xF0, 0x8B, 0xEF, 0x83, 0xF0, 0x7B, 0xD0, 0x73, 0xB0, 0x73, 0xB0,
    0xFF, 0x6B, 0x8F, 0x6B, 0x6F, 0x6B, 0x6F, 0x63, 0x4E, 0x63, 0x2E, 0x5B, 0x2E, 0x5B, 0x2E, 0x5B,
    0x2E, 0x5B, 0x2E, 0x5B, 0x2E, 0x5B, 0x2E, 0x5B, 0x2E, 0x5B, 0x2E, 0x5B, 0x2E, 0x5B, 0x2E, 0x5B,
    0x2E, 0x5B, 0x2E, 0x5B, 0x2E, 0x5B, 0x2E, 0x5B, 0x2E, 0x5B, 0x2E, 0x5B, 0x2E, 0x5B, 0x2E, 0x5B,
    0x2E, 0x5B, 0x2E, 0x5B, 0x2E, 0x5B, 0x0E, 0x5B, 0x0E, 0x5B, 0x0E, 0x5B, 0x0E, 0x5B, 0x0E, 0x5B,
    0x0E, 0x5B, 0x0E, 0x53, 0x0F, 0x53, 0x0F, 0x53, 0x0F, 0x53, 0x0E, 0x53, 0x0E, 0x53, 0x0E, 0x53,
    0x0E, 0x53, 0x0E, 0x53, 0x0E, 0x53, 0x0E, 0x4A, 0xEE, 0x4A, 0xEE, 0x4A, 0xEE, 0x4A, 0xEE, 0x4A,
    0xEE, 0x4A, 0xEE, 0x4A, 0xEE, 0x4A, 0xEE, 0x4A, 0xEE, 0x4A, 0xEE, 0x4A, 0xEE, 0x4A, 0xEE, 0x4A,
    0xEE, 0x4A, 0xCE, 0x4A, 0xCE, 0x4A, 0xCE, 0x4A, 0xCE, 0x4A, 0xCE, 0x4A, 0xCE, 0x4A, 0xCE, 0x4A,
    0xCE, 0xFF, 0x4A, 0xAE, 0x4A, 0xAE, 0x4A, 0xAE, 0x4A, 0xAE, 0x4A, 0xAE, 0x4A, 0xAE, 0x42, 0x8D,
    0x42, 0x8D, 0x42, 0x8D, 0x42, 0x8D, 0x42, 0x8D, 0x42, 0x8D, 0x42, 0x8D, 0x42, 0x8D, 0x42, 0x8D,
    0x42, 0x8D, 0x42, 0x8D, 0x42, 0x8D, 0x42, 0x8D, 0x42, 0x8D, 0x42, 0x8D, 0x42, 0x8D, 0x42, 0x8D,
    0x4A, 0x8D, 0x4A, 0x8D, 0x4A, 0x8D, 0x4A, 0x8D, 0x4A, 0x8D, 0x4A, 0x8D, 0x4A, 0x8D, 0x42, 0x8D,
    0x42, 0x8D, 0x42, 0x8D, 0x42, 0x8D, 0x42, 0x8D, 0x42, 0x8D, 0x42, 0x8D, 0x42, 0x6D, 0x42, 0x6D,
    0x42, 0x6D, 0x42, 0x4C, 0x42, 0x4C, 0x42, 0x4C, 0x42, 0x4C, 0x42, 0x4C, 0x42, 0x4C, 0x42, 0x4C,
    0x42, 0x6D, 0x42, 0x6D, 0x42, 0x6D, 0x42, 0x6C, 0x3A, 0x6C, 0x3A, 0x6C, 0x3A, 0x6C, 0x3A, 0x6C,
    0x3A, 0x6C, 0x3A, 0x6C, 0x42, 0x8D, 0x42, 0x8D, 0x42, 0x8D, 0x42, 0x8D, 0x42, 0x8D, 0x42, 0x8D,
    0x42, 0x8D, 0xFF, 0x42, 0x8D, 0x42, 0x8D, 0x42, 0x8D, 0x42, 0x8D, 0x42, 0x8D, 0x42, 0x8D, 0x42,
    0x8D, 0x4A, 0xAD, 0x4A, 0xAD, 0x4A, 0xAD, 0x4A, 0x8D, 0x4A, 0x8D, 0x4A, 0x8D, 0x4A, 0xAE, 0x4A,
    0xCE, 0x4A, 0xCE, 0x4A, 0xCE, 0x4A, 0xAE, 0x4A, 0xAE, 0x4A, 0xAE, 0x42, 0xAE, 0x42, 0x8D, 0x42,
    0x8D, 0x42, 0x8D, 0x4A, 0xAE, 0x4A, 0xAE, 0x4A, 0xAE, 0x42, 0xAE, 0x42, 0xAE, 0x4A, 0xAE, 0x4A,
    0xCE, 0x4A, 0xCE, 0x4A, 0xCE, 0x4A, 0xCE, 0x4A, 0xAE, 0x4A, 0xAE, 0x4A, 0xAE, 0x42, 0xAE, 0x42,
    0x8D, 0xFF, 0xFC, 0xFF, 0xFC, 0xFF, 0xFB, 0xFF, 0xFA, 0xFF, 0xF9, 0xFF, 0xF8, 0xFF, 0xF6, 0xFF,
    0xD5, 0xFF, 0xB5, 0xFF, 0x75, 0xFF, 0x55, 0xFF, 0x54, 0xF6, 0xB1, 0xFE, 0xB2, 0xFE, 0xD2, 0xFE,
    0xF2, 0xFE, 0xF2, 0xFE, 0xF2, 0xFE, 0xF2, 0xFE, 0xD2, 0xFE, 0x51, 0xF6, 0x10, 0xFE, 0x31, 0xFE,
    0x31, 0xF5, 0x8F, 0xFF, 0xED, 0x2E, 0xED, 0x2E, 0xE4, 0xED, 0xE4, 0xED, 0xE4, 0xCD, 0xE4, 0xCD,
    0xE4, 0xCD, 0xE4, 0xCD, 0xDC, 0xCD, 0xDC, 0xCD, 0xDC, 0xCD, 0xDC, 0xAD, 0xDC, 0xAD, 0xDC, 0xAD,
    0xDC, 0xAD, 0xDC, 0xAD, 0xDC, 0xAD, 0xDC, 0xAD, 0xDC, 0xEE, 0xDC, 0xEE, 0xDC, 0xEE, 0xDC, 0xEE,
    0xDC, 0xEE, 0xDC, 0xEE, 0xDC, 0xEF, 0xDD, 0x0F, 0xDD, 0x0F, 0xDD, 0x0F, 0xDC, 0xEF, 0xDC, 0xEF,
    0xDC, 0xEF, 0xDC, 0xCF, 0xDC, 0xCF, 0xDC, 0xCF, 0xDC, 0xCF, 0xDC, 0xEF, 0xD4, 0xCF, 0xD4, 0xAE,
    0xD4, 0xAE, 0xD4, 0x8E, 0xCC, 0x8E, 0xCC, 0x8E, 0xCC, 0x8E, 0xCC, 0x6D, 0xC4, 0x2D, 0xC4, 0x6E,
    0xBC, 0x6E, 0xBC, 0x6E, 0xBC, 0x6E, 0xBC, 0x4D, 0xBC, 0x4D, 0xBC, 0x4E, 0xB4, 0x2E, 0xB4, 0x2E,
    0xB4, 0x2E, 0xB4, 0x2F, 0xB4, 0x2E, 0xB4, 0x0E, 0xAB, 0xED, 0xAB, 0xED, 0xAB, 0xED, 0xAB, 0xED,
    0xAC, 0x0E, 0xAC, 0x0E, 0xFF, 0xAB, 0xCD, 0xA3, 0xCD, 0xA3, 0xED, 0xA3, 0xCD, 0xA3, 0xCD, 0xA3,
    0xEE, 0xA3, 0xEE, 0xA3, 0xEE, 0xB4, 0x2E, 0xB4, 0x0E, 0xB4, 0x0E, 0xB4, 0x0E, 0xB4, 0x0E, 0xB4,
    0x0E, 0xB4, 0x0E, 0xBC, 0x90, 0xBC, 0x70, 0xA3, 0x0A, 0xBB, 0xEE, 0xB3, 0x8E, 0x71, 0xA9, 0x61,
    0xA9, 0x59, 0xA9, 0x51, 0xA9, 0x51, 0x88, 0x51, 0x88, 0x51, 0x88, 0x51, 0x88, 0x51, 0x67, 0x72,
    0x6A, 0xAC, 0x32, 0x9B, 0xB0, 0x93, 0x6F, 0x83, 0x0D, 0x83, 0x0E, 0x8B, 0x2F, 0x7A, 0xEE, 0x72,
    0xCD, 0x72, 0xAD, 0x72, 0xCD, 0x72, 0xAD, 0x72, 0xAD, 0x73, 0x30, 0x52, 0x2C, 0x39, 0x69, 0x39,
    0x8A, 0x39, 0xAA, 0x39, 0xAA, 0x39, 0xAA, 0x39, 0xAA, 0x39, 0xAA, 0x39, 0xAA, 0x39, 0xCB, 0x41,
    0xCB, 0x41, 0xCB, 0x41, 0xCB, 0x52, 0x0B, 0x5A, 0x4A, 0x8C, 0x10, 0x8C, 0x0F, 0x7B, 0xF0, 0x7B,
    0xD0, 0x73, 0xB0, 0x6B, 0xB0, 0xFF, 0x6B, 0xB0, 0x6B, 0xB0, 0x63, 0x6F, 0x63, 0x6F, 0x63, 0x6F,
    0x5B, 0x4F, 0x53, 0x2F, 0x5B, 0x4F, 0x5B, 0x0E, 0x5B, 0x2E, 0x63, 0x4E, 0x63, 0x2D, 0x5B, 0x0D,
    0x63, 0x2F, 0x63, 0x50, 0x63, 0x30, 0x63, 0x2E, 0x63, 0x2E, 0x63, 0x2F, 0x5B, 0x2F, 0x5B, 0x2E,
    0x5B, 0x2E, 0x5B, 0x2E, 0x5B, 0x2E, 0x5B, 0x2E, 0x5B, 0x2E, 0x5B, 0x0E, 0x5B, 0x0E, 0x5B, 0x0E,
    0x5B, 0x0E, 0x5B, 0x2E, 0x5B, 0x2E, 0x5B, 0x0E, 0x53, 0x0E, 0x53, 0x0E, 0x53, 0x0E, 0x53, 0x0E,
    0x53, 0x0E, 0x53, 0x0E, 0x52, 0xEE, 0x52, 0xEE, 0x52, 0xEE, 0x52, 0xEE, 0x52, 0xEE, 0x52, 0xEE,
    0x52, 0xEE, 0x52, 0xEE, 0x52, 0xEE, 0x52, 0xEE, 0x52, 0xEE, 0x52, 0xCE, 0x52, 0xCE, 0x52, 0xCE,
    0x52, 0xEE, 0x4A, 0xEE, 0x4A, 0xEE, 0x4A, 0xEE, 0x4A, 0xEE, 0x4A, 0xEE, 0x4A, 0xEE, 0x4A, 0xCE,
    0x4A, 0xCE, 0x4A, 0xCE, 0x4A, 0xCE, 0xFF, 0x4A, 0xCE, 0x4A, 0xCE, 0x4A, 0xCE, 0x4A, 0xAE, 0x4A,
    0xAE, 0x4A, 0xAE, 0x4A, 0xAE, 0x4A, 0xAE, 0x42, 0xAE, 0x42, 0xAE, 0x42, 0xCF, 0x42, 0xAF, 0x42,
    0xAE, 0x42, 0xAD, 0x42, 0x8D, 0x42, 0x8D, 0x42, 0x8C, 0x4A, 0x8D, 0x4A, 0x8D, 0x4A, 0x8D, 0x4A,
    0x8D, 0x42, 0x8D, 0x4A, 0x8D, 0x42, 0x8D, 0x42, 0x8D, 0x42, 0x8D, 0x42, 0xAD, 0x42, 0xAD, 0x42,
    0xAD, 0x42, 0x8D, 0x4A, 0x8D, 0x4A, 0x8D, 0x4A, 0x8D, 0x4A, 0x8D, 0x4A, 0x8D, 0x4A, 0x8D, 0x4A,
    0x8C, 0x4A, 0x8C, 0x4A, 0x8D, 0x4A, 0x8D, 0x4A, 0x8E, 0x4A, 0x8D, 0x4A, 0x8C, 0x4A, 0x8C, 0x4A,
    0x8C, 0x4A, 0x8C, 0x4A, 0x8C, 0x42, 0x6C, 0x42, 0x6C, 0x42, 0x6C, 0x42, 0x8C, 0x42, 0xAD, 0x42,
    0xAD, 0x42, 0xAD, 0x42, 0x8D, 0x42, 0x8D, 0x42, 0x8D, 0x42, 0x8D, 0x42, 0x8D, 0x42, 0x8D, 0x42,
    0x8D, 0x42, 0x8D, 0x42, 0x8D, 0x42, 0x8D, 0xFF, 0x42, 0x8D, 0x42, 0x8D, 0x42, 0x8D, 0x42, 0x8D,
    0x42, 0x8D, 0x42, 0x8D, 0x42, 0x8D, 0x42, 0x8D, 0x4A, 0xAE, 0x4A, 0xAE, 0x4A, 0xCE, 0x4A, 0xAE,
    0x42, 0x8D, 0x42, 0x8D, 0x4A, 0xCE, 0x4A, 0xCE, 0x4A, 0xCE, 0x4A, 0xAE, 0x4A, 0xAE, 0x4A, 0xAE,
    0x4A, 0xAE, 0x4A, 0xAE, 0x4A, 0xAE, 0x4A, 0xAE, 0x4A, 0xAE, 0x4A, 0xAE, 0x4A, 0xAE, 0x4A, 0xAE,
    0x4A, 0xAE, 0x4A, 0xCE, 0x4A, 0xEE, 0x4A, 0xCE, 0x4A, 0xCE, 0x4A, 0xCE, 0x4A, 0xEE, 0x4A, 0xCE,
    0x42, 0xAE, 0x42, 0x8D, 0x42, 0x8D, 0xFF, 0xFC, 0xFF, 0xFB, 0xFF, 0xF9, 0xFF, 0xF9, 0xFF, 0xF8,
    0xFF, 0xF7, 0xFF, 0xF6, 0xFF, 0xD5, 0xFF, 0xB5, 0xFF, 0x55, 0xFF, 0x54, 0xFF, 0x13, 0xFE, 0xD2,
    0xFE, 0xB2, 0xFE, 0x91, 0xF6, 0x71, 0xF6, 0x70, 0xFE, 0x91, 0xFE, 0x91, 0xFE, 0x71, 0xF6, 0x10,
    0xF5, 0xAF, 0xF5, 0xAF, 0xF5, 0x8F, 0xED, 0x4E, 0xFF, 0xED, 0x2E, 0xE5, 0x0D, 0xE5, 0x0D, 0xE4,
    0xED, 0xDC, 0xCD, 0xE4, 0xED, 0xDC, 0xCD, 0xDC, 0xCD, 0xDC, 0xCD, 0xDC, 0xCD, 0xDC, 0xAD, 0xDC,
    0xAD, 0xDC, 0xAE, 0xDC, 0xAE, 0xDC, 0xAE, 0xDC, 0xAE, 0xDC, 0xAE, 0xDC, 0xAE, 0xDC, 0xEE, 0xDC,
    0xEE, 0xDC, 0xEE, 0xDC, 0xEE, 0xDC, 0xEE, 0xDC, 0xEE, 0xDC, 0xEF, 0xDC, 0xEF, 0xDC, 0xEF, 0xDC,
    0xEF, 0xDC, 0xCF, 0xDC, 0xCF, 0xDC, 0xCF, 0xDC, 0xCF, 0xD4, 0xAF, 0xD4, 0xAF, 0xD4, 0xAF, 0xD4,
    0xAF, 0xD4, 0xAF, 0xD4, 0x8E, 0xCC, 0x8E, 0xCC, 0x8E, 0xCC, 0x6E, 0xCC, 0x6E, 0xCC, 0x6E, 0xC4,
    0x6D, 0xC4, 0x4D, 0xB4, 0x4D, 0xB4, 0x4D, 0xB4, 0x4D, 0xB4, 0x4D, 0xB4, 0x4D, 0xB4, 0x4D, 0xB4,
    0x4D, 0xB4, 0x2E, 0xB4, 0x2E, 0xB4, 0x2E, 0xBC, 0x4F, 0xB4, 0x2F, 0xB4, 0x0E, 0xB4, 0x0E, 0xAC,
    0x0D, 0xAC, 0x0D, 0xAC, 0x0E, 0xAC, 0x0E, 0xAC, 0x0D, 0xFF, 0xA3, 0xED, 0xA3, 0xCD, 0xA3, 0xEE,
    0xA3, 0xEE, 0xA3, 0xEE, 0xA3, 0xEE, 0xA3, 0xEE, 0xA3, 0xEE, 0xAC, 0x0F, 0xAC, 0x0F, 0xAC, 0x0F,
    0xAC, 0x0F, 0xAC, 0x0F, 0xAC, 0x0F, 0xAC, 0x0F, 0xBC, 0x70, 0xBC, 0x50, 0xA3, 0x0B, 0xC3, 0xEE,
    0xB3, 0x8E, 0x69, 0xC8, 0x61, 0xA9, 0x59, 0xC9, 0x51, 0xA8, 0x51, 0x88, 0x51, 0x88, 0x51, 0x88,
    0x51, 0x88, 0x51, 0x88, 0x51, 0x87, 0x51, 0xA7, 0x72, 0x6B, 0x8B, 0x6F, 0x8B, 0x6F, 0x83, 0x0D,
    0x7A, 0xED, 0x7A, 0xEE, 0x72, 0xCE, 0x72, 0xCD, 0x72, 0xCE, 0x72, 0xCE, 0x7A, 0xEE, 0x62, 0xCF,
    0x4A, 0x0C, 0x31, 0x8A, 0x39, 0xAA, 0x39, 0xAA, 0x39, 0xAA, 0x39, 0xAA, 0x39, 0xAA, 0x39, 0xAA,
    0x39, 0xAA, 0x39, 0xCB, 0x41, 0xCB, 0x41, 0xCB, 0x41, 0xCB, 0x52, 0x0B, 0x52, 0x2A, 0x83, 0xEF,
    0x84, 0x2F, 0x7B, 0xF0, 0x7B, 0xD1, 0x73, 0xD1, 0x6B, 0xB0, 0xFF, 0x6B, 0x90, 0x63, 0x6F, 0x63,
    0x2E, 0x5B, 0x2E, 0x63, 0x6F, 0x63, 0x90, 0x5B, 0x71, 0x5B, 0x2F, 0x5B, 0x4F, 0x63, 0x4E, 0x63,
    0x2D, 0x63, 0x2D, 0x63, 0x4D, 0x63, 0x0F, 0x5A, 0xF0, 0x63, 0x0F, 0x63, 0x4D, 0x63, 0x2D, 0x5A,
    0xEF, 0x5B, 0x2F, 0x5B, 0x2E, 0x5B, 0x2E, 0x5B, 0x2E, 0x5B, 0x2E, 0x5B, 0x2E, 0x5B, 0x2E, 0x5B,
    0x0E, 0x5B, 0x0E, 0x5B, 0x0E, 0x5B, 0x0E, 0x5B, 0x2E, 0x5B, 0x2E, 0x5B, 0x2E, 0x53, 0x0E, 0x53,
    0x0E, 0x53, 0x0E, 0x53, 0x0E, 0x53, 0x0E, 0x53, 0x0E, 0x52, 0xEE, 0x52, 0xEE, 0x52, 0xEE, 0x52,
    0xEE, 0x52, 0xEE, 0x52, 0xEE, 0x52, 0xEE, 0x52, 0xEE, 0x52, 0xEE, 0x52, 0xEE, 0x52, 0xEE, 0x52,
    0xCE, 0x52, 0xCE, 0x52, 0xCE, 0x52, 0xEE, 0x4A, 0xEE, 0x4A, 0xEE, 0x4A, 0xEE, 0x4A, 0xEE, 0x4A,
    0xEE, 0x4A, 0xEE, 0x4A, 0xCE, 0x4A, 0xCE, 0x4A, 0xCE, 0x4A, 0xCE, 0xFF, 0x4A, 0xCE, 0x4A, 0xCE,
    0x4A, 0xCE, 0x4A, 0xAD, 0x4A, 0xAD, 0x4A, 0xAD, 0x4A, 0xAD, 0x4A, 0xAD, 0x4A, 0xAD, 0x42, 0xAE,
    0x42, 0xCF, 0x42, 0xCF, 0x42, 0xAE, 0x42, 0xAD, 0x4A, 0xAD, 0x4A, 0xAD, 0x4A, 0x8D, 0x4A, 0x8C,
    0x4A, 0x8C, 0x4A, 0x8C, 0x4A, 0x8C, 0x4A, 0x8C, 0x4A, 0x8C, 0x42, 0x8D, 0x42, 0xAD, 0x42, 0xAD,
    0x42, 0xAD, 0x42, 0xAD, 0x42, 0xAD, 0x42, 0xAD, 0x4A, 0x8D, 0x4A, 0x8D, 0x4A, 0x8D, 0x4A, 0x8D,
    0x4A, 0x8D, 0x4A, 0x8D, 0x4A, 0x8D, 0x4A, 0x8C, 0x4A, 0x8C, 0x4A, 0x8D, 0x4A, 0x8E, 0x4A, 0x8D,
    0x4A, 0x8C, 0x4A, 0x8C, 0x4A, 0x8C, 0x4A, 0x8C, 0x4A, 0x8C, 0x42, 0x6C, 0x42, 0x6C, 0x42, 0x6C,
    0x42, 0x8C, 0x42, 0xAD, 0x42, 0xAD, 0x42, 0xAD, 0x42, 0x8D, 0x42, 0x8D, 0x42, 0x8D, 0x42, 0x8D,
    0x42, 0x8D, 0x42, 0x8D, 0x42, 0x8D, 0x42, 0x8D, 0x42, 0x8D, 0x42, 0x8D, 0xFF, 0x42, 0x8D, 0x42,
    0x8D, 0x42, 0x8D, 0x42, 0x8D, 0x42, 0x8D, 0x42, 0x8D, 0x42, 0x8D, 0x42, 0x8D, 0x4A, 0xAE, 0x4A,
    0xCE, 0x4A, 0xCE, 0x4A, 0xCE, 0x4A, 0xAE, 0x42, 0xAE, 0x4A, 0xCE, 0x4A, 0xCE, 0x4A, 0xCE, 0x4A,
    0xAE, 0x4A, 0xAE, 0x4A, 0xAE, 0x4A, 0xAE, 0x4A, 0xAE, 0x4A, 0xAE, 0x4A, 0xAE, 0x4A, 0xAE, 0x4A,
    0xAE, 0x4A, 0xAE, 0x4A, 0xAE, 0x4A, 0xAE, 0x4A, 0xCE, 0x4A, 0xCE, 0x4A, 0xCE, 0x4A, 0xEF, 0x53,
    0x0F, 0x52, 0xEF, 0x4A, 0xCE, 0x4A, 0xAE, 0x42, 0xAE, 0x42, 0xAD, 0xFF, 0xFA, 0xFF, 0xFA, 0xFF,
    0xD8, 0xFF, 0xF8, 0xFF, 0xF7, 0xFF, 0xF7, 0xFF, 0xD7, 0xFF, 0xD6, 0xFF, 0xB5, 0xFF, 0x13, 0xFE,
    0xD2, 0xF6, 0x71, 0xF6, 0x91, 0xFE, 0xB2, 0xF6, 0x31, 0xED, 0xAF, 0xED, 0xAF, 0xF6, 0x30, 0xFE,
    0x51, 0xF5, 0xCF, 0xF5, 0x6E, 0xED, 0x0D, 0xE4, 0xEC, 0xE4, 0xED, 0xE4, 0xED, 0xFF, 0xE4, 0xED,
    0xE4, 0xED, 0xDC, 0xCC, 0xDC, 0xCC, 0xDC, 0xAD, 0xDC, 0xAD, 0xDC, 0xAD, 0xDC, 0xAD, 0xDC, 0xAC,
    0xDC, 0xAC, 0xDC, 0x8D, 0xDC, 0x8D, 0xDC, 0x8D, 0xDC, 0x8D, 0xDC, 0x8D, 0xDC, 0x8D, 0xDC, 0x8D,
    0xDC, 0x8D, 0xD4, 0xCE, 0xD4, 0xCE, 0xD4, 0xCE, 0xD4, 0xCE, 0xD4, 0xCE, 0xD4, 0xCE, 0xD4, 0xCE,
    0xDC, 0xCE, 0xDC, 0xCE, 0xDC, 0xCE, 0xD4, 0xAE, 0xD4, 0xAE, 0xD4, 0xAE, 0xD4, 0xAE, 0xD4, 0x8E,
    0xD4, 0x8E, 0xD4, 0x8E, 0xCC, 0x6E, 0xCC, 0x6E, 0xCC, 0x4D, 0xC4, 0x4D, 0xC4, 0x4D, 0xC4, 0x2D,
    0xBC, 0x2C, 0xBC, 0x2C, 0xC4, 0x2D, 0xC4, 0x4D, 0xB4, 0x2D, 0xB4, 0x4D, 0xB4, 0x4D, 0xB4, 0x4D,
    0xB4, 0x4D, 0xB4, 0x4D, 0xB4, 0x4D, 0xB4, 0x2E, 0xB4, 0x2E, 0xB4, 0x2E, 0xCC, 0xD1, 0xBC, 0x4F,
    0xB4, 0x2E, 0xBC, 0x4F, 0xAC, 0x0E, 0xB4, 0x2E, 0xB4, 0x6F, 0xAC, 0x0E, 0xAB, 0xED, 0xFF, 0xA3,
    0xED, 0xA3, 0xCD, 0xA3, 0xEE, 0xA3, 0xEE, 0xA3, 0xEE, 0x9B, 0xCD, 0x9B, 0xCD, 0x9B, 0xCD, 0xA3,
    0xEE, 0xAB, 0xEE, 0xAB, 0xEE, 0xA3, 0xEE, 0xA3, 0xEE, 0xA3, 0xEE, 0xAB, 0xEE, 0xB4, 0x50, 0xBC,
    0x50, 0xA3, 0x4B, 0xC4, 0x0F, 0xB3, 0x8E, 0x69, 0xC8, 0x61, 0xA9, 0x59, 0xC9, 0x51, 0xA8, 0x51,
    0x88, 0x51, 0x88, 0x51, 0x88, 0x51, 0x88, 0x51, 0x68, 0x51, 0x88, 0x59, 0xE9, 0x49, 0x47, 0x49,
    0x47, 0x59, 0xE9, 0x7A, 0xCD, 0x72, 0xED, 0x72, 0xCD, 0x72, 0xEE, 0x72, 0xEE, 0x72, 0xEE, 0x6A,
    0xAD, 0x62, 0x6C, 0x41, 0xCB, 0x39, 0xAB, 0x39, 0xAA, 0x39, 0xAB, 0x39, 0xAA, 0x39, 0xAA, 0x39,
    0xAA, 0x39, 0xAA, 0x39, 0xAA, 0x39, 0xAA, 0x39, 0xCB, 0x41, 0xCB, 0x41, 0xCB, 0x41, 0xCB, 0x49,
    0xEB, 0x52, 0x0A, 0x83, 0xCF, 0x83, 0xEF, 0x84, 0x10, 0x84, 0x11, 0x7C, 0x12, 0x7B, 0xF1, 0xFF,
    0x7B, 0xF1, 0x7B, 0xF1, 0x6B, 0x6E, 0x63, 0x4E, 0x7C, 0x11, 0x8C, 0x94, 0x7C, 0x32, 0x63, 0x4F,
    0x73, 0xF1, 0x84, 0x32, 0x6B, 0x6E, 0x84, 0x10, 0x9C, 0xB2, 0x6B, 0x6F, 0x62, 0xEE, 0x73, 0x90,
    0x84, 0x50, 0x7B, 0xCF, 0x6B, 0x2F, 0x5B, 0x2F, 0x5B, 0x2E, 0x5B, 0x2E, 0x5B, 0x2E, 0x5B, 0x2E,
    0x5B, 0x2E, 0x5B, 0x2E, 0x5B, 0x2E, 0x5B, 0x2E, 0x5B, 0x2E, 0x5B, 0x2E, 0x5B, 0x2E, 0x5B, 0x2E,
    0x5B, 0x2E, 0x53, 0x0E, 0x53, 0x0E, 0x53, 0x0E, 0x53, 0x0E, 0x53, 0x0E, 0x53, 0x0E, 0x52, 0xEE,
    0x52, 0xEE, 0x52, 0xEE, 0x52, 0xEE, 0x52, 0xEE, 0x52, 0xEE, 0x52, 0xEE, 0x52, 0xEE, 0x52, 0xEE,
    0x52, 0xEE, 0x52, 0xEE, 0x52, 0xCE, 0x52, 0xCE, 0x52, 0xCE, 0x52, 0xEE, 0x4A, 0xEE, 0x4A, 0xEE,
    0x4A, 0xEE, 0x4A, 0xEE, 0x4A, 0xEE, 0x4A, 0xEE, 0x4A, 0xCE, 0x4A, 0xCE, 0x4A, 0xCE, 0x4A, 0xCE,
    0xFF, 0x4A, 0xCE, 0x4A, 0xCE, 0x4A, 0xCE, 0x4A, 0xAD, 0x4A, 0xAD, 0x4A, 0xAD, 0x4A, 0xAD, 0x4A,
    0xAD, 0x4A, 0xAD, 0x42, 0xAE, 0x42, 0xCE, 0x42, 0xAE, 0x42, 0xAE, 0x4A, 0x8D, 0x52, 0xCD, 0x52,
    0xED, 0x52, 0xCD, 0x4A, 0x8C, 0x4A, 0x8C, 0x4A, 0x8C, 0x4A, 0x8C, 0x4A, 0x8C, 0x4A, 0x8C, 0x42,
    0x8D, 0x42, 0xAD, 0x42, 0xAD, 0x42, 0xAD, 0x42, 0xAD, 0x42, 0xAD, 0x42, 0xAD, 0x4A, 0x8D, 0x4A,
    0x8D, 0x4A, 0x8D, 0x4A, 0x8D, 0x4A, 0x8D, 0x4A, 0x8D, 0x4A, 0x8D, 0x4A, 0x8C, 0x4A, 0x8C, 0x4A,
    0x8D, 0x4A, 0x8D, 0x4A, 0x8D, 0x4A, 0x8C, 0x4A, 0x8C, 0x4A, 0x8C, 0x4A, 0x8C, 0x4A, 0x8C, 0x42,
    0x6C, 0x42, 0x6C, 0x42, 0x6C, 0x42, 0x8C, 0x42, 0xAD, 0x42, 0xAD, 0x42, 0xAD, 0x42, 0x8D, 0x42,
    0x8D, 0x42, 0x8D, 0x42, 0x8D, 0x42, 0x8D, 0x42, 0x8D, 0x42, 0x8D, 0x42, 0x8D, 0x42, 0x8D, 0x42,
    0x8D, 0xFF, 0x42, 0x8D, 0x42, 0x8D, 0x42, 0x8D, 0x42, 0x8D, 0x42, 0x8D, 0x42, 0x8D, 0x42, 0x8D,
    0x42, 0x8D, 0x4A, 0xAE, 0x4A, 0xCE, 0x4A, 0xCE, 0x4A, 0xCE, 0x4A, 0xEE, 0x4A, 0xEF, 0x4A, 0xCE,
    0x4A, 0xCE, 0x4A, 0xCE, 0x4A, 0xAE, 0x4A, 0xAE, 0x4A, 0xAE, 0x4A, 0xAE, 0x4A, 0xAE, 0x4A, 0xAE,
    0x4A, 0xAE, 0x4A, 0xAE, 0x4A, 0xAE, 0x4A, 0xAE, 0x4A, 0xAE, 0x4A, 0xAE, 0x4A, 0xCE, 0x53, 0x0F,
    0x5B, 0x30, 0x53, 0x30, 0x53, 0x30, 0x53, 0x0F, 0x53, 0x0F, 0x4A, 0xEE, 0x4A, 0xCE, 0x4A, 0xCE,
    0xFF, 0xF9, 0xFF, 0xF8, 0xFF, 0xD7, 0xFF, 0xD7, 0xFF, 0xD7, 0xFF, 0xD7, 0xFF, 0xD7, 0xFF, 0xB7,
    0xFF, 0x96, 0xFE, 0xF2, 0xF6, 0xB1, 0xEE, 0x50, 0xEE, 0x10, 0xFE, 0x92, 0xF6, 0x32, 0xED, 0xAF,
    0xF5, 0xAF, 0xFE, 0x31, 0xFE, 0x72, 0xED, 0x8F, 0xED, 0x2E, 0xEC, 0xCD, 0xE4, 0xCD, 0xE5, 0x0D,
    0xE5, 0x0D, 0xFF, 0xE4, 0xED, 0xDC, 0xED, 0xDC, 0xCC, 0xDC, 0xAC, 0xDC, 0xAD, 0xDC, 0xAD, 0xDC,
    0xAD, 0xDC, 0xAD, 0xD4, 0x8C, 0xD4, 0x8C, 0xD4, 0x8D, 0xD4, 0x8D, 0xD4, 0x8D, 0xD4, 0x8D, 0xD4,
    0x8D, 0xD4, 0x8D, 0xD4, 0x8D, 0xD4, 0x8D, 0xD4, 0xAE, 0xD4, 0xAE, 0xD4, 0xAE, 0xD4, 0xAE, 0xD4,
    0xAE, 0xD4, 0xAE, 0xD4, 0xAE, 0xD4, 0xCE, 0xD4, 0xCE, 0xD4, 0xCE, 0xD4, 0xAE, 0xD4, 0xAE, 0xD4,
    0xAE, 0xD4, 0xAE, 0xD4, 0x8E, 0xD4, 0x8E, 0xD4, 0x8E, 0xCC, 0x6E, 0xCC, 0x4D, 0xC4, 0x2D, 0xC4,
    0x4D, 0xC4, 0x2D, 0xBC, 0x2C, 0xBC, 0x0C, 0xBC, 0x0C, 0xC4, 0x2C, 0xC4, 0x4D, 0xBC, 0x6E, 0xBC,
    0x8E, 0xBC, 0x8E, 0xBC, 0x6E, 0xB4, 0x4D, 0xB4, 0x4D, 0xB4, 0x4D, 0xB4, 0x2E, 0xB4, 0x2D, 0xB4,
    0x2D, 0xCC, 0xF1, 0xBC, 0x6E, 0xB4, 0x2E, 0xBC, 0x6F, 0xAC, 0x0D, 0xB4, 0x2E, 0xBC, 0x8F, 0xAC,
    0x0E, 0xAC, 0x0D, 0xFF, 0xA3, 0xED, 0xA3, 0xCD, 0xA3, 0xEE, 0xA3, 0xEE, 0xA3, 0xEE, 0x9B, 0xCD,
    0x9B, 0xCD, 0x9B, 0xCD, 0xA3, 0xEE, 0xA3, 0xEE, 0xA3, 0xEE, 0xA3, 0xEE, 0xA3, 0xEE, 0xA3, 0xEE,
    0xA3, 0xEE, 0xAC, 0x2F, 0xBC, 0x30, 0xAB, 0x4B, 0xC4, 0x0F, 0xB3, 0x8E, 0x69, 0xC8, 0x61, 0xA9,
    0x59, 0xC9, 0x51, 0xA8, 0x51, 0x88, 0x51, 0x88, 0x51, 0x88, 0x51, 0x88, 0x51, 0x88, 0x49, 0x88,
    0x49, 0x88, 0x51, 0xA9, 0x49, 0x68, 0x41, 0x27, 0x49, 0x88, 0x5A, 0x2B, 0x6A, 0xCE, 0x73, 0x0F,
    0x73, 0x2F, 0x73, 0x0F, 0x5A, 0x6C, 0x49, 0xCA, 0x31, 0x69, 0x39, 0x8A, 0x39, 0xAB, 0x39, 0xAB,
    0x39, 0xAA, 0x39, 0xAA, 0x39, 0xAA, 0x39, 0xAA, 0x39, 0xAA, 0x39, 0xAA, 0x39, 0xCB, 0x41, 0xCB,
    0x41, 0xCB, 0x41, 0xCB, 0x49, 0xEA, 0x52, 0x09, 0x83, 0xCF, 0x83, 0xEF, 0x84, 0x10, 0x84, 0x32,
    0x84, 0x12, 0x84, 0x11, 0xFF, 0x8C, 0x52, 0x94, 0xB3, 0x73, 0xAF, 0x73, 0x8F, 0x94, 0x93, 0xA5,
    0x36, 0x84, 0x73, 0x63, 0x4E, 0x84, 0x12, 0x9C, 0xD3, 0x7B, 0xAE, 0x9C, 0x92, 0xB5, 0x95, 0x83,
    0xAF, 0x6B, 0x2F, 0x83, 0xF1, 0x9C, 0xD1, 0x8C, 0x50, 0x7B, 0x90, 0x5B, 0x2E, 0x5B, 0x2E, 0x5B,
    0x2E, 0x5B, 0x2E, 0x5B, 0x2E, 0x5B, 0x2E, 0x5B, 0x2E, 0x5B, 0x2E, 0x5B, 0x2E, 0x5B, 0x2E, 0x5B,
    0x2E, 0x5B, 0x2E, 0x5B, 0x2E, 0x5B, 0x2E, 0x53, 0x0E, 0x53, 0x0E, 0x53, 0x0E, 0x53, 0x0E, 0x53,
    0x0E, 0x53, 0x0E, 0x52, 0xEE, 0x52, 0xEE, 0x52, 0xEE, 0x52, 0xEE, 0x52, 0xEE, 0x52, 0xEE, 0x52,
    0xEE, 0x52, 0xEE, 0x52, 0xEE, 0x52, 0xEE, 0x52, 0xEE, 0x52, 0xCE, 0x52, 0xCE, 0x52, 0xCE, 0x52,
    0xEE, 0x4A, 0xEE, 0x4A, 0xEE, 0x4A, 0xEE, 0x4A, 0xEE, 0x4A, 0xEE, 0x4A, 0xEE, 0x4A, 0xCE, 0x4A,
    0xCE, 0x4A, 0xCE, 0x4A, 0xCE, 0xFF, 0x4A, 0xCE, 0x4A, 0xCE, 0x4A, 0xCE, 0x4A, 0xAD, 0x4A, 0xAD,
    0x4A, 0xAD, 0x4A, 0xAD, 0x4A, 0xAD, 0x4A, 0xAD, 0x42, 0xAE, 0x42, 0xCE, 0x42, 0xAE, 0x42, 0xCD,
    0x4A, 0x8C, 0x52, 0xCD, 0x5A, 0xED, 0x52, 0xCD, 0x4A, 0x8C, 0x4A, 0x8C, 0x4A, 0x8C, 0x4A, 0x8C,
    0x4A, 0x8C, 0x4A, 0x8C, 0x42, 0x8D, 0x42, 0xAD, 0x42, 0xAD, 0x42, 0xAD, 0x42, 0xAD, 0x42, 0xAD,
    0x42, 0xAD, 0x4A, 0x8D, 0x4A, 0x8D, 0x4A, 0x8D, 0x4A, 0x8D, 0x4A, 0x8D, 0x4A, 0x8D, 0x4A, 0x8D,
    0x4A, 0x8C, 0x4A, 0x8C, 0x4A, 0x8D, 0x4A, 0x8D, 0x4A, 0x8D, 0x4A, 0x8C, 0x4A, 0x8D, 0x4A, 0x8C,
    0x4A, 0x8C, 0x4A, 0x8C, 0x42, 0x6C, 0x42, 0x6C, 0x42, 0x6C, 0x42, 0x8C, 0x42, 0xAD, 0x42, 0xAD,
    0x42, 0xAD, 0x42, 0x8D, 0x42, 0x8D, 0x42, 0x8D, 0x42, 0x8D, 0x42, 0x8D, 0x42, 0x8D, 0x42, 0x8D,
    0x42, 0x8D, 0x42, 0x8D, 0x42, 0x8D, 0xFF, 0x42, 0x8D, 0x42, 0x8D, 0x42, 0x8D, 0x42, 0x8D, 0x42,
    0x8D, 0x42, 0x8D, 0x42, 0x8D, 0x42, 0x8D, 0x4A, 0xAE, 0x4A, 0xCE, 0x4A, 0xAE, 0x4A, 0xCE, 0x52,
    0xEF, 0x52, 0xEF, 0x4A, 0xCE, 0x4A, 0xCE, 0x4A, 0xCE, 0x4A, 0xAE, 0x4A, 0xAE, 0x4A, 0xAE, 0x4A,
    0xAE, 0x4A, 0xAE, 0x4A, 0xAE, 0x4A, 0xAE, 0x4A, 0xAE, 0x4A, 0xAE, 0x4A, 0xAE, 0x4A, 0xAE, 0x4A,
    0xAE, 0x4A, 0xCE, 0x5B, 0x30, 0x63, 0x91, 0x5B, 0x50, 0x4A, 0xEF, 0x53, 0x2F, 0x53, 0x0F, 0x52,
    0xEF, 0x4A, 0xCE, 0x4A, 0xCE, 0xFF, 0xB7, 0xFF, 0xB6, 0xFF, 0xB6, 0xFF, 0x96, 0xFF, 0x96, 0xFF,
    0xB6, 0xFF, 0xB7, 0xFF, 0xB7, 0xFF, 0x76, 0xFF, 0x12, 0xFE, 0xB1, 0xEE, 0x30, 0xF6, 0x51, 0xFE,
    0xB3, 0xF6, 0x52, 0xED, 0xD1, 0xED, 0x6F, 0xFE, 0x52, 0xFE, 0x72, 0xFE, 0x72, 0xED, 0x4F, 0xF5,
    0x0F, 0xEC, 0xCD, 0xE4, 0xED, 0xF5, 0x6F, 0xFF, 0xE4, 0xED, 0xE5, 0x0D, 0xE5, 0x0D, 0xDC, 0xAC,
    0xDC, 0xAC, 0xDC, 0x8D, 0xDC, 0xAC, 0xD4, 0x8C, 0xD4, 0x8C, 0xD4, 0x8C, 0xD4, 0x8C, 0xD4, 0x6C,
    0xD4, 0x6C, 0xD4, 0x6C, 0xD4, 0x6C, 0xD4, 0x6C, 0xD4, 0x6C, 0xD4, 0x6C, 0xD4, 0xAD, 0xD4, 0xAD,
    0xD4, 0xAD, 0xD4, 0xAD, 0xD4, 0xAD, 0xD4, 0xAD, 0xD4, 0xAE, 0xD4, 0xAE, 0xD4, 0xAE, 0xD4, 0xAE,
    0xD4, 0x8D, 0xD4, 0x8D, 0xD4, 0x8D, 0xCC, 0x8D, 0xCC, 0x6E, 0xCC, 0x6E, 0xCC, 0x6E, 0xD4, 0x8E,
    0xC4, 0x0C, 0xDC, 0xF0, 0xC4, 0x2C, 0xCC, 0x8E, 0xCC, 0x8E, 0xB3, 0xCB, 0xCC, 0x6D, 0xCC, 0x8E,
    0xCC, 0x8E, 0xBC, 0x6E, 0xC4, 0xAF, 0xC4, 0xCF, 0xB4, 0x2D, 0xD5, 0x10, 0xC4, 0xAF, 0xBC, 0x6E,
    0xBC, 0x6E, 0xBC, 0x6E, 0xBC, 0x6E, 0xCC, 0xF0, 0xBC, 0x8F, 0xBC, 0x4E, 0xBC, 0x8F, 0xAC, 0x0E,
    0xA3, 0xCD, 0xBC, 0xB0, 0xAB, 0xED, 0xA3, 0xED, 0xFF, 0xA3, 0xCC, 0xA3, 0xAD, 0x9B, 0xCD, 0x9B,
    0xCD, 0x9B, 0xCD, 0xA3, 0xEE, 0x9B, 0xCD, 0xA4, 0x0E, 0xA3, 0xEE, 0xA3, 0xEE, 0xA3, 0xEE, 0xA4,
    0x0E, 0xA4, 0x0E, 0x9B, 0xCD, 0xA4, 0x0F, 0xAB, 0xEF, 0xBC, 0x50, 0xAB, 0x6C, 0xC4, 0x0F, 0xAB,
    0x6D, 0x61, 0x88, 0x61, 0xA9, 0x59, 0xC9, 0x51, 0xA8, 0x51, 0x88, 0x51, 0x88, 0x51, 0x88, 0x51,
    0x88, 0x51, 0x88, 0x49, 0x88, 0x49, 0x88, 0x49, 0x89, 0x49, 0x89, 0x49, 0x89, 0x49, 0x88, 0x41,
    0x89, 0x41, 0xA9, 0x41, 0xA9, 0x41, 0xA9, 0x41, 0xA9, 0x41, 0xA9, 0x41, 0xA9, 0x39, 0xAA, 0x39,
    0xAA, 0x39, 0xAA, 0x39, 0xAA, 0x39, 0xAA, 0x39, 0xAA, 0x39, 0xAA, 0x39, 0xAA, 0x39, 0xAA, 0x39,
    0xAA, 0x39, 0xCB, 0x41, 0xCB, 0x41, 0xCB, 0x41, 0xCB, 0x49, 0xEB, 0x5A, 0x6B, 0x73, 0x2D, 0x8C,
    0x50, 0x7B, 0xEF, 0x83, 0xF1, 0x8C, 0x32, 0x83, 0xF0, 0xFF, 0x9C, 0x93, 0xAD, 0x55, 0x8C, 0x31,
    0x6B, 0x2D, 0xA4, 0xF4, 0xBD, 0xD8, 0x9C, 0xD5, 0x5A, 0xCC, 0x94, 0xB3, 0xAD, 0x35, 0x83, 0xCE,
    0xAC, 0xF3, 0xC5, 0xD5, 0x94, 0x30, 0x6A, 0xEC, 0x83, 0xCF, 0xA4, 0xD1, 0x9C, 0x90, 0x94, 0x32,
    0x63, 0x6F, 0x5B, 0x2E, 0x5B, 0x2E, 0x63, 0x4F, 0x5B, 0x2E, 0x5B, 0x0E, 0x52, 0xED, 0x5B, 0x2E,
    0x5B, 0x2E, 0x5B, 0x2E, 0x5B, 0x0E, 0x5B, 0x0E, 0x5B, 0x2E, 0x5B, 0x2E, 0x53, 0x0E, 0x53, 0x0E,
    0x53, 0x0E, 0x53, 0x0E, 0x53, 0x0E, 0x53, 0x0E, 0x5B, 0x0E, 0x5A, 0xEF, 0x5A, 0xEF, 0x5A, 0xEF,
    0x52, 0xEE, 0x52, 0xEE, 0x52, 0xEE, 0x52, 0xEE, 0x52, 0xEE, 0x52, 0xEE, 0x52, 0xEE, 0x52, 0xCE,
    0x52, 0xCE, 0x52, 0xCE, 0x52, 0xEE, 0x4A, 0xEE, 0x4A, 0xCE, 0x4A, 0xCE, 0x4A, 0xEE, 0x4A, 0xCE,
    0x4A, 0xCE, 0x4A, 0xCE, 0x4A, 0xCE, 0x4A, 0xCE, 0x4A, 0xCE, 0xFF, 0x4A, 0xCE, 0x4A, 0xCE, 0x4A,
    0xCE, 0x4A, 0xCE, 0x4A, 0xAD, 0x42, 0xAD, 0x42, 0xAD, 0x3A, 0x6C, 0x4A, 0xEE, 0x42, 0xAD, 0x4A,
    0xCE, 0x4A, 0xCE, 0x4A, 0xCD, 0x52, 0xCD, 0x5B, 0x0D, 0x6B, 0x6F, 0x5B, 0x0E, 0x4A, 0x8D, 0x4A,
    0x8C, 0x52, 0xCD, 0x52, 0xCD, 0x4A, 0xAD, 0x4A, 0x8C, 0x42, 0x8D, 0x42, 0xAD, 0x42, 0xAD, 0x42,
    0xAD, 0x42, 0xAD, 0x42, 0xAD, 0x4A, 0xCD, 0x4A, 0xAD, 0x4A, 0xAD, 0x4A, 0xAD, 0x4A, 0x8D, 0x4A,
    0x8D, 0x4A, 0x8D, 0x4A, 0x8D, 0x4A, 0x6D, 0x4A, 0x8C, 0x52, 0xED, 0x4A, 0x8C, 0x4A, 0x8C, 0x4A,
    0x8D, 0x52, 0xCE, 0x42, 0x6C, 0x4A, 0x8C, 0x42, 0x6C, 0x42, 0x4B, 0x52, 0xEE, 0x42, 0x6C, 0x4A,
    0xAD, 0x42, 0x8D, 0x42, 0x8D, 0x42, 0x8D, 0x42, 0x8D, 0x42, 0x8D, 0x42, 0x8D, 0x42, 0x8D, 0x42,
    0x8D, 0x42, 0x8D, 0x42, 0x8D, 0x4A, 0xAE, 0x4A, 0xAE, 0x4A, 0xAE, 0xFF, 0x42, 0x6D, 0x42, 0x8D,
    0x42, 0xAE, 0x4A, 0xAE, 0x42, 0xAE, 0x42, 0xAE, 0x42, 0xAE, 0x42, 0xAE, 0x42, 0xAE, 0x42, 0xAE,
    0x4A, 0xCE, 0x4A, 0xCE, 0x4A, 0xCE, 0x4A, 0xCE, 0x4A, 0xEE, 0x4A, 0xCE, 0x42, 0xAE, 0x4A, 0xAE,
    0x4A, 0xAE, 0x4A, 0xAE, 0x4A, 0xAE, 0x4A, 0xAE, 0x4A, 0xAE, 0x4A, 0xAE, 0x42, 0x8D, 0x4A, 0xEE,
    0x53, 0x0F, 0x53, 0x0F, 0x52, 0xEF, 0x52, 0xEF, 0x53, 0x2F, 0x5B, 0x50, 0x5B, 0x50, 0x5B, 0x50,
    0x5B, 0x50, 0x5B, 0x30, 0x53, 0x0F, 0x53, 0x0F, 0x53, 0x0F, 0xFF, 0xB5, 0xFF, 0x93, 0xFF, 0x75,
    0xFF, 0x75, 0xFF, 0x76, 0xFF, 0x76, 0xFF, 0xB8, 0xFF, 0xB8, 0xF7, 0x15, 0xFE, 0xB0, 0xFE, 0x6F,
    0xEE, 0x50, 0xEE, 0x51, 0xFF, 0x15, 0xFE, 0xF5, 0xE5, 0xF2, 0xE5, 0x6F, 0xFF, 0x36, 0xFF, 0x56,
    0xFE, 0xF4, 0xED, 0x90, 0xF5, 0x50, 0xE4, 0xCD, 0xE5, 0x0D, 0xF5, 0x8F, 0xFF, 0xDC, 0xCC, 0xED,
    0x4E, 0xF5, 0x6F, 0xDC, 0xAC, 0xD4, 0x8C, 0xD4, 0x8C, 0xD4, 0x8C, 0xD4, 0x6C, 0xD4, 0x6C, 0xD4,
    0x6C, 0xD4, 0x6C, 0xD4, 0x6C, 0xD4, 0x6C, 0xD4, 0x6C, 0xD4, 0x6C, 0xD4, 0x6C, 0xD4, 0x6C, 0xD4,
    0x6C, 0xCC, 0x8D, 0xCC, 0x8D, 0xCC, 0x8D, 0xCC, 0x8D, 0xCC, 0x8D, 0xCC, 0x8D, 0xCC, 0x8D, 0xCC,
    0x8D, 0xCC, 0x8D, 0xCC, 0x8D, 0xCC, 0x6D, 0xCC, 0x6D, 0xCC, 0x6D, 0xCC, 0x6D, 0xCC, 0x4D, 0xCC,
    0x4D, 0xCC, 0x4D, 0xDC, 0xF0, 0xC4, 0x2D, 0xE5, 0x10, 0xC4, 0x4D, 0xDC, 0xF0, 0xD4, 0xEF, 0xB3,
    0xCB, 0xDC, 0xEF, 0xD4, 0xEF, 0xD4, 0xCF, 0xC4, 0xCF, 0xDD, 0x72, 0xDD, 0x92, 0xC4, 0x8E, 0xE5,
    0xB3, 0xD5, 0x51, 0xC4, 0xCF, 0xD5, 0x30, 0xD5, 0x30, 0xD5, 0x30, 0xF6, 0x55, 0xDD, 0x71, 0xCD,
    0x10, 0xCD, 0x11, 0xB4, 0x2E, 0xB4, 0x4F, 0xDD, 0x94, 0xAC, 0x0E, 0xAC, 0x0E, 0xFF, 0xA3, 0xED,
    0xA3, 0xED, 0xA3, 0xEE, 0xA3, 0xEE, 0xA3, 0xEE, 0xA3, 0xEE, 0xA4, 0x0E, 0xA3, 0xEE, 0xA4, 0x4F,
    0xA4, 0x2F, 0x9C, 0x0E, 0xA4, 0x2E, 0xA4, 0x2F, 0x9B, 0xEE, 0xAC, 0x4F, 0xAC, 0x2F, 0xB4, 0x0F,
    0xA3, 0x0B, 0xBB, 0xCE, 0xAB, 0x4D, 0x61, 0x67, 0x61, 0x89, 0x59, 0xC9, 0x51, 0xA8, 0x51, 0x88,
    0x51, 0x88, 0x51, 0x88, 0x51, 0x88, 0x49, 0x89, 0x41, 0x89, 0x41, 0x89, 0x49, 0x89, 0x49, 0x89,
    0x49, 0x89, 0x41, 0x89, 0x41, 0x8A, 0x39, 0xAA, 0x39, 0xAA, 0x39, 0xAA, 0x39, 0xAA, 0x39, 0xAA,
    0x39, 0xAA, 0x39, 0xAA, 0x39, 0xAB, 0x39, 0xAA, 0x39, 0xAA, 0x39, 0xAA, 0x39, 0xAA, 0x39, 0xAA,
    0x39, 0xAA, 0x39, 0xAA, 0x39, 0xAA, 0x39, 0xCB, 0x41, 0xCB, 0x41, 0xCB, 0x41, 0xCB, 0x49, 0xEA,
    0x5A, 0x4A, 0x6B, 0x2C, 0x84, 0x0F, 0x7B, 0xCF, 0x8C, 0x32, 0x9C, 0xD4, 0x94, 0x71, 0xFF, 0xA4,
    0xF3, 0xBD, 0x76, 0x94, 0x51, 0x73, 0x6D, 0xBD, 0x75, 0xD6, 0x59, 0xAD, 0x56, 0x63, 0x0D, 0xA4,
    0xD3, 0xC5, 0xB6, 0x94, 0x30, 0xBD, 0x74, 0xDE, 0x77, 0xA4, 0x90, 0x73, 0x0C, 0x94, 0x30, 0xB5,
    0x31, 0xAC, 0xF0, 0xA4, 0x92, 0x63, 0x6F, 0x5B, 0x0E, 0x5B, 0x2E, 0x63, 0x4F, 0x5B, 0x2E, 0x5B,
    0x4E, 0x63, 0x4F, 0x5B, 0x2E, 0x5B, 0x0E, 0x5B, 0x2E, 0x5B, 0x2E, 0x5B, 0x0E, 0x52, 0xED, 0x52,
    0xCD, 0x5B, 0x4F, 0x5B, 0x2F, 0x53, 0x0E, 0x53, 0x0E, 0x53, 0x0E, 0x53, 0x0E, 0x5B, 0x0E, 0x5A,
    0xEF, 0x5A, 0xEF, 0x5A, 0xEF, 0x52, 0xEE, 0x52, 0xEE, 0x52, 0xEE, 0x52, 0xEE, 0x52, 0xEE, 0x52,
    0xEE, 0x52, 0xEE, 0x52, 0xEE, 0x52, 0xEE, 0x52, 0xEE, 0x52, 0xEE, 0x52, 0xEF, 0x53, 0x0E, 0x52,
    0xEE, 0x4A, 0xEE, 0x53, 0x0F, 0x53, 0x0F, 0x53, 0x0F, 0x4A, 0xEE, 0x4A, 0xCE, 0x4A, 0xCE, 0xFF,
    0x4A, 0xCE, 0x4A, 0xCE, 0x4A, 0xCE, 0x4A, 0xCD, 0x4A, 0xAD, 0x53, 0x2F, 0x5B, 0x2F, 0x4A, 0xEE,
    0x5B, 0x70, 0x52, 0xEE, 0x4A, 0xCD, 0x4A, 0xCD, 0x52, 0xCD, 0x52, 0xAC, 0x63, 0x0D, 0x7B, 0xAF,
    0x63, 0x2F, 0x52, 0xEE, 0x52, 0xEE, 0x5B, 0x0E, 0x42, 0x6C, 0x52, 0xEE, 0x5B, 0x2F, 0x42, 0x8D,
    0x42, 0xAD, 0x42, 0xAD, 0x4A, 0xAD, 0x4A, 0xCE, 0x42, 0xAD, 0x42, 0x8D, 0x4A, 0xAD, 0x4A, 0xAD,
    0x4A, 0xAD, 0x4A, 0x8D, 0x4A, 0x8D, 0x4A, 0x8D, 0x4A, 0x8D, 0x4A, 0xAE, 0x52, 0xCD, 0x6B, 0xB0,
    0x6B, 0x90, 0x52, 0xCD, 0x52, 0xCE, 0x73, 0xB2, 0x4A, 0xAD, 0x42, 0x6C, 0x4A, 0x8C, 0x52, 0xEE,
    0x6B, 0xB1, 0x52, 0xCE, 0x4A, 0xCE, 0x4A, 0xCD, 0x4A, 0xCD, 0x4A, 0xCD, 0x4A, 0xCD, 0x4A, 0xCD,
    0x4A, 0xCD, 0x4A, 0xAE, 0x4A, 0xAE, 0x4A, 0xAE, 0x4A, 0xCE, 0x4A, 0xCE, 0x4A, 0xCE, 0x4A, 0xCE,
    0xFF, 0x4A, 0xAE, 0x4A, 0xCE, 0x4A, 0xEF, 0x4A, 0xEF, 0x4A, 0xCE, 0x4A, 0xCE, 0x4A, 0xCE, 0x53,
    0x30, 0x53, 0x30, 0x53, 0x30, 0x53, 0x30, 0x53, 0x30, 0x53, 0x30, 0x53, 0x0F, 0x53, 0x0F, 0x4A,
    0xEF, 0x4A, 0xCE, 0x4A, 0xEF, 0x4A, 0xEF, 0x4A, 0xEF, 0x4A, 0xEF, 0x4A, 0xEF, 0x4A, 0xEF, 0x4A,
    0xEF, 0x53, 0x2F, 0x5B, 0x30, 0x5B, 0x50, 0x5B, 0x50, 0x5B, 0x30, 0x5B, 0x30, 0x53, 0x30, 0x53,
    0x0F, 0x53, 0x0F, 0x53, 0x0F, 0x5B, 0x30, 0x53, 0x0F, 0x52, 0xEF, 0x4A, 0xCE, 0x4A, 0xAE, 0xFF,
    0x94, 0xFF, 0x93, 0xFF, 0x74, 0xFF, 0x75, 0xFF, 0x75, 0xFF, 0x56, 0xFF, 0xD8, 0xFF, 0xB8, 0xEE,
    0xD5, 0xFE, 0x6F, 0xFE, 0x4F, 0xEE, 0x2F, 0xF6, 0xD3, 0xFF, 0x97, 0xF7, 0x15, 0xDD, 0xF2, 0xE5,
    0xD1, 0xFF, 0x97, 0xFF, 0x76, 0xFF, 0x56, 0xED, 0xD1, 0xED, 0x50, 0xE4, 0xCD, 0xED, 0x2E, 0xFD,
    0xB0, 0xFF, 0xDC, 0xAC, 0xF5, 0x8F, 0xFD, 0xB0, 0xDC, 0xAC, 0xD4, 0x6C, 0xD4, 0x6C, 0xD4, 0x6C,
    0xD4, 0x6C, 0xCC, 0x4B, 0xCC, 0x4B, 0xCC, 0x4C, 0xD4, 0x6C, 0xD4, 0x6C, 0xD4, 0x6C, 0xD4, 0x6C,
    0xD4, 0x6C, 0xD4, 0x6C, 0xD4, 0x6C, 0xCC, 0x6D, 0xCC, 0x6D, 0xCC, 0x6D, 0xCC, 0x6D, 0xCC, 0x6D,
    0xCC, 0x6D, 0xCC, 0x6D, 0xCC, 0x6D, 0xCC, 0x6D, 0xCC, 0x6D, 0xCC, 0x4D, 0xCC, 0x4D, 0xCC, 0x4D,
    0xCC, 0x4D, 0xC4, 0x2D, 0xC4, 0x2D, 0xC4, 0x2D, 0xD4, 0xAF, 0xCC, 0x6E, 0xF5, 0x92, 0xC4, 0x4D,
    0xE5, 0x31, 0xDD, 0x30, 0xB3, 0xCB, 0xE5, 0x51, 0xE5, 0x71, 0xED, 0xB3, 0xCC, 0xEF, 0xEE, 0x14,
    0xEE, 0x14, 0xCD, 0x10, 0xFE, 0x76, 0xF6, 0x34, 0xDD, 0x71, 0xE5, 0xB2, 0xE5, 0xB2, 0xE5, 0xB2,
    0xF6, 0x55, 0xD5, 0x30, 0xC4, 0xCF, 0xCD, 0x11, 0xB4, 0x2E, 0xB4, 0x2E, 0xD5, 0x53, 0xB4, 0x2E,
    0xAC, 0x0E, 0xFF, 0xAB, 0xED, 0xA3, 0xED, 0xA4, 0x0E, 0xA4, 0x0E, 0xA4, 0x0E, 0xB4, 0x70, 0xB4,
    0x90, 0xAC, 0x4F, 0xAC, 0x90, 0xA4, 0x6F, 0x9C, 0x2E, 0xA4, 0x2E, 0xA4, 0x4F, 0x9C, 0x2E, 0xA4,
    0x4F, 0xBC, 0xB2, 0xBC, 0x50, 0xAB, 0x4C, 0xC4, 0x0F, 0xAB, 0x2D, 0x61, 0x67, 0x61, 0x88, 0x59,
    0xC9, 0x51, 0xA8, 0x51, 0x88, 0x51, 0x88, 0x51, 0x88, 0x51, 0x88, 0x49, 0x89, 0x41, 0x8A, 0x41,
    0x8A, 0x41, 0x8A, 0x41, 0x8A, 0x41, 0x8A, 0x41, 0x8A, 0x41, 0xAA, 0x39, 0xAA, 0x39, 0xAA, 0x39,
    0xAA, 0x39, 0xAA, 0x39, 0xAA, 0x39, 0xAA, 0x39, 0xAA, 0x39, 0xAA, 0x39, 0xAA, 0x39, 0xAA, 0x39,
    0xAA, 0x39, 0xAA, 0x39, 0xAA, 0x39, 0xAA, 0x39, 0xAA, 0x39, 0xAA, 0x39, 0xCB, 0x41, 0xCB, 0x41,
    0xCB, 0x41, 0xCB, 0x49, 0xCA, 0x52, 0x4A, 0x6B, 0x0C, 0x8C, 0x30, 0x84, 0x10, 0x8C, 0x52, 0x9C,
    0xB3, 0x94, 0x51, 0xFF, 0xAD, 0x34, 0xCE, 0x18, 0x9C, 0x71, 0x7B, 0x8E, 0xC5, 0xD6, 0xDE, 0xBB,
    0xBD, 0xB7, 0x6B, 0x4D, 0xAC, 0xF3, 0xCD, 0xF7, 0xA4, 0x91, 0xCD, 0xB5, 0xEE, 0xD8, 0xAC, 0xB1,
    0x73, 0x0C, 0x9C, 0x50, 0xBD, 0x72, 0xB5, 0x31, 0xAC, 0xD3, 0x63, 0x6F, 0x5B, 0x2E, 0x5B, 0x2E,
    0x5B, 0x4E, 0x5B, 0x2E, 0x63, 0x6F, 0x63, 0x6F, 0x5B, 0x2E, 0x5B, 0x2E, 0x5B, 0x2E, 0x63, 0x4F,
    0x63, 0x6F, 0x5B, 0x2E, 0x5B, 0x0E, 0x63, 0x70, 0x5B, 0x4F, 0x53, 0x0E, 0x53, 0x0E, 0x53, 0x0E,
    0x53, 0x0E, 0x5B, 0x0E, 0x5B, 0x0E, 0x5A, 0xEF, 0x5A, 0xEF, 0x52, 0xEE, 0x52, 0xEE, 0x52, 0xEE,
    0x52, 0xEE, 0x52, 0xEE, 0x52, 0xEE, 0x52, 0xEE, 0x5B, 0x0F, 0x5B, 0x0F, 0x5B, 0x0F, 0x52, 0xEE,
    0x53, 0x0F, 0x53, 0x2F, 0x53, 0x0F, 0x4A, 0xEE, 0x53, 0x2F, 0x5B, 0x50, 0x5B, 0x2F, 0x53, 0x0E,
    0x4A, 0xCE, 0x4A, 0xCE, 0xFF, 0x4A, 0xCE, 0x4A, 0xCE, 0x4A, 0xCE, 0x4A, 0xAD, 0x4A, 0xCD, 0x5B,
    0x70, 0x53, 0x2F, 0x4A, 0xCE, 0x5B, 0x50, 0x4A, 0xEE, 0x52, 0xCD, 0x52, 0xCD, 0x52, 0xCC, 0x4A,
    0x8B, 0x7B, 0xAF, 0xA4, 0xD4, 0x84, 0x32, 0x6B, 0x70, 0x6B, 0xB1, 0x6B, 0x90, 0x4A, 0x8C, 0x63,
    0x70, 0x73, 0xF2, 0x42, 0x8D, 0x42, 0xAD, 0x42, 0xAD, 0x4A, 0xEE, 0x5B, 0x2F, 0x53, 0x0F, 0x4A,
    0xEE, 0x4A, 0xAD, 0x4A, 0xAD, 0x4A, 0xAD, 0x4A, 0x8D, 0x4A, 0x8D, 0x4A, 0x8D, 0x4A, 0x8D, 0x42,
    0x6D, 0x4A, 0x6D, 0x6B, 0xB0, 0x73, 0xD0, 0x4A, 0x8C, 0x4A, 0x8D, 0x7C, 0x13, 0x52, 0xEE, 0x42,
    0x6C, 0x4A, 0x8D, 0x52, 0xCE, 0x73, 0xD1, 0x52, 0xCD, 0x4A, 0xAD, 0x4A, 0xCE, 0x4A, 0xCE, 0x4A,
    0xCE, 0x4A, 0xEE, 0x4A, 0xEE, 0x4A, 0xEE, 0x4A, 0xEE, 0x4A, 0xEE, 0x4A, 0xEE, 0x4A, 0xEE, 0x4A,
    0xEE, 0x4A, 0xEE, 0x4A, 0xEE, 0xFF, 0x4A, 0xCE, 0x4A, 0xEF, 0x53, 0x0F, 0x53, 0x30, 0x5B, 0x50,
    0x5B, 0x50, 0x5B, 0x50, 0x53, 0x0F, 0x53, 0x0F, 0x53, 0x0F, 0x52, 0xEF, 0x52, 0xEF, 0x52, 0xEF,
    0x53, 0x0F, 0x53, 0x0F, 0x53, 0x0F, 0x4A, 0xCE, 0x53, 0x0F, 0x53, 0x0F, 0x53, 0x0F, 0x53, 0x0F,
    0x53, 0x0F, 0x53, 0x0F, 0x53, 0x0F, 0x53, 0x0F, 0x53, 0x0F, 0x53, 0x0F, 0x53, 0x0F, 0x52, 0xEF,
    0x52, 0xEF, 0x52, 0xEF, 0x52, 0xEF, 0x52, 0xEF, 0x52, 0xEF, 0x4A, 0xAE, 0x42, 0xAD, 0x42, 0x6D,
    0x42, 0x8D, 0x42, 0x8D, 0xFF, 0x74, 0xFF, 0x73, 0xFF, 0x94, 0xFF, 0x74, 0xFF, 0x53, 0xFF, 0x54,
    0xFF, 0x75, 0xFF, 0x55, 0xF6, 0xF4, 0xFE, 0x31, 0xF6, 0x32, 0xEE, 0x11, 0xFE, 0x51, 0xFE, 0x91,
    0xF6, 0x72, 0xED, 0xF0, 0xF5, 0xAE, 0xFE, 0xD2, 0xFF, 0x14, 0xF7, 0x35, 0xF6, 0xF5, 0xDD, 0xD1,
    0xDD, 0x4F, 0xEE, 0x12, 0xFE, 0xF5, 0x9A, 0xD5, 0x8F, 0xFE, 0xD4, 0xFE, 0xF5, 0xDD, 0x2E, 0xC4,
    0x2B, 0xDC, 0xCD, 0xDC, 0xAD, 0xD4, 0x6C, 0xE4, 0xEE, 0xDC, 0x4C, 0xDC, 0x4D, 0xD4, 0x4D, 0xE5,
    0x0D, 0xDC, 0x02, 0xCC, 0xFF, 0x4D, 0xD4, 0xB0, 0xD4, 0xAF, 0xCC, 0x8D, 0xCC, 0x4C, 0xCC, 0x4C,
    0xCC, 0x4C, 0xD4, 0x6D, 0xCC, 0x4C, 0xCC, 0x4C, 0xDC, 0xAE, 0xD4, 0x4E, 0xCC, 0x2D, 0xCC, 0x2D,
    0xCC, 0x2D, 0xD4, 0x8E, 0xCC, 0x2D, 0xCC, 0x4D, 0xDC, 0xCF, 0xC4, 0x0D, 0xC3, 0xED, 0xDC, 0xF1,
    0xE4, 0xF1, 0xFD, 0xD5, 0xCC, 0x6D, 0xF5, 0xD2, 0xF5, 0xB2, 0xCC, 0x8D, 0xF6, 0x13, 0xFE, 0x95,
    0xD5, 0x2F, 0xBC, 0xED, 0xF6, 0xB4, 0xFF, 0x15, 0xE6, 0x11, 0xFF, 0x15, 0xF6, 0xB4, 0xE6, 0x52,
    0xEE, 0xD4, 0xF6, 0xD4, 0xEE, 0xB4, 0xE6, 0x53, 0xCD, 0xB1, 0xC5, 0x50, 0xC5, 0x30, 0xBC, 0xCF,
    0xC5, 0x10, 0xC5, 0x11, 0xAC, 0x4F, 0xAC, 0x2F, 0xBC, 0x91, 0xA3, 0xEF, 0xAB, 0xCF, 0xAB, 0xCE,
    0xAB, 0xCE, 0xBC, 0x4F, 0xCC, 0xF2, 0xAB, 0xED, 0xBC, 0xD0, 0xAC, 0x2E, 0x9B, 0xED, 0xB4, 0x6F,
    0xB4, 0x6F, 0xAC, 0x4E, 0xB4, 0xFF, 0x6F, 0xCD, 0x11, 0xB4, 0x0E, 0xBB, 0xEF, 0xC4, 0x11, 0x92,
    0xCC, 0x61, 0xA9, 0x51, 0xA9, 0x51, 0xA8, 0x51, 0xA8, 0x51, 0xA8, 0x51, 0x88, 0x51, 0x88, 0x51,
    0x88, 0x51, 0x89, 0x49, 0x69, 0x49, 0x69, 0x49, 0x89, 0x41, 0x89, 0x41, 0x89, 0x41, 0xA9, 0x39,
    0xA9, 0x39, 0xAA, 0x39, 0xAA, 0x39, 0xAA, 0x39, 0xAA, 0x39, 0xAA, 0x39, 0xAA, 0x39, 0xAA, 0x39,
    0xAA, 0x39, 0xAA, 0x39, 0xAA, 0x39, 0xAA, 0x39, 0xAA, 0x39, 0xAA, 0x39, 0xAA, 0x39, 0xAA, 0x39,
    0xAA, 0x39, 0xCB, 0x41, 0xCB, 0x41, 0xCB, 0x41, 0xCB, 0x41, 0xED, 0x52, 0x2C, 0x72, 0xEE, 0x8B,
    0xAF, 0x8B, 0xEF, 0x8C, 0x30, 0x9C, 0xB2, 0x8B, 0xEE, 0xAC, 0xF3, 0xCD, 0xF7, 0xA4, 0xB2, 0x7B,
    0x6D, 0xB5, 0x13, 0xDE, 0x79, 0xB5, 0xB7, 0x63, 0x6E, 0xA4, 0xD2, 0xCD, 0xD6, 0xAD, 0x75, 0xC5,
    0xB5, 0xF6, 0xB8, 0xC5, 0xD6, 0x63, 0xFF, 0x2C, 0x94, 0x91, 0xB4, 0xD1, 0xAC, 0x90, 0xAD, 0x76,
    0x74, 0x54, 0x6B, 0xB0, 0x63, 0x0D, 0x5B, 0x0E, 0x6B, 0xF3, 0x94, 0xB5, 0x83, 0xF1, 0x53, 0x0E,
    0x53, 0x2E, 0x53, 0x2D, 0x63, 0x6E, 0x8C, 0xB3, 0x63, 0x4D, 0x63, 0x4D, 0x74, 0x54, 0x74, 0x34,
    0x53, 0x50, 0x4A, 0xEF, 0x4A, 0xEE, 0x4B, 0x0F, 0x52, 0xEE, 0x5B, 0x2E, 0x63, 0x4F, 0x5B, 0x4F,
    0x4A, 0xCD, 0x5B, 0x91, 0x63, 0xD2, 0x63, 0x71, 0x5B, 0x2F, 0x53, 0x0F, 0x52, 0xF0, 0x5B, 0x0F,
    0x7B, 0xF1, 0x94, 0x11, 0x5A, 0xED, 0x53, 0x0F, 0x63, 0xB1, 0x6C, 0x13, 0x5B, 0x90, 0x63, 0x4E,
    0x73, 0x8F, 0x63, 0x4F, 0x4A, 0xAD, 0x52, 0xEE, 0x52, 0xCD, 0x52, 0xCE, 0x52, 0xCE, 0x52, 0xCD,
    0x5B, 0x0E, 0x4A, 0x6B, 0x73, 0x90, 0x6B, 0x4F, 0x5B, 0x0D, 0x84, 0x12, 0x52, 0xCD, 0x4A, 0xAE,
    0x4A, 0xAE, 0x52, 0xAD, 0x4A, 0xAD, 0x52, 0xFF, 0xED, 0x5B, 0x0E, 0x5A, 0xED, 0x63, 0x6F, 0x74,
    0x12, 0x63, 0x90, 0x4A, 0xCC, 0x73, 0x8E, 0x83, 0xEF, 0x52, 0xAA, 0x52, 0xAB, 0x52, 0xCD, 0x4A,
    0xEF, 0x63, 0x92, 0x63, 0xB1, 0x3A, 0xAD, 0x42, 0x6E, 0x4A, 0x6E, 0x4A, 0x6D, 0x4A, 0x8D, 0x4A,
    0x8C, 0x4A, 0x8C, 0x4A, 0x8C, 0x4A, 0x8C, 0x5A, 0xAB, 0x9C, 0x30, 0xA4, 0x71, 0x52, 0x6A, 0x52,
    0xEE, 0x84, 0x96, 0x52, 0xCF, 0x52, 0xF0, 0x52, 0x6C, 0x6A, 0xCC, 0xA4, 0x71, 0x5A, 0xED, 0x4A,
    0xCE, 0x4A, 0xAD, 0x4A, 0xAD, 0x4A, 0xAE, 0x42, 0xAE, 0x42, 0xAE, 0x42, 0xAE, 0x52, 0xCF, 0x52,
    0xCF, 0x52, 0xCF, 0x52, 0xCF, 0x52, 0xAF, 0x52, 0xAF, 0x52, 0xAF, 0x4A, 0x8D, 0x52, 0xCE, 0x5B,
    0x0F, 0x5B, 0x2F, 0x5B, 0x2F, 0x5B, 0x2F, 0x5B, 0x30, 0x5A, 0xF0, 0x5A, 0xF0, 0x5A, 0xF0, 0x52,
    0xF0, 0x52, 0xF0, 0x52, 0xF0, 0x52, 0xF0, 0x52, 0xAC, 0xF0, 0x52, 0xF0, 0x52, 0xF0, 0x52, 0xF0,
    0x52, 0xF0, 0x52, 0xCF, 0x4A, 0xEF, 0x4B, 0x0F, 0x4B, 0x0F, 0x4A, 0xEF, 0x53, 0x0F, 0x53, 0x0F,
    0x53, 0x0F, 0x53, 0x0F, 0x4B, 0x0F, 0x4A, 0xEE, 0x4A, 0xCE, 0x4A, 0xED, 0x52, 0xED, 0x5B, 0x0E,
    0x42, 0xAE, 0x3A, 0x6C, 0x52, 0xAC, 0x02, 0x4A, 0xFF, 0x42, 0x2A, 0xFF, 0x74, 0xFF, 0x74, 0xFF,
    0x94, 0xFF, 0x74, 0xFF, 0x74, 0xFF, 0x54, 0xFF, 0x76, 0xFF, 0x76, 0xFF, 0x15, 0xFE, 0x52, 0xF6,
    0x53, 0xF6, 0x32, 0xED, 0xCF, 0xFE, 0x10, 0xFE, 0xD4, 0xFE, 0x93, 0xF5, 0xD0, 0xF6, 0x72, 0xFF,
    0x55, 0xF7, 0x14, 0xFE, 0xF5, 0xFE, 0xD5, 0xDD, 0x50, 0xED, 0xB1, 0xF6, 0x52, 0xDD, 0x6F, 0xFE,
    0x93, 0xFE, 0x53, 0xDC, 0xCD, 0xC4, 0x6C, 0xE5, 0x2F, 0xE5, 0x2F, 0xDC, 0xAD, 0xED, 0x2F, 0xDC,
    0xAD, 0xD4, 0x4C, 0xD4, 0x6D, 0xED, 0x4E, 0xDC, 0xCD, 0xCC, 0x6D, 0xDC, 0xF2, 0xDD, 0x11, 0xCC,
    0xCE, 0xCC, 0x4C, 0xCC, 0x4C, 0xCC, 0x4C, 0xCC, 0x6D, 0xCC, 0x4C, 0xCC, 0x6D, 0xDC, 0xCF, 0xCC,
    0x6E, 0xC4, 0x2D, 0xCC, 0x4D, 0xCC, 0x4D, 0xD4, 0xAF, 0xC4, 0x0C, 0xC4, 0x2D, 0xDD, 0x10, 0xC4,
    0x4D, 0xBC, 0x0D, 0xF5, 0x94, 0xE5, 0x12, 0xE5, 0x33, 0xFF, 0xBB, 0xCB, 0xDD, 0x0F, 0xFE, 0x34,
    0xCC, 0xAE, 0xED, 0xD3, 0xFE, 0xB5, 0xD5, 0x50, 0xC5, 0x2E, 0xF6, 0x94, 0xFE, 0xF5, 0xE6, 0x32,
    0xFF, 0x16, 0xF6, 0x94, 0xEE, 0x53, 0xFF, 0x15, 0xFF, 0x57, 0xFF, 0x16, 0xDE, 0x33, 0xCD, 0xB1,
    0xC5, 0x71, 0xC5, 0x30, 0xC5, 0x10, 0xD5, 0x93, 0xBD, 0x11, 0xAC, 0x4F, 0xAC, 0x70, 0xBC, 0xD2,
    0xA3, 0xEF, 0xAB, 0xEE, 0xAB, 0xEE, 0xAB, 0xEE, 0xBC, 0x90, 0xD5, 0x52, 0xAB, 0xEC, 0xCD, 0x32,
    0xAC, 0x6F, 0xA4, 0x0D, 0xBC, 0xD0, 0xBC, 0xF1, 0xAC, 0x2E, 0xBC, 0xD0, 0xDD, 0x93, 0xB3, 0xEE,
    0xB3, 0xCE, 0xB3, 0x8F, 0x8A, 0x8B, 0x59, 0xA9, 0x59, 0xA9, 0x51, 0xA8, 0x51, 0xA8, 0x51, 0xA8,
    0x51, 0x88, 0x51, 0x88, 0x51, 0x88, 0x51, 0x89, 0x49, 0x69, 0x49, 0x69, 0x49, 0x89, 0x41, 0x89,
    0x41, 0x89, 0x41, 0xA9, 0x39, 0xA9, 0x39, 0xAA, 0x39, 0xAA, 0xFF, 0x39, 0xAA, 0x39, 0xAA, 0x39,
    0xAA, 0x39, 0xAA, 0x39, 0xAA, 0x39, 0xAA, 0x39, 0xAA, 0x39, 0xAA, 0x39, 0xAA, 0x39, 0xAA, 0x39,
    0xAA, 0x39, 0xAA, 0x39, 0xAA, 0x39, 0xAA, 0x39, 0xCB, 0x41, 0xCB, 0x41, 0xCB, 0x41, 0xCB, 0x41,
    0xED, 0x52, 0x2C, 0x6A, 0xAD, 0x8B, 0x8F, 0x94, 0x10, 0x94, 0x71, 0xAD, 0x34, 0x8C, 0x0F, 0x9C,
    0x91, 0xB5, 0x34, 0x8C, 0x10, 0x73, 0x4C, 0xAD, 0x13, 0xCE, 0x38, 0xAD, 0x96, 0x6B, 0x8F, 0xAC,
    0xD2, 0xD5, 0xF6, 0xB5, 0x95, 0xBD, 0x74, 0xF6, 0xD8, 0xCD, 0xF6, 0x6B, 0x6D, 0xA4, 0xD2, 0xBD,
    0x32, 0xA4, 0x90, 0xA5, 0x55, 0x8D, 0x17, 0x84, 0x93, 0x73, 0x8E, 0x63, 0x6F, 0x7C, 0x75, 0xA5,
    0x37, 0x8C, 0x32, 0x5B, 0x2E, 0x53, 0x2E, 0x5B, 0x2D, 0x6B, 0x8F, 0x94, 0xB3, 0x63, 0x2C, 0x63,
    0x2D, 0x8C, 0xF6, 0x84, 0xD6, 0x63, 0xD2, 0x53, 0x30, 0x4B, 0x2F, 0xFF, 0x4B, 0x0F, 0x52, 0xEE,
    0x63, 0x6F, 0x74, 0x12, 0x5B, 0x4F, 0x4A, 0xEE, 0x74, 0x33, 0x7C, 0x95, 0x6C, 0x13, 0x53, 0x0F,
    0x53, 0x50, 0x53, 0x0F, 0x5B, 0x0E, 0x8C, 0x31, 0x9C, 0x50, 0x52, 0xCD, 0x5B, 0x70, 0x74, 0x34,
    0x7C, 0xB6, 0x5B, 0x91, 0x5A, 0xEC, 0x63, 0x0C, 0x63, 0x70, 0x4A, 0xAD, 0x5B, 0x0E, 0x52, 0xEE,
    0x52, 0xCE, 0x52, 0xCE, 0x52, 0xCD, 0x52, 0xCD, 0x52, 0xAC, 0xA5, 0x16, 0x84, 0x12, 0x5B, 0x0E,
    0xB5, 0xD9, 0x52, 0xAD, 0x52, 0xCF, 0x52, 0xCE, 0x52, 0xCE, 0x4A, 0xAD, 0x52, 0xED, 0x5B, 0x0E,
    0x5A, 0xED, 0x73, 0xD1, 0x84, 0x95, 0x74, 0x12, 0x4A, 0xCB, 0x8C, 0x30, 0x9C, 0x70, 0x52, 0xAA,
    0x4A, 0x8B, 0x4A, 0xAC, 0x4A, 0xCF, 0x6B, 0xF3, 0x63, 0xD2, 0x43, 0x0E, 0x4A, 0xAE, 0x4A, 0x8E,
    0x4A, 0x8E, 0x4A, 0xAD, 0x4A, 0xAD, 0x4A, 0xCD, 0x4A, 0xAD, 0x4A, 0x8B, 0xFF, 0x5A, 0xAA, 0xAC,
    0xB2, 0xB5, 0x14, 0x5A, 0xCB, 0x5B, 0x2F, 0x95, 0x38, 0x5B, 0x30, 0x4A, 0xAE, 0x52, 0x6B, 0x73,
    0x0C, 0xCD, 0x96, 0x6B, 0x2F, 0x42, 0x6D, 0x4A, 0xCE, 0x4A, 0xCE, 0x4A, 0xCD, 0x4A, 0xCE, 0x4A,
    0xCE, 0x4A, 0xCE, 0x52, 0xCF, 0x52, 0xCF, 0x52, 0xCF, 0x52, 0xCF, 0x52, 0xAF, 0x52, 0xAF, 0x52,
    0xAF, 0x52, 0xAE, 0x52, 0xCE, 0x5A, 0xEF, 0x5B, 0x0F, 0x5B, 0x0F, 0x5B, 0x0F, 0x5B, 0x0F, 0x52,
    0xEF, 0x52, 0xEF, 0x52, 0xEF, 0x52, 0xEF, 0x52, 0xEF, 0x52, 0xEF, 0x52, 0xEF, 0x53, 0x0F, 0x53,
    0x0F, 0x52, 0xEF, 0x52, 0xCF, 0x52, 0xEF, 0x53, 0x0F, 0x52, 0xEF, 0x53, 0x0E, 0x53, 0x2F, 0x53,
    0x0F, 0x52, 0xEE, 0x52, 0xEE, 0x52, 0xEE, 0x4A, 0xEE, 0x42, 0xEE, 0x4A, 0xEE, 0x4A, 0xCD, 0x4A,
    0xAD, 0x52, 0xCD, 0x63, 0x6F, 0x42, 0xAE, 0x42, 0xAD, 0x63, 0x2E, 0x52, 0x8B, 0xFF, 0x52, 0x8B,
    0xFF, 0x75, 0xFF, 0x75, 0xFF, 0x95, 0xFF, 0x74, 0xFF, 0x55, 0xFF, 0x55, 0xFF, 0x77, 0xFF, 0x77,
    0xFF, 0x36, 0xFE, 0x72, 0xF6, 0x94, 0xF6, 0x94, 0xFE, 0x11, 0xFE, 0x31, 0xFE, 0xD5, 0xFE, 0x95,
    0xFD, 0xF2, 0xFE, 0x74, 0xFE, 0xF5, 0xF6, 0x73, 0xF6, 0x95, 0xFE, 0xB6, 0xDD, 0x0F, 0xE5, 0x2F,
    0xDD, 0x4F, 0xD5, 0x2F, 0xF5, 0xF2, 0xE5, 0x70, 0xCC, 0x4C, 0xCC, 0xAD, 0xED, 0xD1, 0xF5, 0xD2,
    0xDD, 0x0F, 0xF5, 0x91, 0xE4, 0xEF, 0xCC, 0x4C, 0xDC, 0xAE, 0xF5, 0xD0, 0xDD, 0x0D, 0xC4, 0x6D,
    0xE5, 0x53, 0xDD, 0x73, 0xCC, 0xEF, 0xCC, 0x6C, 0xCC, 0x6C, 0xCC, 0x6C, 0xCC, 0x6C, 0xCC, 0x4C,
    0xD4, 0xAD, 0xDD, 0x10, 0xCC, 0x6E, 0xC4, 0x0C, 0xCC, 0x6E, 0xD4, 0xCF, 0xE5, 0x31, 0xC4, 0x2D,
    0xC4, 0x4D, 0xE5, 0x51, 0xC4, 0x6E, 0xBC, 0x2D, 0xE5, 0x52, 0xD4, 0xB0, 0xDC, 0xF2, 0xFF, 0xC4,
    0x4D, 0xD4, 0xCF, 0xE5, 0x72, 0xC4, 0x8E, 0xD5, 0x30, 0xEE, 0x14, 0xC4, 0xEF, 0xC5, 0x2F, 0xF6,
    0x94, 0xFE, 0xD5, 0xE6, 0x33, 0xFF, 0x16, 0xF6, 0x94, 0xEE, 0x73, 0xE6, 0x73, 0xFF, 0x16, 0xF6,
    0xD5, 0xDE, 0x13, 0xD5, 0xD3, 0xCD, 0x72, 0xBD, 0x30, 0xCD, 0x72, 0xE6, 0x56, 0xBC, 0xF1, 0xA4,
    0x50, 0xB4, 0xB1, 0xBC, 0xF3, 0xA4, 0x0F, 0xAB, 0xEE, 0xA3, 0xED, 0xAB, 0xED, 0xD5, 0x52, 0xEE,
    0x14, 0xB4, 0x4D, 0xE6, 0x15, 0xBC, 0xB0, 0xA3, 0xED, 0xC5, 0x11, 0xDD, 0xD4, 0xB4, 0x8F, 0xD5,
    0x93, 0xFE, 0x77, 0xB4, 0x2E, 0xBC, 0x10, 0xAB, 0x4E, 0x7A, 0x2A, 0x59, 0xA8, 0x59, 0xC9, 0x51,
    0xA8, 0x51, 0xA8, 0x51, 0xA8, 0x51, 0x88, 0x51, 0x88, 0x51, 0x88, 0x51, 0x89, 0x49, 0x69, 0x49,
    0x69, 0x49, 0x89, 0x41, 0x89, 0x41, 0x89, 0x41, 0xA9, 0x39, 0xA9, 0x39, 0xAA, 0x39, 0xAA, 0xFF,
    0x39, 0xAA, 0x39, 0xAA, 0x39, 0xAA, 0x39, 0xAA, 0x39, 0xAA, 0x39, 0xAA, 0x39, 0xAA, 0x39, 0xAA,
    0x39, 0xAA, 0x39, 0xAA, 0x39, 0xAA, 0x39, 0xAA, 0x39, 0xAA, 0x39, 0xAA, 0x39, 0xCB, 0x41, 0xCB,
    0x41, 0xCB, 0x41, 0xCB, 0x42, 0x0D, 0x52, 0x0C, 0x62, 0x8C, 0x7B, 0x2D, 0x83, 0xAE, 0x9C, 0x92,
    0xBD, 0xB6, 0x94, 0x51, 0x9C, 0x71, 0xB5, 0x34, 0x94, 0x51, 0x83, 0xCF, 0xAD, 0x14, 0xC5, 0xD7,
    0xAD, 0x96, 0x6B, 0xCF, 0xAC, 0xF2, 0xD6, 0x16, 0xB5, 0x96, 0xBD, 0x53, 0xFF, 0x19, 0xCE, 0x37,
    0x7B, 0xCE, 0xB5, 0x33, 0xC5, 0x52, 0xA4, 0x6F, 0xAD, 0x76, 0xA5, 0xF9, 0xA5, 0x77, 0x84, 0x10,
    0x73, 0xD0, 0x95, 0x17, 0xB5, 0xD9, 0x9C, 0x93, 0x5B, 0x2E, 0x5B, 0x2E, 0x5B, 0x2D, 0x73, 0xCF,
    0x9C, 0xF3, 0x73, 0x8D, 0x7B, 0xCF, 0xA5, 0x98, 0x9D, 0x99, 0x74, 0x54, 0x53, 0x71, 0x53, 0x51,
    0xFF, 0x4B, 0x0E, 0x52, 0xED, 0x73, 0xF1, 0x94, 0xD5, 0x63, 0x70, 0x53, 0x0E, 0x8C, 0xF7, 0x9D,
    0x78, 0x84, 0xF6, 0x53, 0x4F, 0x6C, 0x12, 0x5B, 0x70, 0x63, 0x4D, 0x94, 0x50, 0xA4, 0x4E, 0x5B,
    0x2E, 0x63, 0xD2, 0x74, 0x75, 0x84, 0xD7, 0x63, 0xD2, 0x8C, 0xB4, 0xBD, 0xD8, 0x84, 0x53, 0x4A,
    0xAD, 0x4A, 0xAD, 0x4A, 0xAD, 0x52, 0xCE, 0x52, 0xCE, 0x52, 0xEE, 0x5A, 0xEE, 0x5B, 0x0E, 0xAD,
    0x78, 0x6B, 0x90, 0x4A, 0x6C, 0x84, 0x53, 0x4A, 0x6D, 0x52, 0xEF, 0x52, 0xEF, 0x52, 0xEE, 0x4A,
    0xAD, 0x52, 0xED, 0x5B, 0x0E, 0x5B, 0x0E, 0xB5, 0xB9, 0xD6, 0xDE, 0x95, 0x16, 0x63, 0x4D, 0xC5,
    0xF6, 0xDE, 0x76, 0x5B, 0x0C, 0x52, 0xED, 0x4A, 0xEE, 0x53, 0x30, 0x8D, 0x38, 0x85, 0x17, 0x3A,
    0xEE, 0x4A, 0xAE, 0x4A, 0xAE, 0x4A, 0xAE, 0x52, 0xCD, 0x52, 0xED, 0x52, 0xED, 0x52, 0xED, 0x52,
    0xCC, 0xFF, 0x62, 0xCB, 0x9C, 0x50, 0xA4, 0xD2, 0x5A, 0xEB, 0x5B, 0x2E, 0x8C, 0xB6, 0x5B, 0x2F,
    0x4A, 0xEF, 0x52, 0x8B, 0x72, 0xEB, 0xBD, 0x13, 0x63, 0x0E, 0x4A, 0xAD, 0x4A, 0xEE, 0x4A, 0xCE,
    0x52, 0xCD, 0x52, 0xCD, 0x52, 0xCD, 0x52, 0xCD, 0x52, 0xCE, 0x52, 0xCE, 0x52, 0xCE, 0x52, 0xCE,
    0x52, 0xAE, 0x52, 0xAE, 0x52, 0xAE, 0x52, 0xCE, 0x52, 0xCE, 0x52, 0xEE, 0x52, 0xEF, 0x5B, 0x0F,
    0x5B, 0x0F, 0x5B, 0x0F, 0x52, 0xCE, 0x52, 0xCE, 0x52, 0xCE, 0x52, 0xEF, 0x52, 0xEF, 0x52, 0xEF,
    0x52, 0xEF, 0x5A, 0xEF, 0x5A, 0xEF, 0x5A, 0xEF, 0x63, 0x30, 0x5B, 0x0F, 0x5A, 0xEF, 0x52, 0xAD,
    0x52, 0xED, 0x63, 0x6F, 0x5B, 0x0E, 0x4A, 0xAD, 0x4A, 0xAE, 0x4A, 0xAE, 0x4A, 0xAD, 0x42, 0xAE,
    0x4A, 0xCD, 0x4A, 0xCD, 0x4A, 0x8C, 0x52, 0xAC, 0x73, 0xD0, 0x4A, 0xCD, 0x53, 0x0E, 0x73, 0x8F,
    0x62, 0xEC, 0xCC, 0x5A, 0xAB, 0xFF, 0xD7, 0xFF, 0x96, 0xFF, 0xB7, 0xFF, 0xB6, 0xFF, 0x97, 0xFF,
    0x97, 0xFF, 0x98, 0xFF, 0x99, 0xFF, 0x99, 0xFE, 0xD4, 0xFF, 0x58, 0xFF, 0x37, 0xFE, 0x52, 0xE5,
    0x4E, 0xF6, 0x13, 0xF6, 0x34, 0xFE, 0x75, 0xF6, 0x55, 0xF6, 0x55, 0xF6, 0x54, 0xF6, 0x34, 0xFE,
    0x96, 0xF5, 0xD3, 0xFD, 0xD3, 0xED, 0xD2, 0xFE, 0x95, 0xFE, 0xF6, 0xFE, 0x75, 0xE5, 0x10, 0xDD,
    0x91, 0xFE, 0xF6, 0xFE, 0xF6, 0xE5, 0xD2, 0xF6, 0x34, 0xF5, 0xF3, 0xC4, 0x6D, 0xCC, 0xAF, 0xFE,
    0x02, 0xD5, 0xFF, 0x2F, 0xB4, 0x4D, 0xF6, 0x58, 0xF6, 0x77, 0xC5, 0x30, 0xD5, 0x0F, 0xDD, 0x30,
    0xCC, 0xCE, 0xCC, 0xAD, 0xBC, 0x2C, 0xD4, 0xEE, 0xFE, 0x95, 0xCC, 0xCF, 0xBC, 0x2C, 0xBC, 0x2C,
    0xE5, 0x51, 0xFE, 0x96, 0xF5, 0xB3, 0xE5, 0x92, 0xF6, 0x14, 0xD4, 0xEF, 0xBC, 0x4D, 0xC4, 0x8F,
    0xC4, 0x6F, 0xBC, 0x6F, 0xBC, 0x2D, 0xCC, 0xAF, 0xED, 0xD4, 0xF6, 0x76, 0xD5, 0x72, 0xFE, 0xD7,
    0xCD, 0x71, 0xC5, 0x0F, 0xF6, 0x95, 0xF6, 0x95, 0xF6, 0x95, 0xFE, 0xF7, 0xE6, 0x34, 0xF6, 0x95,
    0xF6, 0xD6, 0xFF, 0x58, 0xFE, 0xF7, 0xD5, 0xF3, 0xCD, 0x72, 0xD5, 0xB3, 0xB4, 0xF0, 0xDE, 0x56,
    0xF7, 0x19, 0xBD, 0x53, 0x9C, 0x50, 0xC5, 0x55, 0xE6, 0x59, 0xAC, 0x91, 0xA3, 0xEE, 0xA4, 0x0D,
    0xAC, 0x2E, 0xCD, 0x51, 0xD5, 0x92, 0xB4, 0x8E, 0xD5, 0x72, 0xB4, 0x8F, 0xA4, 0x0D, 0xC5, 0x11,
    0xDD, 0xD4, 0xB4, 0xFF, 0xB0, 0xD5, 0x73, 0xF6, 0x56, 0xA3, 0xAC, 0xB3, 0xCE, 0x9A, 0xCC, 0x79,
    0xE9, 0x61, 0xC9, 0x51, 0xA9, 0x51, 0xA8, 0x51, 0xA8, 0x51, 0xA8, 0x51, 0x68, 0x51, 0x68, 0x51,
    0x68, 0x51, 0x68, 0x49, 0x69, 0x49, 0x69, 0x49, 0x89, 0x41, 0x89, 0x41, 0x89, 0x41, 0xA9, 0x39,
    0xA9, 0x39, 0xAA, 0x39, 0xAA, 0x39, 0xAA, 0x39, 0xAA, 0x39, 0xAA, 0x39, 0xAA, 0x39, 0xAA, 0x39,
    0xAA, 0x39, 0xAA, 0x39, 0xAA, 0x39, 0xAA, 0x39, 0xAA, 0x39, 0xAA, 0x39, 0xAA, 0x39, 0xAA, 0x39,
    0xAA, 0x39, 0xCB, 0x41, 0xCB, 0x41, 0xCB, 0x41, 0xCB, 0x41, 0xCC, 0x52, 0x0C, 0x62, 0x4B, 0x7B,
    0x0D, 0x94, 0x30, 0x83, 0xEF, 0x94, 0x92, 0x83, 0xEF, 0x7B, 0xCF, 0x8C, 0x31, 0x73, 0x8E, 0x73,
    0x8E, 0x84, 0x10, 0x84, 0x10, 0x8C, 0x92, 0x63, 0x6E, 0x94, 0x2F, 0xCD, 0xD6, 0xAD, 0x75, 0xAD,
    0x12, 0xE6, 0x97, 0xCE, 0xFF, 0x58, 0x84, 0x0F, 0xC5, 0xB5, 0xCD, 0x72, 0x93, 0xED, 0xAD, 0x97,
    0xB6, 0x7B, 0xBE, 0x39, 0xA5, 0x13, 0x7C, 0x51, 0x9D, 0x77, 0xCE, 0x9B, 0xAD, 0x14, 0x6B, 0x6E,
    0x6B, 0x4E, 0x6B, 0x4D, 0x7B, 0xEF, 0xB5, 0x74, 0x8C, 0x2F, 0xA4, 0xF3, 0xC6, 0x7C, 0xB6, 0x5C,
    0x85, 0x18, 0x74, 0x95, 0x5B, 0xB2, 0x53, 0x0E, 0x52, 0xED, 0x84, 0x52, 0xA5, 0x57, 0x63, 0x90,
    0x5B, 0x4F, 0xAD, 0xFA, 0xC6, 0xFE, 0xAE, 0x1B, 0x5B, 0xB0, 0x95, 0x77, 0x6C, 0x11, 0x73, 0xCE,
    0xDE, 0x77, 0xEE, 0xB6, 0x73, 0xF2, 0x84, 0xD6, 0xA6, 0x1C, 0xBE, 0xFF, 0x84, 0xF7, 0x63, 0x4F,
    0x63, 0x2E, 0x63, 0x4F, 0x52, 0xCD, 0x52, 0xCE, 0x52, 0xEE, 0x52, 0xCE, 0x4A, 0xAD, 0x4A, 0xAD,
    0x4A, 0xAD, 0x4A, 0xAD, 0x63, 0x90, 0x5B, 0x2E, 0x4A, 0xAD, 0x6B, 0xD1, 0x42, 0x6D, 0x5B, 0x30,
    0x7C, 0x14, 0x4A, 0xAD, 0x52, 0xFF, 0xCE, 0x5B, 0x2E, 0x52, 0xCC, 0x8C, 0x53, 0x83, 0xF2, 0x94,
    0x95, 0x8C, 0xB4, 0x7B, 0xCE, 0x9C, 0x8F, 0xC5, 0x71, 0x6B, 0x8D, 0x7B, 0xF0, 0x6B, 0x6F, 0x53,
    0x0F, 0x9D, 0x79, 0x9D, 0x78, 0x3A, 0xAC, 0x52, 0xCD, 0x4A, 0xAD, 0x6B, 0x90, 0x63, 0x4F, 0x63,
    0x6F, 0x6B, 0xAF, 0x6B, 0xAF, 0x6B, 0x4C, 0x6B, 0x4C, 0x94, 0x70, 0x8C, 0x2F, 0x6B, 0x6D, 0x63,
    0x4E, 0x7C, 0x32, 0x63, 0x6F, 0x53, 0x0F, 0x5A, 0xEC, 0x83, 0x6C, 0xAC, 0x70, 0x63, 0x2D, 0x4A,
    0xCD, 0x4A, 0xEE, 0x4A, 0xCD, 0x52, 0xCD, 0x5A, 0xAC, 0x6B, 0x6E, 0x73, 0x8F, 0x4A, 0x8C, 0x52,
    0xCE, 0x52, 0xEE, 0x52, 0xEE, 0x52, 0xEE, 0x52, 0xCD, 0x4A, 0xAD, 0x52, 0xCE, 0x52, 0xCE, 0x52,
    0xCE, 0x4A, 0xAD, 0x42, 0x6D, 0x42, 0x6D, 0x42, 0x6D, 0x42, 0x4B, 0x4A, 0x8D, 0x52, 0xCD, 0x4A,
    0xAD, 0x4A, 0xAD, 0x52, 0xEE, 0x63, 0xFF, 0x4F, 0x52, 0xCC, 0x5A, 0xCD, 0x6B, 0x90, 0x7B, 0xD1,
    0x7B, 0xD1, 0x5A, 0xED, 0x4A, 0x6B, 0x52, 0x8B, 0x7B, 0xD0, 0x6B, 0x4E, 0x52, 0xAC, 0x3A, 0x2C,
    0x42, 0x6C, 0x42, 0x8D, 0x42, 0x6C, 0x4A, 0xAD, 0x63, 0x2E, 0x52, 0xAC, 0x5A, 0xCC, 0x7B, 0xF0,
    0x52, 0xEE, 0x6B, 0x8F, 0x73, 0x8E, 0x73, 0x6E, 0x62, 0xEB, 0xFF, 0xD8, 0xFF, 0xB7, 0xFF, 0xB8,
    0xFF, 0xB8, 0xFF, 0x98, 0xFF, 0x98, 0xFF, 0x9A, 0xFF, 0x9A, 0xFF, 0x9A, 0xFE, 0xF5, 0xFF, 0x98,
    0xFF, 0x58, 0xFE, 0x74, 0xE5, 0x4F, 0xF6, 0x34, 0xF6, 0x97, 0xFF, 0x19, 0xFE, 0xD8, 0xFE, 0xD7,
    0xF6, 0x56, 0xED, 0xF4, 0xFE, 0x96, 0xF6, 0x14, 0xED, 0xD3, 0xE5, 0xF3, 0xFE, 0xB6, 0xFE, 0xF7,
    0xF6, 0x14, 0xDD, 0x30, 0xDD, 0xD2, 0xFF, 0x37, 0xFF, 0x58, 0xEE, 0x54, 0xFE, 0xF7, 0xF6, 0x75,
    0xC4, 0xAF, 0xE5, 0x93, 0xFF, 0x16, 0xD5, 0xFF, 0x90, 0xC5, 0x10, 0xFF, 0x3B, 0xFF, 0x5B, 0xDD,
    0xF4, 0xDD, 0x70, 0xE5, 0x91, 0xD5, 0x2F, 0xC4, 0x6D, 0xBC, 0x4C, 0xDD, 0x50, 0xFE, 0xD6, 0xCC,
    0xEF, 0xC4, 0x4D, 0xBC, 0x6D, 0xE5, 0x92, 0xFE, 0x96, 0xD5, 0x30, 0xED, 0xD3, 0xFF, 0x17, 0xE5,
    0xB2, 0xBC, 0x6D, 0xBC, 0x4E, 0xBC, 0x4E, 0xBC, 0x6F, 0xB4, 0x0D, 0xBC, 0x4E, 0xD5, 0x11, 0xDD,
    0xB3, 0xBC, 0xD0, 0xE6, 0x35, 0xBC, 0xD0, 0xBC, 0xEF, 0xE6, 0x34, 0xE6, 0x34, 0xEE, 0x54, 0xFE,
    0xD7, 0xE6, 0x34, 0xF6, 0x96, 0xFE, 0xF7, 0xFF, 0x99, 0xFF, 0x38, 0xD5, 0xB3, 0xC5, 0x52, 0xD5,
    0xD4, 0xBD, 0x32, 0xE6, 0xB8, 0xFF, 0x5B, 0xCD, 0xB6, 0xAC, 0xB2, 0xD6, 0x18, 0xCD, 0xB7, 0x9C,
    0x30, 0xA4, 0x2F, 0xA4, 0x2F, 0xA4, 0x2E, 0xB4, 0x8F, 0xBC, 0xF0, 0xA4, 0x2D, 0xBC, 0xD0, 0xB4,
    0x6F, 0xB4, 0x6F, 0xC5, 0x11, 0xBC, 0xF1, 0xA4, 0xFF, 0x0D, 0xCD, 0x32, 0xDD, 0x73, 0x93, 0x2B,
    0xC4, 0x30, 0x9A, 0xEC, 0x71, 0xC8, 0x61, 0xC9, 0x51, 0xA9, 0x51, 0xA8, 0x51, 0xA8, 0x51, 0xA8,
    0x51, 0x68, 0x51, 0x68, 0x51, 0x68, 0x51, 0x68, 0x49, 0x69, 0x49, 0x69, 0x49, 0x89, 0x41, 0x89,
    0x41, 0x89, 0x41, 0xA9, 0x39, 0xA9, 0x39, 0xAA, 0x39, 0xAA, 0x39, 0xAA, 0x39, 0xAA, 0x39, 0xAA,
    0x39, 0xAA, 0x39, 0xAA, 0x39, 0xAA, 0x39, 0xAA, 0x39, 0xAA, 0x39, 0xAA, 0x39, 0xAA, 0x39, 0xAA,
    0x39, 0xAA, 0x39, 0xAA, 0x39, 0xAA, 0x39, 0xCB, 0x41, 0xCB, 0x41, 0xCB, 0x41, 0xCB, 0x41, 0xCC,
    0x52, 0x0C, 0x62, 0x4B, 0x7A, 0xEC, 0x94, 0x30, 0x83, 0xEF, 0x94, 0xB2, 0x84, 0x11, 0x7B, 0xAF,
    0x7B, 0xF0, 0x6B, 0x4E, 0x7B, 0xD0, 0x83, 0xF0, 0x7B, 0xCF, 0x8C, 0x72, 0x63, 0x6E, 0x9C, 0x70,
    0xD6, 0x16, 0xAD, 0x55, 0xAC, 0xF2, 0xE6, 0x78, 0xCE, 0xCC, 0x58, 0x8C, 0x30, 0xCD, 0xD5, 0xDD,
    0xD3, 0x93, 0xED, 0x9D, 0x35, 0xB6, 0xBB, 0xBE, 0x58, 0xA5, 0x54, 0x84, 0x92, 0xA5, 0xD8, 0xCE,
    0x7A, 0xA4, 0xD3, 0x6B, 0x6D, 0x6B, 0x4D, 0x63, 0x2C, 0x7B, 0xAE, 0xAD, 0x33, 0x83, 0xEE, 0xAC,
    0xF3, 0xC6, 0x7C, 0xB6, 0x5C, 0x8D, 0x39, 0x6C, 0x96, 0x53, 0x92, 0x52, 0xED, 0x52, 0xED, 0x8C,
    0xB4, 0xB5, 0xF9, 0x7C, 0x53, 0x5B, 0x90, 0xB6, 0x3B, 0xC6, 0xFE, 0xAE, 0x1B, 0x5B, 0x90, 0x8D,
    0x17, 0x63, 0xB0, 0x6B, 0x8E, 0xC5, 0xB5, 0x02, 0xD5, 0xFF, 0x63, 0x90, 0x7C, 0xD7, 0xA6, 0x1C,
    0xAE, 0x9E, 0x74, 0x95, 0x63, 0x90, 0x6B, 0x90, 0x63, 0x2F, 0x52, 0xCE, 0x52, 0xEE, 0x5B, 0x0E,
    0x52, 0xEE, 0x52, 0xCE, 0x52, 0xCD, 0x53, 0x0F, 0x4A, 0xEE, 0x5B, 0x70, 0x5B, 0x50, 0x4A, 0xCE,
    0x63, 0x91, 0x4A, 0xAD, 0x63, 0x51, 0x74, 0x13, 0x52, 0xEE, 0x4A, 0xAD, 0x5B, 0x0E, 0x52, 0xAC,
    0x84, 0x11, 0x83, 0xF1, 0x8C, 0x53, 0x84, 0x32, 0x8C, 0x50, 0x9C, 0x6F, 0x9C, 0x2C, 0x8B, 0xEE,
    0x94, 0x70, 0x8C, 0x52, 0x6B, 0x4F, 0x9D, 0x36, 0x9D, 0x36, 0x5B, 0x6E, 0x5B, 0x2F, 0x5B, 0x2E,
    0x7C, 0x11, 0x73, 0xD0, 0x73, 0xEF, 0x74, 0x10, 0x7C, 0x50, 0x84, 0x0F, 0x7B, 0xAD, 0x94, 0x70,
    0x94, 0xB1, 0x7B, 0xEE, 0x6B, 0xAF, 0x7C, 0x31, 0x63, 0x6F, 0x5B, 0x4F, 0x63, 0x2C, 0x8B, 0xAD,
    0xA4, 0x6F, 0x63, 0x2C, 0x4A, 0xCD, 0x4A, 0xCE, 0x4A, 0xCD, 0xFF, 0x52, 0xAC, 0x62, 0xAB, 0x7B,
    0x8E, 0x8B, 0xCF, 0x52, 0xCC, 0x52, 0xCD, 0x5B, 0x0E, 0x63, 0x6F, 0x63, 0x4F, 0x5B, 0x0E, 0x4A,
    0xAD, 0x4A, 0xAD, 0x4A, 0xAE, 0x4A, 0xAE, 0x4A, 0x8D, 0x42, 0x6D, 0x42, 0x6D, 0x42, 0x6D, 0x42,
    0x4B, 0x4A, 0x8C, 0x4A, 0xCD, 0x4A, 0xAD, 0x4A, 0xAC, 0x52, 0xEE, 0x6B, 0x6F, 0x5A, 0xCC, 0x52,
    0x8B, 0x6B, 0x4E, 0x94, 0x73, 0x8C, 0x72, 0x73, 0x8F, 0x62, 0xAB, 0x62, 0x8A, 0x8C, 0x30, 0x73,
    0x8F, 0x52, 0xCC, 0x42, 0x4C, 0x42, 0x6D, 0x4A, 0xAD, 0x42, 0x6C, 0x52, 0xCD, 0x6B, 0x2E, 0x52,
    0x8B, 0x62, 0xCC, 0x8C, 0x11, 0x5B, 0x0D, 0x73, 0xB0, 0x83, 0xCF, 0x8C, 0x30, 0x7B, 0x6D, 0xFF,
    0xF9, 0xFF, 0xD9, 0xFF, 0xD9, 0xFF, 0xB8, 0xFF, 0xB9, 0xFF, 0xB9, 0xFF, 0xBA, 0xFF, 0xBB, 0xFF,
    0xBB, 0xF7, 0x56, 0xFF, 0xDA, 0xFF, 0x99, 0xFE, 0xB5, 0xE5, 0x6F, 0xFF, 0xFE, 0x55, 0xF6, 0xF9,
    0xFF, 0x9C, 0xFF, 0x7A, 0xFF, 0x5A, 0xF6, 0xD8, 0xE6, 0x35, 0xFE, 0xF7, 0xFE, 0xD7, 0xE5, 0xF3,
    0xEE, 0x54, 0xFE, 0xF7, 0xFF, 0x38, 0xEE, 0x55, 0xDD, 0x72, 0xE6, 0x54, 0xFF, 0x99, 0xFF, 0x79,
    0xDE, 0x14, 0xF6, 0x96, 0xE6, 0x14, 0xB4, 0x4D, 0xEE, 0x15, 0xFF, 0x16, 0xCD, 0x90, 0xC5, 0x72,
    0xFF, 0x5C, 0xFF, 0x1A, 0xD5, 0xD4, 0xEE, 0x13, 0xFE, 0x74, 0xE5, 0xD2, 0xC4, 0xAD, 0xC4, 0xAD,
    0xE5, 0x91, 0xF6, 0x95, 0xC4, 0xAE, 0xBC, 0x6D, 0xB4, 0x4C, 0xDD, 0x51, 0xED, 0xF3, 0xBC, 0x6D,
    0xE5, 0xB1, 0xFF, 0x17, 0xE5, 0xD3, 0xBC, 0xAE, 0xB4, 0x2D, 0xAC, 0x2D, 0xB4, 0x2E, 0xAB, 0xED,
    0xAB, 0xED, 0xB4, 0x4F, 0xBC, 0xD0, 0xA4, 0x0D, 0xC5, 0x31, 0x9C, 0x0D, 0xAC, 0x6E, 0xCD, 0x51,
    0xCD, 0x52, 0xDD, 0xB3, 0xEE, 0x56, 0xDD, 0xD3, 0xEE, 0x35, 0xEE, 0xB6, 0xFF, 0xFF, 0x59, 0xF6,
    0xD7, 0xC5, 0x32, 0xBC, 0xD1, 0xCD, 0x74, 0xB5, 0x12, 0xDE, 0x77, 0xEE, 0xF9, 0xBD, 0x75, 0xA4,
    0xB2, 0xD6, 0x18, 0xA4, 0xB4, 0x83, 0x6E, 0x8B, 0x6E, 0x8B, 0x6D, 0x8B, 0x6D, 0xB4, 0xD2, 0xBD,
    0x12, 0xAC, 0x90, 0xC5, 0x11, 0xB4, 0x8F, 0xAC, 0x2E, 0xAC, 0x4E, 0xBC, 0xB0, 0xAC, 0x6F, 0xD5,
    0x93, 0xDD, 0x73, 0x93, 0x0A, 0xAB, 0x8E, 0x82, 0x4A, 0x69, 0xA8, 0x59, 0xA9, 0x51, 0xA9, 0x51,
    0xA8, 0x51, 0xA8, 0x51, 0xA8, 0x51, 0x68, 0x51, 0x68, 0x51, 0x68, 0x51, 0x68, 0x49, 0x69, 0x49,
    0x69, 0x49, 0x89, 0x41, 0x89, 0x41, 0x89, 0x41, 0xA9, 0x39, 0xA9, 0x39, 0xAA, 0x39, 0xAA, 0x39,
    0xAA, 0x39, 0xAA, 0x39, 0xAA, 0x39, 0xAA, 0x39, 0xAA, 0x39, 0xAA, 0x39, 0xAA, 0x39, 0xAA, 0x39,
    0xAA, 0x39, 0xAA, 0x39, 0xAA, 0x39, 0xAA, 0x39, 0xAA, 0x39, 0xAA, 0x39, 0xCB, 0xBF, 0x41, 0xCB,
    0x41, 0xCB, 0x41, 0xEB, 0x41, 0xCC, 0x52, 0x0C, 0x62, 0x4B, 0x72, 0xCC, 0x94, 0x30, 0x83, 0xEF,
    0x94, 0x93, 0x84, 0x31, 0x7B, 0xD0, 0x7B, 0xD0, 0x6B, 0x6E, 0x84, 0x11, 0x7B, 0xD0, 0x73, 0xAF,
    0x8C, 0x71, 0x6B, 0x8F, 0xAC, 0xF2, 0xDE, 0x57, 0xAD, 0x54, 0xAC, 0xF2, 0xDE, 0x77, 0xC6, 0x38,
    0x8C, 0x30, 0xD6, 0x16, 0xEE, 0x34, 0x9C, 0x0E, 0x8C, 0xF4, 0xBE, 0xDB, 0xC6, 0x99, 0x02, 0xB5,
    0xFF, 0x94, 0xF3, 0xAE, 0x19, 0xC6, 0x7A, 0x9C, 0xB2, 0x7B, 0xAE, 0x73, 0x8D, 0x73, 0x6D, 0x83,
    0xCE, 0xA4, 0xB1, 0x8B, 0xCD, 0xBD, 0x74, 0xCE, 0x9B, 0xB6, 0x5C, 0x95, 0x9A, 0x74, 0xD8, 0x5B,
    0xD3, 0x53, 0x0D, 0x5B, 0x0D, 0x9D, 0x15, 0xCE, 0xBC, 0x8C, 0xD5, 0x63, 0xB1, 0xC6, 0xDE, 0xCF,
    0x1F, 0xBE, 0x9D, 0x7C, 0x74, 0xB6, 0x3B, 0x84, 0x95, 0x6B, 0x90, 0xA4, 0xD4, 0xAC, 0xD2, 0x7C,
    0x74, 0x9D, 0xFB, 0x95, 0xDB, 0x8D, 0x7A, 0x5B, 0xF4, 0x63, 0xB1, 0x6B, 0xD1, 0x5B, 0x0E, 0x52,
    0xCD, 0x5B, 0x0E, 0x63, 0x4F, 0x5B, 0x0F, 0x5B, 0x0E, 0x52, 0xEE, 0x6B, 0xD2, 0x5B, 0x70, 0x53,
    0x30, 0x63, 0xB2, 0x53, 0x30, 0x5B, 0x50, 0x4A, 0xCE, 0x6B, 0xB2, 0x8C, 0xB6, 0x63, 0x70, 0x4A,
    0xAD, 0x5B, 0x2E, 0x5A, 0xED, 0x8C, 0x52, 0x94, 0x31, 0x83, 0xF0, 0x84, 0x31, 0x9C, 0x91, 0x94,
    0x2E, 0xFF, 0x9B, 0xCC, 0x9C, 0x0C, 0x9C, 0x4E, 0xA4, 0x71, 0x6A, 0xCC, 0xAD, 0x15, 0xB5, 0x76,
    0x7B, 0xEF, 0x6B, 0x8F, 0x6B, 0x8F, 0x8C, 0xB3, 0x84, 0x71, 0x7C, 0x30, 0x84, 0x71, 0x94, 0xF3,
    0x9C, 0xD1, 0x8C, 0x2F, 0x94, 0x90, 0xA5, 0x13, 0x8C, 0x70, 0x74, 0x0F, 0x74, 0x10, 0x63, 0x6E,
    0x63, 0xAF, 0x73, 0x8D, 0x9C, 0x2E, 0xAC, 0x8F, 0x63, 0x0B, 0x42, 0xAC, 0x42, 0xAE, 0x4A, 0x8C,
    0x52, 0x8C, 0x62, 0xCB, 0x94, 0x10, 0xA4, 0x30, 0x63, 0x2E, 0x52, 0xCD, 0x5B, 0x2E, 0x7C, 0x31,
    0x7C, 0x11, 0x6B, 0x8F, 0x52, 0xED, 0x4A, 0xAD, 0x4A, 0x8D, 0x4A, 0x8D, 0x4A, 0x8D, 0x42, 0x6D,
    0x42, 0x6D, 0x4A, 0x6C, 0x42, 0x6B, 0x42, 0x8B, 0x4A, 0x8B, 0x4A, 0xAC, 0x42, 0x8B, 0x52, 0xED,
    0x7B, 0xF0, 0x62, 0xCB, 0x4A, 0x29, 0x7B, 0x8E, 0x9C, 0xD3, 0x94, 0x92, 0x73, 0x6E, 0x62, 0xAA,
    0x6A, 0xCA, 0xFF, 0xA4, 0xD3, 0x8C, 0x11, 0x5A, 0xED, 0x4A, 0x8D, 0x42, 0xAD, 0x4A, 0xAD, 0x4A,
    0x8C, 0x5A, 0xEE, 0x73, 0x6F, 0x5A, 0x8B, 0x62, 0xEC, 0x8C, 0x11, 0x63, 0x2D, 0x7B, 0xCF, 0x83,
    0xEF, 0x9C, 0x71, 0x83, 0xCE, 0xFF, 0xFA, 0xFF, 0xFB, 0xFF, 0xFA, 0xFF, 0xDA, 0xFF, 0xBA, 0xFF,
    0xBA, 0xFF, 0xDB, 0xFF, 0xDB, 0xFF, 0xDB, 0xFF, 0x97, 0xFF, 0xFB, 0xFF, 0xDA, 0xFF, 0x16, 0xE5,
    0x70, 0xFE, 0x96, 0xFF, 0x3A, 0xF7, 0xDD, 0xFF, 0x9C, 0xFF, 0x7B, 0xFF, 0x9B, 0xF6, 0xF7, 0xFF,
    0xBA, 0xFF, 0xBA, 0xE6, 0x75, 0xF7, 0x18, 0xFF, 0xBA, 0xFF, 0xBA, 0xFF, 0x79, 0xE6, 0x54, 0xF7,
    0x17, 0xFF, 0xBA, 0xEE, 0xD7, 0xC5, 0x71, 0xEE, 0x96, 0xF6, 0x96, 0xC5, 0x31, 0xCD, 0x51, 0xDD,
    0xF2, 0xC5, 0x0F, 0xD5, 0xB3, 0xFF, 0x9D, 0xF7, 0x3A, 0xD6, 0x14, 0xFE, 0xD6, 0xFF, 0x58, 0xF6,
    0x95, 0xD5, 0x71, 0xFF, 0xCD, 0x0F, 0xCD, 0x0F, 0xD5, 0x31, 0xAB, 0xEC, 0xAC, 0x0C, 0xA3, 0xAB,
    0xBC, 0x8E, 0xC4, 0xCF, 0xAC, 0x0C, 0xB4, 0x4D, 0xCD, 0x10, 0xBC, 0xAE, 0xCD, 0x11, 0xB4, 0x2E,
    0xA3, 0xED, 0x9B, 0x6C, 0x9B, 0xCD, 0x9B, 0xCD, 0xAC, 0x2E, 0xB4, 0x90, 0x93, 0xAC, 0xB4, 0xB0,
    0x93, 0xCD, 0x9C, 0x0D, 0xAC, 0x8F, 0xB4, 0xAF, 0xBC, 0xF0, 0xCD, 0x72, 0xBC, 0xF1, 0xCD, 0x73,
    0xC5, 0x72, 0xDE, 0x35, 0xCD, 0xB3, 0xB4, 0xB1, 0xA4, 0x2F, 0xAC, 0x90, 0x8B, 0xCD, 0xA4, 0xB1,
    0xAD, 0x13, 0x8B, 0xEF, 0x83, 0xAE, 0xA4, 0xB3, 0x8C, 0x11, 0x93, 0xF1, 0x93, 0xD0, 0xA4, 0x31,
    0xAC, 0x72, 0xB4, 0x92, 0xAC, 0x71, 0x93, 0xCE, 0x9B, 0xED, 0x9B, 0xED, 0x9B, 0xED, 0x9B, 0xED,
    0xA4, 0x2E, 0x9B, 0xED, 0xBC, 0xB0, 0xBC, 0x6F, 0x7A, 0x68, 0xB3, 0xAF, 0x82, 0x29, 0x61, 0x67,
    0x59, 0x88, 0x59, 0xA9, 0xFF, 0x51, 0xA8, 0x51, 0xA8, 0x51, 0xA8, 0x51, 0x68, 0x51, 0x68, 0x51,
    0x68, 0x49, 0x68, 0x49, 0x69, 0x49, 0x69, 0x49, 0x89, 0x49, 0x89, 0x41, 0x89, 0x41, 0xA9, 0x41,
    0xA9, 0x39, 0xAA, 0x39, 0xAA, 0x39, 0xAA, 0x39, 0xAA, 0x39, 0xAA, 0x39, 0xAA, 0x39, 0xAA, 0x39,
    0xAA, 0x39, 0xAA, 0x39, 0xAA, 0x39, 0xAA, 0x39, 0xAA, 0x39, 0xAA, 0x39, 0xAA, 0x39, 0xAA, 0x39,
    0xAA, 0x39, 0xCB, 0x41, 0xCB, 0x41, 0xCB, 0x41, 0xCB, 0x41, 0xCC, 0x52, 0x2C, 0x62, 0x4C, 0x6A,
    0xAC, 0x94, 0x30, 0x83, 0xEF, 0x84, 0x31, 0x7B, 0xF0, 0x7B, 0xAF, 0x8C, 0x31, 0x7B, 0xF0, 0x7B,
    0xD0, 0x73, 0xD0, 0x7B, 0xF0, 0x84, 0x52, 0x6B, 0x8F, 0xB5, 0x75, 0xE6, 0xB9, 0xAD, 0x33, 0xAC,
    0xF1, 0xDE, 0x77, 0xC6, 0x17, 0x94, 0x30, 0xE6, 0x57, 0xE6, 0x35, 0x94, 0x2E, 0x95, 0x36, 0xC6,
    0xFB, 0xC6, 0xBA, 0xBE, 0x16, 0xA8, 0x9D, 0x13, 0xB5, 0xF7, 0xCE, 0xBA, 0xA5, 0x12, 0x94, 0x70,
    0x8C, 0x4F, 0x8C, 0x2F, 0x94, 0x4F, 0xAC, 0xD1, 0x9C, 0x4F, 0xDE, 0x57, 0xD6, 0x9B, 0xBE, 0x5C,
    0x9D, 0xDB, 0x8D, 0x9B, 0x74, 0x95, 0x6B, 0x6F, 0x6B, 0x6E, 0xAD, 0x77, 0xCE, 0xBC, 0x84, 0x02,
    0x74, 0x8F, 0x12, 0xD7, 0x5F, 0xCF, 0x3F, 0xBE, 0x7C, 0x84, 0x54, 0xC6, 0xBE, 0x95, 0x59, 0x73,
    0xF3, 0x8C, 0x02, 0x94, 0xFF, 0x52, 0x8C, 0xF7, 0xC7, 0x1F, 0xA6, 0x3D, 0x85, 0x5A, 0x5B, 0xD3,
    0x63, 0xB1, 0x63, 0x70, 0x52, 0xEE, 0x52, 0xCE, 0x5B, 0x0F, 0x63, 0x50, 0x63, 0x4F, 0x63, 0x2F,
    0x5B, 0x0F, 0x7C, 0x95, 0x6B, 0xF3, 0x4B, 0x0F, 0x74, 0x13, 0x63, 0x91, 0x4A, 0xEF, 0x53, 0x10,
    0x84, 0xB6, 0xC6, 0xBE, 0x74, 0x13, 0x5B, 0x2F, 0x73, 0xD0, 0x73, 0x8F, 0xC5, 0xF6, 0xB5, 0x54,
    0x7B, 0x8E, 0xA4, 0xD3, 0xE6, 0x98, 0x94, 0x0E, 0x93, 0x8C, 0xE5, 0xF4, 0xDD, 0xD2, 0xDD, 0xF5,
    0x72, 0xCA, 0xC5, 0x54, 0xDE, 0x37, 0x83, 0x8C, 0x6B, 0x6D, 0x6B, 0x8F, 0x8C, 0xD4, 0x84, 0x92,
    0x74, 0x0F, 0x84, 0x70, 0x9D, 0x33, 0x9C, 0xD0, 0x84, 0x0D, 0x8C, 0x6F, 0xA5, 0x12, 0x8C, 0x70,
    0x73, 0xCE, 0x6B, 0x6D, 0x63, 0x6E, 0x6C, 0x11, 0x7B, 0xCE, 0xAC, 0xAF, 0xB4, 0xAF, 0x5A, 0xEA,
    0x42, 0xAC, 0x42, 0x8D, 0x4A, 0xFF, 0x8D, 0x52, 0x6B, 0x6A, 0xEB, 0xAC, 0x90, 0xBC, 0xD0, 0x73,
    0xAE, 0x52, 0xCC, 0x5B, 0x2D, 0x94, 0xF5, 0x8C, 0xB3, 0x7C, 0x11, 0x63, 0x2D, 0x4A, 0x6D, 0x4A,
    0x8D, 0x4A, 0x8D, 0x4A, 0x6D, 0x42, 0x6D, 0x42, 0x6D, 0x4A, 0x6D, 0x42, 0x6B, 0x42, 0x6B, 0x3A,
    0x6B, 0x4A, 0xAC, 0x42, 0x4A, 0x52, 0xCB, 0x84, 0x2F, 0x6B, 0x0B, 0x5A, 0x49, 0xAC, 0xD3, 0xEE,
    0xFA, 0xDE, 0x57, 0x94, 0x2F, 0x72, 0xEA, 0x7A, 0xEA, 0xC5, 0x75, 0xA4, 0xB3, 0x63, 0x0D, 0x4A,
    0xAD, 0x4A, 0xCE, 0x4A, 0xCE, 0x52, 0xAD, 0x6B, 0x2E, 0x83, 0xD0, 0x6B, 0x0D, 0x6A, 0xED, 0x7B,
    0xB0, 0x63, 0x2E, 0x73, 0xAF, 0x6B, 0x4C, 0x73, 0x6D, 0x6B, 0x2C, 0xFF, 0xFB, 0xFF, 0xFB, 0xFF,
    0xFC, 0xFF, 0xFC, 0xFF, 0xDB, 0xFF, 0xBB, 0xFF, 0xDA, 0xFF, 0xBA, 0xFF, 0xB9, 0xFF, 0xB9, 0xFF,
    0xFB, 0xFF, 0xBA, 0xFF, 0x36, 0xE5, 0xFF, 0xD1, 0xFF, 0x17, 0xFF, 0xBC, 0xFF, 0xBE, 0xFF, 0xDC,
    0xFF, 0xFB, 0xFF, 0xDA, 0xF7, 0x79, 0xFF, 0xDC, 0xFF, 0xBB, 0xF7, 0x59, 0xFF, 0xDC, 0xFF, 0xDC,
    0xFF, 0xDC, 0xFF, 0x7A, 0xEE, 0x95, 0xFF, 0x79, 0xFF, 0x9A, 0xF6, 0xD7, 0xCD, 0x92, 0xF6, 0x96,
    0xF6, 0xD8, 0xBC, 0xAF, 0xD4, 0xCF, 0xE5, 0x51, 0xD5, 0x10, 0xE6, 0x14, 0xFF, 0xBB, 0xE6, 0xD8,
    0xCE, 0x36, 0xFF, 0x59, 0xFF, 0x9A, 0xF6, 0xF8, 0xD5, 0x93, 0xD5, 0x73, 0xE5, 0x94, 0xED, 0xB5,
    0xD5, 0x33, 0xC4, 0xB1, 0xC4, 0xD2, 0xCD, 0x12, 0xD5, 0x33, 0xC4, 0xB1, 0xBC, 0x90, 0xD5, 0x32,
    0xB4, 0x2E, 0xB4, 0x0F, 0xC4, 0xB2, 0xC4, 0xB2, 0xAB, 0xF0, 0x93, 0xAE, 0x93, 0xAD, 0x93, 0xCE,
    0x9C, 0x0F, 0x9B, 0xEF, 0x93, 0xCE, 0x93, 0xAE, 0x8B, 0xEE, 0x94, 0x2E, 0x9C, 0x6F, 0xA4, 0xB0,
    0xAC, 0xD1, 0xAC, 0xD1, 0xAC, 0xD1, 0xB5, 0x81, 0x53, 0xBD, 0x02, 0xB5, 0xFF, 0x54, 0x9C, 0x70,
    0x94, 0x50, 0x8C, 0x2F, 0x8B, 0xEF, 0x94, 0x51, 0xA4, 0xB3, 0x8C, 0x10, 0x8C, 0x10, 0x9C, 0x92,
    0x9C, 0x72, 0x94, 0x30, 0x9C, 0x10, 0x9B, 0xEF, 0x9B, 0xEF, 0x93, 0xAE, 0x93, 0xAE, 0x93, 0xAE,
    0x93, 0xAD, 0x93, 0xAD, 0x93, 0xCD, 0x9B, 0xEE, 0x9B, 0xEE, 0xA4, 0x2F, 0xAC, 0x70, 0xA3, 0x6D,
    0xA3, 0x4D, 0x92, 0xEC, 0x69, 0xA7, 0x61, 0xA8, 0x61, 0x88, 0x59, 0x88, 0x51, 0x88, 0x51, 0x88,
    0x51, 0x88, 0x51, 0x68, 0x51, 0x68, 0x51, 0x68, 0x49, 0x88, 0x49, 0x89, 0x49, 0x89, 0x49, 0x89,
    0x49, 0x89, 0x49, 0x89, 0x49, 0x89, 0x41, 0x89, 0x39, 0xAA, 0x39, 0xAA, 0x39, 0xAA, 0x39, 0xAA,
    0x39, 0xAA, 0x39, 0xAA, 0x39, 0xAA, 0x39, 0xAA, 0x39, 0xAA, 0x39, 0xAA, 0x39, 0xAA, 0x39, 0xAA,
    0x39, 0xAA, 0x39, 0xCB, 0x39, 0xCB, 0x39, 0xCB, 0x39, 0xCB, 0x41, 0xCB, 0x41, 0xD2, 0xCB, 0x41,
    0xEB, 0x39, 0xEC, 0x41, 0xEB, 0x5A, 0x4C, 0x62, 0xAD, 0x9C, 0x52, 0x94, 0x30, 0x8C, 0x50, 0x84,
    0x10, 0x83, 0xEF, 0x94, 0x2F, 0x94, 0x30, 0x73, 0xAE, 0x74, 0x12, 0x8C, 0xD5, 0x8C, 0x74, 0x84,
    0x32, 0xAD, 0x55, 0xC5, 0xB5, 0xC5, 0x52, 0xCD, 0x72, 0xD5, 0xF4, 0xC5, 0x95, 0xAC, 0xD3, 0xD5,
    0xD6, 0xCD, 0xF4, 0x8C, 0x4F, 0x94, 0xF5, 0xAE, 0x19, 0xC6, 0xBA, 0xBD, 0xD5, 0xB5, 0x52, 0xC5,
    0xD5, 0xBD, 0xF5, 0xA5, 0x53, 0xAD, 0x51, 0xAD, 0x11, 0x9C, 0x8F, 0xB5, 0x31, 0xA4, 0x8F, 0xAC,
    0xB0, 0x02, 0xD5, 0xFC, 0xCE, 0x18, 0xCE, 0x5B, 0x95, 0x17, 0x9D, 0x9A, 0x84, 0x95, 0x7B, 0x6E,
    0x83, 0xCE, 0xA5, 0x55, 0xD6, 0xFB, 0xA5, 0x96, 0x74, 0x31, 0xCE, 0xFD, 0xCE, 0xFD, 0x9D, 0x57,
    0x73, 0xF3, 0x95, 0x59, 0x84, 0xD7, 0x7C, 0x95, 0x74, 0x53, 0x73, 0xD0, 0x6B, 0xD3, 0x9D, 0x9A,
    0x9D, 0xBA, 0x95, 0x59, 0x5B, 0x92, 0x74, 0x55, 0x7C, 0x95, 0x5B, 0x2F, 0x52, 0xD0, 0x5A, 0xF1,
    0x6B, 0x70, 0x84, 0x31, 0x6B, 0x6E, 0x63, 0x0F, 0x74, 0x75, 0x63, 0xF3, 0x53, 0x50, 0x6B, 0xF3,
    0x6B, 0xB3, 0x4A, 0xAF, 0x4A, 0xEF, 0x7D, 0x18, 0xB6, 0xFF, 0x64, 0x33, 0x53, 0x2F, 0x83, 0xEF,
    0x8B, 0x8C, 0xE6, 0x96, 0xBD, 0x34, 0x83, 0x6F, 0xBD, 0x35, 0xEE, 0xF7, 0xA4, 0x8E, 0x72, 0xEB,
    0xBD, 0x12, 0xF6, 0xF5, 0xD6, 0x13, 0x72, 0xEB, 0xDE, 0x16, 0xEE, 0x74, 0xD5, 0x32, 0x94, 0x90,
    0x6B, 0x02, 0xCE, 0x84, 0xFE, 0x95, 0x76, 0x74, 0x2E, 0x02, 0xB5, 0xCD, 0xC6, 0x17, 0xB5, 0x73,
    0x8C, 0x2D, 0x9C, 0xAE, 0xC5, 0xD3, 0x9C, 0xB0, 0x83, 0xCD, 0x83, 0xCF, 0x63, 0x4E, 0x7C, 0xB4,
    0x94, 0xB1, 0xEE, 0x74, 0xF6, 0x52, 0x73, 0x4C, 0x5A, 0xEE, 0x4A, 0xCE, 0x52, 0xAF, 0x52, 0xAE,
    0x83, 0x8D, 0xE6, 0x53, 0xFE, 0xB2, 0x83, 0x6B, 0x6A, 0xCB, 0x73, 0x8E, 0xC6, 0x19, 0xC6, 0x1A,
    0xA4, 0xF4, 0x6A, 0xEB, 0x4A, 0x8D, 0x4A, 0x8D, 0x4A, 0x8D, 0x4A, 0x8D, 0x4A, 0x8D, 0x4A, 0x8D,
    0x4A, 0x8D, 0x42, 0x8C, 0x3A, 0xAD, 0x3A, 0x8E, 0x42, 0x8E, 0x02, 0x4A, 0xFF, 0x6B, 0x0A, 0xDE,
    0x76, 0x94, 0x2F, 0x5A, 0x0A, 0xBC, 0x93, 0xF6, 0x95, 0xF6, 0x92, 0xDD, 0xF4, 0x83, 0x6C, 0x72,
    0xEA, 0xBD, 0x33, 0xAC, 0xB1, 0x7B, 0x6D, 0x4A, 0x8C, 0x42, 0xEF, 0x42, 0xAF, 0x5A, 0xEF, 0x73,
    0xAF, 0x8B, 0xEF, 0x6B, 0x2C, 0x63, 0x0E, 0x63, 0x51, 0x5B, 0x2F, 0x63, 0x4F, 0x6B, 0x8E, 0x6B,
    0xAF, 0x73, 0xF0, 0xFF, 0xFA, 0xFF, 0xFB, 0xFF, 0xFC, 0xFF, 0xFB, 0xFF, 0xDA, 0xFF, 0xBA, 0xFF,
    0xB9, 0xFF, 0xB8, 0xFF, 0x98, 0xFF, 0xB8, 0xFF, 0xFA, 0xFF, 0x99, 0xFF, 0x16, 0xEE, 0x12, 0xFF,
    0x37, 0xFF, 0x9B, 0xFF, 0xBD, 0xFF, 0xBB, 0xFF, 0xDA, 0xFF, 0xDA, 0xFF, 0x99, 0xFF, 0xFB, 0xFF,
    0xBA, 0xEF, 0x38, 0xFF, 0xBB, 0xFF, 0xDB, 0xFF, 0x9A, 0xFF, 0x37, 0xEE, 0x73, 0xFF, 0x78, 0xFF,
    0x78, 0xE6, 0x75, 0xC5, 0x30, 0xEE, 0x55, 0xF6, 0x96, 0xBC, 0xAE, 0xCC, 0xAF, 0xFF, 0xD5, 0x10,
    0xCC, 0xF0, 0xEE, 0x35, 0xFF, 0x9B, 0xEE, 0xD8, 0xDE, 0x77, 0xFF, 0x5A, 0xFF, 0x9B, 0xFE, 0xF9,
    0xEE, 0x36, 0xEE, 0x15, 0xE5, 0xD5, 0xE5, 0x94, 0xD5, 0x54, 0xCC, 0xF2, 0xD5, 0x33, 0xDD, 0x74,
    0xDD, 0x95, 0xD5, 0x33, 0xBC, 0xB1, 0xBC, 0x90, 0xAC, 0x0F, 0xA3, 0xEF, 0xB4, 0x31, 0xC4, 0xB3,
    0xC4, 0xB4, 0xAC, 0x71, 0x9C, 0x10, 0x93, 0xAE, 0x8B, 0x8D, 0x8B, 0x8E, 0x8B, 0x8E, 0x8B, 0x8D,
    0x8B, 0xEE, 0x9C, 0x4F, 0xA4, 0xB0, 0xAC, 0xD1, 0xAC, 0xD1, 0xAC, 0xD1, 0xAC, 0xD1, 0xAD, 0x13,
    0xB5, 0x54, 0xAD, 0x13, 0xA4, 0xD2, 0xA4, 0xB2, 0x9C, 0x91, 0x9C, 0x71, 0x9C, 0x92, 0xA4, 0xD3,
    0x9C, 0x72, 0xA4, 0xD3, 0xAC, 0xF4, 0xA4, 0xB3, 0x94, 0x10, 0x93, 0xAF, 0x8B, 0x8E, 0x8B, 0x8E,
    0x8B, 0xAE, 0x8B, 0xAE, 0x8B, 0xAE, 0x93, 0xAD, 0x93, 0xAE, 0x93, 0xCE, 0x9B, 0xEE, 0xFF, 0x9C,
    0x2F, 0xA4, 0x2F, 0xA4, 0x50, 0x9B, 0x4C, 0xAB, 0x8E, 0x82, 0x6A, 0x69, 0xC8, 0x61, 0xA8, 0x61,
    0x88, 0x59, 0x88, 0x51, 0x88, 0x51, 0x88, 0x51, 0x88, 0x51, 0x68, 0x51, 0x68, 0x51, 0x68, 0x49,
    0x88, 0x49, 0x89, 0x49, 0x89, 0x49, 0x89, 0x49, 0x89, 0x49, 0x89, 0x49, 0x89, 0x41, 0x89, 0x39,
    0xAA, 0x39, 0xAA, 0x39, 0xAA, 0x39, 0xAA, 0x39, 0xAA, 0x39, 0xAA, 0x39, 0xAA, 0x39, 0xAA, 0x39,
    0xAA, 0x39, 0xAA, 0x39, 0xAA, 0x39, 0xAA, 0x39, 0xAA, 0x39, 0xCB, 0x39, 0xCB, 0x39, 0xCB, 0x39,
    0xCB, 0x41, 0xCB, 0x41, 0xCB, 0x41, 0xEB, 0x39, 0xEC, 0x41, 0xEB, 0x5A, 0x4C, 0x62, 0x4C, 0x94,
    0x31, 0x94, 0x51, 0x84, 0x30, 0x83, 0xEF, 0x8C, 0x0F, 0xA4, 0x91, 0xAC, 0xF3, 0x84, 0x0F, 0x73,
    0xF1, 0x8C, 0xB5, 0x8C, 0x74, 0x9C, 0xD4, 0xBD, 0xB6, 0xB5, 0x34, 0xCD, 0x93, 0xD5, 0xD3, 0x91,
    0xCD, 0xB3, 0xBD, 0x74, 0xBD, 0x34, 0xC5, 0x55, 0xBD, 0x73, 0x84, 0x2F, 0x94, 0xD5, 0xA5, 0xB7,
    0xB6, 0x38, 0x03, 0xB5, 0xFF, 0x52, 0xBD, 0xB4, 0xBD, 0xD5, 0xA5, 0x53, 0xBD, 0xD4, 0xBD, 0xB3,
    0xAD, 0x11, 0xC5, 0xB3, 0xAC, 0xD0, 0xAC, 0xB0, 0xC5, 0x94, 0xC5, 0xD6, 0xBE, 0x19, 0x8C, 0xD5,
    0x95, 0x37, 0x7C, 0x32, 0x8C, 0x30, 0x8C, 0x30, 0xAD, 0x96, 0xD6, 0xDB, 0xA5, 0x96, 0x7C, 0x31,
    0xC6, 0xBC, 0xC6, 0xBB, 0x95, 0x16, 0x7C, 0x33, 0x8D, 0x17, 0x7C, 0xB6, 0x8D, 0x38, 0x6B, 0xD1,
    0x5B, 0x4E, 0x6B, 0xF3, 0x95, 0x38, 0xAD, 0xFB, 0xA5, 0xDA, 0x63, 0xD2, 0x84, 0xD7, 0x95, 0x38,
    0x5B, 0x70, 0x52, 0xF0, 0x5A, 0xF1, 0x6B, 0x70, 0x94, 0x92, 0x6B, 0x4E, 0x63, 0x2F, 0xA6, 0x1C,
    0x85, 0x17, 0x53, 0x71, 0xA5, 0x9A, 0x84, 0x96, 0x52, 0xCF, 0x53, 0x51, 0x74, 0xD7, 0xA6, 0x3C,
    0x84, 0xF7, 0x5B, 0x70, 0xAD, 0x34, 0x8B, 0xCD, 0xAC, 0xB0, 0x7B, 0x8E, 0x8B, 0xF2, 0x8B, 0xF1,
    0xBD, 0xB3, 0x8C, 0x0D, 0x62, 0xFF, 0xAC, 0xA4, 0x90, 0xD6, 0x34, 0xC5, 0xB3, 0x6B, 0x0C, 0xC5,
    0x94, 0xDE, 0x14, 0xE6, 0x16, 0xB5, 0xB4, 0x7C, 0x30, 0xCE, 0xDD, 0xA5, 0xB7, 0x7C, 0x6F, 0xB6,
    0x16, 0xE7, 0x3C, 0xD6, 0x76, 0x8C, 0x2D, 0xA5, 0x0F, 0xEF, 0x38, 0xAD, 0x31, 0x83, 0xCD, 0x7B,
    0xCF, 0x6B, 0x8F, 0xA5, 0xF9, 0xC6, 0x57, 0xFE, 0xF7, 0xFF, 0x16, 0x73, 0x4D, 0x52, 0xCD, 0x52,
    0xCF, 0x52, 0xCF, 0x52, 0xCE, 0x94, 0x50, 0xFF, 0x18, 0xFE, 0xD4, 0xBD, 0x53, 0x7B, 0x8E, 0x84,
    0x10, 0xDE, 0xFD, 0xDE, 0xBC, 0xD6, 0x5A, 0x94, 0x31, 0x4A, 0x8D, 0x4A, 0x8D, 0x4A, 0x8D, 0x4A,
    0x8D, 0x4A, 0x8D, 0x4A, 0x8D, 0x4A, 0x8D, 0x42, 0x8C, 0x3A, 0x8E, 0x3A, 0x8E, 0x42, 0x8D, 0x4A,
    0x8B, 0x6B, 0x0B, 0xC5, 0xB3, 0x83, 0xCE, 0x5A, 0x2A, 0xB4, 0x71, 0xEE, 0x54, 0xCD, 0x8F, 0xAC,
    0x8F, 0x6A, 0xAA, 0x62, 0xAA, 0xB4, 0xFF, 0xF2, 0xA4, 0x91, 0x7B, 0xAE, 0x5B, 0x2E, 0x5B, 0xB1,
    0x53, 0x30, 0x63, 0x2F, 0x7B, 0xAF, 0x8C, 0x0F, 0x73, 0x4D, 0x63, 0x2E, 0x5B, 0x30, 0x4A, 0xAD,
    0x5B, 0x0D, 0x5B, 0x4E, 0x63, 0x4E, 0x6B, 0xAF, 0xFF, 0xFA, 0xFF, 0xFA, 0xFF, 0xFA, 0xFF, 0xDA,
    0xFF, 0xB9, 0xFF, 0x98, 0xFF, 0x77, 0xFF, 0x77, 0xFF, 0x56, 0xFF, 0x97, 0xFF, 0x98, 0xFF, 0x37,
    0xF6, 0xB5, 0xEE, 0x54, 0xFF, 0x38, 0xFF, 0x59, 0xFF, 0x9A, 0xFF, 0x99, 0xFF, 0x98, 0xFF, 0x77,
    0xF7, 0x35, 0xFF, 0x97, 0xFF, 0x77, 0xEE, 0xF6, 0xF7, 0x98, 0xF7, 0x99, 0xF7, 0x16, 0xEE, 0x94,
    0xE6, 0x31, 0xF6, 0xF5, 0xEE, 0xB5, 0xDE, 0x12, 0xC5, 0x0F, 0xDD, 0xB2, 0xE5, 0xB2, 0xC4, 0xAE,
    0xC4, 0x6E, 0xC4, 0x8F, 0xCC, 0xD0, 0xE5, 0xF5, 0xF6, 0xB7, 0xDE, 0x35, 0xDE, 0x56, 0xEE, 0xD7,
    0xFF, 0x19, 0xE6, 0x76, 0xD5, 0x93, 0xDD, 0x98, 0x94, 0xD5, 0x53, 0xC4, 0xB1, 0xBC, 0x70, 0xB4,
    0x50, 0xBC, 0x91, 0xBC, 0x91, 0xBC, 0x91, 0xBC, 0x70, 0xBC, 0xB1, 0xAC, 0x71, 0xBC, 0xF3, 0xAC,
    0x92, 0x03, 0xB4, 0xFF, 0xD5, 0xBC, 0xD5, 0xBC, 0xF5, 0xC5, 0x36, 0xC5, 0x16, 0xB4, 0x94, 0xAC,
    0x93, 0xB4, 0x94, 0xB4, 0xD4, 0xAC, 0xD2, 0xAC, 0xD2, 0xAC, 0xD2, 0xAC, 0xD2, 0xAC, 0xD2, 0xAC,
    0xD2, 0xAC, 0xD2, 0xA4, 0xB2, 0xA4, 0xB2, 0xA4, 0xB2, 0xA4, 0xB2, 0xA4, 0xB2, 0xA4, 0xB2, 0xA4,
    0xB2, 0xA4, 0xD3, 0xA4, 0xD3, 0xA4, 0xD3, 0xA4, 0xB3, 0xA4, 0xB3, 0xA4, 0xD3, 0xAC, 0xD3, 0xAC,
    0xB3, 0xAC, 0xB3, 0xAC, 0x92, 0xAC, 0xD3, 0xAC, 0xD3, 0xAC, 0xD3, 0xAC, 0xD2, 0xB4, 0xD3, 0xB4,
    0xF3, 0xB4, 0xF3, 0xB5, 0x13, 0xB5, 0x13, 0xBC, 0xF3, 0x92, 0xEB, 0xBB, 0xF0, 0x69, 0x87, 0x69,
    0xE8, 0x61, 0xA8, 0x61, 0x88, 0x59, 0x88, 0x51, 0x88, 0x51, 0x88, 0x51, 0x88, 0x51, 0x68, 0x51,
    0x68, 0x51, 0x68, 0x49, 0x88, 0x49, 0x89, 0x49, 0x89, 0x49, 0x89, 0x49, 0x89, 0x49, 0x89, 0x49,
    0x89, 0x41, 0x89, 0x39, 0xFF, 0xAA, 0x39, 0xAA, 0x39, 0xAA, 0x39, 0xAA, 0x39, 0xAA, 0x39, 0xAA,
    0x39, 0xAA, 0x39, 0xAA, 0x39, 0xAA, 0x39, 0xAA, 0x39, 0xAA, 0x39, 0xAA, 0x39, 0xAA, 0x39, 0xCB,
    0x39, 0xCB, 0x39, 0xCB, 0x39, 0xCB, 0x41, 0xCB, 0x41, 0xCB, 0x41, 0xEB, 0x39, 0xEC, 0x41, 0xEB,
    0x5A, 0x4C, 0x62, 0x4C, 0xA4, 0xB3, 0xAD, 0x34, 0x9C, 0x92, 0x94, 0x71, 0xA4, 0xD1, 0xCD, 0xF4,
    0xCD, 0xF5, 0x94, 0x71, 0x84, 0x73, 0xAD, 0xB9, 0xA5, 0x77, 0xBD, 0xF8, 0xBD, 0xB6, 0xAC, 0xF1,
    0xDE, 0x55, 0xF6, 0xD6, 0xCD, 0xB3, 0xCD, 0xF7, 0xDE, 0x5A, 0xB5, 0x35, 0xA5, 0x32, 0x84, 0x50,
    0x94, 0xF5, 0xBE, 0x59, 0xC6, 0x58, 0xBD, 0xB4, 0xBD, 0x93, 0xD6, 0x35, 0xCE, 0x57, 0xB5, 0xB4,
    0xCE, 0x56, 0xC6, 0x36, 0xBD, 0xB4, 0xCE, 0x36, 0xAD, 0x12, 0xA4, 0xB0, 0xC5, 0x94, 0xBD, 0xD5,
    0xBD, 0xF7, 0x8C, 0xB3, 0xA5, 0x9A, 0xB7, 0x84, 0x92, 0xB5, 0x94, 0xAD, 0x33, 0xCE, 0x59, 0xE7,
    0x5C, 0xC6, 0x38, 0x94, 0xF4, 0xD7, 0x1D, 0xC6, 0xBB, 0x94, 0xF4, 0x7C, 0x52, 0x7C, 0xB4, 0x8D,
    0x37, 0x02, 0xBE, 0xF4, 0x84, 0xD5, 0x5B, 0x2E, 0x6B, 0xD2, 0x73, 0xF3, 0xA5, 0x99, 0xA5, 0xBA,
    0x63, 0xB2, 0x95, 0x38, 0xAD, 0xFB, 0x63, 0xD1, 0x5B, 0x11, 0x5A, 0xF1, 0x73, 0xB1, 0xB5, 0x96,
    0x6B, 0x6E, 0x6B, 0x70, 0xA6, 0x1B, 0x8D, 0x38, 0x53, 0x51, 0x9D, 0x7A, 0x94, 0xF8, 0x5B, 0x51,
    0x53, 0x10, 0x7C, 0xB7, 0xA6, 0x3D, 0x95, 0x9A, 0x6C, 0x13, 0xB5, 0x77, 0x9C, 0x51, 0x84, 0x0F,
    0x84, 0x53, 0xAD, 0x7A, 0x84, 0x54, 0x84, 0x71, 0x6B, 0xAE, 0x5A, 0xEE, 0x73, 0xB0, 0x84, 0x31,
    0x84, 0x30, 0x7B, 0xD0, 0xA4, 0xD3, 0x94, 0x50, 0x8C, 0x0F, 0x9C, 0xB0, 0x6B, 0x6D, 0x8C, 0xB5,
    0x74, 0x32, 0x84, 0xD2, 0x9D, 0x34, 0xA5, 0x56, 0xB5, 0x93, 0x8C, 0x6D, 0x8C, 0x6D, 0xBD, 0xF3,
    0x9C, 0xD0, 0x7B, 0xCD, 0x7B, 0xD0, 0x63, 0x4F, 0x84, 0x02, 0x94, 0xFF, 0xB2, 0xC5, 0x93, 0xC5,
    0x32, 0x63, 0x0C, 0x5B, 0x2F, 0x53, 0x0F, 0x53, 0x0F, 0x5B, 0x0F, 0x73, 0x6E, 0xC5, 0x94, 0xCD,
    0x51, 0x9C, 0x91, 0x73, 0x6E, 0x73, 0x8F, 0xAD, 0x78, 0xA5, 0x37, 0x8C, 0x53, 0x9C, 0x52, 0x4A,
    0x8D, 0x4A, 0x8D, 0x4A, 0x8D, 0x4A, 0x8D, 0x4A, 0x8D, 0x4A, 0x8D, 0x4A, 0x8D, 0x42, 0x8C, 0x3A,
    0x8D, 0x42, 0x8E, 0x42, 0x6D, 0x4A, 0xAC, 0x52, 0x8A, 0x7B, 0xEE, 0x5A, 0xCB, 0x52, 0x4B, 0xAC,
    0xB0, 0xF6, 0xD6, 0xBD, 0x2F, 0x8B, 0xCF, 0x5A, 0x6B, 0x52, 0x6A, 0x9C, 0x71, 0x9C, 0x51, 0x73,
    0x4D, 0x63, 0x70, 0x6B, 0xF3, 0x5B, 0x91, 0x6B, 0x90, 0x83, 0xEF, 0x94, 0x2F, 0x73, 0x6D, 0x63,
    0x2D, 0x5B, 0x0F, 0x4A, 0xAD, 0x63, 0x4F, 0x63, 0x6F, 0x52, 0xED, 0x52, 0xCC, 0xFF, 0xB8, 0xF7,
    0xB8, 0xFF, 0xD9, 0xFF, 0xB8, 0xFF, 0x97, 0xFF, 0x76, 0xFF, 0x35, 0xF7, 0xFF, 0x14, 0xF6, 0xF4,
    0xFF, 0x76, 0xFF, 0x77, 0xF6, 0xF5, 0xFF, 0x17, 0xFF, 0x18, 0xFF, 0x38, 0xFF, 0x58, 0xFF, 0x78,
    0xFF, 0x98, 0xFF, 0x77, 0xFF, 0x36, 0xF7, 0x35, 0xF7, 0x35, 0xFF, 0x55, 0xFF, 0x57, 0xFF, 0x78,
    0xFF, 0x99, 0xEE, 0xD6, 0xEE, 0x73, 0xEE, 0x31, 0xEE, 0x74, 0xEE, 0x95, 0xDD, 0xD2, 0xD5, 0x91,
    0xDD, 0x91, 0xD5, 0x30, 0xB4, 0x4D, 0xC4, 0x90, 0xCC, 0xD1, 0xCD, 0x12, 0xDD, 0x73, 0xE6, 0x15,
    0xDD, 0xF4, 0xD5, 0xF4, 0xEE, 0xB7, 0xFE, 0xF8, 0xEE, 0x77, 0xDD, 0x93, 0xDD, 0x93, 0xDD, 0x53,
    0xCC, 0xF2, 0xBC, 0x91, 0xCC, 0xF2, 0xCD, 0x13, 0xC4, 0xD1, 0xC4, 0xD1, 0xC4, 0xD1, 0xC4, 0xF3,
    0xBD, 0x34, 0xBD, 0x14, 0xBC, 0xF4, 0xBD, 0x15, 0xBC, 0xF5, 0xB4, 0xD5, 0xBC, 0xB5, 0xB4, 0xD5,
    0xBC, 0xD5, 0xBC, 0xF5, 0xC5, 0x36, 0xC5, 0x57, 0xCD, 0x77, 0xAC, 0xD3, 0x93, 0xFF, 0xEF, 0x8B,
    0xEF, 0x8B, 0xEF, 0x8B, 0xCF, 0x83, 0xAE, 0x83, 0x8E, 0x7B, 0x8E, 0x7B, 0x8E, 0x7B, 0x8E, 0x94,
    0x51, 0x9C, 0x72, 0xA4, 0xB3, 0xA4, 0xD3, 0xA4, 0xD3, 0xA4, 0xD3, 0xA4, 0xD3, 0xA4, 0xD3, 0xA4,
    0xD3, 0xA4, 0xD3, 0xAC, 0xD3, 0xAC, 0xD4, 0xAC, 0xD4, 0xAC, 0xD4, 0xAC, 0xD4, 0xAC, 0xD4, 0xAC,
    0xD3, 0xB5, 0x14, 0xB5, 0x34, 0xBD, 0x55, 0xC5, 0x96, 0xC5, 0x96, 0xCD, 0xD7, 0xB4, 0xF3, 0x8A,
    0xAA, 0xBB, 0xF0, 0x69, 0xA7, 0x69, 0xC8, 0x61, 0xA8, 0x61, 0x88, 0x59, 0x88, 0x51, 0x88, 0x51,
    0x88, 0x51, 0x88, 0x51, 0x68, 0x51, 0x68, 0x51, 0x68, 0x49, 0x88, 0x49, 0x89, 0x49, 0x89, 0x49,
    0x89, 0x49, 0x89, 0x49, 0x89, 0x49, 0x89, 0x41, 0x89, 0x39, 0xAA, 0x39, 0xAA, 0x39, 0xAA, 0x39,
    0xAA, 0x39, 0xAA, 0x39, 0xAA, 0x39, 0xAA, 0x39, 0xAA, 0x39, 0xAA, 0x39, 0xAA, 0x39, 0xB8, 0xAA,
    0x39, 0xAA, 0x39, 0xAA, 0x39, 0xCB, 0x39, 0xCB, 0x39, 0xCB, 0x39, 0xCB, 0x41, 0xCB, 0x41, 0xCB,
    0x41, 0xEB, 0x3A, 0x0C, 0x39, 0xEB, 0x52, 0x0B, 0x52, 0x0A, 0xB5, 0x15, 0xBD, 0xB6, 0xAD, 0x34,
    0xA4, 0xD2, 0xBD, 0x73, 0xF6, 0xF7, 0xE6, 0xB7, 0xAC, 0xF2, 0xA5, 0x57, 0xD6, 0xDD, 0xC6, 0x39,
    0xCE, 0x79, 0xCE, 0x37, 0xAD, 0x11, 0xF6, 0xD7, 0x02, 0xF6, 0xB5, 0xE6, 0x96, 0xDE, 0x99, 0xEF,
    0x5D, 0xCE, 0x39, 0xAD, 0xB5, 0x9D, 0x13, 0xA5, 0x57, 0xD7, 0x1C, 0xDF, 0x1B, 0xCE, 0x15, 0xDE,
    0x56, 0xE6, 0x97, 0xDE, 0xB8, 0xCE, 0x36, 0xD6, 0xF9, 0xD6, 0xD9, 0xC6, 0x16, 0xE7, 0x3A, 0xC5,
    0xB5, 0xA4, 0xD1, 0xAC, 0xF2, 0xB5, 0x94, 0xCE, 0xB9, 0x8C, 0xF3, 0x8C, 0xD3, 0x8C, 0xD2, 0xB5,
    0xD5, 0x02, 0xB5, 0xFF, 0xC6, 0x16, 0xE7, 0x1B, 0xC6, 0x58, 0xA5, 0x54, 0xC6, 0x79, 0xC6, 0x59,
    0x95, 0x13, 0x7C, 0x71, 0x74, 0x52, 0x6C, 0x53, 0xB6, 0x9C, 0x8C, 0xD6, 0x63, 0x4F, 0x63, 0x50,
    0x63, 0x71, 0xC6, 0x7C, 0xDF, 0x3F, 0x7C, 0x54, 0xA5, 0xBA, 0xDF, 0x3F, 0x84, 0x74, 0x6B, 0x72,
    0x63, 0x31, 0x84, 0x54, 0xEF, 0x5D, 0x8C, 0x72, 0x5A, 0xCE, 0x7C, 0xD6, 0x6C, 0x54, 0x53, 0x71,
    0x7C, 0x55, 0x63, 0xB2, 0x53, 0x10, 0x53, 0x30, 0x6C, 0x14, 0x74, 0x97, 0x6C, 0x35, 0x5B, 0xB2,
    0x7B, 0xD1, 0x7B, 0x8F, 0x73, 0x8F, 0x6B, 0x91, 0x73, 0xD3, 0x63, 0x31, 0x73, 0xD1, 0x63, 0x8F,
    0x5B, 0x10, 0x6B, 0x91, 0x8C, 0x94, 0x84, 0x33, 0x94, 0x92, 0x9C, 0xF4, 0x83, 0xF0, 0xA4, 0xD2,
    0xAC, 0xF2, 0x83, 0xEF, 0x84, 0x75, 0x7C, 0x73, 0x8D, 0x14, 0x9D, 0x56, 0x94, 0xF6, 0x94, 0xD1,
    0x8C, 0x6E, 0x94, 0xAF, 0xFF, 0xAD, 0x73, 0x8C, 0x90, 0x7B, 0xEF, 0x7B, 0xF1, 0x73, 0xF1, 0x7C,
    0x33, 0x94, 0x93, 0xBD, 0x34, 0xB4, 0xF2, 0x8C, 0x73, 0x7C, 0x33, 0x7C, 0x14, 0x63, 0x92, 0x52,
    0xEF, 0x63, 0x2E, 0x8C, 0x10, 0x9C, 0x2F, 0x8B, 0xEF, 0x63, 0x0D, 0x63, 0x0E, 0x8C, 0x95, 0x94,
    0xB5, 0x83, 0xF1, 0x6A, 0xED, 0x52, 0xCE, 0x52, 0xCE, 0x52, 0xCE, 0x52, 0xAE, 0x4A, 0xAE, 0x4A,
    0x8D, 0x42, 0x6D, 0x42, 0x8D, 0x42, 0x8D, 0x42, 0x6E, 0x42, 0x6D, 0x4A, 0x6C, 0x52, 0xEC, 0x6B,
    0xCF, 0x5A, 0xED, 0x42, 0x09, 0x8B, 0xED, 0xB5, 0x10, 0x83, 0xAB, 0x6B, 0x0D, 0x5A, 0xAD, 0x42,
    0x2A, 0x7B, 0xAF, 0x83, 0xAF, 0x63, 0x0D, 0x6B, 0xB1, 0x63, 0xB1, 0x63, 0x91, 0x73, 0x8F, 0x8C,
    0x51, 0x8C, 0x2F, 0x73, 0x4C, 0x5A, 0xAB, 0x5B, 0x2F, 0x5B, 0x2E, 0x6B, 0xB0, 0x6B, 0xB1, 0x5B,
    0x0E, 0x5B, 0x2E, 0xFF, 0x97, 0xFF, 0xFF, 0x97, 0xFF, 0xB8, 0xFF, 0x97, 0xFF, 0x76, 0xFF, 0x55,
    0xFF, 0x34, 0xFF, 0x13, 0xFE, 0xF3, 0xFF, 0x56, 0xFF, 0x35, 0xFE, 0xD5, 0xFF, 0x38, 0xFF, 0x59,
    0xFF, 0x39, 0xFF, 0x17, 0xFF, 0x57, 0xFF, 0x78, 0xFF, 0x58, 0xF7, 0x16, 0xFF, 0x35, 0xFF, 0x35,
    0xFF, 0x15, 0xF7, 0x37, 0xFF, 0x38, 0xFF, 0x39, 0xEE, 0xB6, 0xEE, 0x54, 0xED, 0xF1, 0xEE, 0x55,
    0xEE, 0x55, 0xE5, 0xD3, 0xE5, 0xB3, 0xED, 0xF4, 0xED, 0xD4, 0xE5, 0x52, 0xD5, 0x13, 0xDD, 0x54,
    0xDD, 0x74, 0xE5, 0xD5, 0xEE, 0x56, 0xEE, 0x36, 0xEE, 0x35, 0xE6, 0x56, 0xEE, 0x97, 0xE6, 0x35,
    0xE5, 0xF5, 0xE5, 0x94, 0xD5, 0x53, 0xCC, 0xF2, 0xCC, 0xF2, 0xD5, 0x33, 0xD5, 0x54, 0xD5, 0x54,
    0xD5, 0x54, 0xD5, 0x54, 0xCD, 0x33, 0xBD, 0x13, 0xBC, 0xF3, 0xBC, 0xD3, 0xB4, 0x93, 0xB4, 0x93,
    0xAC, 0x73, 0x9B, 0xF1, 0x9B, 0xF1, 0xFF, 0x9B, 0xF0, 0x9B, 0xD0, 0x93, 0xD0, 0x9B, 0xD0, 0x9B,
    0xF1, 0xA4, 0x72, 0x8B, 0xF0, 0x7B, 0x2D, 0x73, 0x0C, 0x7B, 0x4D, 0x7B, 0x6D, 0x83, 0x8E, 0x7B,
    0x8F, 0x7B, 0x6F, 0x7B, 0x6F, 0x83, 0x8F, 0x83, 0xD0, 0x8B, 0xF0, 0x8C, 0x11, 0x8C, 0x10, 0x8C,
    0x10, 0x8C, 0x10, 0x8C, 0x10, 0x8C, 0x10, 0x8C, 0x10, 0x8C, 0x11, 0x94, 0x11, 0x94, 0x11, 0x94,
    0x11, 0x94, 0x31, 0x94, 0x31, 0x94, 0x31, 0x94, 0x51, 0x9C, 0x72, 0xA4, 0x92, 0xAC, 0xD3, 0xAC,
    0xD3, 0xB4, 0xF4, 0x94, 0x10, 0x93, 0x0B, 0xB3, 0xCF, 0x69, 0xA7, 0x69, 0xC8, 0x61, 0xA8, 0x61,
    0x88, 0x59, 0x88, 0x51, 0x88, 0x51, 0x88, 0x51, 0x88, 0x51, 0x68, 0x51, 0x68, 0x51, 0x68, 0x49,
    0x88, 0x49, 0x89, 0x49, 0x89, 0x49, 0x89, 0x49, 0x89, 0x49, 0x89, 0x49, 0x89, 0x41, 0x89, 0x39,
    0xAA, 0x39, 0xAA, 0x39, 0xAA, 0x39, 0xAA, 0xF2, 0x39, 0xAA, 0x39, 0xAA, 0x39, 0xAA, 0x39, 0xAA,
    0x39, 0xAA, 0x39, 0xAA, 0x39, 0xAA, 0x39, 0xAA, 0x39, 0xAA, 0x39, 0xCB, 0x39, 0xCB, 0x39, 0xCB,
    0x39, 0xCB, 0x41, 0xCB, 0x41, 0xCB, 0x41, 0xEB, 0x3A, 0x0C, 0x39, 0xEB, 0x52, 0x0B, 0x5A, 0x2B,
    0xAC, 0xD4, 0xE6, 0xDB, 0xCE, 0x17, 0xD6, 0x38, 0xE6, 0x77, 0xFF, 0x37, 0xFF, 0x99, 0xD6, 0x56,
    0xC6, 0x19, 0xDF, 0x1E, 0xD6, 0xDB, 0xEF, 0x7D, 0xF7, 0x7B, 0xD6, 0x35, 0xFF, 0x37, 0xFF, 0x57,
    0xF7, 0x17, 0xEF, 0x3C, 0xEF, 0x3E, 0xBE, 0x19, 0xBE, 0x38, 0xA5, 0x95, 0xB5, 0xF9, 0xDF, 0x1C,
    0xE7, 0x3B, 0xC5, 0xD4, 0xD6, 0x35, 0xE6, 0xB7, 0xE6, 0xB7, 0xC6, 0x15, 0xE7, 0x5B, 0xE7, 0x5B,
    0xCE, 0x98, 0xE7, 0x5B, 0xC6, 0x16, 0xAD, 0x53, 0xB5, 0x53, 0xBD, 0x02, 0xD6, 0x8E, 0xDB, 0xA5,
    0x75, 0x84, 0x72, 0x84, 0x71, 0xAD, 0x74, 0xAD, 0x54, 0xB5, 0x94, 0xD6, 0x98, 0x02, 0xB5, 0xFF,
    0x9D, 0x13, 0xB5, 0xF7, 0xB5, 0xF7, 0x95, 0x13, 0x8D, 0x13, 0x84, 0xF3, 0x84, 0xF5, 0x9D, 0xB9,
    0x7C, 0x74, 0x63, 0x6F, 0x6B, 0xB1, 0x6B, 0x91, 0xAD, 0xBA, 0xC6, 0x7C, 0x73, 0xF2, 0x94, 0xD6,
    0xB5, 0xFA, 0x7C, 0x33, 0x63, 0x72, 0x5B, 0x11, 0x7B, 0xF3, 0xD6, 0xBB, 0x8C, 0x72, 0x6B, 0x50,
    0x74, 0x75, 0x63, 0xF3, 0x53, 0x51, 0x7C, 0x75, 0x6B, 0xF3, 0x63, 0x72, 0x5B, 0x51, 0x63, 0xB3,
    0x6C, 0x35, 0x63, 0xF4, 0x53, 0x51, 0x6B, 0x71, 0x6B, 0x2F, 0x6B, 0x4F, 0x63, 0x71, 0x73, 0xB3,
    0x5B, 0x30, 0x63, 0x4F, 0x63, 0x70, 0x6B, 0x71, 0x6B, 0xB2, 0x73, 0xD4, 0x73, 0xB1, 0x9C, 0xB2,
    0x9C, 0xD3, 0x84, 0x10, 0x9C, 0xB2, 0xB5, 0x32, 0x8B, 0xF0, 0x8C, 0x96, 0x84, 0xB5, 0x7C, 0xB3,
    0x84, 0xD5, 0x95, 0x17, 0x9D, 0x14, 0x94, 0xB2, 0x94, 0xF2, 0xAD, 0x95, 0x94, 0xD3, 0x8C, 0x53,
    0x97, 0x8C, 0x74, 0x8C, 0x74, 0x8C, 0xB5, 0xA4, 0xF5, 0xB5, 0x35, 0xA4, 0xB3, 0x6B, 0xD1, 0x63,
    0x91, 0x6B, 0xD2, 0x74, 0x14, 0x6B, 0xF3, 0x7C, 0x32, 0x02, 0x94, 0xFF, 0x9C, 0x73, 0x94, 0x52,
    0x7B, 0xD1, 0x7C, 0x33, 0x8C, 0xF7, 0x84, 0x55, 0x7B, 0xF2, 0x73, 0x4F, 0x52, 0xCE, 0x52, 0xCE,
    0x4A, 0xAE, 0x4A, 0x8E, 0x4A, 0xAE, 0x4A, 0x8D, 0x42, 0x6D, 0x42, 0x8D, 0x42, 0x6D, 0x42, 0x4D,
    0x42, 0x4D, 0x42, 0x4D, 0x4A, 0xAC, 0x4A, 0xED, 0x3A, 0x6A, 0x5A, 0xED, 0xC5, 0xF7, 0xBD, 0x94,
    0x7B, 0xAD, 0x52, 0x8C, 0x42, 0x4C, 0x42, 0x6C, 0x73, 0x6F, 0x7B, 0xAF, 0x84, 0x11, 0x84, 0x74,
    0x7C, 0x74, 0x6B, 0xD2, 0x73, 0xB0, 0x8C, 0x50, 0xA4, 0xF1, 0x94, 0x90, 0x84, 0x10, 0x84, 0x73,
    0x6B, 0xB0, 0x63, 0x6F, 0x5B, 0x2F, 0x52, 0xEE, 0x5B, 0x0F, 0xFF, 0x77, 0xFF, 0x77, 0xFF, 0x75,
    0xFF, 0x55, 0xFF, 0x34, 0xFF, 0x34, 0xFF, 0x33, 0xFF, 0x13, 0xFE, 0xF3, 0xFF, 0x56, 0xFE, 0xD3,
    0xF6, 0xB4, 0xFF, 0x59, 0xFF, 0xBB, 0xF7, 0x39, 0xEE, 0xB6, 0xF6, 0xD7, 0xFF, 0xFF, 0x5A, 0xFF,
    0x5A, 0xFE, 0xD7, 0xFE, 0xF6, 0xFE, 0xF4, 0xFE, 0xD5, 0xFF, 0x19, 0xFF, 0x3A, 0xF6, 0xF9, 0xE6,
    0x36, 0xEE, 0x14, 0xF5, 0xF3, 0xEE, 0x16, 0xE5, 0xD6, 0xE5, 0xB5, 0xED, 0xB6, 0xED, 0xB6, 0xF5,
    0x96, 0xED, 0x95, 0xED, 0xF8, 0xED, 0xF7, 0xED, 0xF7, 0xEE, 0x17, 0xF6, 0x36, 0xF6, 0x56, 0xF6,
    0x76, 0xE6, 0x36, 0xE6, 0x36, 0xE5, 0xF5, 0xD5, 0x53, 0xCD, 0x12, 0xC4, 0xD1, 0xBC, 0x4F, 0xB4,
    0x2F, 0xB4, 0x2F, 0xB4, 0x2F, 0xB4, 0x2F, 0xB4, 0x4F, 0xB4, 0x4F, 0xBC, 0x6F, 0xBC, 0x70, 0xBC,
    0x70, 0xB4, 0x50, 0xB4, 0x30, 0xAC, 0x10, 0xAB, 0xF0, 0xAC, 0x50, 0xA4, 0x30, 0x9C, 0x0F, 0x9B,
    0xEF, 0x93, 0xCE, 0x93, 0xCE, 0x93, 0xAE, 0x8B, 0xB0, 0xA4, 0x73, 0xB4, 0xF4, 0xA4, 0x73, 0x7B,
    0x4E, 0x7B, 0x2E, 0x83, 0x8F, 0x7B, 0x4F, 0x7B, 0x4F, 0x7B, 0x4F, 0x73, 0x2E, 0xFF, 0x73, 0x2E,
    0x73, 0x2E, 0x73, 0x2E, 0x73, 0x4D, 0x73, 0x4D, 0x73, 0x4D, 0x73, 0x4D, 0x73, 0x4D, 0x73, 0x4D,
    0x73, 0x4E, 0x73, 0x4E, 0x73, 0x4E, 0x73, 0x4E, 0x7B, 0x6F, 0x7B, 0x6F, 0x7B, 0x6F, 0x7B, 0x6F,
    0x83, 0x8F, 0x8B, 0xD0, 0x8B, 0xF0, 0x8B, 0xD0, 0x94, 0x11, 0x73, 0x2D, 0xAB, 0xAE, 0x9B, 0x2C,
    0x71, 0xC7, 0x69, 0xC7, 0x61, 0xA8, 0x61, 0x88, 0x59, 0x88, 0x51, 0x88, 0x51, 0x88, 0x51, 0x88,
    0x51, 0x68, 0x51, 0x68, 0x51, 0x67, 0x49, 0x88, 0x49, 0x89, 0x49, 0x89, 0x49, 0x89, 0x49, 0x89,
    0x49, 0x89, 0x49, 0x89, 0x41, 0x89, 0x39, 0xAA, 0x39, 0xAA, 0x39, 0xAA, 0x39, 0xAA, 0x39, 0xAA,
    0x39, 0xAA, 0x39, 0xAA, 0x39, 0xAA, 0x39, 0xAA, 0x39, 0xAA, 0x39, 0xAA, 0x39, 0xAA, 0x39, 0xAA,
    0x39, 0xCB, 0x39, 0xCB, 0x39, 0xCB, 0x39, 0xCB, 0x41, 0xCB, 0x41, 0xCB, 0x41, 0xEB, 0xFF, 0x3A,
    0x0C, 0x39, 0xEB, 0x52, 0x0B, 0x5A, 0x4B, 0x73, 0x2D, 0xC5, 0xD7, 0xAC, 0xF3, 0x9C, 0x30, 0xD5,
    0xD4, 0xFF, 0x57, 0xF7, 0x16, 0xBD, 0x72, 0x94, 0x73, 0xA5, 0x56, 0x9D, 0x34, 0xCE, 0x78, 0xCE,
    0x56, 0xA4, 0xAE, 0xEE, 0x95, 0xF6, 0xF5, 0xEE, 0xD6, 0xFF, 0xDE, 0xD6, 0xBD, 0x9D, 0x57, 0xAE,
    0x18, 0x84, 0xB2, 0x9D, 0x16, 0xE7, 0x5D, 0xEF, 0x7C, 0xB5, 0x51, 0xCD, 0xB2, 0xFF, 0x18, 0xEE,
    0xD7, 0xBD, 0x93, 0xB6, 0x16, 0xCE, 0xB9, 0xC6, 0x98, 0xCE, 0x98, 0xBD, 0xD5, 0xA5, 0x33, 0xA4,
    0xF3, 0x9D, 0x15, 0xC6, 0x3A, 0x9D, 0x36, 0xA5, 0x56, 0xA5, 0x56, 0xCE, 0x5A, 0xCE, 0x38, 0xCE,
    0x56, 0xE6, 0xD9, 0xC6, 0x37, 0xC6, 0x37, 0xCE, 0x79, 0xCE, 0x79, 0xB5, 0xD5, 0xAD, 0xD5, 0x9D,
    0xD6, 0x9D, 0xB7, 0xA5, 0xD9, 0x95, 0x37, 0x94, 0xD6, 0x8C, 0x74, 0x84, 0x53, 0x94, 0xF6, 0xFF,
    0xB5, 0xD9, 0x9C, 0xF6, 0xAD, 0x78, 0xAD, 0xB9, 0x8C, 0xD6, 0x84, 0x56, 0x73, 0xD4, 0x7B, 0xF2,
    0x94, 0x92, 0x73, 0x8F, 0x6B, 0x2F, 0x64, 0x13, 0x63, 0xF3, 0x63, 0xB2, 0x63, 0xB2, 0x5B, 0x51,
    0x5B, 0x31, 0x63, 0x72, 0x6B, 0xB3, 0x6B, 0xF4, 0x6C, 0x16, 0x74, 0x36, 0x84, 0x75, 0x8C, 0x34,
    0x7B, 0xF2, 0x73, 0x91, 0x84, 0x13, 0x73, 0xB1, 0x73, 0x91, 0x7B, 0xD2, 0x84, 0x13, 0x9D, 0x18,
    0x94, 0x98, 0x9C, 0x96, 0xEE, 0xFA, 0xDE, 0x58, 0x7B, 0x6F, 0xC5, 0xF5, 0xE6, 0x98, 0x94, 0x31,
    0x5B, 0x10, 0x53, 0x10, 0x9D, 0xD9, 0xA5, 0xFB, 0x6B, 0xF4, 0x63, 0x50, 0x5B, 0x2F, 0x5B, 0x2E,
    0x63, 0x6F, 0x63, 0x30, 0x5A, 0xF1, 0x5B, 0x10, 0x5B, 0x0E, 0x63, 0x0F, 0x6B, 0x2F, 0x62, 0xEE,
    0x63, 0x2F, 0x63, 0xB1, 0x6B, 0xB2, 0x7B, 0xF3, 0x8C, 0xB6, 0x84, 0xD6, 0x8C, 0xB6, 0x94, 0xB6,
    0x82, 0x9C, 0x76, 0x9C, 0x03, 0x94, 0x80, 0x84, 0x02, 0x74, 0xFF, 0x34, 0x73, 0xF3, 0x73, 0xD2,
    0x73, 0x90, 0x63, 0x70, 0x63, 0x30, 0x52, 0xEF, 0x52, 0xAE, 0x4A, 0xAE, 0x4A, 0x8D, 0x42, 0x6D,
    0x42, 0x8D, 0x4A, 0x6D, 0x4A, 0x4D, 0x5A, 0xCF, 0x52, 0xEF, 0x4A, 0xCE, 0x3A, 0xCC, 0x42, 0xEC,
    0x42, 0xAB, 0x63, 0x2D, 0x73, 0x6F, 0x62, 0xED, 0x63, 0x4F, 0x4A, 0xEF, 0x5B, 0x91, 0x73, 0xD1,
    0x8C, 0x32, 0x73, 0xB0, 0x6B, 0xB1, 0x84, 0x95, 0x6B, 0xF2, 0x84, 0x31, 0x83, 0xEF, 0xB5, 0x52,
    0x9C, 0xD0, 0x94, 0x91, 0x84, 0x74, 0x7C, 0x52, 0x63, 0x6F, 0x5B, 0x2F, 0x5B, 0x30, 0x63, 0x71,
    0xFF, 0x56, 0xFF, 0x57, 0xFF, 0x55, 0xFF, 0x35, 0xF7, 0x14, 0xFF, 0x14, 0xFF, 0x34, 0xFE, 0xF3,
    0xFE, 0xF3, 0xFF, 0x56, 0xF6, 0x93, 0xF6, 0x94, 0xFF, 0x59, 0xFF, 0xDC, 0xF7, 0x39, 0xEE, 0x96,
    0xEE, 0x97, 0xFF, 0x5A, 0xFF, 0x5A, 0xF6, 0xD8, 0xF6, 0xD7, 0xFE, 0x8B, 0xD6, 0xF6, 0xD6, 0xFF,
    0x5B, 0xFF, 0x7C, 0xFE, 0xFA, 0xE6, 0x16, 0xED, 0x02, 0xF5, 0xFF, 0xD4, 0xF5, 0xF6, 0xE5, 0x95,
    0xED, 0x95, 0xED, 0x75, 0xDD, 0x13, 0xD4, 0xB2, 0xD4, 0x92, 0xC4, 0x92, 0xC4, 0x91, 0xBC, 0x71,
    0xBC, 0x70, 0xC4, 0x90, 0xC4, 0xB0, 0xCC, 0xD0, 0xC5, 0x11, 0xC4, 0xF0, 0xBC, 0xD0, 0xBC, 0xB0,
    0xBC, 0x8F, 0xBC, 0x6F, 0xBC, 0x6F, 0xC4, 0x71, 0xBC, 0x70, 0xBC, 0x70, 0xB4, 0x50, 0xB4, 0x50,
    0xB4, 0x50, 0xB4, 0x4F, 0xB4, 0x4F, 0xB4, 0x4F, 0xB4, 0x2F, 0xB4, 0x50, 0xB4, 0x30, 0xB4, 0x10,
    0x9C, 0x0F, 0x93, 0xEE, 0x8B, 0xAD, 0x93, 0xAD, 0x9B, 0xEE, 0x93, 0xCE, 0x8B, 0x8D, 0x93, 0xF0,
    0x8B, 0xB0, 0x9C, 0x32, 0xA4, 0x93, 0x8B, 0xB0, 0x7B, 0x4E, 0x83, 0xB0, 0x73, 0x4F, 0x73, 0x4F,
    0x73, 0x4F, 0x7B, 0x6F, 0x7B, 0x6F, 0x7B, 0x6F, 0x7B, 0x4F, 0x7B, 0x6E, 0x7B, 0x6E, 0x7B, 0x6E,
    0x7B, 0x6E, 0x7B, 0x6E, 0x7B, 0x6E, 0x7B, 0x6E, 0x7B, 0x6F, 0x7B, 0xFF, 0x6F, 0x7B, 0x6F, 0x83,
    0xB0, 0x83, 0xB0, 0x83, 0xB0, 0x83, 0x90, 0x83, 0xD0, 0x8B, 0xF1, 0x8C, 0x31, 0x8B, 0xF0, 0x94,
    0x31, 0x7B, 0x2D, 0xB4, 0x10, 0x9A, 0xEC, 0x69, 0xC8, 0x69, 0xA8, 0x61, 0xC8, 0x59, 0xA9, 0x59,
    0x89, 0x51, 0x88, 0x51, 0x88, 0x51, 0x88, 0x51, 0x68, 0x51, 0x68, 0x49, 0x88, 0x49, 0x88, 0x41,
    0x89, 0x41, 0x89, 0x41, 0x89, 0x41, 0x89, 0x41, 0x89, 0x41, 0x89, 0x41, 0xA9, 0x39, 0xAA, 0x39,
    0xAA, 0x39, 0xAA, 0x39, 0xAA, 0x39, 0xAA, 0x39, 0xAA, 0x39, 0xAA, 0x39, 0xAA, 0x39, 0xAA, 0x39,
    0xAA, 0x39, 0xAA, 0x39, 0xAA, 0x39, 0xAA, 0x39, 0xCB, 0x39, 0xCB, 0x39, 0xCB, 0x39, 0xCB, 0x41,
    0xCB, 0x41, 0xEB, 0x41, 0xEB, 0x3A, 0x0C, 0x39, 0xEB, 0x4A, 0x0B, 0x5A, 0x4C, 0x5A, 0x4A, 0x83,
    0xEF, 0x9C, 0x92, 0x9C, 0x50, 0xD5, 0xF5, 0xFF, 0x37, 0xF7, 0x17, 0xA4, 0xFF, 0xD0, 0x83, 0xD1,
    0x9C, 0xD4, 0x8C, 0xB2, 0xBD, 0xF6, 0xB5, 0x93, 0xB5, 0x51, 0xFF, 0x57, 0xEE, 0xB4, 0xCD, 0xF2,
    0xFF, 0xBE, 0xCE, 0x7B, 0x95, 0x16, 0xC6, 0xFC, 0x8D, 0x15, 0x9D, 0x57, 0xE7, 0x5D, 0xF7, 0x7C,
    0xB5, 0x10, 0xC5, 0x92, 0xFF, 0x59, 0xEE, 0xF8, 0xB5, 0x73, 0xB5, 0xF6, 0xDF, 0x3C, 0xE7, 0x7D,
    0xCE, 0x99, 0xA5, 0x34, 0x94, 0x92, 0x8C, 0x71, 0x84, 0x54, 0xAD, 0x98, 0x8C, 0xB4, 0x9C, 0xF6,
    0x9C, 0xF5, 0xBE, 0x19, 0xBD, 0xF7, 0xC5, 0xD5, 0xCE, 0x57, 0xBD, 0xB5, 0xBD, 0xF6, 0xBD, 0xF7,
    0xBE, 0x17, 0xAD, 0x95, 0xAD, 0xD5, 0xA5, 0xD6, 0x9D, 0xB7, 0x95, 0x58, 0x84, 0xB5, 0x84, 0x75,
    0x94, 0xB6, 0x94, 0xB5, 0x94, 0xF6, 0xAD, 0x98, 0x94, 0xB5, 0xA5, 0x58, 0xAD, 0x78, 0xA5, 0x79,
    0x9D, 0x39, 0x8C, 0xB7, 0x94, 0xD6, 0x9D, 0x15, 0x8C, 0x53, 0x84, 0x13, 0x6C, 0xBC, 0x14, 0x6C,
    0x14, 0x74, 0x14, 0x7C, 0x55, 0x74, 0x14, 0x7C, 0x14, 0x7C, 0x35, 0x73, 0xD4, 0x74, 0x15, 0x7C,
    0x57, 0x6B, 0xD4, 0x7C, 0x14, 0x7B, 0xF3, 0x7B, 0xD2, 0x7B, 0xF3, 0x94, 0x95, 0x84, 0x14, 0x8C,
    0x74, 0x8C, 0x54, 0x84, 0x34, 0x5B, 0x0F, 0x63, 0x11, 0x6B, 0x30, 0xBD, 0x75, 0xCE, 0x18, 0x83,
    0xD0, 0x8C, 0x30, 0xC5, 0xD6, 0x7B, 0x8F, 0x5B, 0x30, 0x53, 0x0F, 0x02, 0x74, 0xFF, 0x7C, 0x95,
    0x53, 0x11, 0x5B, 0x10, 0x53, 0x0F, 0x52, 0xEF, 0x53, 0x0F, 0x52, 0xF0, 0x5A, 0xF1, 0x52, 0xF0,
    0x4A, 0xCE, 0x52, 0xCE, 0x5A, 0xAE, 0x62, 0xEF, 0x5B, 0x10, 0x53, 0x0F, 0x52, 0xEF, 0x5B, 0x10,
    0x5B, 0x51, 0x53, 0x30, 0x4A, 0xEF, 0x52, 0xCF, 0x5A, 0xCF, 0x62, 0xEE, 0x73, 0xB1, 0x7C, 0x34,
    0x74, 0x34, 0x74, 0x14, 0x73, 0xD2, 0x6B, 0x90, 0x73, 0xF3, 0x6B, 0xB2, 0x63, 0x30, 0x52, 0xEF,
    0x4A, 0xAE, 0x4A, 0x8D, 0x42, 0x6D, 0x42, 0x8D, 0x42, 0x6D, 0x4A, 0x4D, 0x6B, 0x50, 0x63, 0x50,
    0x53, 0x0F, 0x32, 0x6C, 0x3A, 0xAB, 0x52, 0xED, 0x73, 0x90, 0x8C, 0x53, 0x9C, 0x94, 0x8C, 0x94,
    0x63, 0x71, 0x74, 0x14, 0x7C, 0x33, 0x94, 0xB5, 0x7B, 0xB1, 0x7B, 0xD2, 0x9D, 0x38, 0x84, 0x74,
    0x8C, 0x93, 0x7B, 0xCD, 0xBD, 0x72, 0xAD, 0x32, 0x9C, 0xF3, 0x8C, 0xB5, 0x7C, 0x12, 0x90, 0x73,
    0xD0, 0x6B, 0xB1, 0x63, 0x91, 0x6B, 0xD3, 0xFF, 0x58, 0xFF, 0x58, 0xFF, 0x78, 0xFF, 0x37, 0xFE,
    0x02, 0xF7, 0x82, 0x16, 0xFF, 0x57, 0x02, 0xF6, 0xFF, 0xFF, 0x58, 0xFF, 0x98, 0xEE, 0xD6, 0xEE,
    0xF7, 0xFF, 0x7A, 0xFF, 0xBB, 0xFF, 0x5A, 0xEE, 0xD8, 0xEE, 0x97, 0xFF, 0x7B, 0xFF, 0x5A, 0xF6,
    0xB8, 0xF6, 0xB8, 0xF6, 0xB8, 0xEE, 0xD8, 0xFF, 0x3B, 0xFF, 0x9D, 0xFE, 0xB9, 0xED, 0x96, 0xE5,
    0x35, 0xE4, 0xF4, 0xDC, 0xF1, 0xDC, 0xD1, 0xD4, 0x6F, 0xCC, 0x4F, 0xCC, 0x4F, 0xCC, 0x4F, 0xCC,
    0x4F, 0xC4, 0x4F, 0xC4, 0x2F, 0xBC, 0x2F, 0xBC, 0x0E, 0xBC, 0x2F, 0xBC, 0x2F, 0xBC, 0x2F, 0xBC,
    0x6E, 0xBC, 0x6E, 0xBC, 0x6E, 0xC4, 0x8F, 0xBC, 0x8F, 0xBC, 0x6E, 0xBC, 0x2F, 0xC4, 0x0F, 0xC4,
    0x30, 0xBC, 0x30, 0xBC, 0x50, 0xB4, 0x50, 0xB4, 0x50, 0xAC, 0x50, 0xAC, 0x50, 0xA4, 0x4F, 0xA4,
    0x2F, 0xA4, 0x2F, 0xA4, 0x0F, 0x9B, 0xEE, 0x93, 0xCE, 0x93, 0xEF, 0x93, 0xCF, 0x93, 0xEF, 0x93,
    0xCE, 0x8B, 0xAE, 0x83, 0x6D, 0x83, 0x4E, 0x83, 0x4E, 0xFF, 0x83, 0x4E, 0x83, 0x8F, 0x9C, 0x52,
    0x9C, 0x32, 0x8B, 0xB0, 0x73, 0x2E, 0x6B, 0x0E, 0x73, 0x4F, 0x73, 0x2E, 0x73, 0x2E, 0x73, 0x2E,
    0x73, 0x2F, 0x73, 0x4F, 0x73, 0x4F, 0x73, 0x4F, 0x73, 0x4F, 0x73, 0x4F, 0x73, 0x4F, 0x7B, 0x4E,
    0x7B, 0x6E, 0x7B, 0x6E, 0x7B, 0x6E, 0x7B, 0x6E, 0x7B, 0x6E, 0x7B, 0x8F, 0x83, 0x90, 0x8B, 0x90,
    0x83, 0xD0, 0x8C, 0x30, 0x83, 0xCF, 0x9C, 0x10, 0x83, 0x0C, 0xB3, 0xF0, 0x82, 0x4A, 0x69, 0xC8,
    0x61, 0xA8, 0x61, 0xC9, 0x59, 0x89, 0x51, 0x89, 0x51, 0x89, 0x51, 0x89, 0x49, 0x68, 0x49, 0x88,
    0x49, 0x88, 0x41, 0xA8, 0x41, 0xA8, 0x41, 0xA9, 0x41, 0xA9, 0x41, 0xA9, 0x41, 0xA9, 0x41, 0xA9,
    0x41, 0xA9, 0x39, 0xA9, 0x39, 0xAA, 0x39, 0xAA, 0x39, 0xAA, 0x39, 0xAA, 0x39, 0xAA, 0x39, 0xAA,
    0x39, 0xAA, 0x39, 0xAA, 0x39, 0xAA, 0x39, 0xAA, 0x39, 0xAA, 0xFF, 0x39, 0xAA, 0x39, 0xAA, 0x39,
    0xCB, 0x39, 0xCB, 0x39, 0xCB, 0x39, 0xCB, 0x41, 0xCB, 0x41, 0xCB, 0x41, 0xCB, 0x42, 0x0B, 0x41,
    0xEC, 0x41, 0xEC, 0x49, 0xEC, 0x62, 0x8D, 0x83, 0x6F, 0xA4, 0x53, 0xA4, 0x52, 0xB5, 0x13, 0xCE,
    0x35, 0xC5, 0xD4, 0x9C, 0xB1, 0x83, 0xF2, 0x8C, 0x74, 0x7C, 0x11, 0xAD, 0x75, 0xA5, 0x33, 0xB5,
    0x93, 0xEF, 0x18, 0xCD, 0xF2, 0xBD, 0x92, 0xE6, 0xD9, 0xAD, 0x34, 0xAD, 0x76, 0xD7, 0x5F, 0x8D,
    0x37, 0x84, 0xF7, 0xE7, 0x1D, 0xFF, 0xBD, 0x9C, 0xEF, 0xA5, 0x0F, 0xD6, 0xB6, 0xC5, 0xF6, 0x94,
    0x92, 0x9D, 0x36, 0xC6, 0x5B, 0xB5, 0xFA, 0xA5, 0x78, 0x8C, 0xB4, 0x7C, 0x32, 0x7C, 0x12, 0x7C,
    0x35, 0x84, 0xB6, 0x7C, 0x55, 0x7C, 0x73, 0x84, 0xB4, 0x9D, 0x56, 0xA5, 0x76, 0xA5, 0x35, 0xAD,
    0x55, 0xAD, 0x76, 0xA5, 0x35, 0xA5, 0x35, 0xA5, 0x35, 0x9D, 0x55, 0xFF, 0x95, 0x35, 0x8C, 0xF4,
    0x8C, 0xD4, 0x7C, 0x74, 0x7C, 0x34, 0x74, 0x13, 0x6B, 0xB3, 0x6B, 0xD3, 0x73, 0xF4, 0x74, 0x14,
    0x6B, 0xB3, 0x63, 0x71, 0x73, 0xF3, 0x63, 0x92, 0x7C, 0x34, 0x84, 0x96, 0x94, 0xF8, 0xA5, 0x7A,
    0xA5, 0x7A, 0x9D, 0x39, 0x9C, 0xF8, 0x9C, 0xF8, 0x9C, 0xF8, 0x9C, 0xF8, 0x9C, 0xF8, 0x9C, 0xF8,
    0x9D, 0x18, 0x95, 0x18, 0x95, 0x18, 0x95, 0x18, 0x8C, 0xD7, 0x84, 0x96, 0x7C, 0x55, 0x74, 0x34,
    0x6B, 0xD3, 0x63, 0x92, 0x5B, 0x71, 0x5B, 0x51, 0x5B, 0x31, 0x53, 0x10, 0x53, 0x2F, 0x4A, 0xCE,
    0x53, 0x0F, 0x74, 0x34, 0x7C, 0x34, 0x5B, 0x30, 0x63, 0xB1, 0x7C, 0x34, 0x5B, 0x71, 0x52, 0xEF,
    0x53, 0x0F, 0x6B, 0xD2, 0x6B, 0xD2, 0x53, 0x0F, 0x52, 0xF0, 0x52, 0xF0, 0x52, 0xF0, 0x52, 0xF0,
    0x52, 0xF0, 0x52, 0xF0, 0x4A, 0xEF, 0x4A, 0xCF, 0x4A, 0xCF, 0x4A, 0xCF, 0xFD, 0x52, 0xF0, 0x52,
    0xF0, 0x52, 0xF0, 0x52, 0xEF, 0x4A, 0xCF, 0x4A, 0xCF, 0x4A, 0xCF, 0x4A, 0xCF, 0x4A, 0xCF, 0x4A,
    0xCF, 0x4A, 0xCE, 0x52, 0xEF, 0x5B, 0x50, 0x6B, 0xD2, 0x74, 0x33, 0x7C, 0x34, 0x7C, 0x54, 0x84,
    0x54, 0x84, 0x55, 0x73, 0xF3, 0x6B, 0xB2, 0x63, 0x71, 0x52, 0xEF, 0x52, 0xCF, 0x42, 0x6E, 0x4A,
    0xAF, 0x4A, 0x8E, 0x6B, 0xAE, 0x8C, 0x71, 0x9C, 0xB5, 0x8C, 0x55, 0x94, 0xB5, 0x8C, 0x76, 0x8C,
    0x34, 0x7B, 0xB0, 0x94, 0x71, 0x83, 0x6F, 0x52, 0x4D, 0x63, 0x72, 0x6C, 0x14, 0x7C, 0x34, 0x62,
    0xCF, 0x83, 0x92, 0xAD, 0x58, 0x95, 0x17, 0x74, 0x12, 0x6B, 0x6D, 0xBD, 0x52, 0xA5, 0x11, 0xAD,
    0x96, 0x8C, 0xD7, 0x94, 0xF6, 0x9C, 0xF3, 0x94, 0x72, 0xA5, 0x9A, 0x8D, 0x5A, 0xFF, 0x37, 0xFF,
    0x17, 0xFF, 0x57, 0xFF, 0x57, 0xFF, 0x37, 0xFF, 0x57, 0xFF, 0x98, 0x02, 0xF6, 0x83, 0xFF, 0x37,
    0xFF, 0x77, 0x02, 0xF6, 0xFF, 0xFF, 0x38, 0xFF, 0x59, 0xFF, 0x59, 0xFF, 0x19, 0xF6, 0xD8, 0xEE,
    0x97, 0xFF, 0x5A, 0xFF, 0x19, 0xFE, 0xF8, 0xEE, 0x35, 0xDD, 0xB3, 0xCD, 0x53, 0xDD, 0xF6, 0xFE,
    0xDA, 0xEE, 0x37, 0xCC, 0x92, 0xCC, 0x71, 0xCC, 0x30, 0xCC, 0x70, 0xCC, 0x6F, 0xCC, 0x4F, 0xCC,
    0x4F, 0xCC, 0x4F, 0xCC, 0x4F, 0xCC, 0x4F, 0xC4, 0x4F, 0xC4, 0x2F, 0xBC, 0x2F, 0xBC, 0x0E, 0xBC,
    0x2F, 0xBC, 0x2E, 0xBC, 0x2F, 0xB4, 0x4E, 0xB4, 0x2E, 0xB4, 0x2E, 0xBC, 0x4F, 0xB4, 0x4F, 0xB4,
    0x2E, 0xB4, 0x0F, 0xB3, 0xEF, 0xAB, 0xCE, 0xAB, 0xCE, 0xA3, 0xAE, 0xA3, 0xEE, 0xA4, 0x0F, 0xA4,
    0x0F, 0x9B, 0xEF, 0x9B, 0xEF, 0x93, 0xCE, 0x9B, 0xEF, 0x93, 0xAE, 0x8B, 0x8D, 0x7B, 0x4C, 0x7B,
    0x4D, 0x7B, 0x4D, 0x83, 0x6D, 0x83, 0x6D, 0x83, 0x6D, 0x83, 0x6D, 0x7B, 0x4E, 0x7B, 0x6E, 0x7B,
    0x4E, 0x7B, 0x2E, 0x83, 0x8F, 0xFF, 0x8B, 0xD0, 0x93, 0xF1, 0xA4, 0xD5, 0x9C, 0x94, 0x8C, 0x32,
    0x7B, 0x90, 0x7B, 0x6F, 0x73, 0x4F, 0x73, 0x4F, 0x73, 0x4F, 0x73, 0x4F, 0x73, 0x4F, 0x73, 0x4F,
    0x73, 0x4F, 0x73, 0x4F, 0x73, 0x6E, 0x7B, 0x6E, 0x7B, 0x6E, 0x7B, 0x6E, 0x73, 0x6E, 0x7B, 0x8F,
    0x7B, 0x8F, 0x83, 0x90, 0x83, 0xB0, 0x83, 0xF0, 0x84, 0x10, 0x83, 0xCF, 0x93, 0xEF, 0x93, 0x6D,
    0x9B, 0x2D, 0x7A, 0x09, 0x69, 0xC8, 0x61, 0x88, 0x61, 0xC9, 0x59, 0x89, 0x51, 0x89, 0x51, 0x89,
    0x51, 0x89, 0x49, 0x68, 0x49, 0x88, 0x49, 0x88, 0x41, 0x88, 0x41, 0xA8, 0x41, 0xA9, 0x41, 0xA9,
    0x41, 0xA9, 0x41, 0xA9, 0x41, 0xA9, 0x41, 0xA9, 0x39, 0xA9, 0x39, 0xAA, 0x39, 0xAA, 0x39, 0xAA,
    0x39, 0xAA, 0x39, 0xAA, 0x39, 0xAA, 0x39, 0xAA, 0x39, 0xAA, 0x39, 0xAA, 0x39, 0xAA, 0x39, 0xAA,
    0x39, 0xAA, 0x39, 0xAA, 0x39, 0xCB, 0xBE, 0x39, 0xCB, 0x39, 0xCB, 0x39, 0xCB, 0x41, 0xCB, 0x41,
    0xCB, 0x41, 0xCB, 0x42, 0x0B, 0x41, 0xEC, 0x41, 0xEC, 0x49, 0xEC, 0x62, 0x8D, 0x6A, 0xAD, 0xA4,
    0x93, 0xA4, 0x72, 0xAC, 0xD2, 0xB5, 0x53, 0xA5, 0x32, 0x8C, 0x71, 0x83, 0xF2, 0x84, 0x33, 0x73,
    0xF1, 0x8C, 0x52, 0x84, 0x31, 0x8C, 0x50, 0xB5, 0x74, 0x94, 0x70, 0x94, 0x70, 0xAD, 0x55, 0x8C,
    0x72, 0x84, 0x73, 0xAD, 0xD9, 0x7C, 0x02, 0x74, 0xFF, 0x75, 0xC6, 0x3B, 0xD6, 0x9B, 0x84, 0x4F,
    0x84, 0x4F, 0xAD, 0x94, 0xA4, 0xF5, 0x84, 0x12, 0x7C, 0x14, 0x94, 0xD7, 0x8C, 0xB6, 0x7C, 0x34,
    0x73, 0xD3, 0x73, 0xD3, 0x73, 0xD3, 0x6B, 0xD3, 0x73, 0xF3, 0x6B, 0xD2, 0x6B, 0xF2, 0x74, 0x33,
    0x84, 0xB4, 0x8C, 0xB4, 0x8C, 0x93, 0x8C, 0x93, 0x94, 0xB3, 0x9C, 0xF4, 0x9C, 0xF4, 0x9C, 0xF4,
    0x94, 0xF4, 0x84, 0xB3, 0x7C, 0x73, 0x7C, 0x53, 0x6B, 0xF2, 0x6B, 0xB2, 0x63, 0x92, 0x63, 0xB2,
    0x63, 0x92, 0x63, 0x92, 0x63, 0x92, 0x63, 0x71, 0x5B, 0x51, 0x63, 0x72, 0x5B, 0x71, 0x5B, 0x51,
    0x5B, 0x51, 0x53, 0x30, 0x5B, 0x31, 0x5B, 0x31, 0x52, 0xF0, 0x5B, 0x10, 0x5B, 0x10, 0x5B, 0x10,
    0x5B, 0x10, 0x5B, 0x10, 0x5B, 0x10, 0x5B, 0x10, 0x5B, 0x30, 0x5B, 0x30, 0x5B, 0x30, 0x53, 0x10,
    0x52, 0xF0, 0x52, 0xF0, 0x53, 0x10, 0x5B, 0x31, 0x53, 0xFB, 0x30, 0x53, 0x10, 0x53, 0x10, 0x52,
    0xEF, 0x4A, 0xCF, 0x53, 0x30, 0x53, 0x0F, 0x5B, 0x30, 0x6B, 0xB2, 0x6B, 0xD2, 0x5B, 0x30, 0x5B,
    0x71, 0x6B, 0xD2, 0x5B, 0x70, 0x52, 0xEF, 0x52, 0xEF, 0x5B, 0x70, 0x5B, 0x70, 0x53, 0x0F, 0x52,
    0xF0, 0x52, 0xF0, 0x52, 0xF0, 0x52, 0xF0, 0x52, 0xF0, 0x52, 0xF0, 0x52, 0xF0, 0x52, 0xF0, 0x52,
    0xF0, 0x52, 0xF0, 0x52, 0xF0, 0x52, 0xF0, 0x52, 0xF0, 0x52, 0xEF, 0x4A, 0xCF, 0x4A, 0xCF, 0x4A,
    0xCF, 0x4A, 0xCF, 0x4A, 0xCF, 0x4A, 0xCF, 0x4A, 0xEE, 0x4A, 0xCE, 0x4A, 0xCE, 0x4A, 0xAE, 0x4A,
    0xCE, 0x4A, 0xEF, 0x53, 0x0F, 0x52, 0xCE, 0x5B, 0x30, 0x84, 0x54, 0x8C, 0x95, 0x84, 0x75, 0x73,
    0xD2, 0x63, 0x71, 0x6B, 0x72, 0x83, 0xF5, 0x94, 0x96, 0xCE, 0x37, 0xCE, 0x36, 0x9C, 0x91, 0x6B,
    0x4E, 0x4A, 0xCD, 0x4A, 0x8D, 0x4A, 0x02, 0x6B, 0xBD, 0x2C, 0xB5, 0x12, 0xA4, 0x71, 0x62, 0xAC,
    0x9D, 0x59, 0xB6, 0xBE, 0x9D, 0x99, 0x5A, 0xEF, 0xA5, 0x17, 0xCE, 0xDD, 0xBE, 0x9D, 0x7C, 0x33,
    0x5A, 0xEB, 0xCE, 0x15, 0xE6, 0xD9, 0xBE, 0x19, 0x95, 0x18, 0xCE, 0x7C, 0xD6, 0x99, 0x94, 0x92,
    0xA5, 0x38, 0xAE, 0x1C, 0xFE, 0xF6, 0xFE, 0xD5, 0xFF, 0x57, 0xFE, 0xF5, 0xF6, 0x94, 0xF6, 0xD5,
    0xFF, 0x56, 0xEE, 0x73, 0xFE, 0x94, 0xFE, 0x02, 0xF6, 0xFF, 0x94, 0xFF, 0x17, 0xFE, 0xF7, 0xFE,
    0xD7, 0xF6, 0x97, 0xEE, 0x56, 0xEE, 0x15, 0xFE, 0xD7, 0xFE, 0x76, 0xDD, 0x72, 0xCD, 0x11, 0xC4,
    0xAF, 0xBC, 0x90, 0xD5, 0x74, 0xEE, 0x36, 0xDD, 0x33, 0xCC, 0x70, 0xCC, 0x70, 0xD4, 0x50, 0xCC,
    0x4F, 0xCC, 0x4F, 0xCC, 0x6F, 0xCC, 0x4F, 0xCC, 0x4F, 0xCC, 0x4F, 0xCC, 0x4F, 0xC4, 0x4F, 0xC4,
    0x2F, 0xBC, 0x2F, 0xBC, 0x0E, 0xBC, 0x2F, 0xBC, 0x2F, 0xBC, 0x2F, 0xB4, 0x0E, 0xB4, 0x0E, 0xB4,
    0x0E, 0xB4, 0x2E, 0xB4, 0x0E, 0xB4, 0x0E, 0xAB, 0xEE, 0xAB, 0xCF, 0x9B, 0x8E, 0x93, 0x6D, 0x83,
    0x0B, 0x83, 0x2C, 0x8B, 0x8D, 0x8B, 0x8D, 0x83, 0x4C, 0x83, 0x4C, 0x7B, 0x2C, 0x83, 0x6D, 0x83,
    0x6D, 0x8B, 0x8D, 0x7B, 0x4D, 0x7B, 0x4D, 0x7B, 0x4D, 0x7B, 0x4D, 0x7B, 0x4D, 0x7B, 0x4D, 0x7B,
    0x4D, 0x7B, 0x6E, 0x7B, 0x6E, 0x7B, 0x6E, 0x73, 0x4E, 0x73, 0xFF, 0x2E, 0x73, 0x2E, 0x73, 0x4E,
    0x73, 0x6F, 0x8C, 0x32, 0x9C, 0xB4, 0x7B, 0xB0, 0x7B, 0x90, 0x73, 0x4F, 0x6B, 0x4E, 0x73, 0x4F,
    0x73, 0x4F, 0x73, 0x4F, 0x73, 0x4F, 0x73, 0x4F, 0x73, 0x4F, 0x73, 0x6F, 0x73, 0x6F, 0x73, 0x6F,
    0x73, 0x6F, 0x73, 0x6F, 0x73, 0x8F, 0x7B, 0xAF, 0x83, 0x90, 0x83, 0xB0, 0x83, 0xF0, 0x83, 0xEF,
    0x8B, 0xEF, 0x93, 0xCF, 0xA3, 0x8E, 0x8A, 0xAB, 0x71, 0xE8, 0x71, 0xE9, 0x61, 0xA8, 0x61, 0xC9,
    0x59, 0x89, 0x51, 0x89, 0x51, 0x89, 0x51, 0x89, 0x49, 0x68, 0x49, 0x88, 0x49, 0x88, 0x41, 0x88,
    0x41, 0xA8, 0x41, 0xA9, 0x41, 0xA9, 0x41, 0xA9, 0x41, 0xA9, 0x41, 0xA9, 0x41, 0xA9, 0x39, 0xA9,
    0x39, 0xAA, 0x39, 0xAA, 0x39, 0xAA, 0x39, 0xAA, 0x39, 0xAA, 0x39, 0xAA, 0x39, 0xAA, 0x39, 0xAA,
    0x39, 0xAA, 0x39, 0xAA, 0x39, 0xAA, 0x39, 0xAA, 0x39, 0xAA, 0x39, 0xFF, 0xCB, 0x39, 0xCB, 0x39,
    0xCB, 0x39, 0xCB, 0x41, 0xCB, 0x41, 0xCB, 0x41, 0xCB, 0x42, 0x0B, 0x41, 0xEC, 0x41, 0xEC, 0x41,
    0xCC, 0x62, 0x6D, 0x62, 0x4B, 0xAC, 0xB3, 0x9C, 0x73, 0xA4, 0x92, 0x9C, 0xD1, 0x94, 0xB1, 0x8C,
    0x51, 0x7C, 0x12, 0x84, 0x14, 0x84, 0x34, 0x84, 0x13, 0x7C, 0x12, 0x84, 0x32, 0xA5, 0x35, 0x8C,
    0x51, 0x8C, 0x71, 0x9C, 0xD4, 0x8C, 0x73, 0x84, 0x32, 0x9D, 0x37, 0x7C, 0x74, 0x7C, 0x75, 0xA5,
    0x18, 0xBD, 0xB9, 0x84, 0x10, 0x84, 0x30, 0x9C, 0xF4, 0x94, 0x95, 0x84, 0x14, 0x7B, 0xF4, 0x84,
    0x76, 0x8C, 0x76, 0x7C, 0x15, 0x73, 0xF4, 0x7B, 0xF4, 0x73, 0xB3, 0x73, 0xF3, 0x6B, 0xD3, 0x6B,
    0xF3, 0x73, 0xF3, 0x73, 0xF3, 0x6B, 0xF2, 0x74, 0x12, 0x7C, 0x12, 0x7C, 0x32, 0x84, 0x32, 0x8C,
    0x73, 0x8C, 0x73, 0x8C, 0x73, 0x84, 0x93, 0x7C, 0x53, 0x74, 0x32, 0x74, 0xFF, 0x12, 0x73, 0xF3,
    0x6B, 0xD3, 0x63, 0x92, 0x6B, 0xD3, 0x6B, 0xB2, 0x63, 0x92, 0x63, 0x72, 0x63, 0x71, 0x63, 0x71,
    0x63, 0x71, 0x5B, 0x51, 0x5B, 0x51, 0x5B, 0x51, 0x5B, 0x51, 0x63, 0x92, 0x63, 0x92, 0x5B, 0x31,
    0x63, 0x71, 0x63, 0x71, 0x63, 0x71, 0x63, 0x51, 0x63, 0x51, 0x63, 0x51, 0x63, 0x71, 0x63, 0x71,
    0x63, 0x71, 0x63, 0x71, 0x63, 0x71, 0x63, 0x72, 0x63, 0x92, 0x5B, 0x71, 0x5B, 0x51, 0x5B, 0x51,
    0x5B, 0x51, 0x5B, 0x51, 0x5B, 0x31, 0x53, 0x10, 0x53, 0x30, 0x5B, 0x30, 0x5B, 0x30, 0x5B, 0x70,
    0x63, 0x91, 0x5B, 0x30, 0x5B, 0x50, 0x63, 0x91, 0x5B, 0x50, 0x53, 0x0F, 0x4A, 0xEF, 0x53, 0x2F,
    0x53, 0x30, 0x52, 0xEF, 0x52, 0xF0, 0x52, 0xF0, 0x52, 0xF0, 0x52, 0xF0, 0x52, 0xF0, 0x52, 0xF0,
    0x52, 0xF0, 0x53, 0x10, 0x53, 0x10, 0x53, 0x10, 0x52, 0xF0, 0x52, 0xF0, 0x52, 0xFF, 0xF0, 0x52,
    0xEF, 0x4A, 0xCF, 0x4A, 0xCF, 0x4A, 0xCF, 0x4A, 0xCF, 0x4A, 0xCF, 0x4A, 0xCF, 0x4A, 0xEF, 0x52,
    0xEF, 0x52, 0xEF, 0x4A, 0xEE, 0x42, 0xAE, 0x4A, 0xAE, 0x4A, 0xCE, 0x4A, 0x8D, 0x4A, 0x8D, 0x5B,
    0x10, 0x6B, 0x92, 0x7C, 0x13, 0x84, 0x54, 0x7C, 0x13, 0x7B, 0xB3, 0x94, 0x77, 0x8C, 0x13, 0xB5,
    0x73, 0xE6, 0xB7, 0x9C, 0x70, 0x52, 0x8A, 0x4B, 0x0D, 0x53, 0x0F, 0x63, 0x2E, 0x83, 0xCD, 0xE6,
    0x76, 0xDD, 0xF5, 0x6B, 0x0D, 0x95, 0x59, 0xB6, 0xFE, 0xA6, 0x5B, 0x53, 0x0F, 0x84, 0x54, 0xBE,
    0x7B, 0xBE, 0x9D, 0x84, 0x74, 0x52, 0xCB, 0xA4, 0xD2, 0xC6, 0x37, 0xB5, 0xF9, 0x8C, 0xD7, 0xC6,
    0x3B, 0xE6, 0xD9, 0xA4, 0xB2, 0x94, 0xD5, 0x9D, 0x58, 0xFE, 0xD5, 0xFE, 0xD4, 0xFE, 0xF5, 0xFE,
    0xB4, 0xF6, 0x73, 0xF6, 0x94, 0xFF, 0x77, 0xF6, 0x93, 0xEE, 0x12, 0xF6, 0x32, 0xF6, 0xFF, 0x32,
    0xFF, 0x38, 0xFE, 0xB6, 0xF6, 0x55, 0xE5, 0x93, 0xDD, 0x52, 0xDD, 0x72, 0xED, 0xB3, 0xED, 0xF4,
    0xD5, 0x11, 0xD4, 0xF0, 0xD4, 0xD0, 0xCC, 0xB0, 0xDD, 0x33, 0xE5, 0x54, 0xD4, 0xD2, 0xCC, 0x4F,
    0xCC, 0x50, 0xD4, 0x30, 0xCC, 0x2F, 0xCC, 0x4F, 0xCC, 0x4F, 0xCC, 0x2E, 0xCC, 0x2E, 0xC4, 0x2E,
    0xCC, 0x2F, 0xCC, 0xB0, 0xCC, 0x70, 0xC4, 0x2F, 0xBC, 0x0E, 0xB3, 0xEE, 0xB3, 0xEE, 0xB3, 0xED,
    0xA3, 0xAD, 0xA3, 0xAD, 0xAB, 0xAE, 0xAB, 0xCE, 0xB4, 0x2F, 0xB4, 0x2F, 0xAB, 0xCF, 0xA3, 0xCF,
    0x93, 0x4D, 0x83, 0x2C, 0x7B, 0x0B, 0x7B, 0x4C, 0x7B, 0x6D, 0x83, 0x8D, 0x83, 0x8E, 0x83, 0x6D,
    0x7B, 0x6D, 0x8B, 0xAE, 0x8B, 0xAE, 0x8B, 0xAE, 0x7B, 0x4D, 0x7B, 0x4E, 0x73, 0x2D, 0x73, 0x4D,
    0x7B, 0x6E, 0x7B, 0x6E, 0x7B, 0x6E, 0x6A, 0xEC, 0x73, 0x4E, 0x73, 0x6E, 0x7B, 0xAF, 0x8C, 0xFF,
    0x31, 0x9C, 0x93, 0xA4, 0xF4, 0x94, 0x93, 0x94, 0x93, 0x94, 0x93, 0x94, 0x73, 0x94, 0x73, 0x94,
    0x73, 0x84, 0x32, 0x73, 0xB0, 0x73, 0x90, 0x73, 0x90, 0x6B, 0x4E, 0x6B, 0x4E, 0x6B, 0x4E, 0x6B,
    0x4E, 0x6B, 0x4E, 0x6B, 0x4E, 0x6B, 0x4E, 0x73, 0x8F, 0x73, 0x8F, 0x73, 0xB0, 0x7B, 0x90, 0x7B,
    0xB0, 0x7B, 0xD0, 0x84, 0x10, 0x9C, 0x51, 0x93, 0xAF, 0xB3, 0xF0, 0x8A, 0x8B, 0x71, 0xC8, 0x72,
    0x09, 0x61, 0xA8, 0x61, 0xC9, 0x59, 0xA9, 0x59, 0xA9, 0x51, 0x89, 0x51, 0x89, 0x51, 0xA9, 0x49,
    0x88, 0x49, 0x88, 0x41, 0x88, 0x41, 0xA8, 0x41, 0xA9, 0x41, 0xA9, 0x41, 0xA9, 0x41, 0x89, 0x41,
    0x89, 0x41, 0x89, 0x39, 0x89, 0x39, 0x8A, 0x39, 0x8A, 0x39, 0x8A, 0x39, 0xAA, 0x39, 0xAA, 0x39,
    0xAA, 0x39, 0xAA, 0x39, 0xAA, 0x39, 0xAA, 0x39, 0xAA, 0x39, 0xAA, 0x39, 0xAA, 0x39, 0xAA, 0x39,
    0xFF, 0xCB, 0x39, 0xCB, 0x39, 0xCB, 0x39, 0xCB, 0x41, 0xCB, 0x41, 0xCB, 0x41, 0xCB, 0x42, 0x0B,
    0x41, 0xEC, 0x41, 0xEC, 0x49, 0xEC, 0x52, 0x2C, 0x5A, 0x6B, 0x9C, 0x52, 0x9C, 0x72, 0x94, 0x71,
    0x8C, 0x50, 0x8C, 0x71, 0x84, 0x72, 0x7C, 0x34, 0x7C, 0x14, 0x7B, 0xF4, 0x7C, 0x14, 0x7C, 0x13,
    0x84, 0x54, 0x84, 0x53, 0x84, 0x53, 0x84, 0x32, 0x84, 0x32, 0x84, 0x33, 0x84, 0x33, 0x8C, 0xB6,
    0x84, 0x75, 0x74, 0x34, 0x8C, 0x96, 0x9C, 0xF7, 0x8C, 0x74, 0x7C, 0x12, 0x84, 0x53, 0x84, 0x34,
    0x84, 0x35, 0x7C, 0x35, 0x7C, 0x35, 0x7C, 0x35, 0x7C, 0x15, 0x73, 0xF4, 0x7B, 0xF4, 0x7C, 0x15,
    0x63, 0x92, 0x6B, 0xB2, 0x6B, 0xF3, 0x6B, 0xD3, 0x6B, 0xD3, 0x6B, 0xD3, 0x73, 0xD2, 0x73, 0xD2,
    0x73, 0xF3, 0x7C, 0x13, 0x7B, 0xF3, 0x74, 0x13, 0x74, 0x13, 0x74, 0x32, 0x74, 0x32, 0x74, 0x33,
    0x74, 0xFF, 0x33, 0x6B, 0xD3, 0x6B, 0xB3, 0x63, 0x93, 0x63, 0x92, 0x63, 0x92, 0x63, 0x92, 0x5B,
    0x71, 0x5B, 0x51, 0x5B, 0x51, 0x5B, 0x51, 0x63, 0x92, 0x63, 0x92, 0x63, 0x92, 0x63, 0x92, 0x63,
    0xB2, 0x63, 0xB2, 0x63, 0xB2, 0x63, 0x92, 0x63, 0x92, 0x63, 0x92, 0x5B, 0x30, 0x5B, 0x30, 0x5B,
    0x30, 0x5B, 0x30, 0x5B, 0x30, 0x5B, 0x30, 0x5B, 0x30, 0x5B, 0x51, 0x5B, 0x51, 0x5B, 0x51, 0x63,
    0x71, 0x63, 0x92, 0x63, 0x92, 0x63, 0x92, 0x63, 0x72, 0x5B, 0x71, 0x5B, 0x51, 0x52, 0xEF, 0x4A,
    0xEF, 0x4A, 0xCE, 0x4A, 0xAE, 0x4A, 0xCE, 0x4A, 0xCE, 0x4A, 0xCE, 0x52, 0xEF, 0x52, 0xEF, 0x4A,
    0xCE, 0x4A, 0xCE, 0x4A, 0xEE, 0x4A, 0xEE, 0x4A, 0xEE, 0x52, 0xF0, 0x52, 0xF0, 0x52, 0xF0, 0x5B,
    0x31, 0x5B, 0x30, 0x5B, 0x31, 0x5B, 0x31, 0x5B, 0x31, 0x5B, 0x31, 0x5B, 0x31, 0x53, 0x10, 0x53,
    0x10, 0x53, 0xFF, 0x10, 0x53, 0x10, 0x4A, 0xEF, 0x52, 0xEF, 0x4A, 0xEF, 0x52, 0xF0, 0x52, 0xF0,
    0x52, 0xF0, 0x4A, 0xEF, 0x4A, 0xEF, 0x4A, 0xEF, 0x53, 0x0F, 0x5B, 0x30, 0x4A, 0xEF, 0x42, 0xAD,
    0x4A, 0xAE, 0x52, 0xAE, 0x4A, 0xAE, 0x4A, 0x8E, 0x4A, 0x8D, 0x6B, 0x92, 0x94, 0xD6, 0xBD, 0xBB,
    0xAD, 0x19, 0x8C, 0x13, 0x8C, 0x0E, 0xCD, 0xF4, 0xC5, 0xB4, 0x52, 0xCB, 0x42, 0xCC, 0x42, 0xAD,
    0x52, 0x8B, 0x7B, 0x8C, 0xE6, 0x75, 0xEE, 0x56, 0x83, 0xAF, 0x6C, 0x14, 0x8D, 0xDA, 0x7C, 0xF6,
    0x52, 0xEF, 0x73, 0xD1, 0x8D, 0x15, 0x8D, 0x17, 0x63, 0x50, 0x52, 0xAB, 0x84, 0x0F, 0x9C, 0xF3,
    0x84, 0x12, 0x6B, 0xD3, 0xAD, 0x57, 0xE6, 0xF9, 0xDE, 0x58, 0x94, 0x33, 0x84, 0x54, 0xFE, 0xB3,
    0xFE, 0x93, 0xFE, 0xB3, 0xFE, 0x73, 0xFE, 0x72, 0xFE, 0x93, 0xFF, 0x35, 0xF6, 0x72, 0xED, 0xF1,
    0xF5, 0xD1, 0xED, 0xFF, 0xB0, 0xFE, 0x12, 0xE5, 0x70, 0xE5, 0x51, 0xE5, 0x31, 0xE5, 0x31, 0xE5,
    0x10, 0xED, 0x51, 0xED, 0x51, 0xE4, 0xF0, 0xDC, 0xD0, 0xDC, 0xAF, 0xDC, 0x8F, 0xE4, 0xD1, 0xE4,
    0xD1, 0xDC, 0x90, 0xD4, 0x4F, 0xD4, 0x2F, 0xD4, 0x4F, 0xCC, 0x4F, 0xCC, 0x4F, 0xCC, 0x4F, 0xCC,
    0x2E, 0xC4, 0x0E, 0xC4, 0x0E, 0xC4, 0x0E, 0xBC, 0x0E, 0xB3, 0xCD, 0xAB, 0xAD, 0xB3, 0xAD, 0xB3,
    0xCD, 0xB3, 0xCD, 0xB3, 0xCD, 0xB3, 0xEF, 0xB3, 0xEF, 0xAB, 0xEF, 0xAB, 0xCF, 0xA3, 0x6E, 0x9B,
    0x4D, 0x8B, 0x2D, 0x7A, 0xCB, 0x72, 0xEC, 0x72, 0xEC, 0x73, 0x2C, 0x73, 0x2C, 0x73, 0x4D, 0x73,
    0x6D, 0x7B, 0x4D, 0x73, 0x2D, 0x73, 0x2D, 0x7B, 0x6E, 0x7B, 0x6E, 0x7B, 0x6E, 0x7B, 0x6F, 0x7B,
    0xB0, 0x83, 0xD0, 0x94, 0x52, 0x9C, 0x93, 0x9C, 0x93, 0x9C, 0x93, 0x94, 0x92, 0x94, 0xB3, 0x9C,
    0xD3, 0x9C, 0xD3, 0x94, 0xFF, 0x92, 0x94, 0x92, 0x8C, 0x72, 0x8C, 0x93, 0x8C, 0x93, 0x8C, 0x93,
    0x8C, 0x93, 0x8C, 0x93, 0x8C, 0x93, 0x8C, 0x93, 0x84, 0x72, 0x84, 0x72, 0x84, 0x72, 0x94, 0xB4,
    0x94, 0xB4, 0x94, 0xB4, 0x94, 0xB4, 0x94, 0xB4, 0x94, 0xB4, 0x94, 0xB4, 0x94, 0xD5, 0x9C, 0xF5,
    0x9C, 0xF5, 0x9D, 0x15, 0x9D, 0x15, 0xA5, 0x35, 0xAD, 0x14, 0xBD, 0x35, 0x9B, 0xAF, 0xBC, 0x11,
    0x8A, 0x8B, 0x71, 0xC8, 0x72, 0x09, 0x61, 0xA8, 0x61, 0xC9, 0x59, 0xA9, 0x59, 0xA9, 0x51, 0x89,
    0x51, 0x89, 0x51, 0xA9, 0x49, 0x88, 0x49, 0x88, 0x41, 0x88, 0x41, 0xA8, 0x41, 0xA9, 0x41, 0xA9,
    0x41, 0xA9, 0x41, 0x89, 0x41, 0x89, 0x41, 0x89, 0x39, 0x89, 0x39, 0x8A, 0x39, 0x8A, 0x39, 0x8A,
    0x39, 0xAA, 0x39, 0xAA, 0x39, 0xAA, 0x39, 0xAA, 0x39, 0xAA, 0x39, 0xAA, 0x39, 0xAA, 0x39, 0xAA,
    0x39, 0xAA, 0x39, 0xAA, 0x39, 0xFF, 0xCB, 0x39, 0xCB, 0x39, 0xCB, 0x39, 0xCB, 0x41, 0xCB, 0x41,
    0xCB, 0x41, 0xCB, 0x42, 0x0B, 0x41, 0xEC, 0x41, 0xEC, 0x49, 0xED, 0x52, 0x2C, 0x62, 0x4B, 0x9C,
    0x52, 0x94, 0x72, 0x94, 0x72, 0x8C, 0x52, 0x84, 0x72, 0x84, 0x73, 0x7C, 0x54, 0x7C, 0x14, 0x83,
    0xF3, 0x7C, 0x13, 0x7C, 0x13, 0x7C, 0x54, 0x74, 0x33, 0x74, 0x33, 0x74, 0x13, 0x7C, 0x13, 0x7C,
    0x13, 0x7C, 0x13, 0x84, 0x55, 0x84, 0x34, 0x7B, 0xF4, 0x84, 0x55, 0x84, 0x95, 0x7C, 0x53, 0x74,
    0x13, 0x7C, 0x33, 0x7C, 0x13, 0x7C, 0x14, 0x7B, 0xF3, 0x7B, 0xF3, 0x7B, 0xF3, 0x7C, 0x14, 0x7C,
    0x14, 0x7B, 0xF3, 0x73, 0xD3, 0x74, 0x13, 0x6B, 0xF3, 0x6B, 0xD3, 0x6B, 0xD4, 0x6B, 0xD4, 0x6B,
    0xD4, 0x6B, 0xD4, 0x6B, 0xD3, 0x73, 0xF4, 0x74, 0x14, 0x73, 0xF4, 0x73, 0xF4, 0x73, 0xF4, 0x74,
    0x13, 0x74, 0x33, 0x74, 0x33, 0x74, 0xFF, 0x14, 0x73, 0xF4, 0x73, 0xF5, 0x73, 0xD5, 0x73, 0xF4,
    0x73, 0xF4, 0x6B, 0xF3, 0x6B, 0xD3, 0x6B, 0xB3, 0x6B, 0xB3, 0x6B, 0xB3, 0x6B, 0xD3, 0x6B, 0xD3,
    0x6B, 0xD3, 0x6B, 0xB3, 0x63, 0x92, 0x63, 0x92, 0x63, 0x92, 0x6B, 0xD3, 0x63, 0xD3, 0x63, 0xD3,
    0x6C, 0x14, 0x6C, 0x14, 0x6C, 0x14, 0x74, 0x14, 0x73, 0xF4, 0x73, 0xF4, 0x73, 0xF4, 0x73, 0xF4,
    0x73, 0xF4, 0x73, 0xF4, 0x73, 0xF3, 0x6B, 0xD3, 0x6B, 0xD3, 0x6B, 0xD3, 0x74, 0x14, 0x73, 0xF3,
    0x6B, 0xD3, 0x6B, 0xF2, 0x6B, 0xD2, 0x6B, 0xB2, 0x63, 0x91, 0x63, 0x91, 0x63, 0x91, 0x63, 0x91,
    0x6B, 0xB2, 0x63, 0xB2, 0x63, 0x91, 0x5B, 0x71, 0x5B, 0x50, 0x5B, 0x50, 0x5B, 0x50, 0x53, 0x10,
    0x53, 0x10, 0x53, 0x10, 0x52, 0xEF, 0x52, 0xEF, 0x52, 0xEF, 0x52, 0xEF, 0x52, 0xEF, 0x52, 0xEF,
    0x52, 0xEF, 0x42, 0x6E, 0x42, 0x6E, 0x42, 0xFF, 0x6E, 0x42, 0x8E, 0x42, 0xAE, 0x42, 0xAE, 0x42,
    0xAE, 0x42, 0x6E, 0x42, 0x6D, 0x42, 0x6E, 0x42, 0xAE, 0x42, 0xAE, 0x42, 0xAE, 0x42, 0x8D, 0x42,
    0x8D, 0x42, 0x8D, 0x42, 0x8D, 0x42, 0x6D, 0x42, 0x4C, 0x4A, 0x8D, 0x5B, 0x0F, 0x84, 0x54, 0xB5,
    0xDA, 0xA5, 0x59, 0x7C, 0x14, 0x7B, 0xB4, 0x84, 0x34, 0x9C, 0xD2, 0xB5, 0x74, 0xAD, 0x34, 0x7B,
    0xD1, 0x6B, 0xF1, 0x73, 0xD2, 0x7B, 0xD1, 0x7B, 0x8D, 0xAC, 0xD1, 0xAC, 0x91, 0x7B, 0x90, 0x7C,
    0x75, 0x85, 0x37, 0x7C, 0x95, 0x73, 0xB2, 0x7B, 0xF2, 0x84, 0xB4, 0x7C, 0x74, 0x6B, 0x71, 0x5A,
    0xEE, 0x7B, 0xF1, 0x94, 0xD4, 0x84, 0x33, 0x7C, 0x14, 0x9C, 0xB5, 0xCE, 0x16, 0xEE, 0xB8, 0xB5,
    0x15, 0x7B, 0xD1, 0xFE, 0x72, 0xFE, 0x52, 0xF6, 0x72, 0xFE, 0x72, 0xFE, 0x52, 0xFE, 0x72, 0xFE,
    0xF4, 0xF6, 0x51, 0xED, 0xF0, 0xF5, 0xB0, 0xF5, 0xFF, 0xB0, 0xF5, 0xB1, 0xE5, 0x2F, 0xE5, 0x10,
    0xE5, 0x10, 0xE4, 0xF0, 0xDC, 0xEF, 0xE4, 0xEF, 0xE4, 0xEF, 0xE4, 0xF0, 0xE4, 0xCF, 0xE4, 0xAF,
    0xDC, 0x8F, 0xE4, 0x90, 0xDC, 0x6F, 0xDC, 0x4F, 0xD4, 0x2E, 0xD4, 0x4F, 0xD4, 0x4F, 0xCC, 0x2F,
    0xCC, 0x4F, 0xCC, 0x4F, 0xC4, 0x2E, 0xC4, 0x0E, 0xC4, 0x0E, 0xC4, 0x0E, 0xC4, 0x4F, 0xBC, 0x0E,
    0xB3, 0xEE, 0xB3, 0xCD, 0xB3, 0xAD, 0xB3, 0xAD, 0xB3, 0xCD, 0xAB, 0xEF, 0xAB, 0xCF, 0xA3, 0x8E,
    0x9B, 0x2D, 0xA3, 0x8E, 0xAB, 0xCF, 0xA3, 0xF0, 0xAC, 0xB3, 0xAC, 0xD3, 0xAC, 0xD3, 0xAC, 0xF4,
    0xA4, 0xF4, 0x9C, 0xF3, 0xA4, 0xD3, 0xA4, 0xD4, 0xA4, 0xB3, 0x9C, 0xB3, 0x94, 0x72, 0x94, 0x72,
    0x94, 0x72, 0x94, 0x73, 0x94, 0x93, 0x9C, 0xD4, 0x9C, 0xB4, 0x8C, 0x52, 0x8C, 0x52, 0x8C, 0x52,
    0x8C, 0x52, 0x8C, 0x72, 0x8C, 0x72, 0x8C, 0x92, 0x94, 0xFF, 0x93, 0x8C, 0x92, 0x8C, 0x72, 0x84,
    0x93, 0x8C, 0x93, 0x8C, 0x93, 0x8C, 0x93, 0x8C, 0x93, 0x8C, 0x93, 0x8C, 0x93, 0x8C, 0xB3, 0x8C,
    0xB3, 0x8C, 0xB3, 0x8C, 0xB4, 0x8C, 0xB4, 0x8C, 0xB4, 0x8C, 0xB4, 0x8C, 0xB4, 0x8C, 0xB4, 0x8C,
    0xB4, 0x8C, 0x94, 0x8C, 0x94, 0x8C, 0xB5, 0x94, 0xB4, 0x94, 0xD4, 0x94, 0xD4, 0xA4, 0xD3, 0xC5,
    0x55, 0x93, 0x2D, 0xCC, 0x32, 0x8A, 0x8B, 0x71, 0xC8, 0x72, 0x09, 0x61, 0xA8, 0x61, 0xC9, 0x59,
    0xA9, 0x59, 0xA9, 0x51, 0x89, 0x51, 0x89, 0x51, 0xA9, 0x49, 0x88, 0x49, 0x88, 0x41, 0x88, 0x41,
    0xA8, 0x41, 0x89, 0x41, 0xA9, 0x41, 0xA9, 0x41, 0x89, 0x41, 0x89, 0x41, 0x89, 0x39, 0x89, 0x39,
    0x8A, 0x39, 0x8A, 0x39, 0x8A, 0x39, 0xAA, 0x39, 0xAA, 0x39, 0xAA, 0x39, 0xAA, 0x39, 0xAA, 0x39,
    0xAA, 0x39, 0xAA, 0x39, 0xAA, 0x39, 0xAA, 0x39, 0xAA, 0x39, 0xFF, 0xCB, 0x39, 0xCB, 0x39, 0xCB,
    0x39, 0xCB, 0x41, 0xCB, 0x41, 0xCB, 0x41, 0xCB, 0x42, 0x0B, 0x41, 0xEC, 0x41, 0xEC, 0x49, 0xEC,
    0x52, 0x2C, 0x62, 0x4B, 0x94, 0x52, 0x94, 0x92, 0x8C, 0x72, 0x84, 0x53, 0x84, 0x73, 0x7C, 0x73,
    0x7C, 0x54, 0x7C, 0x33, 0x84, 0x13, 0x7C, 0x13, 0x7C, 0x13, 0x74, 0x33, 0x6C, 0x13, 0x6C, 0x13,
    0x6B, 0xF3, 0x73, 0xD3, 0x73, 0xD3, 0x73, 0xD3, 0x7C, 0x14, 0x7B, 0xF4, 0x7B, 0xF3, 0x74, 0x13,
    0x74, 0x33, 0x74, 0x33, 0x74, 0x12, 0x74, 0x12, 0x74, 0x12, 0x74, 0x12, 0x73, 0xF2, 0x73, 0xF2,
    0x73, 0xF2, 0x6B, 0xB1, 0x63, 0x70, 0x6B, 0x90, 0x6B, 0xB1, 0x53, 0x2F, 0x53, 0x10, 0x53, 0x10,
    0x5B, 0x52, 0x5B, 0x53, 0x5B, 0x53, 0x5B, 0x53, 0x5B, 0x72, 0x63, 0x92, 0x63, 0x93, 0x63, 0x93,
    0x63, 0x93, 0x63, 0x93, 0x63, 0x92, 0x63, 0xB2, 0x63, 0xB2, 0x63, 0xFF, 0x92, 0x63, 0x93, 0x6B,
    0x94, 0x6B, 0xB5, 0x6B, 0xD4, 0x6B, 0xD3, 0x6B, 0xD3, 0x6B, 0xB3, 0x6B, 0xB3, 0x6B, 0xB3, 0x6B,
    0xB3, 0x73, 0xF3, 0x73, 0xF3, 0x73, 0xF3, 0x73, 0xF3, 0x73, 0xF3, 0x73, 0xF3, 0x73, 0xF3, 0x6C,
    0x14, 0x6C, 0x14, 0x6C, 0x14, 0x6B, 0xF3, 0x6B, 0xF3, 0x6B, 0xF3, 0x6B, 0xF3, 0x6B, 0xD3, 0x6B,
    0xD3, 0x6B, 0xD3, 0x6B, 0xD3, 0x6B, 0xD3, 0x6B, 0xD3, 0x6B, 0xB3, 0x63, 0xB2, 0x63, 0xB2, 0x63,
    0xB2, 0x6B, 0xB3, 0x63, 0xB2, 0x63, 0x92, 0x63, 0x71, 0x5B, 0x71, 0x5B, 0x50, 0x5B, 0x30, 0x53,
    0x2F, 0x53, 0x2F, 0x53, 0x2F, 0x53, 0x30, 0x53, 0x0F, 0x52, 0xEF, 0x4A, 0xEE, 0x4A, 0xCE, 0x4A,
    0xCE, 0x4A, 0xCE, 0x42, 0xAE, 0x42, 0xAE, 0x42, 0xAE, 0x4A, 0xAE, 0x4A, 0xAE, 0x4A, 0xAE, 0x4A,
    0xAE, 0x4A, 0xAE, 0x4A, 0xAE, 0x4A, 0xAE, 0x3A, 0x4D, 0x3A, 0x4D, 0x3A, 0xFF, 0x4D, 0x3A, 0x4D,
    0x3A, 0x6D, 0x3A, 0x6D, 0x3A, 0x6D, 0x3A, 0x6D, 0x3A, 0x6D, 0x3A, 0x6D, 0x3A, 0x6D, 0x3A, 0x6D,
    0x3A, 0x6D, 0x3A, 0x6C, 0x3A, 0x4C, 0x3A, 0x2C, 0x32, 0x0B, 0x4A, 0xAE, 0x4A, 0xAE, 0x6B, 0xB2,
    0x94, 0xD7, 0xB5, 0xDA, 0x8C, 0x95, 0x5B, 0x30, 0x42, 0x4D, 0x4A, 0x6F, 0x52, 0xCF, 0x84, 0x51,
    0x9C, 0xD3, 0xA4, 0xF5, 0x8C, 0x74, 0x8C, 0x94, 0x8C, 0x96, 0x94, 0x75, 0xA4, 0xD3, 0xBD, 0x74,
    0xC5, 0x77, 0x9C, 0x75, 0x8C, 0x97, 0x84, 0xF7, 0x8C, 0xF7, 0x83, 0xF3, 0x8C, 0x13, 0x8C, 0x95,
    0x84, 0x54, 0x7B, 0xF4, 0x73, 0xD2, 0x7B, 0xF1, 0x84, 0x12, 0x73, 0xB2, 0x7B, 0xD4, 0xAD, 0x16,
    0xAD, 0x11, 0xDD, 0xF5, 0xBD, 0x35, 0x7B, 0xAF, 0xFE, 0x51, 0xFE, 0x51, 0xFE, 0x71, 0xFE, 0x71,
    0xFE, 0x71, 0xFE, 0x71, 0xF6, 0x71, 0xF6, 0x50, 0xF6, 0x30, 0xFD, 0xB0, 0xFD, 0xFF, 0xB0, 0xFD,
    0xB1, 0xED, 0x2F, 0xED, 0x0F, 0xEC, 0xEF, 0xEC, 0xEF, 0xED, 0x10, 0xEC, 0xEF, 0xE4, 0xCF, 0xEC,
    0xEF, 0xEC, 0xCF, 0xE4, 0xAE, 0xE4, 0xCF, 0xEC, 0xF0, 0xE4, 0xD0, 0xE4, 0xB0, 0xE4, 0xD0, 0xE4,
    0xB0, 0xDC, 0x8F, 0xCC, 0x0E, 0xC3, 0xEE, 0xBB, 0xCD, 0xBB, 0xCD, 0xB3, 0xCD, 0xAB, 0xAC, 0xAB,
    0x8C, 0xAB, 0xCD, 0xAB, 0xED, 0xAB, 0xEE, 0xAB, 0xED, 0xA3, 0xAD, 0xA3, 0x8C, 0x9B, 0x6C, 0x83,
    0x4D, 0x8B, 0x8E, 0x93, 0xAF, 0xBD, 0x35, 0xBD, 0x14, 0xBD, 0x14, 0xB5, 0x15, 0xAD, 0x36, 0xA4,
    0xF5, 0xA4, 0xF5, 0xA4, 0xF5, 0x9C, 0xD4, 0x9C, 0xD4, 0x9C, 0x93, 0x94, 0x93, 0x94, 0x73, 0x94,
    0x52, 0x94, 0x52, 0x94, 0x52, 0x94, 0x52, 0x8C, 0x53, 0x8C, 0x53, 0x8C, 0x53, 0x94, 0x53, 0x8C,
    0x53, 0x8C, 0x73, 0x8C, 0x53, 0x8C, 0x73, 0x8C, 0x73, 0x8C, 0x73, 0x8C, 0x73, 0x8C, 0xFF, 0x73,
    0x8C, 0x73, 0x8C, 0x73, 0x8C, 0x92, 0x8C, 0x92, 0x8C, 0x92, 0x8C, 0x72, 0x8C, 0x72, 0x8C, 0x72,
    0x8C, 0x93, 0x8C, 0xB3, 0x8C, 0xB3, 0x8C, 0xB3, 0x8C, 0xB3, 0x8C, 0xB3, 0x8C, 0xB3, 0x8C, 0xB4,
    0x8C, 0xB4, 0x8C, 0xB4, 0x8C, 0xB4, 0x8C, 0xB4, 0x94, 0xB4, 0x94, 0xD4, 0x9C, 0xF4, 0x9C, 0xF5,
    0xA4, 0xF5, 0xAC, 0xF5, 0xBC, 0xD4, 0x8A, 0xEB, 0xCC, 0x30, 0x92, 0x8A, 0x71, 0xA8, 0x69, 0xC8,
    0x71, 0xE9, 0x69, 0xCA, 0x61, 0xCA, 0x59, 0xAA, 0x59, 0xCA, 0x59, 0xA9, 0x51, 0xA9, 0x49, 0x89,
    0x49, 0xA9, 0x49, 0xA9, 0x41, 0xA9, 0x41, 0xAA, 0x41, 0xAA, 0x41, 0xAA, 0x41, 0xAA, 0x41, 0xAA,
    0x41, 0xAA, 0x39, 0xAA, 0x39, 0x8A, 0x39, 0x8A, 0x39, 0x8A, 0x39, 0xAA, 0x39, 0xAA, 0x39, 0xAA,
    0x39, 0xAA, 0x39, 0xAA, 0x39, 0xAA, 0x39, 0xAA, 0x39, 0xAA, 0x39, 0xAA, 0x39, 0xAA, 0x41, 0xFF,
    0xCB, 0x41, 0xCB, 0x41, 0xCB, 0x41, 0xCB, 0x41, 0xCB, 0x41, 0xCB, 0x41, 0xEB, 0x3A, 0x0C, 0x41,
    0xEC, 0x49, 0xEB, 0x49, 0xCB, 0x5A, 0x6C, 0x52, 0x8C, 0xB5, 0xF9, 0xB6, 0x9C, 0xB6, 0x7C, 0xB6,
    0x7C, 0xAE, 0x5B, 0xAE, 0x5B, 0xAE, 0x5C, 0xAE, 0x3B, 0xB6, 0x3A, 0xBE, 0x5B, 0xBE, 0x7B, 0xB6,
    0x3A, 0xAE, 0x3A, 0xAE, 0x3A, 0xB6, 0x1A, 0xB5, 0xF9, 0xB5, 0xF9, 0xB5, 0xD9, 0x9D, 0x57, 0x9D,
    0x36, 0x9D, 0x16, 0x9D, 0x36, 0x95, 0x16, 0x94, 0xF6, 0x95, 0x16, 0x9D, 0x57, 0x9D, 0x57, 0x9D,
    0x57, 0xAD, 0xB8, 0xB5, 0xF9, 0xB5, 0xF9, 0xBE, 0x1A, 0xBE, 0x3A, 0xBE, 0x3A, 0xBE, 0x3B, 0xBE,
    0x3C, 0xBE, 0x3C, 0xBE, 0x3C, 0x9D, 0x38, 0x94, 0xF7, 0x84, 0x75, 0x7C, 0x34, 0x73, 0xF3, 0x63,
    0xB1, 0x63, 0x71, 0x63, 0x91, 0x5B, 0x50, 0x53, 0x0F, 0x53, 0x0F, 0x53, 0x2F, 0x53, 0x0F, 0x52,
    0xFF, 0xEF, 0x5B, 0x30, 0x53, 0x10, 0x53, 0x30, 0x4A, 0xCF, 0x4A, 0xCF, 0x4A, 0xCF, 0x4A, 0xCF,
    0x4A, 0xEF, 0x4A, 0xEF, 0x4A, 0xEF, 0x4A, 0xCE, 0x53, 0x30, 0x5B, 0x71, 0x63, 0x71, 0x5B, 0x71,
    0x5B, 0x71, 0x5B, 0x71, 0x53, 0x30, 0x53, 0x30, 0x53, 0x30, 0x5B, 0x71, 0x5B, 0x71, 0x5B, 0x71,
    0x5B, 0x50, 0x5B, 0x50, 0x5B, 0x50, 0x5B, 0x50, 0x53, 0x10, 0x53, 0x10, 0x53, 0x10, 0x52, 0xEF,
    0x4A, 0xAE, 0x4A, 0xAE, 0x4A, 0xAE, 0x42, 0xAE, 0x4A, 0xCE, 0x4A, 0xCF, 0x4A, 0xAE, 0x4A, 0xCE,
    0x4A, 0xCE, 0x52, 0xEE, 0x5B, 0x0F, 0x5B, 0x30, 0x5B, 0x50, 0x6B, 0xB1, 0x6B, 0xB2, 0x6B, 0xD2,
    0x73, 0xD2, 0x73, 0xD2, 0x73, 0xD2, 0x73, 0xD2, 0x7C, 0x33, 0x73, 0xF2, 0x6B, 0x91, 0x3A, 0x4C,
    0x32, 0x0B, 0x32, 0x0B, 0x42, 0x6D, 0x42, 0x6D, 0x42, 0x4C, 0x3A, 0x2C, 0x42, 0x6D, 0x42, 0x6D,
    0x42, 0xFF, 0x6D, 0x42, 0x6C, 0x42, 0x6D, 0x4A, 0x8D, 0x4A, 0xAE, 0x42, 0x6D, 0x3A, 0x4C, 0x3A,
    0x2B, 0x3A, 0x0C, 0x4A, 0x4D, 0x52, 0xCF, 0x63, 0x51, 0x6B, 0x71, 0x7B, 0xF3, 0x8C, 0x96, 0xB5,
    0xDA, 0xAD, 0x79, 0xCE, 0x7D, 0xCE, 0x9D, 0x8C, 0x95, 0x42, 0x8D, 0x3A, 0x4C, 0x42, 0x8D, 0x42,
    0x6D, 0x42, 0x8D, 0x42, 0x8D, 0x42, 0xAC, 0x4A, 0x8D, 0x4A, 0x8D, 0x4A, 0x8D, 0x4A, 0x8E, 0x4A,
    0x8E, 0x52, 0xCE, 0x52, 0xCD, 0x52, 0xCE, 0x52, 0xAE, 0x4A, 0xCE, 0x4A, 0xCE, 0x4A, 0xCE, 0x63,
    0x50, 0x63, 0x50, 0x63, 0x70, 0x63, 0x92, 0x73, 0xF3, 0x7C, 0x34, 0x84, 0x74, 0x8C, 0x95, 0x84,
    0x95, 0x8C, 0x95, 0x9C, 0xD6, 0xA4, 0xF5, 0xB5, 0x36, 0xAD, 0x16, 0x8C, 0x53, 0xFE, 0x51, 0xFE,
    0x51, 0xFE, 0x71, 0xFE, 0x71, 0xFE, 0x71, 0xFE, 0x71, 0xFE, 0x71, 0xFE, 0x71, 0xFE, 0x51, 0xF5,
    0x4F, 0xF5, 0xFF, 0x2F, 0xF5, 0x2F, 0xF5, 0x70, 0xF5, 0x50, 0xF5, 0x2F, 0xF5, 0x2F, 0xF5, 0x31,
    0xED, 0x10, 0xED, 0x10, 0xEC, 0xEF, 0xEC, 0xCF, 0xE4, 0xAF, 0xDC, 0x8F, 0xD4, 0x6F, 0xD4, 0x4E,
    0xD4, 0x4E, 0xD4, 0x6F, 0xCC, 0x4E, 0xCC, 0x0D, 0xC3, 0xCE, 0xBB, 0xCE, 0xB3, 0xCD, 0xB3, 0xAD,
    0xAB, 0xAC, 0xA3, 0x8C, 0xA3, 0x8C, 0x93, 0x6C, 0x9B, 0x8D, 0x9B, 0xAD, 0xAC, 0x0F, 0xB4, 0x50,
    0xA3, 0xEE, 0x9B, 0xCE, 0x94, 0x52, 0xA4, 0xD4, 0xB5, 0x56, 0xB5, 0x36, 0xB5, 0x35, 0xB5, 0x15,
    0xAD, 0x15, 0xA5, 0x35, 0xA4, 0xF5, 0xA4, 0xF5, 0x9C, 0xF4, 0x9C, 0xD4, 0x9C, 0xB4, 0x94, 0x93,
    0x94, 0x93, 0x94, 0x73, 0x8C, 0x72, 0x8C, 0x72, 0x8C, 0x72, 0x8C, 0x72, 0x8C, 0x72, 0x8C, 0x72,
    0x8C, 0x72, 0x8C, 0x72, 0x8C, 0x72, 0x8C, 0x53, 0x8C, 0x72, 0x8C, 0x73, 0x8C, 0x73, 0x8C, 0x73,
    0x8C, 0x93, 0x8C, 0xB4, 0x94, 0x8C, 0x94, 0x8C, 0x93, 0x94, 0x92, 0x94, 0x92, 0x94, 0x92, 0x94,
    0x92, 0x94, 0x92, 0x94, 0x92, 0x94, 0x93, 0x94, 0xB3, 0x94, 0xB3, 0x94, 0xB3, 0x94, 0xB3, 0x94,
    0xB3, 0x94, 0xB3, 0x94, 0xB3, 0x94, 0xB3, 0x94, 0xB3, 0x94, 0xB3, 0x94, 0xB3, 0x94, 0xB4, 0x94,
    0xD4, 0x9C, 0xD4, 0x9C, 0xD5, 0xA4, 0xF6, 0xAC, 0xD5, 0x02, 0xB4, 0xFF, 0x8A, 0xCB, 0xCC, 0x50,
    0x9A, 0xAB, 0x71, 0xC8, 0x71, 0xA8, 0x71, 0xEA, 0x69, 0xEA, 0x61, 0xCA, 0x61, 0xAA, 0x59, 0xCA,
    0x59, 0xA9, 0x51, 0xA9, 0x49, 0x89, 0x49, 0xA9, 0x49, 0xA9, 0x41, 0xA9, 0x39, 0xAA, 0x39, 0xAA,
    0x39, 0xAA, 0x39, 0xAA, 0x39, 0xAA, 0x39, 0xAA, 0x39, 0xAA, 0x39, 0x8A, 0x39, 0x8A, 0x39, 0x8A,
    0x39, 0xAA, 0x39, 0xAA, 0x39, 0xAA, 0x39, 0xAA, 0x39, 0xAA, 0x39, 0xAA, 0x39, 0xAA, 0x39, 0xAA,
    0x39, 0xAA, 0x39, 0xAA, 0x41, 0xCB, 0x41, 0xCB, 0x41, 0xCB, 0x41, 0xCB, 0x41, 0xCB, 0x41, 0xCB,
    0x41, 0xEB, 0x3A, 0x0C, 0x41, 0xEC, 0x49, 0xEB, 0x49, 0xEB, 0x5A, 0xAD, 0x52, 0x8C, 0xB6, 0x5B,
    0xAE, 0x7C, 0xAE, 0x5B, 0xA6, 0x5B, 0xAE, 0x5B, 0xAE, 0x5B, 0xAE, 0x5B, 0xAE, 0x5B, 0xB6, 0x7A,
    0xBE, 0x9B, 0xBE, 0x9B, 0xC6, 0xDC, 0xC6, 0xDC, 0xC6, 0xDC, 0xCE, 0xDC, 0xFF, 0xCE, 0xBB, 0xCE,
    0x9B, 0xC6, 0x9B, 0xC6, 0x5A, 0xBE, 0x5A, 0xBE, 0x39, 0xB5, 0xF9, 0xB5, 0xD9, 0xAD, 0xD8, 0xAD,
    0xB8, 0xAD, 0x98, 0xAD, 0x98, 0xAD, 0x98, 0x9D, 0x16, 0x9D, 0x36, 0x9D, 0x56, 0xA5, 0x57, 0x9D,
    0x56, 0x9D, 0x56, 0x9D, 0x57, 0x9D, 0x37, 0x9D, 0x37, 0x9D, 0x37, 0xAD, 0x99, 0xA5, 0x79, 0xA5,
    0x58, 0x9D, 0x58, 0x9D, 0x37, 0x95, 0x16, 0x8C, 0xF6, 0x9D, 0x58, 0x95, 0x37, 0x94, 0xF6, 0x84,
    0xB5, 0x7C, 0x54, 0x74, 0x34, 0x74, 0x33, 0x5B, 0x71, 0x5B, 0x71, 0x5B, 0x71, 0x5B, 0x71, 0x5B,
    0x71, 0x5B, 0x71, 0x5B, 0x30, 0x52, 0xEF, 0x52, 0xEF, 0x52, 0xEF, 0x52, 0xEF, 0x52, 0xEF, 0x52,
    0xEF, 0x52, 0xEF, 0x52, 0xEF, 0x52, 0xEF, 0x52, 0xEF, 0x53, 0x0F, 0x53, 0x0F, 0x53, 0x0F, 0x52,
    0xEF, 0x52, 0xEF, 0x52, 0xEF, 0x53, 0x0F, 0x53, 0x0F, 0x53, 0x0F, 0x53, 0x0F, 0xFF, 0x6B, 0xB2,
    0x6B, 0xB2, 0x6B, 0xB2, 0x6B, 0xD2, 0x6B, 0xF2, 0x6B, 0xF2, 0x6B, 0xF2, 0x6B, 0xF2, 0x73, 0xF3,
    0x74, 0x13, 0x84, 0x75, 0x84, 0x75, 0x84, 0x75, 0x84, 0x74, 0x84, 0x54, 0x8C, 0x75, 0x8C, 0x95,
    0x8C, 0xB5, 0x8C, 0xB5, 0x94, 0xD6, 0x94, 0xD6, 0x94, 0xD6, 0x94, 0xD6, 0x94, 0xD6, 0x9D, 0x17,
    0x9D, 0x17, 0x9D, 0x17, 0x94, 0xF6, 0x7C, 0x34, 0x63, 0x50, 0x52, 0xCE, 0x52, 0xCE, 0x52, 0xAE,
    0x4A, 0xAD, 0x42, 0x2C, 0x42, 0x2C, 0x42, 0x4C, 0x3A, 0x0B, 0x31, 0xCA, 0x31, 0xCA, 0x31, 0xCA,
    0x3A, 0x2C, 0x42, 0x4C, 0x4A, 0x8D, 0x5A, 0xEF, 0x6B, 0x91, 0x84, 0x54, 0xA5, 0x18, 0xAD, 0x79,
    0xB5, 0xBA, 0xC6, 0x1C, 0xC6, 0x1C, 0xC5, 0xFB, 0xCE, 0x5D, 0xA5, 0x79, 0x63, 0x51, 0x4A, 0xCE,
    0x3A, 0x6D, 0x42, 0x8D, 0x42, 0x8D, 0x42, 0x8D, 0x42, 0x8D, 0x42, 0x8D, 0x42, 0x8D, 0xFF, 0x42,
    0x8D, 0x42, 0x8D, 0x42, 0x8D, 0x42, 0x8D, 0x4A, 0xCE, 0x4A, 0xCE, 0x4A, 0xCE, 0x4A, 0xCE, 0x4A,
    0xCE, 0x4A, 0xCE, 0x4A, 0xCE, 0x42, 0x8D, 0x42, 0x8D, 0x42, 0x8D, 0x42, 0xAD, 0x4A, 0xCE, 0x52,
    0xEF, 0x53, 0x0F, 0x52, 0xEF, 0x52, 0xEF, 0x52, 0xEF, 0x63, 0x2F, 0x6B, 0x30, 0x73, 0x91, 0x6B,
    0x50, 0x5A, 0xCE, 0xFE, 0x52, 0xFE, 0x52, 0xFE, 0x52, 0xFE, 0x51, 0xFE, 0x51, 0xFE, 0x51, 0xFE,
    0x31, 0xFE, 0x31, 0xFE, 0x11, 0xFD, 0xB1, 0xFD, 0x91, 0xF5, 0x70, 0xF5, 0x50, 0xED, 0x2F, 0xED,
    0x0F, 0xED, 0x0F, 0xEC, 0xF0, 0xE4, 0xD0, 0xE4, 0xCF, 0xDC, 0x8F, 0xDC, 0x6E, 0xD4, 0x6E, 0xD4,
    0x6F, 0xD4, 0x90, 0xD4, 0x90, 0xD4, 0x70, 0xC4, 0x0E, 0xC3, 0xEE, 0xBB, 0xAC, 0xA3, 0x2C, 0xA3,
    0x4C, 0xA3, 0x4D, 0xA3, 0xAD, 0xAB, 0xEE, 0xA4, 0x0F, 0xA4, 0x0F, 0xAC, 0x51, 0xC5, 0x55, 0xC7,
    0xDD, 0xF7, 0xDE, 0x18, 0xCD, 0x75, 0xBD, 0x34, 0xBC, 0xF3, 0xAD, 0x36, 0xAD, 0x15, 0xA4, 0xF5,
    0xAD, 0x36, 0xAD, 0x15, 0xA4, 0xF5, 0xA4, 0xF5, 0xA4, 0xF5, 0xA4, 0xD4, 0xA4, 0xD4, 0x9C, 0xB4,
    0x9C, 0x93, 0x94, 0x73, 0x94, 0x73, 0x94, 0x73, 0x94, 0x72, 0x94, 0x52, 0x94, 0x52, 0x94, 0x52,
    0x94, 0x52, 0x94, 0x52, 0x94, 0x52, 0x94, 0x52, 0x94, 0x52, 0x94, 0x52, 0x94, 0x52, 0x94, 0x52,
    0x94, 0x93, 0x94, 0x93, 0x94, 0x93, 0x94, 0x93, 0x07, 0x94, 0xFF, 0xB3, 0x94, 0xB3, 0x94, 0xB3,
    0x94, 0xB3, 0x94, 0xB3, 0x94, 0xB3, 0x94, 0x93, 0x94, 0xB3, 0x94, 0xB3, 0x94, 0xB3, 0x94, 0xB3,
    0x94, 0xB3, 0x94, 0xB3, 0x94, 0xB3, 0x94, 0xB3, 0x94, 0xB3, 0x94, 0xB3, 0x94, 0xB3, 0x94, 0xB4,
    0x94, 0xD4, 0x9C, 0xD4, 0x9C, 0xF5, 0xA4, 0xF6, 0xA4, 0xD5, 0xB4, 0xB3, 0x8A, 0xEB, 0xD4, 0x70,
    0xA3, 0x0C, 0x79, 0xC8, 0x71, 0xC8, 0x72, 0x0A, 0x69, 0xCA, 0x61, 0xCA, 0x61, 0xAA, 0x59, 0xCA,
    0x59, 0xA9, 0x51, 0xA9, 0x49, 0x89, 0x49, 0xA9, 0x49, 0xA9, 0x41, 0xA9, 0x39, 0xAA, 0x39, 0xAA,
    0x39, 0xAA, 0x39, 0xAA, 0x39, 0xAA, 0x39, 0xAA, 0x39, 0xAA, 0x39, 0x8A, 0x39, 0x8A, 0x39, 0x8A,
    0x39, 0xAA, 0x39, 0xAA, 0x39, 0xAA, 0x39, 0xAA, 0x39, 0xAA, 0x39, 0xAA, 0x39, 0xAA, 0x39, 0xAA,
    0x39, 0xAA, 0x39, 0xAA, 0x41, 0xCB, 0x41, 0xCB, 0x41, 0xCB, 0x41, 0xFF, 0xCB, 0x41, 0xCB, 0x41,
    0xCB, 0x41, 0xEB, 0x3A, 0x0C, 0x41, 0xEC, 0x49, 0xEB, 0x49, 0xEB, 0x62, 0xCE, 0x6B, 0x4F, 0xB6,
    0x5B, 0xA6, 0x1A, 0x9E, 0x1A, 0x9D, 0xD9, 0xA6, 0x1A, 0xA6, 0x1A, 0xA6, 0x1A, 0xA5, 0xFA, 0xAE,
    0x19, 0xB6, 0x3A, 0xB6, 0x5A, 0xAE, 0x19, 0xAE, 0x19, 0xAE, 0x19, 0xAD, 0xF9, 0xB5, 0xF8, 0xB5,
    0xD8, 0xAD, 0xD8, 0x9D, 0x36, 0x9D, 0x35, 0x95, 0x15, 0x8C, 0xB4, 0x8C, 0x94, 0x84, 0x93, 0x84,
    0x73, 0x8C, 0x94, 0x8C, 0x94, 0x8C, 0x94, 0x84, 0x73, 0x84, 0x73, 0x84, 0x73, 0x84, 0x53, 0x7C,
    0x32, 0x7C, 0x32, 0x7C, 0x32, 0x7C, 0x13, 0x7C, 0x13, 0x7C, 0x13, 0x6B, 0xB1, 0x6B, 0xB2, 0x73,
    0xD2, 0x7C, 0x13, 0x7C, 0x54, 0x7C, 0x33, 0x74, 0x33, 0x6B, 0xD1, 0x63, 0xB1, 0x63, 0x91, 0x6B,
    0xD2, 0x74, 0x13, 0x73, 0xF3, 0x6B, 0xF3, 0x7C, 0x54, 0x7C, 0x54, 0x7C, 0xFF, 0x54, 0x84, 0x75,
    0x84, 0x75, 0x84, 0x75, 0x84, 0x95, 0x84, 0x95, 0x84, 0x95, 0x84, 0x95, 0x84, 0x95, 0x7C, 0x74,
    0x7C, 0x34, 0x74, 0x33, 0x7C, 0x34, 0x7C, 0x34, 0x7C, 0x34, 0x6B, 0xF2, 0x6B, 0xF2, 0x6B, 0xF2,
    0x7C, 0x34, 0x7C, 0x34, 0x7C, 0x34, 0x7C, 0x54, 0x7C, 0x54, 0x7C, 0x54, 0x7C, 0x54, 0x63, 0xB1,
    0x63, 0xB1, 0x63, 0xB1, 0x6B, 0xB2, 0x6B, 0xD2, 0x6B, 0xD2, 0x6B, 0xD2, 0x6B, 0xD2, 0x6B, 0xD2,
    0x73, 0xF3, 0x6B, 0xB2, 0x6B, 0xB2, 0x6B, 0xB1, 0x6B, 0x91, 0x6B, 0x71, 0x6B, 0x91, 0x6B, 0xB2,
    0x6B, 0x71, 0x6B, 0x91, 0x6B, 0xB1, 0x6B, 0xB1, 0x6B, 0xB1, 0x6B, 0xB1, 0x6B, 0xB1, 0x73, 0xD2,
    0x7B, 0xF3, 0x7C, 0x33, 0x73, 0xF2, 0x7C, 0x33, 0x84, 0x74, 0x8C, 0xB5, 0x94, 0xD6, 0x94, 0xD6,
    0x94, 0xD6, 0x9D, 0x17, 0x9D, 0x37, 0xA5, 0x58, 0xAD, 0x79, 0xAD, 0xB9, 0xAD, 0xFF, 0x99, 0xAD,
    0x99, 0xAD, 0x99, 0xB5, 0xFB, 0xC6, 0x5C, 0xC6, 0x3C, 0xC6, 0x3C, 0xC6, 0x3C, 0xC6, 0x5C, 0xC6,
    0x5C, 0xCE, 0x5D, 0xCE, 0x5D, 0xCE, 0x3D, 0xCE, 0x7D, 0xB5, 0xBA, 0x6B, 0x91, 0x42, 0x4C, 0x42,
    0xAE, 0x42, 0x8D, 0x42, 0x8D, 0x42, 0x8D, 0x42, 0x8D, 0x42, 0x8D, 0x42, 0x8D, 0x42, 0x8D, 0x42,
    0x8D, 0x42, 0x8D, 0x42, 0x8D, 0x42, 0x8D, 0x42, 0xAE, 0x42, 0xAE, 0x42, 0xAE, 0x42, 0xAE, 0x42,
    0xAE, 0x42, 0xAE, 0x42, 0xAE, 0x4A, 0xAE, 0x4A, 0xAE, 0x4A, 0xAE, 0x4A, 0xAE, 0x42, 0xAE, 0x4A,
    0xAE, 0x42, 0xAE, 0x42, 0x8D, 0x42, 0x8D, 0x42, 0x8D, 0x52, 0x8D, 0x52, 0x8D, 0x52, 0xAD, 0x52,
    0xAD, 0x4A, 0x4C, 0xE5, 0xF1, 0xE5, 0xD1, 0xED, 0xD1, 0xF5, 0xD1, 0xF5, 0xD1, 0xED, 0xB0, 0xED,
    0x90, 0xED, 0x70, 0xE5, 0x4F, 0xD4, 0xCF, 0xD4, 0x8E, 0xC4, 0x4D, 0xC4, 0x4D, 0xC4, 0xFF, 0x4D,
    0xC4, 0x2C, 0xBC, 0x0C, 0xBB, 0xEC, 0xBB, 0xCC, 0xB3, 0xCC, 0xBB, 0xEC, 0xB3, 0xCB, 0xB3, 0xAB,
    0xB3, 0xCC, 0xB3, 0xCE, 0xB3, 0xCE, 0xAB, 0xAD, 0xBC, 0x2F, 0xC4, 0x50, 0xCC, 0x91, 0xC4, 0xD3,
    0xCC, 0xD3, 0xCD, 0x34, 0xC5, 0x34, 0xC5, 0x34, 0xC5, 0x74, 0xC5, 0x95, 0xB5, 0x35, 0xBD, 0x56,
    0xBD, 0x56, 0xB5, 0x35, 0xB5, 0x15, 0xB5, 0x35, 0xB5, 0x56, 0xB5, 0xB8, 0xAD, 0x56, 0xA5, 0x15,
    0xA5, 0x15, 0xA5, 0x15, 0x9C, 0xF5, 0xA4, 0xD4, 0xA4, 0xD3, 0xA4, 0xB3, 0xA4, 0x93, 0xA4, 0x93,
    0x9C, 0x72, 0x94, 0x51, 0x9C, 0x72, 0x9C, 0x72, 0x9C, 0x52, 0x9C, 0x52, 0x94, 0x51, 0x94, 0x51,
    0x94, 0x51, 0x9C, 0x52, 0x9C, 0x52, 0x9C, 0x52, 0x94, 0x51, 0x94, 0x51, 0x94, 0x51, 0x94, 0x52,
    0x9C, 0x93, 0x9C, 0x93, 0x9C, 0x93, 0x9C, 0x93, 0x9C, 0xB3, 0x9C, 0xB3, 0x9C, 0xB3, 0x9C, 0xFF,
    0xB3, 0x9C, 0xB3, 0x9C, 0xB3, 0x9C, 0xB3, 0x9C, 0xB3, 0x9C, 0xB3, 0x94, 0xB3, 0x94, 0xB3, 0x94,
    0xB3, 0x94, 0xB3, 0x94, 0xB3, 0x94, 0xB3, 0x94, 0xB3, 0x94, 0xB3, 0x94, 0xB3, 0x94, 0xB3, 0x94,
    0xB3, 0x94, 0xB3, 0x94, 0xB4, 0x94, 0xD4, 0x9C, 0xF4, 0x9C, 0xF5, 0x9C, 0xF6, 0xA4, 0xD5, 0xAC,
    0x93, 0x8A, 0xEB, 0xD4, 0xB1, 0xAB, 0x6E, 0x79, 0xE9, 0x71, 0xC8, 0x7A, 0x0A, 0x69, 0xEA, 0x61,
    0xCA, 0x61, 0xAA, 0x59, 0xCA, 0x59, 0xA9, 0x51, 0xA9, 0x49, 0x89, 0x49, 0xA9, 0x49, 0xA9, 0x41,
    0xA9, 0x39, 0xAA, 0x39, 0xAA, 0x39, 0xAA, 0x39, 0xAA, 0x39, 0xAA, 0x39, 0xAA, 0x39, 0xAA, 0x39,
    0x8A, 0x39, 0x8A, 0x39, 0x8A, 0x39, 0xAA, 0x39, 0xAA, 0x39, 0xAA, 0x39, 0xAA, 0x39, 0xAA, 0x39,
    0xAA, 0x39, 0xAA, 0x39, 0xAA, 0x39, 0xAA, 0x39, 0xAA, 0x41, 0xCB, 0x41, 0xCB, 0x41, 0xCB, 0x41,
    0xFF, 0xCB, 0x41, 0xCB, 0x41, 0xCB, 0x41, 0xEB, 0x3A, 0x0C, 0x41, 0xEC, 0x49, 0xEB, 0x52, 0x0B,
    0x5A, 0xAD, 0xA5, 0x57, 0x9D, 0x77, 0x9D, 0xB8, 0x95, 0x98, 0x95, 0x77, 0x8D, 0x37, 0x8D, 0x36,
    0x8D, 0x36, 0x8D, 0x15, 0x84, 0xF4, 0x8D, 0x15, 0x8D, 0x15, 0x84, 0xD4, 0x84, 0xD4, 0x84, 0xD4,
    0x8C, 0xD4, 0x8C, 0xD4, 0x8C, 0xB4, 0x8C, 0xB3, 0x94, 0xD4, 0x8C, 0xD4, 0x8C, 0xB3, 0x8C, 0xB4,
    0x8C, 0x94, 0x84, 0x93, 0x84, 0x73, 0x84, 0x73, 0x84, 0x73, 0x84, 0x73, 0x7C, 0x32, 0x7C, 0x12,
    0x73, 0xF1, 0x73, 0xF1, 0x73, 0xF1, 0x73, 0xF1, 0x73, 0xF1, 0x73, 0xB2, 0x73, 0xB2, 0x73, 0xB2,
    0x6B, 0x91, 0x6B, 0x71, 0x63, 0x50, 0x5B, 0x50, 0x5B, 0x50, 0x5B, 0x70, 0x63, 0x70, 0x63, 0x70,
    0x63, 0x90, 0x63, 0x91, 0x63, 0x71, 0x5B, 0x50, 0x5B, 0x30, 0x53, 0x30, 0x5B, 0x50, 0x5B, 0x50,
    0x5B, 0xFF, 0x50, 0x5B, 0x50, 0x5B, 0x50, 0x5B, 0x50, 0x5B, 0x30, 0x53, 0x0F, 0x53, 0x0F, 0x53,
    0x0F, 0x53, 0x2F, 0x53, 0x30, 0x53, 0x30, 0x5B, 0x30, 0x5B, 0x30, 0x5B, 0x30, 0x5B, 0x30, 0x4A,
    0xCE, 0x4A, 0xCE, 0x4A, 0xCE, 0x5B, 0x30, 0x5B, 0x30, 0x5B, 0x30, 0x53, 0x2F, 0x53, 0x0F, 0x53,
    0x0F, 0x53, 0x0F, 0x4A, 0xAE, 0x4A, 0xAE, 0x4A, 0xAE, 0x4A, 0xEE, 0x53, 0x2F, 0x53, 0x2F, 0x53,
    0x2F, 0x53, 0x2F, 0x5B, 0x30, 0x5B, 0x50, 0x53, 0x0F, 0x5A, 0xEF, 0x5A, 0xEF, 0x5A, 0xEF, 0x5B,
    0x0F, 0x5B, 0x2F, 0x63, 0x30, 0x5B, 0x2F, 0x5B, 0x2F, 0x63, 0x50, 0x63, 0x50, 0x63, 0x50, 0x63,
    0x50, 0x63, 0x50, 0x63, 0x70, 0x63, 0x70, 0x63, 0x70, 0x63, 0x71, 0x73, 0xD2, 0x73, 0xF2, 0x6B,
    0xB2, 0x73, 0xD2, 0x73, 0xF2, 0x7C, 0x13, 0x7C, 0x13, 0x84, 0x34, 0x8C, 0x95, 0x8C, 0x95, 0x84,
    0x74, 0x94, 0xFF, 0xF7, 0xA5, 0x58, 0xA5, 0x58, 0xA5, 0x78, 0xAD, 0x79, 0xBD, 0xFA, 0xBD, 0xFB,
    0xBE, 0x1B, 0xC6, 0x3B, 0xC6, 0x5C, 0xBE, 0x1B, 0xB5, 0xB9, 0xB5, 0x9A, 0xC6, 0x1C, 0x7B, 0xF3,
    0x3A, 0x2C, 0x42, 0x8D, 0x32, 0x2B, 0x3A, 0x6D, 0x42, 0x8D, 0x42, 0x8D, 0x42, 0x8D, 0x42, 0x8D,
    0x42, 0x8D, 0x42, 0x8D, 0x42, 0x8D, 0x42, 0x8D, 0x42, 0x8D, 0x42, 0x8D, 0x42, 0x8D, 0x42, 0x8D,
    0x42, 0x8D, 0x42, 0x8D, 0x42, 0x8D, 0x42, 0x8D, 0x42, 0x8D, 0x42, 0x8D, 0x42, 0x8D, 0x42, 0x8D,
    0x42, 0x8D, 0x42, 0x8D, 0x42, 0x6D, 0x42, 0x6D, 0x42, 0x6D, 0x42, 0x6D, 0x42, 0x6D, 0x42, 0x6C,
    0x42, 0x6C, 0x42, 0x4C, 0x4A, 0x6C, 0x42, 0x6C, 0xFE, 0xD5, 0xFE, 0xB5, 0xFE, 0x54, 0xFE, 0x54,
    0xFE, 0x54, 0xFE, 0x33, 0xF5, 0xF2, 0xED, 0xB2, 0xED, 0xB1, 0xE5, 0x93, 0xE5, 0x72, 0xDD, 0x72,
    0xE5, 0x92, 0xE5, 0xFF, 0x72, 0xDD, 0x51, 0xDD, 0x51, 0xDD, 0x32, 0xDD, 0x32, 0xDD, 0x32, 0xD5,
    0x11, 0xD5, 0x11, 0xD5, 0x11, 0xD5, 0x12, 0xD5, 0x33, 0xD5, 0x33, 0xD5, 0x33, 0xD5, 0x33, 0xD5,
    0x33, 0xD5, 0x33, 0xD5, 0x34, 0xD5, 0x34, 0xCD, 0x54, 0xCD, 0x54, 0xC5, 0x74, 0xC5, 0x74, 0xC5,
    0x95, 0xBD, 0x75, 0xB5, 0x55, 0xB5, 0x55, 0xB5, 0x35, 0xB5, 0x35, 0xAD, 0x14, 0xAD, 0x14, 0xAD,
    0x35, 0xAD, 0x35, 0xAD, 0x15, 0xAD, 0x15, 0xA4, 0xF4, 0xA4, 0xF4, 0xA4, 0xD4, 0xA4, 0xD3, 0xA4,
    0xB2, 0xA4, 0x92, 0xA4, 0x92, 0x9C, 0x71, 0x9C, 0x51, 0x9C, 0x51, 0x9C, 0x51, 0x9C, 0x51, 0x9C,
    0x51, 0x9C, 0x51, 0x9C, 0x51, 0x9C, 0x51, 0x9C, 0x51, 0x9C, 0x51, 0x9C, 0x51, 0x9C, 0x51, 0x9C,
    0x51, 0x9C, 0x51, 0x9C, 0x51, 0x9C, 0x71, 0x94, 0x72, 0x94, 0x72, 0x94, 0x72, 0x9C, 0x52, 0x9C,
    0x52, 0x94, 0x72, 0x94, 0xF8, 0x72, 0x94, 0x72, 0x94, 0x72, 0x94, 0x93, 0x94, 0x93, 0x94, 0x93,
    0x94, 0x93, 0x8C, 0x93, 0x8C, 0x93, 0x8C, 0x93, 0x8C, 0x73, 0x8C, 0x73, 0x8C, 0x73, 0x8C, 0x73,
    0x8C, 0x73, 0x8C, 0x73, 0x8C, 0x73, 0x8C, 0x93, 0x8C, 0x93, 0x8C, 0x93, 0x94, 0xB3, 0x94, 0xD4,
    0x94, 0xF5, 0xA4, 0xD5, 0xA4, 0xB3, 0x8B, 0x2C, 0xD4, 0xB1, 0xC4, 0x31, 0x92, 0x8C, 0x71, 0xE9,
    0x71, 0xEA, 0x69, 0xEA, 0x61, 0xCA, 0x61, 0xAA, 0x61, 0xEA, 0x59, 0xCA, 0x59, 0xCA, 0x51, 0xA9,
    0x49, 0xA9, 0x41, 0xA8, 0x41, 0x89, 0x39, 0x8A, 0x39, 0x8A, 0x39, 0x8A, 0x31, 0x69, 0x31, 0x69,
    0x31, 0x69, 0x39, 0x6A, 0x39, 0xAA, 0x39, 0xAA, 0x39, 0xAA, 0x39, 0xAA, 0x39, 0xAA, 0x39, 0xAA,
    0x39, 0xAA, 0x39, 0xAA, 0x39, 0xAA, 0x39, 0x8A, 0x31, 0x8A, 0x31, 0x69, 0x29, 0x49, 0x0D, 0x29,
    0xFF, 0x49, 0x21, 0x49, 0x29, 0x49, 0x41, 0xAB, 0x52, 0x0B, 0x83, 0xF2, 0xAD, 0x77, 0x9D, 0x77,
    0x95, 0x77, 0x8D, 0x56, 0x8D, 0x36, 0x8D, 0x16, 0x8D, 0x15, 0x84, 0xF5, 0x84, 0xF5, 0x84, 0xF4,
    0x84, 0xD4, 0x7C, 0xB4, 0x84, 0xD4, 0x84, 0xD4, 0x84, 0xD4, 0x8C, 0xD4, 0x8C, 0xD4, 0x8C, 0xD4,
    0x8C, 0xD4, 0x8C, 0xD4, 0x8C, 0xD4, 0x8C, 0xD4, 0x8C, 0xB4, 0x8C, 0xB4, 0x8C, 0xB4, 0x8C, 0x94,
    0x84, 0x73, 0x84, 0x53, 0x7C, 0x32, 0x84, 0x53, 0x7C, 0x32, 0x7C, 0x12, 0x74, 0x11, 0x73, 0xF1,
    0x73, 0xD1, 0x6B, 0xB0, 0x6B, 0xB2, 0x6B, 0x91, 0x6B, 0x91, 0x6B, 0xB1, 0x6B, 0xB1, 0x6B, 0xB1,
    0x6B, 0xB1, 0x63, 0xB1, 0x63, 0xB1, 0x63, 0xB1, 0x63, 0x91, 0x5B, 0x70, 0x5B, 0x50, 0x5B, 0x50,
    0x5B, 0x50, 0x5B, 0x30, 0x53, 0x0F, 0x53, 0x2F, 0x53, 0x0F, 0x52, 0xEF, 0x52, 0xEF, 0x52, 0xEF,
    0x52, 0xFF, 0xEF, 0x52, 0xEF, 0x52, 0xEF, 0x52, 0xEF, 0x52, 0xEF, 0x4A, 0xEE, 0x4A, 0xEE, 0x4A,
    0xEE, 0x4A, 0xEE, 0x4A, 0xEE, 0x4A, 0xEE, 0x4A, 0xEE, 0x4A, 0xCE, 0x4A, 0xCE, 0x4A, 0xCE, 0x4A,
    0xCE, 0x4A, 0xCE, 0x4A, 0xCE, 0x4A, 0xCE, 0x4A, 0xEE, 0x4A, 0xEE, 0x4A, 0xEE, 0x4A, 0xEE, 0x4A,
    0xEE, 0x4A, 0xEE, 0x4A, 0xEE, 0x4A, 0xEE, 0x4A, 0xEE, 0x4A, 0xEE, 0x52, 0xEF, 0x52, 0xEF, 0x52,
    0xEF, 0x53, 0x0F, 0x5A, 0xEF, 0x5A, 0xEF, 0x5B, 0x0F, 0x5B, 0x0F, 0x5B, 0x0F, 0x5B, 0x0F, 0x63,
    0x50, 0x63, 0x50, 0x63, 0x50, 0x63, 0x50, 0x63, 0x70, 0x63, 0x70, 0x63, 0x70, 0x6B, 0x71, 0x6B,
    0x71, 0x6B, 0x71, 0x6B, 0x91, 0x6B, 0x91, 0x6B, 0x91, 0x6B, 0x91, 0x6B, 0xB1, 0x6B, 0xB1, 0x6B,
    0xB1, 0x6B, 0xB1, 0x6B, 0xB1, 0x6B, 0xB1, 0x73, 0xB2, 0x73, 0xF2, 0x7C, 0x13, 0x7C, 0x13, 0x84,
    0x74, 0x8C, 0xFF, 0x95, 0x94, 0xB6, 0x9C, 0xF6, 0x9D, 0x16, 0xA5, 0x17, 0xA5, 0x57, 0xAD, 0x57,
    0xAD, 0x57, 0xAD, 0x57, 0xAD, 0x38, 0x9C, 0xF7, 0x8C, 0x75, 0x42, 0x4C, 0x3A, 0x0B, 0x3A, 0x6C,
    0x42, 0x8D, 0x3A, 0x6D, 0x42, 0x6D, 0x42, 0x6D, 0x3A, 0x2C, 0x3A, 0x2C, 0x3A, 0x4C, 0x3A, 0x4C,
    0x3A, 0x6D, 0x3A, 0x6C, 0x3A, 0x6C, 0x3A, 0x6C, 0x3A, 0x6C, 0x3A, 0x6C, 0x3A, 0x6C, 0x3A, 0x6D,
    0x3A, 0x4C, 0x3A, 0x2C, 0x3A, 0x4C, 0x3A, 0x4C, 0x3A, 0x4C, 0x3A, 0x4C, 0x3A, 0x4C, 0x3A, 0x4C,
    0x3A, 0x4C, 0x3A, 0x4C, 0x3A, 0x4C, 0x3A, 0x4C, 0x42, 0x6C, 0x42, 0x6C, 0x42, 0x6C, 0x42, 0x6C,
    0x42, 0x6C, 0xFF, 0x17, 0xFF, 0x17, 0xFE, 0xF7, 0xFE, 0xD7, 0xFE, 0xD7, 0xFE, 0xF7, 0xFE, 0xF7,
    0xFE, 0xD6, 0xFE, 0xB6, 0xF6, 0x56, 0xF6, 0x36, 0xEE, 0x15, 0xF6, 0x35, 0xEE, 0x15, 0xED, 0xF5,
    0xED, 0xD4, 0xE5, 0xFF, 0xD4, 0xE5, 0xD4, 0xE5, 0xD4, 0xDD, 0x93, 0xDD, 0x93, 0xE5, 0x93, 0xDD,
    0x93, 0xD5, 0x93, 0xD5, 0x93, 0xD5, 0x93, 0xD5, 0x93, 0xD5, 0x93, 0xD5, 0x93, 0xDD, 0x94, 0xDD,
    0x95, 0xD5, 0x95, 0xD5, 0xB5, 0xD5, 0xB5, 0xCD, 0xD5, 0xCD, 0xD5, 0xC5, 0xB5, 0xC5, 0x95, 0xC5,
    0x95, 0xBD, 0x95, 0xBD, 0x75, 0xBD, 0x74, 0xBD, 0x54, 0xBD, 0x55, 0xBD, 0x55, 0xB5, 0x34, 0xB5,
    0x14, 0xB5, 0x13, 0xAC, 0xF3, 0xAC, 0xF3, 0xAC, 0xD3, 0xAC, 0xB2, 0xA4, 0x92, 0xAC, 0xB2, 0xA4,
    0x91, 0xA4, 0x71, 0xA4, 0x71, 0xA4, 0x71, 0xA4, 0x71, 0xA4, 0x71, 0x9C, 0x51, 0x9C, 0x51, 0x9C,
    0x51, 0x9C, 0x51, 0x9C, 0x51, 0x9C, 0x51, 0xA4, 0x51, 0xA4, 0x71, 0xA4, 0x71, 0xA4, 0x71, 0x9C,
    0x71, 0x9C, 0x71, 0x9C, 0x71, 0x9C, 0x71, 0x9C, 0x71, 0x9C, 0x72, 0x9C, 0x72, 0x94, 0x93, 0x94,
    0x93, 0x94, 0x93, 0x94, 0xFF, 0x93, 0x94, 0x93, 0x94, 0x93, 0x94, 0x93, 0x8C, 0x93, 0x8C, 0x93,
    0x8C, 0x93, 0x8C, 0x73, 0x8C, 0x73, 0x8C, 0x73, 0x8C, 0x73, 0x8C, 0x73, 0x8C, 0x73, 0x8C, 0x73,
    0x8C, 0x93, 0x8C, 0x93, 0x8C, 0x93, 0x8C, 0xB3, 0x8C, 0xD4, 0x94, 0xD5, 0x9C, 0xD4, 0xAC, 0xF4,
    0x93, 0x6D, 0xC4, 0x70, 0xCC, 0x52, 0xB3, 0xD0, 0x71, 0xC8, 0x72, 0x0A, 0x72, 0x0A, 0x61, 0xEA,
    0x61, 0xCA, 0x59, 0xA9, 0x51, 0x89, 0x51, 0x88, 0x41, 0x27, 0x39, 0x27, 0x31, 0x26, 0x31, 0x27,
    0x31, 0x49, 0x31, 0x49, 0x31, 0x49, 0x29, 0x08, 0x29, 0x08, 0x29, 0x08, 0x31, 0x49, 0x39, 0xAA,
    0x39, 0xAA, 0x39, 0xAA, 0x39, 0xAA, 0x39, 0xAA, 0x39, 0xAA, 0x39, 0xAA, 0x39, 0xAA, 0x39, 0xAA,
    0x39, 0xAA, 0x39, 0x8A, 0x31, 0x8A, 0x31, 0x8A, 0x39, 0xAA, 0x39, 0xAA, 0x39, 0xAA, 0x39, 0xAB,
    0x39, 0xCB, 0x39, 0xCB, 0x39, 0xFF, 0xCB, 0x3A, 0x2C, 0x39, 0xAB, 0x41, 0xEB, 0x52, 0x0B, 0x7B,
    0xB1, 0xB5, 0x98, 0x95, 0x36, 0x95, 0x56, 0x95, 0x36, 0x8D, 0x15, 0x8D, 0x16, 0x8D, 0x15, 0x84,
    0xF5, 0x84, 0xF4, 0x84, 0xF4, 0x84, 0xD4, 0x7C, 0xB4, 0x84, 0xB4, 0x84, 0xB4, 0x84, 0xB4, 0x84,
    0xB4, 0x8C, 0xB3, 0x8C, 0xB3, 0x8C, 0xB3, 0x8C, 0xB3, 0x8C, 0xB3, 0x8C, 0xB3, 0x8C, 0x94, 0x8C,
    0x94, 0x8C, 0x94, 0x8C, 0x94, 0x84, 0x73, 0x84, 0x53, 0x84, 0x53, 0x84, 0x53, 0x7C, 0x32, 0x7C,
    0x32, 0x7C, 0x12, 0x73, 0xF1, 0x73, 0xF1, 0x73, 0xD1, 0x73, 0xD2, 0x6B, 0xB1, 0x6B, 0x91, 0x6B,
    0xB1, 0x6B, 0xB1, 0x6B, 0xB1, 0x6B, 0xB1, 0x63, 0xB1, 0x63, 0xB1, 0x63, 0xB1, 0x63, 0x91, 0x5B,
    0x70, 0x5B, 0x50, 0x5B, 0x50, 0x5B, 0x50, 0x5B, 0x30, 0x53, 0x0F, 0x53, 0x2F, 0x53, 0x0F, 0x52,
    0xEF, 0x52, 0xEF, 0x52, 0xEF, 0x52, 0xFF, 0xEF, 0x52, 0xEF, 0x52, 0xEF, 0x52, 0xEF, 0x52, 0xEF,
    0x4A, 0xEE, 0x4A, 0xEE, 0x4A, 0xEE, 0x4A, 0xEE, 0x4A, 0xEE, 0x4A, 0xEE, 0x4A, 0xEE, 0x4A, 0xCE,
    0x4A, 0xCE, 0x4A, 0xCE, 0x4A, 0xCE, 0x4A, 0xCE, 0x4A, 0xCE, 0x4A, 0xCE, 0x4A, 0xEE, 0x4A, 0xEE,
    0x4A, 0xEE, 0x4A, 0xEE, 0x4A, 0xEE, 0x4A, 0xEE, 0x4A, 0xEE, 0x4A, 0xEE, 0x4A, 0xEE, 0x4A, 0xEE,
    0x52, 0xEF, 0x52, 0xEF, 0x52, 0xEF, 0x53, 0x0F, 0x5A, 0xEF, 0x5A, 0xEF, 0x5B, 0x0F, 0x5B, 0x0F,
    0x5B, 0x0F, 0x5B, 0x0F, 0x5B, 0x30, 0x5B, 0x30, 0x5B, 0x30, 0x63, 0x30, 0x63, 0x50, 0x63, 0x50,
    0x63, 0x50, 0x63, 0x70, 0x63, 0x70, 0x63, 0x70, 0x6B, 0x71, 0x6B, 0x71, 0x6B, 0x71, 0x6B, 0x91,
    0x6B, 0x91, 0x6B, 0x91, 0x6B, 0x91, 0x6B, 0x91, 0x6B, 0x91, 0x6B, 0x91, 0x6B, 0x91, 0x63, 0x70,
    0x6B, 0x91, 0x6B, 0x91, 0x73, 0xD2, 0x73, 0xFF, 0xF2, 0x7C, 0x13, 0x7C, 0x12, 0x84, 0x12, 0x84,
    0x33, 0x8C, 0x74, 0x94, 0xB4, 0x94, 0xB5, 0x94, 0xB5, 0x8C, 0x54, 0x7B, 0xF3, 0x94, 0xB6, 0x7C,
    0x34, 0x6B, 0xB2, 0x3A, 0x6C, 0x21, 0xA9, 0x3A, 0x4C, 0x3A, 0x2C, 0x3A, 0x2C, 0x42, 0x8D, 0x42,
    0x8D, 0x42, 0x8D, 0x3A, 0x4C, 0x3A, 0x2C, 0x3A, 0x2C, 0x3A, 0x2C, 0x3A, 0x2C, 0x3A, 0x2C, 0x3A,
    0x2C, 0x3A, 0x4C, 0x3A, 0x6D, 0x3A, 0x4C, 0x3A, 0x2C, 0x3A, 0x4C, 0x3A, 0x4C, 0x3A, 0x4C, 0x3A,
    0x4C, 0x3A, 0x4C, 0x3A, 0x4C, 0x3A, 0x4C, 0x3A, 0x4C, 0x3A, 0x4C, 0x3A, 0x4C, 0x3A, 0x6C, 0x3A,
    0x6B, 0x3A, 0x6B, 0x3A, 0x6B, 0x3A, 0x6B, 0xFF, 0x38, 0xFF, 0x38, 0xFF, 0x17, 0xFE, 0xF7, 0xFF,
    0x17, 0xFF, 0x17, 0xF6, 0xD7, 0xEE, 0xB6, 0xEE, 0x96, 0xF6, 0x57, 0xEE, 0x36, 0xEE, 0x16, 0xEE,
    0x16, 0xE5, 0xF6, 0xE5, 0xD5, 0xE5, 0xD5, 0xE5, 0xFF, 0xD4, 0xE5, 0xD4, 0xE5, 0xD4, 0xDD, 0xD4,
    0xDD, 0xD4, 0xDD, 0xD4, 0xDD, 0xD3, 0xDD, 0xD2, 0xDD, 0xD2, 0xDD, 0xD2, 0xDE, 0x13, 0xDE, 0x13,
    0xDE, 0x13, 0xED, 0xF5, 0xED, 0xF5, 0xEE, 0x15, 0xEE, 0x15, 0xE6, 0x35, 0xE6, 0x35, 0xE6, 0x35,
    0xDE, 0x35, 0xDE, 0x15, 0xD6, 0x15, 0xD6, 0x15, 0xD5, 0xF5, 0xD5, 0xD4, 0xCD, 0xD4, 0xD5, 0x94,
    0xCD, 0x74, 0xCD, 0x53, 0xC5, 0x33, 0xC5, 0x12, 0xBC, 0xF2, 0xBC, 0xF2, 0xB4, 0xF3, 0xB4, 0xD2,
    0xAC, 0xB2, 0xB4, 0xD2, 0xAC, 0xB2, 0xAC, 0x91, 0xAC, 0x91, 0xAC, 0x91, 0xAC, 0x91, 0xAC, 0x91,
    0xA4, 0x71, 0xA4, 0x71, 0xA4, 0x71, 0xA4, 0x71, 0xA4, 0x71, 0xA4, 0x71, 0xAC, 0x71, 0xAC, 0x91,
    0xAC, 0x91, 0xAC, 0x91, 0xA4, 0x92, 0xA4, 0x92, 0xA4, 0x92, 0xA4, 0x92, 0xA4, 0x92, 0xA4, 0x92,
    0xA4, 0x92, 0x9C, 0xB3, 0x9C, 0xB3, 0x9C, 0xB3, 0x94, 0xFF, 0x93, 0x94, 0x93, 0x94, 0x93, 0x94,
    0x93, 0x8C, 0x93, 0x8C, 0x93, 0x8C, 0x93, 0x8C, 0x73, 0x8C, 0x73, 0x8C, 0x73, 0x8C, 0x73, 0x8C,
    0x73, 0x8C, 0x73, 0x8C, 0x73, 0x8C, 0x93, 0x8C, 0x93, 0x8C, 0x93, 0x84, 0x93, 0x84, 0xB3, 0x8C,
    0xB4, 0x9C, 0xD4, 0xA4, 0xB3, 0xB4, 0xB2, 0x92, 0xEA, 0xCC, 0x72, 0xCC, 0x52, 0x92, 0xED, 0x69,
    0xA9, 0x61, 0x88, 0x59, 0x68, 0x51, 0x48, 0x51, 0x68, 0x49, 0x68, 0x49, 0x48, 0x51, 0xA9, 0x49,
    0xA9, 0x41, 0xA8, 0x41, 0x89, 0x39, 0x8A, 0x39, 0x8A, 0x39, 0x8A, 0x41, 0xAA, 0x41, 0xAA, 0x41,
    0xAA, 0x39, 0xAA, 0x39, 0xAA, 0x39, 0xAA, 0x39, 0xAA, 0x39, 0xAA, 0x39, 0xAA, 0x39, 0xAA, 0x39,
    0xAA, 0x39, 0xAA, 0x39, 0xAA, 0x39, 0xAA, 0x39, 0xAA, 0x39, 0xCB, 0x41, 0xEB, 0x39, 0xCB, 0x39,
    0xCB, 0x39, 0xCB, 0x41, 0xEB, 0x41, 0xEC, 0x41, 0xEC, 0x42, 0xFF, 0x0C, 0x3A, 0x0C, 0x39, 0xAA,
    0x49, 0xEB, 0x5A, 0x6D, 0x5A, 0x8D, 0x9C, 0xF6, 0x9D, 0x36, 0x95, 0x35, 0x8D, 0x15, 0x8C, 0xF4,
    0x95, 0x15, 0x8D, 0x15, 0x8C, 0xD4, 0x8C, 0xF4, 0x84, 0xF4, 0x84, 0xD4, 0x7C, 0xB4, 0x7C, 0x93,
    0x7C, 0x93, 0x7C, 0x93, 0x84, 0x93, 0x84, 0x72, 0x84, 0x72, 0x84, 0x72, 0x84, 0x72, 0x84, 0x72,
    0x84, 0x72, 0x84, 0x73, 0x84, 0x73, 0x84, 0x73, 0x8C, 0x94, 0x8C, 0x94, 0x84, 0x93, 0x84, 0x73,
    0x84, 0x73, 0x84, 0x53, 0x7C, 0x32, 0x7C, 0x32, 0x7C, 0x12, 0x74, 0x11, 0x73, 0xF1, 0x73, 0xF2,
    0x73, 0xD2, 0x73, 0xB2, 0x6B, 0xB1, 0x6B, 0xB1, 0x6B, 0xB1, 0x6B, 0xB1, 0x63, 0xB1, 0x63, 0xB1,
    0x63, 0xB1, 0x63, 0x91, 0x5B, 0x70, 0x5B, 0x50, 0x5B, 0x50, 0x5B, 0x50, 0x5B, 0x30, 0x53, 0x0F,
    0x53, 0x2F, 0x53, 0x0F, 0x52, 0xEF, 0x52, 0xEF, 0x52, 0xEF, 0x52, 0xFF, 0xEF, 0x52, 0xEF, 0x52,
    0xEF, 0x52, 0xEF, 0x52, 0xEF, 0x4A, 0xEE, 0x4A, 0xEE, 0x4A, 0xEE, 0x4A, 0xEE, 0x4A, 0xEE, 0x4A,
    0xEE, 0x4A, 0xEE, 0x4A, 0xCE, 0x4A, 0xCE, 0x4A, 0xCE, 0x4A, 0xCE, 0x4A, 0xCE, 0x4A, 0xCE, 0x4A,
    0xCE, 0x4A, 0xEE, 0x4A, 0xEE, 0x4A, 0xEE, 0x4A, 0xEE, 0x4A, 0xEE, 0x4A, 0xEE, 0x4A, 0xEE, 0x4A,
    0xEE, 0x4A, 0xEE, 0x4A, 0xEE, 0x52, 0xEF, 0x52, 0xEF, 0x52, 0xEF, 0x53, 0x0F, 0x5A, 0xEF, 0x5A,
    0xEF, 0x5B, 0x0F, 0x5B, 0x0F, 0x5B, 0x0F, 0x5B, 0x0F, 0x5B, 0x0F, 0x5B, 0x0F, 0x5B, 0x0F, 0x5B,
    0x0F, 0x5B, 0x2F, 0x5B, 0x2F, 0x5B, 0x2F, 0x63, 0x30, 0x63, 0x30, 0x63, 0x30, 0x63, 0x50, 0x63,
    0x50, 0x63, 0x50, 0x63, 0x70, 0x63, 0x71, 0x63, 0x71, 0x63, 0x71, 0x63, 0x71, 0x63, 0x71, 0x63,
    0x71, 0x6B, 0x91, 0x6B, 0x91, 0x73, 0xD2, 0x73, 0xD2, 0x73, 0xD2, 0x73, 0xFF, 0xF2, 0x7C, 0x13,
    0x7C, 0x12, 0x84, 0x32, 0x84, 0x32, 0x84, 0x52, 0x84, 0x32, 0x84, 0x32, 0x84, 0x32, 0x8C, 0x34,
    0x83, 0xF3, 0x7B, 0xD3, 0x73, 0xD3, 0x6B, 0xB2, 0x74, 0x13, 0x74, 0x34, 0x63, 0x91, 0x5B, 0x70,
    0x53, 0x30, 0x4A, 0xCE, 0x42, 0xAD, 0x42, 0x6D, 0x3A, 0x6D, 0x42, 0x8D, 0x42, 0x8D, 0x42, 0x8D,
    0x42, 0x8D, 0x42, 0x8D, 0x42, 0x8D, 0x42, 0x8D, 0x3A, 0x6D, 0x3A, 0x4C, 0x3A, 0x2C, 0x3A, 0x4C,
    0x3A, 0x4C, 0x3A, 0x4C, 0x3A, 0x4C, 0x3A, 0x4C, 0x3A, 0x4C, 0x3A, 0x4C, 0x3A, 0x4C, 0x3A, 0x4C,
    0x3A, 0x4C, 0x32, 0x4B, 0x32, 0x4B, 0x32, 0x4B, 0x32, 0x4B, 0x32, 0x4B, 0xFF, 0x39, 0xFF, 0x39,
    0xFF, 0x18, 0xFF, 0x18, 0xFF, 0x18, 0xFF, 0x18, 0xFF, 0x18, 0xF6, 0xF7, 0xF6, 0xF7, 0xFE, 0x96,
    0xF6, 0x76, 0xF6, 0x55, 0xEE, 0x35, 0xEE, 0x35, 0xEE, 0x35, 0xEE, 0x34, 0xEE, 0xFF, 0x14, 0xEE,
    0x14, 0xEE, 0x14, 0xE5, 0xD3, 0xE5, 0xF3, 0xE5, 0xF3, 0xE5, 0xF3, 0xE5, 0xF3, 0xE5, 0xF3, 0xE5,
    0xF3, 0xE5, 0xF3, 0xE5, 0xF3, 0xE5, 0xF3, 0xEE, 0x35, 0xF6, 0x16, 0xED, 0xF5, 0xED, 0xF5, 0xEE,
    0x15, 0xE5, 0xF5, 0xE5, 0xF5, 0xE6, 0x14, 0xE6, 0x14, 0xE6, 0x14, 0xE5, 0xF4, 0xE5, 0xF4, 0xE5,
    0xF4, 0xE5, 0xF4, 0xD5, 0xB4, 0xD5, 0xB4, 0xD5, 0xB4, 0xD5, 0x93, 0xCD, 0x93, 0xCD, 0x72, 0xCD,
    0x53, 0xCD, 0x33, 0xC5, 0x13, 0xC4, 0xF2, 0xBC, 0xB1, 0xB4, 0x91, 0xB4, 0x70, 0xB4, 0x91, 0xB4,
    0x91, 0xAC, 0x91, 0xAC, 0x71, 0xAC, 0x91, 0xB4, 0x91, 0xAC, 0x91, 0xAC, 0x91, 0xAC, 0x91, 0xAC,
    0x91, 0xAC, 0x91, 0xAC, 0x91, 0xAC, 0x91, 0xAC, 0x91, 0xAC, 0x91, 0xAC, 0x91, 0xAC, 0x91, 0xAC,
    0x91, 0xAC, 0x91, 0xAC, 0x91, 0xAC, 0x92, 0xA4, 0xB2, 0xA4, 0xB2, 0xA4, 0xB2, 0xA4, 0xFF, 0x92,
    0xA4, 0x92, 0xA4, 0x92, 0x9C, 0xB2, 0x9C, 0xB2, 0x9C, 0xB2, 0x9C, 0xB2, 0x94, 0x92, 0x94, 0x92,
    0x94, 0xB2, 0x94, 0x93, 0x8C, 0x93, 0x8C, 0x93, 0x8C, 0x93, 0x8C, 0x93, 0x8C, 0x93, 0x8C, 0x93,
    0x94, 0xB3, 0x94, 0x93, 0x94, 0xB3, 0x94, 0xB3, 0xA5, 0x14, 0xA4, 0xB3, 0x93, 0xEF, 0x82, 0x8B,
    0xB3, 0xF0, 0x61, 0x87, 0x51, 0x06, 0x59, 0x88, 0x6A, 0x2B, 0x61, 0xCA, 0x61, 0xEB, 0x59, 0xCA,
    0x51, 0xAA, 0x51, 0xCA, 0x51, 0xCA, 0x49, 0xA9, 0x41, 0xA9, 0x39, 0xCA, 0x39, 0xCA, 0x39, 0xAA,
    0x31, 0xA9, 0x31, 0xA9, 0x31, 0xA9, 0x31, 0xAA, 0x31, 0xAA, 0x31, 0xAA, 0x31, 0xAA, 0x31, 0xAA,
    0x31, 0xAA, 0x31, 0xAA, 0x39, 0xAA, 0x39, 0xAA, 0x39, 0xAA, 0x39, 0xCA, 0x39, 0xCB, 0x39, 0xEB,
    0x42, 0x0C, 0x39, 0xEB, 0x39, 0xEB, 0x39, 0xEB, 0x39, 0xEB, 0x42, 0x0C, 0x4A, 0x2C, 0x4A, 0xFF,
    0x4D, 0x39, 0x8A, 0x49, 0xCB, 0x52, 0x0C, 0x5A, 0x6D, 0x52, 0x0C, 0x9C, 0x95, 0xA5, 0x37, 0x8C,
    0xF4, 0x8C, 0xF4, 0x8D, 0x15, 0x8C, 0xD4, 0x8C, 0xD4, 0x8C, 0xD4, 0x8C, 0xD4, 0x8C, 0xD5, 0x84,
    0xB4, 0x84, 0x94, 0x84, 0x94, 0x7C, 0x94, 0x7C, 0x94, 0x84, 0x93, 0x84, 0x93, 0x84, 0x93, 0x84,
    0x93, 0x8C, 0xD3, 0x8C, 0xD3, 0x8C, 0xB3, 0x8C, 0xB4, 0x8C, 0xB4, 0x8C, 0xB4, 0x94, 0xB4, 0x94,
    0xB4, 0x8C, 0x93, 0x8C, 0x93, 0x8C, 0x94, 0x8C, 0x94, 0x8C, 0x73, 0x84, 0x53, 0x7C, 0x32, 0x7C,
    0x12, 0x7B, 0xF2, 0x7C, 0x12, 0x73, 0xF2, 0x73, 0xD1, 0x73, 0xD1, 0x73, 0xD1, 0x6B, 0xB1, 0x6B,
    0x91, 0x63, 0xB1, 0x63, 0xB1, 0x63, 0xB1, 0x63, 0xB1, 0x63, 0x91, 0x63, 0x70, 0x5B, 0x70, 0x5B,
    0x70, 0x5B, 0x50, 0x5B, 0x30, 0x5B, 0x30, 0x53, 0x2F, 0x53, 0x0F, 0x52, 0xEF, 0x52, 0xEF, 0x52,
    0xFF, 0xEF, 0x52, 0xEF, 0x52, 0xEF, 0x52, 0xEF, 0x52, 0xEF, 0x4A, 0xEE, 0x4A, 0xEE, 0x4A, 0xEE,
    0x4A, 0xEE, 0x4A, 0xEE, 0x4A, 0xEE, 0x4A, 0xEE, 0x4A, 0xEE, 0x4A, 0xEE, 0x4A, 0xEE, 0x4A, 0xEE,
    0x4A, 0xEE, 0x4A, 0xEE, 0x4A, 0xEE, 0x4A, 0xEE, 0x4A, 0xEE, 0x4A, 0xEE, 0x52, 0xEF, 0x52, 0xEF,
    0x52, 0xEF, 0x53, 0x0F, 0x5A, 0xEF, 0x53, 0x0F, 0x53, 0x0F, 0x53, 0x0F, 0x52, 0xEF, 0x53, 0x0F,
    0x5B, 0x0F, 0x5B, 0x0F, 0x5B, 0x0F, 0x5B, 0x0F, 0x5B, 0x0F, 0x5B, 0x0F, 0x5B, 0x0F, 0x5B, 0x0F,
    0x5B, 0x0F, 0x5B, 0x0F, 0x5B, 0x0F, 0x5B, 0x2F, 0x5B, 0x2F, 0x5B, 0x2F, 0x5B, 0x2F, 0x5B, 0x2F,
    0x5B, 0x2F, 0x63, 0x70, 0x63, 0x50, 0x63, 0x70, 0x63, 0x70, 0x63, 0x70, 0x63, 0x70, 0x63, 0x70,
    0x63, 0x70, 0x63, 0x70, 0x63, 0x70, 0x63, 0x70, 0x63, 0x70, 0x63, 0x70, 0x63, 0x70, 0x6B, 0x91,
    0x6B, 0xFF, 0xB1, 0x73, 0xD2, 0x7B, 0xF2, 0x7C, 0x12, 0x7C, 0x12, 0x7C, 0x33, 0x7C, 0x12, 0x7C,
    0x12, 0x7C, 0x32, 0x7C, 0x13, 0x7B, 0xF3, 0x73, 0xD2, 0x73, 0xD2, 0x73, 0xD2, 0x6B, 0xD2, 0x6B,
    0xD2, 0x6B, 0x91, 0x6B, 0x91, 0x6B, 0x91, 0x6B, 0x91, 0x6B, 0x91, 0x6B, 0x91, 0x6B, 0xB2, 0x6B,
    0xD3, 0x6B, 0xD3, 0x6B, 0xD3, 0x6B, 0xB2, 0x6B, 0xB2, 0x6B, 0xB2, 0x6B, 0x92, 0x6B, 0x93, 0x6B,
    0x93, 0x6B, 0x93, 0x4A, 0xAF, 0x42, 0x6E, 0x3A, 0x2D, 0x3A, 0x2D, 0x3A, 0x4D, 0x3A, 0x4D, 0x3A,
    0x4D, 0x3A, 0x2D, 0x32, 0x0C, 0x32, 0x0C, 0x3A, 0x6D, 0x3A, 0x4D, 0x3A, 0x2D, 0x32, 0x2C, 0x32,
    0x2C, 0xFF, 0x5A, 0xFF, 0x7A, 0xFF, 0x39, 0xFF, 0x39, 0xFF, 0x39, 0xFF, 0x59, 0xFF, 0x39, 0xF7,
    0x38, 0xF7, 0x18, 0xFE, 0xD7, 0xFE, 0xB6, 0xF6, 0x96, 0xF6, 0x96, 0xF6, 0x96, 0xF6, 0x96, 0xF6,
    0x95, 0xF6, 0xFF, 0x75, 0xF6, 0x75, 0xF6, 0x75, 0xF6, 0x75, 0xF6, 0x75, 0xF6, 0x75, 0xF6, 0x75,
    0xF6, 0x75, 0xF6, 0x75, 0xF6, 0x75, 0xF6, 0x55, 0xF6, 0x55, 0xF6, 0x55, 0xF6, 0x56, 0xF6, 0x36,
    0xEE, 0x15, 0xEE, 0x35, 0xEE, 0x35, 0xEE, 0x15, 0xE5, 0xF5, 0xE6, 0x14, 0xE6, 0x14, 0xE6, 0x14,
    0xE5, 0xF4, 0xE5, 0xF3, 0xE5, 0xF3, 0xE5, 0xF4, 0xDD, 0xD3, 0xDD, 0xD3, 0xDD, 0xD3, 0xD5, 0xB3,
    0xD5, 0x93, 0xD5, 0x92, 0xD5, 0x52, 0xD5, 0x33, 0xCD, 0x12, 0xCD, 0x12, 0xCC, 0xF2, 0xCC, 0xD1,
    0xC4, 0xD1, 0xC4, 0xD1, 0xBC, 0xF2, 0xBC, 0xD2, 0xBC, 0xB1, 0xB4, 0x91, 0xB4, 0x91, 0xB4, 0x91,
    0xB4, 0x91, 0xB4, 0x71, 0xB4, 0x71, 0xB4, 0x71, 0xB4, 0x71, 0xB4, 0x71, 0xB4, 0x71, 0xB4, 0x91,
    0xB4, 0x91, 0xB4, 0x91, 0xB4, 0x91, 0xB4, 0x91, 0xB4, 0x91, 0xB4, 0x91, 0xAC, 0x91, 0xAC, 0x91,
    0xAC, 0x91, 0xAC, 0xFF, 0x91, 0xAC, 0x91, 0xAC, 0x91, 0xA4, 0x91, 0x9C, 0xB2, 0x9C, 0xB2, 0x9C,
    0xB2, 0x9C, 0x91, 0x9C, 0x91, 0x9C, 0x91, 0x94, 0x92, 0x8C, 0x93, 0x8C, 0x93, 0x8C, 0x93, 0x8C,
    0x93, 0x8C, 0x93, 0x8C, 0x93, 0x94, 0x93, 0x94, 0x93, 0x94, 0x93, 0x94, 0xB3, 0xA5, 0x14, 0x9C,
    0xD3, 0x94, 0x11, 0x7A, 0x4A, 0x8A, 0xAB, 0x9B, 0x4E, 0xA3, 0xD1, 0x6A, 0x2A, 0x6A, 0x0B, 0x6A,
    0x0B, 0x59, 0xCB, 0x59, 0xAA, 0x51, 0xAA, 0x51, 0xCA, 0x51, 0xCA, 0x49, 0xAA, 0x41, 0xA9, 0x39,
    0xCA, 0x39, 0xCA, 0x39, 0xCA, 0x31, 0xA9, 0x31, 0xA9, 0x31, 0xA9, 0x31, 0xA9, 0x31, 0xAA, 0x31,
    0xAA, 0x31, 0xAA, 0x31, 0xAA, 0x31, 0xAA, 0x31, 0xAA, 0x39, 0xCA, 0x39, 0xCA, 0x39, 0xCA, 0x31,
    0xAA, 0x31, 0x89, 0x31, 0x89, 0x31, 0xAA, 0x31, 0xAA, 0x31, 0xAA, 0x31, 0xAA, 0x31, 0xAA, 0x39,
    0xCB, 0x31, 0xAA, 0x31, 0xFF, 0x8A, 0x52, 0x2D, 0x49, 0xAB, 0x39, 0x49, 0x31, 0x29, 0x39, 0x69,
    0x62, 0x8E, 0x8C, 0x54, 0x9D, 0x15, 0xA5, 0x56, 0x8C, 0xD4, 0x94, 0xD4, 0x94, 0xD4, 0x94, 0xD4,
    0x8C, 0xD4, 0x8C, 0xD5, 0x84, 0xB4, 0x84, 0x94, 0x84, 0x94, 0x84, 0x94, 0x84, 0x94, 0x84, 0x93,
    0x84, 0x93, 0x84, 0x93, 0x84, 0x93, 0x8C, 0xD3, 0x8C, 0xD3, 0x8C, 0xD3, 0x8C, 0xB3, 0x94, 0xB3,
    0x94, 0xB3, 0x94, 0xB4, 0x94, 0xB4, 0x8C, 0x93, 0x8C, 0x73, 0x8C, 0x94, 0x8C, 0x73, 0x8C, 0x73,
    0x84, 0x53, 0x84, 0x32, 0x7C, 0x12, 0x7B, 0xF2, 0x7C, 0x12, 0x73, 0xF2, 0x73, 0xD1, 0x73, 0xD1,
    0x73, 0xD1, 0x6B, 0xB1, 0x6B, 0x91, 0x63, 0xB1, 0x63, 0xB1, 0x63, 0xB1, 0x63, 0xB1, 0x63, 0x91,
    0x63, 0x70, 0x5B, 0x70, 0x5B, 0x70, 0x5B, 0x50, 0x5B, 0x30, 0x5B, 0x30, 0x53, 0x2F, 0x53, 0x0F,
    0x52, 0xEF, 0x52, 0xEF, 0x52, 0xFF, 0xEF, 0x52, 0xEF, 0x52, 0xEF, 0x52, 0xEF, 0x52, 0xEF, 0x4A,
    0xEE, 0x4A, 0xEE, 0x4A, 0xEE, 0x4A, 0xEE, 0x4A, 0xEE, 0x4A, 0xEE, 0x4A, 0xEE, 0x4A, 0xEE, 0x4A,
    0xEE, 0x4A, 0xEE, 0x4A, 0xEE, 0x4A, 0xEE, 0x4A, 0xEE, 0x4A, 0xEE, 0x4A, 0xEE, 0x4A, 0xEE, 0x4A,
    0xEE, 0x52, 0xEF, 0x52, 0xEF, 0x52, 0xEF, 0x53, 0x0F, 0x5A, 0xEF, 0x5A, 0xEF, 0x5A, 0xEF, 0x5A,
    0xEF, 0x5A, 0xEF, 0x5A, 0xEF, 0x5B, 0x0F, 0x5B, 0x0F, 0x5B, 0x0F, 0x5B, 0x0F, 0x5B, 0x0F, 0x5B,
    0x0F, 0x5B, 0x0F, 0x5B, 0x0F, 0x5B, 0x0F, 0x5B, 0x0F, 0x5B, 0x0F, 0x5B, 0x2F, 0x5B, 0x2F, 0x5B,
    0x2F, 0x5B, 0x2F, 0x5B, 0x2F, 0x5B, 0x2F, 0x63, 0x50, 0x63, 0x50, 0x63, 0x50, 0x63, 0x50, 0x63,
    0x50, 0x63, 0x50, 0x63, 0x50, 0x63, 0x50, 0x63, 0x50, 0x63, 0x50, 0x63, 0x50, 0x63, 0x50, 0x63,
    0x50, 0x63, 0x50, 0x6B, 0x71, 0x6B, 0xDE, 0x91, 0x6B, 0xB1, 0x73, 0xD2, 0x73, 0xD2, 0x73, 0xF2,
    0x7C, 0x12, 0x7C, 0x33, 0x7C, 0x33, 0x7C, 0x33, 0x7C, 0x13, 0x7C, 0x13, 0x73, 0xF2, 0x73, 0xD2,
    0x6B, 0xB1, 0x6B, 0xB1, 0x6B, 0xB1, 0x6B, 0x91, 0x6B, 0x91, 0x6B, 0x91, 0x6B, 0x91, 0x6B, 0x91,
    0x6B, 0x91, 0x6B, 0x92, 0x6B, 0xB3, 0x6B, 0xB3, 0x6B, 0xB3, 0x6B, 0x92, 0x6B, 0x92, 0x6B, 0x92,
    0x6B, 0x92, 0x6B, 0x93, 0x6B, 0x93, 0x6B, 0x93, 0x7B, 0xF4, 0x73, 0xD4, 0x6B, 0x93, 0x63, 0x72,
    0x5B, 0x31, 0x5B, 0x31, 0x5B, 0x31, 0x53, 0x11, 0x53, 0x10, 0x52, 0xF0, 0x4A, 0xAF, 0x4A, 0xAF,
    0x42, 0x8F, 0x42, 0x8E, 0x42, 0x6E,
};
// clang-format on
